time_s,phase,x_m,y_m,z_m,vx_mps,vz_mps,command_vx_mps,command_vz_mps,command_altitude_m,command_thrust_n,command_pitch_deg,measured_pitch_deg,ttc_s,bbox_scale_px,bbox_growth_px_s
0.0,takeoff,-10.0,0.0,0.049832812449765305,0.0,-0.04012501205632717,nan,nan,nan,16.847729166666667,0.0,-0.0,nan,nan,nan
0.004166666666666667,takeoff,-10.0,0.0,0.049506818961034205,0.0,-0.0782384372954648,nan,nan,nan,16.847729166666667,0.0,-0.0,nan,nan,nan
0.008333333333333333,takeoff,-10.0,0.0,0.049034343018779764,0.0,-0.11339422614106617,nan,nan,nan,16.85395833333333,0.0,-0.0,nan,nan,nan
0.0125,takeoff,-10.0,0.0,0.04843057923452264,0.0,-0.14490330822170994,nan,nan,nan,16.85395833333333,0.0,-0.0,nan,nan,nan
0.016666666666666666,takeoff,-10.0,0.0,0.04771273519831562,0.0,-0.17228256868968506,nan,nan,nan,16.8601875,0.0,-0.0,nan,nan,nan
0.020833333333333332,takeoff,-10.0,0.0,0.0468993353167503,0.0,-0.1952159715756776,nan,nan,nan,16.8601875,0.0,-0.0,nan,nan,nan
0.025,takeoff,-10.0,0.0,0.04600967548563965,0.0,-0.21351835946655567,nan,nan,nan,16.866416666666666,0.0,-0.0,nan,nan,nan
0.029166666666666667,takeoff,-10.0,0.0,0.045063381883228885,0.0,-0.2271104645785846,nan,nan,nan,16.866416666666666,0.0,-0.0,nan,nan,nan
0.03333333333333333,takeoff,-10.0,0.0,0.04408013393950371,0.0,-0.23597950649404192,nan,nan,nan,16.918828152037776,0.0,-0.0,nan,nan,nan
0.0375,takeoff,-10.0,0.0,0.04307934180255889,0.0,-0.24019011286675798,nan,nan,nan,16.918828152037776,0.0,-0.0,nan,nan,nan
0.041666666666666664,takeoff,-10.0,0.0,0.0420799460871897,0.0,-0.23985497168860498,nan,nan,nan,16.918828152037776,0.0,-0.0,nan,nan,nan
0.04583333333333333,takeoff,-10.0,0.0,0.041100269760562747,0.0,-0.23512231839046863,nan,nan,nan,16.918828152037776,0.0,-0.0,nan,nan,nan
0.05,takeoff,-10.0,0.0,0.04015791219679682,0.0,-0.22616581530382185,nan,nan,nan,16.918828152037776,0.0,-0.0,nan,nan,nan
0.05416666666666667,takeoff,-10.0,0.0,0.039269677151411886,0.0,-0.21317641089238354,nan,nan,nan,16.918828152037776,0.0,-0.0,nan,nan,nan
0.058333333333333334,takeoff,-10.0,0.0,0.03845152784286899,0.0,-0.19635583405029566,nan,nan,nan,16.918828152037776,0.0,-0.0,nan,nan,nan
0.0625,takeoff,-10.0,0.0,0.037718563527163226,0.0,-0.17591143576938312,nan,nan,nan,16.918828152037776,0.0,-0.0,nan,nan,nan
0.06666666666666667,takeoff,-10.0,0.0,0.03708512152774853,0.0,-0.1520260798595272,nan,nan,nan,16.98202147080526,0.0,-0.0,nan,nan,nan
0.07083333333333333,takeoff,-10.0,0.0,0.03656467118565386,0.0,-0.12490808210272167,nan,nan,nan,16.98202147080526,0.0,-0.0,nan,nan,nan
0.075,takeoff,-10.0,0.0,0.03616982991424567,0.0,-0.09476190513796529,nan,nan,nan,16.98202147080526,0.0,-0.0,nan,nan,nan
0.07916666666666666,takeoff,-10.0,0.0,0.03591238691980828,0.0,-0.061786318664974006,nan,nan,nan,16.98202147080526,0.0,-0.0,nan,nan,nan
0.08333333333333333,takeoff,-10.0,0.0,0.03580333251367621,0.0,-0.026173057471696,nan,nan,nan,16.98202147080526,0.0,-0.0,nan,nan,nan
0.0875,takeoff,-10.0,0.0,0.03585289134273151,0.0,0.011894118973270806,nan,nan,nan,16.98202147080526,0.0,-0.0,nan,nan,nan
0.09166666666666666,takeoff,-10.0,0.0,0.03607055819656016,0.0,0.05224004491887643,nan,nan,nan,16.98202147080526,0.0,-0.0,nan,nan,nan
0.09583333333333333,takeoff,-10.0,0.0,0.03646513532295654,0.0,0.09469851033513105,nan,nan,nan,16.98202147080526,0.0,-0.0,nan,nan,nan
0.1,takeoff,-10.0,0.0,0.037044733378263146,0.0,0.1391035332735856,nan,nan,nan,16.96323047018757,0.0,-0.0,nan,nan,nan
0.10416666666666667,takeoff,-10.0,0.0,0.037816848816998365,0.0,0.18530770529645282,nan,nan,nan,16.96323047018757,0.0,-0.0,nan,nan,nan
0.10833333333333334,takeoff,-10.0,0.0,0.0387884013032752,0.0,0.2331725967064395,nan,nan,nan,16.96323047018757,0.0,-0.0,nan,nan,nan
0.1125,takeoff,-10.0,0.0,0.03996577022268133,0.0,0.28256854065747256,nan,nan,nan,16.96323047018757,0.0,-0.0,nan,nan,nan
0.11666666666666667,takeoff,-10.0,0.0,0.04135483001450633,0.0,0.3333743500379996,nan,nan,nan,16.96323047018757,0.0,-0.0,nan,nan,nan
0.12083333333333333,takeoff,-10.0,0.0,0.04296098412422403,0.0,0.3854769863322469,nan,nan,nan,16.96323047018757,0.0,-0.0,nan,nan,nan
0.125,takeoff,-10.0,0.0,0.04478919744046535,0.0,0.4387711958979163,nan,nan,nan,16.96323047018757,0.0,-0.0,nan,nan,nan
0.12916666666666665,takeoff,-10.0,0.0,0.04684402713209047,0.0,0.49315912599002876,nan,nan,nan,16.96323047018757,0.0,-0.0,nan,nan,nan
0.13333333333333333,takeoff,-10.0,0.0,0.049129651841676315,0.0,0.5485499303006042,nan,nan,nan,16.96323047018757,0.0,-0.0,nan,nan,nan
0.1375,takeoff,-10.0,0.0,0.051649899223680226,0.0,0.6048593716809391,nan,nan,nan,16.96323047018757,0.0,-0.0,nan,nan,nan
0.14166666666666666,takeoff,-10.0,0.0,0.05440796165108119,0.0,0.661934982576231,nan,nan,nan,16.81674074378564,0.0,-0.0,nan,nan,nan
0.14583333333333334,takeoff,-10.0,0.0,0.057406754613581204,0.0,0.7197103110000039,nan,nan,nan,16.81674074378564,0.0,-0.0,nan,nan,nan
0.15,takeoff,-10.0,0.0,0.06064893782817457,0.0,0.7781239715024089,nan,nan,nan,16.81674074378564,0.0,-0.0,nan,nan,nan
0.15416666666666667,takeoff,-10.0,0.0,0.06413693491409998,0.0,0.8371193006220996,nan,nan,nan,16.81674074378564,0.0,-0.0,nan,nan,nan
0.15833333333333333,takeoff,-10.0,0.0,0.06787295169960268,0.0,0.8966440285206473,nan,nan,nan,16.81674074378564,0.0,-0.0,nan,nan,nan
0.1625,takeoff,-10.0,0.0,0.0718589932306917,0.0,0.9566499674613621,nan,nan,nan,16.81674074378564,0.0,-0.0,nan,nan,nan
0.16666666666666666,takeoff,-10.0,0.0,0.07609687955326534,0.0,1.0170927174176756,nan,nan,nan,16.81674074378564,0.0,-0.0,nan,nan,nan
0.17083333333333334,takeoff,-10.0,0.0,0.08058826033994132,0.0,1.077931388802234,nan,nan,nan,16.81674074378564,0.0,-0.0,nan,nan,nan
0.175,takeoff,-10.0,0.0,0.08533401148274977,0.0,1.138980274274028,nan,nan,nan,16.532994513029678,0.0,-0.0,nan,nan,nan
0.17916666666666667,takeoff,-10.0,0.0,0.09033491510141971,0.0,1.2002168684807855,nan,nan,nan,16.532994513029678,0.0,-0.0,nan,nan,nan
0.18333333333333332,takeoff,-10.0,0.0,0.09559166719155544,0.0,1.2616205016325757,nan,nan,nan,16.532994513029678,0.0,-0.0,nan,nan,nan
0.1875,takeoff,-10.0,0.0,0.10110488466748187,0.0,1.3231721942223407,nan,nan,nan,16.532994513029678,0.0,-0.0,nan,nan,nan
0.19166666666666665,takeoff,-10.0,0.0,0.10687511184491422,0.0,1.3848545225837645,nan,nan,nan,16.532994513029678,0.0,-0.0,nan,nan,nan
0.19583333333333333,takeoff,-10.0,0.0,0.11290282640570391,0.0,1.4466514945895277,nan,nan,nan,16.532994513029678,0.0,-0.0,nan,nan,nan
0.2,takeoff,-10.0,0.0,0.11918844488411168,0.0,1.5085484348178642,nan,nan,nan,16.532994513029678,0.0,-0.0,nan,nan,nan
0.20416666666666666,takeoff,-10.0,0.0,0.12573232771137613,0.0,1.5705318785434683,nan,nan,nan,16.532994513029678,0.0,-0.0,nan,nan,nan
0.20833333333333334,takeoff,-10.0,0.0,0.13253393498562693,0.0,1.6323857458201902,nan,nan,nan,16.148095510312178,0.0,-0.0,nan,nan,nan
0.2125,takeoff,-10.0,0.0,0.1395927514118024,0.0,1.6941159422821177,nan,nan,nan,16.148095510312178,0.0,-0.0,nan,nan,nan
0.21666666666666667,takeoff,-10.0,0.0,0.14690828425084862,0.0,1.7557278813710901,nan,nan,nan,16.148095510312178,0.0,-0.0,nan,nan,nan
0.22083333333333333,takeoff,-10.0,0.0,0.1544800614425554,0.0,1.8172265260096325,nan,nan,nan,16.148095510312178,0.0,-0.0,nan,nan,nan
0.225,takeoff,-10.0,0.0,0.16230762988716152,0.0,1.878616426705465,nan,nan,nan,16.148095510312178,0.0,-0.0,nan,nan,nan
0.22916666666666666,takeoff,-10.0,0.0,0.17039055387215904,0.0,1.9399017563994019,nan,nan,nan,16.148095510312178,0.0,-0.0,nan,nan,nan
0.23333333333333334,takeoff,-10.0,0.0,0.17872841363190997,0.0,2.001086342340226,nan,nan,nan,16.148095510312178,0.0,-0.0,9.113584354413762,16.492422502470642,1.8096526965796138
0.2375,takeoff,-10.0,0.0,0.18732080402876253,0.0,2.0621736952446144,nan,nan,nan,16.148095510312178,0.0,-0.0,9.113584354413762,16.492422502470642,1.8096526965796138
0.24166666666666667,takeoff,-10.0,0.0,0.19616733334533376,0.0,2.1231670359770938,nan,nan,nan,16.148095510312178,0.0,-0.0,9.113584354413762,16.492422502470642,1.8096526965796138
0.24583333333333332,takeoff,-10.0,0.0,0.2052676221785174,0.0,2.1840693199640753,nan,nan,nan,16.148095510312178,0.0,-0.0,9.113584354413762,16.492422502470642,1.8096526965796138
0.25,takeoff,-10.0,0.0,0.2146202595837619,0.0,2.244632977258681,nan,nan,nan,15.678580514876536,0.0,-0.0,9.113584354413762,16.492422502470642,1.8096526965796138
0.25416666666666665,takeoff,-10.0,0.0,0.2242239348809805,0.0,2.3048820713324627,nan,nan,nan,15.678580514876536,0.0,-0.0,9.113584354413762,16.492422502470642,1.8096526965796138
0.2583333333333333,takeoff,-10.0,0.0,0.23407742906188378,0.0,2.364838603416788,nan,nan,nan,15.678580514876536,0.0,-0.0,9.113584354413762,16.492422502470642,1.8096526965796138
0.2625,takeoff,-10.0,0.0,0.24417960695229365,0.0,2.42452269369837,nan,nan,nan,15.678580514876536,0.0,-0.0,9.113584354413762,16.492422502470642,1.8096526965796138
0.26666666666666666,takeoff,-10.0,0.0,0.254529410060462,0.0,2.4839527459603983,nan,nan,nan,15.678580514876536,0.0,-0.0,nan,nan,nan
0.2708333333333333,takeoff,-10.0,0.0,0.2651258500491203,0.0,2.5431455972780057,nan,nan,nan,15.678580514876536,0.0,-0.0,nan,nan,nan
0.275,takeoff,-10.0,0.0,0.2759680027749803,0.0,2.6021166542064003,nan,nan,nan,15.678580514876536,0.0,-0.0,nan,nan,nan
0.2791666666666667,takeoff,-10.0,0.0,0.28705500284477015,0.0,2.6608800167495623,nan,nan,nan,15.678580514876536,0.0,-0.0,nan,nan,nan
0.2833333333333333,takeoff,-10.0,0.0,0.2983848779006389,0.0,2.719170013408496,nan,nan,nan,15.158374124456802,0.0,-0.0,nan,nan,nan
0.2875,takeoff,-10.0,0.0,0.30995580614022217,0.0,2.777022777499989,nan,nan,nan,15.158374124456802,0.0,-0.0,nan,nan,nan
0.2916666666666667,takeoff,-10.0,0.0,0.32176610322696725,0.0,2.8344713008188176,nan,nan,nan,15.158374124456802,0.0,-0.0,nan,nan,nan
0.29583333333333334,takeoff,-10.0,0.0,0.3338142103780362,0.0,2.8915457162565494,nan,nan,nan,15.158374124456802,0.0,-0.0,nan,nan,nan
0.3,takeoff,-10.0,0.0,0.3460986835180145,0.0,2.9482735535947806,nan,nan,nan,15.158374124456802,0.0,-0.0,6.406737683243425,16.492422502470642,2.5742309608844978
0.30416666666666664,takeoff,-10.0,0.0,0.35861818339812673,0.0,3.0046799712269423,nan,nan,nan,15.158374124456802,0.0,-0.0,6.406737683243425,16.492422502470642,2.5742309608844978
0.30833333333333335,takeoff,-10.0,0.0,0.37137146659083825,0.0,3.0607879662507607,nan,nan,nan,15.158374124456802,0.0,-0.0,6.406737683243425,16.492422502470642,2.5742309608844978
0.3125,takeoff,-10.0,0.0,0.3843573772787574,0.0,3.1166185651005986,nan,nan,nan,15.158374124456802,0.0,-0.0,6.406737683243425,16.492422502470642,2.5742309608844978
0.31666666666666665,takeoff,-10.0,0.0,0.39757357646977015,0.0,3.171887805843053,nan,nan,nan,14.593659548751134,0.0,-0.0,6.406737683243425,16.492422502470642,2.5742309608844978
0.3208333333333333,takeoff,-10.0,0.0,0.4110179096999086,0.0,3.2266399752332253,nan,nan,nan,14.593659548751134,0.0,-0.0,6.406737683243425,16.492422502470642,2.5742309608844978
0.325,takeoff,-10.0,0.0,0.4246883908259446,0.0,3.2809154702486483,nan,nan,nan,14.593659548751134,0.0,-0.0,6.406737683243425,16.492422502470642,2.5742309608844978
0.32916666666666666,takeoff,-10.0,0.0,0.4385831873005045,0.0,3.334751153894369,nan,nan,nan,14.593659548751134,0.0,-0.0,6.406737683243425,16.492422502470642,2.5742309608844978
0.3333333333333333,takeoff,-10.0,0.0,0.4527006067853394,0.0,3.388180676360379,nan,nan,nan,14.593659548751134,0.0,-0.0,9.856519512682192,16.492422502470642,1.6732501245749236
0.3375,takeoff,-10.0,0.0,0.46703908497372354,0.0,3.441234765212193,nan,nan,nan,14.593659548751134,0.0,-0.0,9.856519512682192,16.492422502470642,1.6732501245749236
0.3416666666666667,takeoff,-10.0,0.0,0.4815971745064828,0.0,3.4939414878622226,nan,nan,nan,14.593659548751134,0.0,-0.0,9.856519512682192,16.492422502470642,1.6732501245749236
0.3458333333333333,takeoff,-10.0,0.0,0.4963735348781191,0.0,3.5463264891927095,nan,nan,nan,14.593659548751134,0.0,-0.0,9.856519512682192,16.492422502470642,1.6732501245749236
0.35,takeoff,-10.0,0.0,0.5113669232400877,0.0,3.5984132068724675,nan,nan,nan,14.593659548751134,0.0,-0.0,9.856519512682192,16.492422502470642,1.6732501245749236
0.3541666666666667,takeoff,-10.0,0.0,0.5265761860176827,0.0,3.6502230666227997,nan,nan,nan,14.593659548751134,0.0,-0.0,9.856519512682192,16.492422502470642,1.6732501245749236
0.35833333333333334,takeoff,-10.0,0.0,0.5419989222192674,0.0,3.701456688380321,nan,nan,nan,13.998705948264618,0.0,-0.0,9.856519512682192,16.492422502470642,1.6732501245749236
0.3625,takeoff,-10.0,0.0,0.5576329228167975,0.0,3.7521601434072456,nan,nan,nan,13.998705948264618,0.0,-0.0,9.856519512682192,16.492422502470642,1.6732501245749236
0.36666666666666664,takeoff,-10.0,0.0,0.5734761538176004,0.0,3.802375440192696,nan,nan,nan,13.998705948264618,0.0,-0.0,15.163876173357218,16.492422502470642,1.0876125809737003
0.37083333333333335,takeoff,-10.0,0.0,0.5895267408947179,0.0,3.852140898508201,nan,nan,nan,13.998705948264618,0.0,-0.0,15.163876173357218,16.492422502470642,1.0876125809737003
0.375,takeoff,-10.0,0.0,0.6057829554225513,0.0,3.90149148668003,nan,nan,nan,13.998705948264618,0.0,-0.0,15.163876173357218,16.492422502470642,1.0876125809737003
0.37916666666666665,takeoff,-10.0,0.0,0.6222432017810329,0.0,3.950459126035563,nan,nan,nan,13.998705948264618,0.0,-0.0,15.163876173357218,16.492422502470642,1.0876125809737003
0.3833333333333333,takeoff,-10.0,0.0,0.63890600580607,0.0,3.9990729660089324,nan,nan,nan,13.998705948264618,0.0,-0.0,15.163876173357218,16.492422502470642,1.0876125809737003
0.3875,takeoff,-10.0,0.0,0.6557700042768254,0.0,4.04735963298128,nan,nan,nan,13.998705948264618,0.0,-0.0,15.163876173357218,16.492422502470642,1.0876125809737003
0.39166666666666666,takeoff,-10.0,0.0,0.6728325738482439,0.0,4.095016697140429,nan,nan,nan,13.390327840055804,0.0,-0.0,15.163876173357218,16.492422502470642,1.0876125809737003
0.3958333333333333,takeoff,-10.0,0.0,0.6900913048485925,0.0,4.14209544008367,nan,nan,nan,13.390327840055804,0.0,-0.0,15.163876173357218,16.492422502470642,1.0876125809737003
0.4,takeoff,-10.0,0.0,0.7075439822877666,0.0,4.188642585401786,nan,nan,nan,13.390327840055804,0.0,-0.0,23.329040266703412,16.492422502470642,0.7069481776329052
0.4041666666666667,takeoff,-10.0,0.0,0.7251885686364123,0.0,4.234700723674984,nan,nan,nan,13.390327840055804,0.0,-0.0,23.329040266703412,16.492422502470642,0.7069481776329052
0.4083333333333333,takeoff,-10.0,0.0,0.7430231881984805,0.0,4.280308694896334,nan,nan,nan,13.390327840055804,0.0,-0.0,23.329040266703412,16.492422502470642,0.7069481776329052
0.4125,takeoff,-10.0,0.0,0.7610461129193521,0.0,4.325501933009183,nan,nan,nan,13.390327840055804,0.0,-0.0,23.329040266703412,16.492422502470642,0.7069481776329052
0.4166666666666667,takeoff,-10.0,0.0,0.779255749488822,0.0,4.370312776672778,nan,nan,nan,13.390327840055804,0.0,-0.0,23.329040266703412,16.492422502470642,0.7069481776329052
0.42083333333333334,takeoff,-10.0,0.0,0.7976506276133007,0.0,4.414770749874881,nan,nan,nan,13.390327840055804,0.0,-0.0,23.329040266703412,16.492422502470642,0.7069481776329052
0.425,takeoff,-10.0,0.0,0.8162293893448854,0.0,4.458902815580317,nan,nan,nan,13.390327840055804,0.0,-0.0,23.329040266703412,16.492422502470642,0.7069481776329052
0.42916666666666664,takeoff,-10.0,0.0,0.8349907793666809,0.0,4.5027336052308975,nan,nan,nan,13.390327840055804,0.0,-0.0,23.329040266703412,16.492422502470642,0.7069481776329052
0.43333333333333335,takeoff,-10.0,0.0,0.8539322777239772,0.0,4.545959605751116,nan,nan,nan,12.781603628994358,0.0,-0.0,nan,nan,nan
0.4375,takeoff,-10.0,0.0,0.8730515708855047,0.0,4.588630358766607,nan,nan,nan,12.781603628994358,0.0,-0.0,nan,nan,nan
0.44166666666666665,takeoff,-10.0,0.0,0.892346533379726,0.0,4.630790998613118,nan,nan,nan,12.781603628994358,0.0,-0.0,nan,nan,nan
0.4458333333333333,takeoff,-10.0,0.0,0.9118152111458857,0.0,4.672482663878316,nan,nan,nan,12.781603628994358,0.0,-0.0,nan,nan,nan
0.45,takeoff,-10.0,0.0,0.9314558064276711,0.0,4.7137428676285085,nan,nan,nan,12.781603628994358,0.0,-0.0,nan,nan,nan
0.45416666666666666,takeoff,-10.0,0.0,0.9512666640563409,0.0,4.754605830880728,nan,nan,nan,12.781603628994358,0.0,-0.0,nan,nan,nan
0.4583333333333333,takeoff,-10.0,0.0,0.9712462589868505,0.0,4.795102783322298,nan,nan,nan,12.781603628994358,0.0,-0.0,nan,nan,nan
0.46249999999999997,takeoff,-10.0,0.0,0.9913931849651698,0.0,4.83526223479664,nan,nan,nan,12.781603628994358,0.0,-0.0,nan,nan,nan
0.4666666666666667,takeoff,-10.0,0.0,1.0117048047440858,0.0,4.87478874693982,nan,nan,nan,12.182108310140926,0.0,-0.0,7.822474452854087,16.492422502470642,2.108338301629513
0.4708333333333333,takeoff,-10.0,0.0,1.0321786998889753,0.0,4.9137348347734635,nan,nan,nan,12.182108310140926,0.0,-0.0,7.822474452854087,16.492422502470642,2.108338301629513
0.475,takeoff,-10.0,0.0,1.052812651191535,0.0,4.952148312614361,nan,nan,nan,12.182108310140926,0.0,-0.0,7.822474452854087,16.492422502470642,2.108338301629513
0.4791666666666667,takeoff,-10.0,0.0,1.073604620930407,0.0,4.99007273732931,nan,nan,nan,12.182108310140926,0.0,-0.0,7.822474452854087,16.492422502470642,2.108338301629513
0.48333333333333334,takeoff,-10.0,0.0,1.0945527367906955,0.0,5.027547806469215,nan,nan,nan,12.182108310140926,0.0,-0.0,7.822474452854087,16.492422502470642,2.108338301629513
0.4875,takeoff,-10.0,0.0,1.1156552772754713,0.0,5.064609716346202,nan,nan,nan,12.182108310140926,0.0,-0.0,7.822474452854087,16.492422502470642,2.108338301629513
0.49166666666666664,takeoff,-10.0,0.0,1.1369106584608355,0.0,5.1012914844873825,nan,nan,nan,12.182108310140926,0.0,-0.0,7.822474452854087,16.492422502470642,2.108338301629513
0.49583333333333335,takeoff,-10.0,0.0,1.1583174219623131,0.0,5.137623240354611,nan,nan,nan,12.182108310140926,0.0,-0.0,7.822474452854087,16.492422502470642,2.108338301629513
0.5,takeoff,-10.0,0.0,1.1798742239945987,0.0,5.173632487748551,nan,nan,nan,12.182108310140926,0.0,-0.0,12.03457608131398,16.492422502470642,1.3704198960591836
0.5041666666666667,takeoff,-10.0,0.0,1.2015798254192116,0.0,5.2093443419070775,nan,nan,nan,12.182108310140926,0.0,-0.0,12.03457608131398,16.492422502470642,1.3704198960591836
0.5083333333333333,takeoff,-10.0,0.0,1.223431785100771,0.0,5.244470323574265,nan,nan,nan,11.599163377476387,0.0,-0.0,12.03457608131398,16.492422502470642,1.3704198960591836
0.5125,takeoff,-10.0,0.0,1.2454278649406907,0.0,5.279059161580745,nan,nan,nan,11.599163377476387,0.0,-0.0,12.03457608131398,16.492422502470642,1.3704198960591836
0.5166666666666666,takeoff,-10.0,0.0,1.2675660117256298,0.0,5.313155228385388,nan,nan,nan,11.599163377476387,0.0,-0.0,12.03457608131398,16.492422502470642,1.3704198960591836
0.5208333333333334,takeoff,-10.0,0.0,1.2898443406842939,0.0,5.346798950079363,nan,nan,nan,11.599163377476387,0.0,-0.0,12.03457608131398,16.492422502470642,1.3704198960591836
0.525,takeoff,-10.0,0.0,1.312261120579129,0.0,5.38002717476042,nan,nan,nan,11.599163377476387,0.0,-0.0,12.03457608131398,16.492422502470642,1.3704198960591836
0.5291666666666667,takeoff,-10.0,0.0,1.3348147601788614,0.0,5.412873503935753,nan,nan,nan,11.599163377476387,0.0,-0.0,12.03457608131398,16.492422502470642,1.3704198960591836
0.5333333333333333,takeoff,-10.0,0.0,1.3575037959748355,0.0,5.44536859103379,nan,nan,nan,11.599163377476387,0.0,-0.0,nan,nan,nan
0.5375,takeoff,-10.0,0.0,1.380326881019026,0.0,5.477540410605679,nan,nan,nan,11.599163377476387,0.0,-0.0,nan,nan,nan
0.5416666666666666,takeoff,-10.0,0.0,1.4032815242020709,0.0,5.509114363930808,nan,nan,nan,11.037790535462545,0.0,-0.0,nan,nan,nan
0.5458333333333333,takeoff,-10.0,0.0,1.4263654436398046,0.0,5.540140665056086,nan,nan,nan,11.037790535462545,0.0,-0.0,nan,nan,nan
0.55,takeoff,-10.0,0.0,1.4495765478766947,0.0,5.5706650168536385,nan,nan,nan,11.037790535462545,0.0,-0.0,nan,nan,nan
0.5541666666666667,takeoff,-10.0,0.0,1.472912918872044,0.0,5.600729038883861,nan,nan,nan,11.037790535462545,0.0,-0.0,nan,nan,nan
0.5583333333333333,takeoff,-10.0,0.0,1.4963727965859777,0.0,5.630370651344102,nan,nan,nan,11.037790535462545,0.0,-0.0,nan,nan,nan
0.5625,takeoff,-10.0,0.0,1.519954565002975,0.0,5.659624420079406,nan,nan,nan,11.037790535462545,0.0,-0.0,nan,nan,nan
0.5666666666666667,takeoff,-10.0,0.0,1.5436567394488363,0.0,5.688521867006712,nan,nan,nan,11.037790535462545,0.0,-0.0,6.904480468558585,16.492422502470642,2.388655102664616
0.5708333333333333,takeoff,-10.0,0.0,1.5674779550728557,0.0,5.717091749764639,nan,nan,nan,11.037790535462545,0.0,-0.0,6.904480468558585,16.492422502470642,2.388655102664616
0.575,takeoff,-10.0,0.0,1.5914169563809175,0.0,5.745360313934813,nan,nan,nan,11.037790535462545,0.0,-0.0,6.904480468558585,16.492422502470642,2.388655102664616
0.5791666666666666,takeoff,-10.0,0.0,1.6154725877174891,0.0,5.773351520777213,nan,nan,nan,11.037790535462545,0.0,-0.0,6.904480468558585,16.492422502470642,2.388655102664616
0.5833333333333334,takeoff,-10.0,0.0,1.6396425955010947,0.0,5.80080186806534,nan,nan,nan,10.501679013871815,0.0,-0.0,6.904480468558585,16.492422502470642,2.388655102664616
0.5875,takeoff,-10.0,0.0,1.663924915587703,0.0,5.827756820785986,nan,nan,nan,10.501679013871815,0.0,-0.0,6.904480468558585,16.492422502470642,2.388655102664616
0.5916666666666667,takeoff,-10.0,0.0,1.6883176562983118,0.0,5.854257770546095,nan,nan,nan,10.501679013871815,0.0,-0.0,6.904480468558585,16.492422502470642,2.388655102664616
0.5958333333333333,takeoff,-10.0,0.0,1.7128190830495198,0.0,5.880342420289934,nan,nan,nan,10.501679013871815,0.0,-0.0,6.904480468558585,16.492422502470642,2.388655102664616
0.6,takeoff,-10.0,0.0,1.737427604423497,0.0,5.906045129754551,nan,nan,nan,10.501679013871815,0.0,-0.0,10.622277643936284,16.492422502470642,1.5526258167320004
0.6041666666666666,takeoff,-10.0,0.0,1.7621417595321798,0.0,5.931397226083832,nan,nan,nan,10.501679013871815,0.0,-0.0,10.622277643936284,16.492422502470642,1.5526258167320004
0.6083333333333333,takeoff,-10.0,0.0,1.7869602065466368,0.0,5.956427283469691,nan,nan,nan,10.501679013871815,0.0,-0.0,10.622277643936284,16.492422502470642,1.5526258167320004
0.6125,takeoff,-10.0,0.0,1.8118817122766886,0.0,5.98116137521243,nan,nan,nan,10.501679013871815,0.0,-0.0,10.622277643936284,16.492422502470642,1.5526258167320004
0.6166666666666667,takeoff,-10.0,0.0,1.83690406250352,0.0,6.0053640544395295,nan,nan,nan,10.01466929711366,0.0,-0.0,10.622277643936284,16.492422502470642,1.5526258167320004
0.6208333333333333,takeoff,-10.0,0.0,1.8620252302841056,0.0,6.029080267340537,nan,nan,nan,10.01466929711366,0.0,-0.0,10.622277643936284,16.492422502470642,1.5526258167320004
0.625,takeoff,-10.0,0.0,1.887243359133398,0.0,6.052350923830175,nan,nan,nan,10.01466929711366,0.0,-0.0,10.622277643936284,16.492422502470642,1.5526258167320004
0.6291666666666667,takeoff,-10.0,0.0,1.9125567478007837,0.0,6.075213280172581,nan,nan,nan,10.01466929711366,0.0,-0.0,10.622277643936284,16.492422502470642,1.5526258167320004
0.6333333333333333,takeoff,-10.0,0.0,1.9379638364772591,0.0,6.0977012823541115,nan,nan,nan,10.01466929711366,0.0,-0.0,nan,nan,nan
0.6375,takeoff,-10.0,0.0,1.963463194288304,0.0,6.119845874650782,nan,nan,nan,10.01466929711366,0.0,-0.0,nan,nan,nan
0.6416666666666666,takeoff,-10.0,0.0,1.98905350794363,0.0,6.1416752772782,nan,nan,nan,10.01466929711366,0.0,-0.0,nan,nan,nan
0.6458333333333334,takeoff,-10.0,0.0,2.0147335714291725,0.0,6.16321523653016,nan,nan,nan,10.01466929711366,0.0,-0.0,nan,nan,nan
0.65,takeoff,-10.0,0.0,2.0405012284267006,0.0,6.184237679406737,nan,nan,nan,9.541609898220678,0.0,-0.0,nan,nan,nan
0.6541666666666667,takeoff,-10.0,0.0,2.066354505988655,0.0,6.20478661486904,nan,nan,nan,9.541609898220678,0.0,-0.0,nan,nan,nan
0.6583333333333333,takeoff,-10.0,0.0,2.0922915980406747,0.0,6.2249020924847205,nan,nan,nan,9.541609898220678,0.0,-0.0,nan,nan,nan
0.6625,takeoff,-10.0,0.0,2.118310850452614,0.0,6.244620578865371,nan,nan,nan,9.541609898220678,0.0,-0.0,nan,nan,nan
0.6666666666666666,takeoff,-10.0,0.0,2.1444107475164818,0.0,6.263975295328345,nan,nan,nan,9.541609898220678,0.0,-0.0,6.688909115911321,16.492422502470642,2.465637104148881
0.6708333333333333,takeoff,-10.0,0.0,2.1705898996881325,0.0,6.2829965211961625,nan,nan,nan,9.541609898220678,0.0,-0.0,6.688909115911321,16.492422502470642,2.465637104148881
0.675,takeoff,-10.0,0.0,2.196847032465591,0.0,6.301711866590051,nan,nan,nan,9.541609898220678,0.0,-0.0,6.688909115911321,16.492422502470642,2.465637104148881
0.6791666666666667,takeoff,-10.0,0.0,2.2231809762909838,0.0,6.320146518094205,nan,nan,nan,9.541609898220678,0.0,-0.0,6.688909115911321,16.492422502470642,2.465637104148881
0.6833333333333333,takeoff,-10.0,0.0,2.2495906573753697,0.0,6.338323460252644,nan,nan,nan,9.541609898220678,0.0,-0.0,6.688909115911321,16.492422502470642,2.465637104148881
0.6875,takeoff,-10.0,0.0,2.276075089356627,0.0,6.356263675501821,nan,nan,nan,9.541609898220678,0.0,-0.0,6.688909115911321,16.492422502470642,2.465637104148881
0.6916666666666667,takeoff,-10.0,0.0,2.3026323820383916,0.0,6.373750243623477,nan,nan,nan,9.095340562265475,0.0,-0.0,6.688909115911321,16.492422502470642,2.465637104148881
0.6958333333333333,takeoff,-10.0,0.0,2.3292608058286675,0.0,6.390821709666241,nan,nan,nan,9.095340562265475,0.0,-0.0,6.688909115911321,16.492422502470642,2.465637104148881
0.7,takeoff,-10.0,0.0,2.3559587773612765,0.0,6.407513167826198,nan,nan,nan,9.095340562265475,0.0,-0.0,10.29062940909434,16.492422502470642,1.6026641176967729
0.7041666666666666,takeoff,-10.0,0.0,2.382724846473984,0.0,6.423856587049742,nan,nan,nan,9.095340562265475,0.0,-0.0,10.29062940909434,16.492422502470642,1.6026641176967729
0.7083333333333334,takeoff,-10.0,0.0,2.409557684404995,0.0,6.439881103442593,nan,nan,nan,9.095340562265475,0.0,-0.0,10.29062940909434,16.492422502470642,1.6026641176967729
0.7125,takeoff,-10.0,0.0,2.4364560730850715,0.0,6.45561328321835,nan,nan,nan,9.095340562265475,0.0,-0.0,10.29062940909434,16.492422502470642,1.6026641176967729
0.7166666666666667,takeoff,-10.0,0.0,2.463418895416131,0.0,6.471077359454305,nan,nan,nan,9.095340562265475,0.0,-0.0,10.29062940909434,16.492422502470642,1.6026641176967729
0.7208333333333333,takeoff,-10.0,0.0,2.4904451264391314,0.0,6.486295445520119,nan,nan,nan,9.095340562265475,0.0,-0.0,10.29062940909434,16.492422502470642,1.6026641176967729
0.725,takeoff,-10.0,0.0,2.5175329024460416,0.0,6.501066241658433,nan,nan,nan,8.676656899431268,0.0,-0.0,10.29062940909434,16.492422502470642,1.6026641176967729
0.7291666666666666,takeoff,-10.0,0.0,2.5446805190109623,0.0,6.515427975580943,nan,nan,nan,8.676656899431268,0.0,-0.0,10.29062940909434,16.492422502470642,1.6026641176967729
0.7333333333333333,takeoff,-10.0,0.0,2.571886416694958,0.0,6.529415444159028,nan,nan,nan,8.676656899431268,0.0,-0.0,15.83173755245283,16.492422502470642,1.0417316765029023
0.7375,takeoff,-10.0,0.0,2.5991491681049834,0.0,6.543060338406075,nan,nan,nan,8.676656899431268,0.0,-0.0,15.83173755245283,16.492422502470642,1.0417316765029023
0.7416666666666667,takeoff,-10.0,0.0,2.626467466168095,0.0,6.5563915351468385,nan,nan,nan,8.676656899431268,0.0,-0.0,15.83173755245283,16.492422502470642,1.0417316765029023
0.7458333333333333,takeoff,-10.0,0.0,2.6538401134978646,0.0,6.569435359144731,nan,nan,nan,8.676656899431268,0.0,-0.0,15.83173755245283,16.492422502470642,1.0417316765029023
0.75,takeoff,-10.0,0.0,2.6812660127436345,0.0,6.582215818984757,nan,nan,nan,8.676656899431268,0.0,-0.0,15.83173755245283,16.492422502470642,1.0417316765029023
0.7541666666666667,takeoff,-10.0,0.0,2.708744157825307,0.0,6.59475481960141,nan,nan,nan,8.676656899431268,0.0,-0.0,15.83173755245283,16.492422502470642,1.0417316765029023
0.7583333333333333,takeoff,-10.0,0.0,2.7362736259669234,0.0,6.607072353987912,nan,nan,nan,8.676656899431268,0.0,-0.0,15.83173755245283,16.492422502470642,1.0417316765029023
0.7625,takeoff,-10.0,0.0,2.76385357045158,0.0,6.6191866763175335,nan,nan,nan,8.676656899431268,0.0,-0.0,15.83173755245283,16.492422502470642,1.0417316765029023
0.7666666666666666,takeoff,-10.0,0.0,2.7914823565051194,0.0,6.630908652849462,nan,nan,nan,8.285745607535645,0.0,-0.0,24.35651931146589,16.492422502470642,0.6771255897268865
0.7708333333333334,takeoff,-10.0,0.0,2.8191584890284442,0.0,6.642271805597979,nan,nan,nan,8.285745607535645,0.0,-0.0,24.35651931146589,16.492422502470642,0.6771255897268865
0.775,takeoff,-10.0,0.0,2.8468806001227214,0.0,6.653306662626543,nan,nan,nan,8.285745607535645,0.0,-0.0,24.35651931146589,16.492422502470642,0.6771255897268865
0.7791666666666667,takeoff,-10.0,0.0,2.874647437787329,0.0,6.664041039505833,nan,nan,nan,8.285745607535645,0.0,-0.0,24.35651931146589,16.492422502470642,0.6771255897268865
0.7833333333333333,takeoff,-10.0,0.0,2.9024578556715745,0.0,6.67450029221895,nan,nan,nan,8.285745607535645,0.0,-0.0,24.35651931146589,16.492422502470642,0.6771255897268865
0.7875,takeoff,-10.0,0.0,2.930310803774521,0.0,6.684707544707206,nan,nan,nan,8.285745607535645,0.0,-0.0,24.35651931146589,16.492422502470642,0.6771255897268865
0.7916666666666666,takeoff,-10.0,0.0,2.958205319998912,0.0,6.6946838938537505,nan,nan,nan,8.285745607535645,0.0,-0.0,24.35651931146589,16.492422502470642,0.6771255897268865
0.7958333333333333,takeoff,-10.0,0.0,2.986140522475411,0.0,6.704448594359847,nan,nan,nan,8.285745607535645,0.0,-0.0,24.35651931146589,16.492422502470642,0.6771255897268865
0.8,takeoff,-10.0,0.0,3.014114804903561,0.0,6.7138277827559385,nan,nan,nan,7.922118946991268,0.0,-0.0,37.47156817148599,16.492422502470642,0.44013163332247623
0.8041666666666667,takeoff,-10.0,0.0,3.0421266989419236,0.0,6.722854569207022,nan,nan,nan,7.922118946991268,0.0,-0.0,37.47156817148599,16.492422502470642,0.44013163332247623
0.8083333333333333,takeoff,-10.0,0.0,3.0701748618619895,0.0,6.73155910081583,nan,nan,nan,7.922118946991268,0.0,-0.0,37.47156817148599,16.492422502470642,0.44013163332247623
0.8125,takeoff,-10.0,0.0,3.098258065366459,0.0,6.739968841072655,nan,nan,nan,7.922118946991268,0.0,-0.0,37.47156817148599,16.492422502470642,0.44013163332247623
0.8166666666666667,takeoff,-10.0,0.0,3.126375185453236,0.0,6.748108820826439,nan,nan,nan,7.922118946991268,0.0,-0.0,37.47156817148599,16.492422502470642,0.44013163332247623
0.8208333333333333,takeoff,-10.0,0.0,3.154525193219817,0.0,6.756001863979523,nan,nan,nan,7.922118946991268,0.0,-0.0,37.47156817148599,16.492422502470642,0.44013163332247623
0.825,takeoff,-10.0,0.0,3.182707146514438,0.0,6.763668790709068,nan,nan,nan,7.922118946991268,0.0,-0.0,37.47156817148599,16.492422502470642,0.44013163332247623
0.8291666666666666,takeoff,-10.0,0.0,3.2109201823505766,0.0,6.771128600673248,nan,nan,nan,7.922118946991268,0.0,-0.0,37.47156817148599,16.492422502470642,0.44013163332247623
0.8333333333333334,takeoff,-10.0,0.0,3.239163510010418,0.0,6.778398638361938,nan,nan,nan,7.922118946991268,0.0,-0.0,57.64856641767074,16.492422502470642,0.2860855616596096
0.8375,takeoff,-10.0,0.0,3.2674364047708058,0.0,6.785494742493071,nan,nan,nan,7.922118946991268,0.0,-0.0,57.64856641767074,16.492422502470642,0.2860855616596096
0.8416666666666667,takeoff,-10.0,0.0,3.295737466340858,0.0,6.792254776812545,nan,nan,nan,7.585125371591487,0.0,-0.0,57.64856641767074,16.492422502470642,0.2860855616596096
0.8458333333333333,takeoff,-10.0,0.0,3.3240654146898865,0.0,6.798707603766844,nan,nan,nan,7.585125371591487,0.0,-0.0,57.64856641767074,16.492422502470642,0.2860855616596096
0.85,takeoff,-10.0,0.0,3.352419079341182,0.0,6.804879516310936,nan,nan,nan,7.585125371591487,0.0,-0.0,57.64856641767074,16.492422502470642,0.2860855616596096
0.8541666666666666,takeoff,-10.0,0.0,3.3807973896672507,0.0,6.810794478256472,nan,nan,nan,7.585125371591487,0.0,-0.0,57.64856641767074,16.492422502470642,0.2860855616596096
0.8583333333333333,takeoff,-10.0,0.0,3.4091993660856015,0.0,6.816474340404226,nan,nan,nan,7.585125371591487,0.0,-0.0,57.64856641767074,16.492422502470642,0.2860855616596096
0.8624999999999999,takeoff,-10.0,0.0,3.437624112065383,0.0,6.821939035147574,nan,nan,nan,7.585125371591487,0.0,-0.0,57.64856641767074,16.492422502470642,0.2860855616596096
0.8666666666666667,takeoff,-10.0,0.0,3.466070806864979,0.0,6.827206751903031,nan,nan,nan,7.585125371591487,0.0,-0.0,3.259540341786945,16.97056274847714,5.206428198146963
0.8708333333333333,takeoff,-10.0,0.0,3.494538698929303,0.0,6.832294095437718,nan,nan,nan,7.585125371591487,0.0,-0.0,3.259540341786945,16.97056274847714,5.206428198146963
0.875,takeoff,-10.0,0.0,3.5230264200202277,0.0,6.837053061821947,nan,nan,nan,7.2737491282824465,0.0,-0.0,3.259540341786945,16.97056274847714,5.206428198146963
0.8791666666666667,takeoff,-10.0,0.0,3.5515327199427857,0.0,6.841511981413937,nan,nan,nan,7.2737491282824465,0.0,-0.0,3.259540341786945,16.97056274847714,5.206428198146963
0.8833333333333333,takeoff,-10.0,0.0,3.5800564560218655,0.0,6.845696658979131,nan,nan,nan,7.2737491282824465,0.0,-0.0,3.259540341786945,16.97056274847714,5.206428198146963
0.8875,takeoff,-10.0,0.0,3.608596583565471,0.0,6.849630610465344,nan,nan,nan,7.2737491282824465,0.0,-0.0,3.259540341786945,16.97056274847714,5.206428198146963
0.8916666666666666,takeoff,-10.0,0.0,3.637152147214821,0.0,6.853335275844098,nan,nan,nan,7.2737491282824465,0.0,-0.0,3.259540341786945,16.97056274847714,5.206428198146963
0.8958333333333334,takeoff,-10.0,0.0,3.6657222730926717,0.0,6.856830210684147,nan,nan,nan,7.2737491282824465,0.0,-0.0,3.259540341786945,16.97056274847714,5.206428198146963
0.9,takeoff,-10.0,0.0,3.694306161670979,0.0,6.860133258793725,nan,nan,nan,7.2737491282824465,0.0,-0.0,5.014677448902992,16.97056274847714,3.384178328795526
0.9041666666666667,takeoff,-10.0,0.0,3.7229030812875754,0.0,6.863260707983136,nan,nan,nan,7.2737491282824465,0.0,-0.0,5.014677448902992,16.97056274847714,3.384178328795526
0.9083333333333333,takeoff,-10.0,0.0,3.7515123622490445,0.0,6.86622743075257,nan,nan,nan,7.2737491282824465,0.0,-0.0,5.014677448902992,16.97056274847714,3.384178328795526
0.9125,takeoff,-10.0,0.0,3.780133391463611,0.0,6.86904701149601,nan,nan,nan,7.2737491282824465,0.0,-0.0,5.014677448902992,16.97056274847714,3.384178328795526
0.9166666666666666,takeoff,-10.0,0.0,3.808764984146834,0.0,6.871582243973513,nan,nan,nan,6.98697146148501,0.0,-0.0,5.014677448902992,16.97056274847714,3.384178328795526
0.9208333333333333,takeoff,-10.0,0.0,3.8374060577699867,0.0,6.8738576695566405,nan,nan,nan,6.98697146148501,0.0,-0.0,5.014677448902992,16.97056274847714,3.384178328795526
0.9249999999999999,takeoff,-10.0,0.0,3.8660556229944163,0.0,6.875895653863064,nan,nan,nan,6.98697146148501,0.0,-0.0,5.014677448902992,16.97056274847714,3.384178328795526
0.9291666666666667,takeoff,-10.0,0.0,3.8947127754483524,0.0,6.877716588944647,nan,nan,nan,6.98697146148501,0.0,-0.0,5.014677448902992,16.97056274847714,3.384178328795526
0.9333333333333333,takeoff,-10.0,0.0,3.9233766882620627,0.0,6.879339075290448,nan,nan,nan,6.98697146148501,0.0,-0.0,7.714888382927679,16.97056274847714,2.199715913717092
0.9375,takeoff,-10.0,0.0,3.952046605286479,0.0,6.880780085859909,nan,nan,nan,6.98697146148501,0.0,-0.0,7.714888382927679,16.97056274847714,2.199715913717092
0.9416666666666667,takeoff,-10.0,0.0,3.9807218349285276,0.0,6.882055114091679,nan,nan,nan,6.98697146148501,0.0,-0.0,7.714888382927679,16.97056274847714,2.199715913717092
0.9458333333333333,takeoff,-10.0,0.0,4.009401744543527,0.0,6.883178307599779,nan,nan,nan,6.98697146148501,0.0,-0.0,7.714888382927679,16.97056274847714,2.199715913717092
0.95,takeoff,-10.0,0.0,4.0380851828111295,0.0,6.884025184224694,nan,nan,nan,6.723563295169623,0.0,-0.0,7.714888382927679,16.97056274847714,2.199715913717092
0.9541666666666666,takeoff,-10.0,0.0,4.066771098179674,0.0,6.8846196884506785,nan,nan,nan,6.723563295169623,0.0,-0.0,7.714888382927679,16.97056274847714,2.199715913717092
0.9583333333333334,takeoff,-10.0,0.0,4.095458530014177,0.0,6.8849836402807965,nan,nan,nan,6.723563295169623,0.0,-0.0,7.714888382927679,16.97056274847714,2.199715913717092
0.9625,takeoff,-10.0,0.0,4.124146600568005,0.0,6.8851369329186065,nan,nan,nan,6.723563295169623,0.0,-0.0,7.714888382927679,16.97056274847714,2.199715913717092
0.9666666666666667,takeoff,-10.0,0.0,4.152834507695822,0.0,6.885097710676011,nan,nan,nan,6.723563295169623,0.0,-0.0,11.869059050657969,16.97056274847714,1.4298153439161099
0.9708333333333333,takeoff,-10.0,0.0,4.1815215182345,0.0,6.884882529282703,nan,nan,nan,6.723563295169623,0.0,-0.0,11.869059050657969,16.97056274847714,1.4298153439161099
0.975,takeoff,-10.0,0.0,4.2102069619866125,0.0,6.884506500506999,nan,nan,nan,6.723563295169623,0.0,-0.0,11.869059050657969,16.97056274847714,1.4298153439161099
0.9791666666666666,takeoff,-10.0,0.0,4.238890226248145,0.0,6.883983422767857,nan,nan,nan,6.723563295169623,0.0,-0.0,11.869059050657969,16.97056274847714,1.4298153439161099
0.9833333333333333,takeoff,-10.0,0.0,4.267570750828222,0.0,6.883325899218321,nan,nan,nan,6.723563295169623,0.0,-0.0,11.869059050657969,16.97056274847714,1.4298153439161099
0.9874999999999999,takeoff,-10.0,0.0,4.296248023514086,0.0,6.882545444607323,nan,nan,nan,6.723563295169623,0.0,-0.0,11.869059050657969,16.97056274847714,1.4298153439161099
0.9916666666666667,takeoff,-10.0,0.0,4.324921053834768,0.0,6.881527276963866,nan,nan,nan,6.482364380559991,0.0,-0.0,11.869059050657969,16.97056274847714,1.4298153439161099
0.9958333333333333,takeoff,-10.0,0.0,4.35358893724474,0.0,6.880292018393065,nan,nan,nan,6.482364380559991,0.0,-0.0,11.869059050657969,16.97056274847714,1.4298153439161099
1.0,takeoff,-10.0,0.0,4.382250847543541,0.0,6.878858471712374,nan,nan,nan,6.482364380559991,0.0,-0.0,18.260090847166104,16.97056274847714,0.9293799735454714
1.0041666666666667,takeoff,-10.0,0.0,4.4109060299942895,0.0,6.877243788179718,nan,nan,nan,6.482364380559991,0.0,-0.0,18.260090847166104,16.97056274847714,0.9293799735454714
1.0083333333333333,takeoff,-10.0,0.0,4.439553795072062,0.0,6.875463618665305,nan,nan,nan,6.482364380559991,0.0,-0.0,18.260090847166104,16.97056274847714,0.9293799735454714
1.0125,takeoff,-10.0,0.0,4.468193512780641,0.0,6.873532250059224,nan,nan,nan,6.482364380559991,0.0,-0.0,18.260090847166104,16.97056274847714,0.9293799735454714
1.0166666666666666,takeoff,-10.0,0.0,4.49682460748269,0.0,6.871462728491623,nan,nan,nan,6.482364380559991,0.0,-0.0,18.260090847166104,16.97056274847714,0.9293799735454714
1.0208333333333333,takeoff,-10.0,0.0,4.525446553194171,0.0,6.8692669707554765,nan,nan,nan,6.482364380559991,0.0,-0.0,18.260090847166104,16.97056274847714,0.9293799735454714
1.025,takeoff,-10.0,0.0,4.554058392590268,0.0,6.8668414550632315,nan,nan,nan,6.2620950862415485,0.0,-0.0,18.260090847166104,16.97056274847714,0.9293799735454714
1.0291666666666666,takeoff,-10.0,0.0,4.582659251702574,0.0,6.864206186953275,nan,nan,nan,6.2620950862415485,0.0,-0.0,18.260090847166104,16.97056274847714,0.9293799735454714
1.0333333333333332,takeoff,-10.0,0.0,4.611248332563707,0.0,6.861379406671899,nan,nan,nan,6.2620950862415485,0.0,-0.0,28.09244745717862,16.97056274847714,0.6040969828045565
1.0375,takeoff,-10.0,0.0,4.639824906530339,0.0,6.858377751991667,nan,nan,nan,6.2620950862415485,0.0,-0.0,28.09244745717862,16.97056274847714,0.6040969828045565
1.0416666666666667,takeoff,-10.0,0.0,4.668388308217618,0.0,6.855216404947033,nan,nan,nan,6.2620950862415485,0.0,-0.0,28.09244745717862,16.97056274847714,0.6040969828045565
1.0458333333333334,takeoff,-10.0,0.0,4.696937929985241,0.0,6.851909224229619,nan,nan,nan,6.2620950862415485,0.0,-0.0,28.09244745717862,16.97056274847714,0.6040969828045565
1.05,takeoff,-10.0,0.0,4.725473216921808,0.0,6.848468864776064,nan,nan,nan,6.2620950862415485,0.0,-0.0,28.09244745717862,16.97056274847714,0.6040969828045565
1.0541666666666667,takeoff,-10.0,0.0,4.753993662279723,0.0,6.844906885899577,nan,nan,nan,6.2620950862415485,0.0,-0.0,28.09244745717862,16.97056274847714,0.6040969828045565
1.0583333333333333,takeoff,-10.0,0.0,4.7824984120514085,0.0,6.841139945204618,nan,nan,nan,6.080973427891466,0.0,-0.0,28.09244745717862,16.97056274847714,0.6040969828045565
1.0625,takeoff,-10.0,0.0,4.810986686749698,0.0,6.83718592758944,nan,nan,nan,6.080973427891466,0.0,-0.0,28.09244745717862,16.97056274847714,0.6040969828045565
1.0666666666666667,takeoff,-10.0,0.0,4.839457774857987,0.0,6.83306114598933,nan,nan,nan,6.080973427891466,0.0,-0.0,43.21914993412095,16.97056274847714,0.3926630388229617
1.0708333333333333,takeoff,-10.0,0.0,4.86791102688062,0.0,6.828780485431895,nan,nan,nan,6.080973427891466,0.0,-0.0,43.21914993412095,16.97056274847714,0.3926630388229617
1.075,takeoff,-10.0,0.0,4.896345849934772,0.0,6.824357532996535,nan,nan,nan,6.080973427891466,0.0,-0.0,43.21914993412095,16.97056274847714,0.3926630388229617
1.0791666666666666,takeoff,-10.0,0.0,4.924761702831385,0.0,6.819804695187316,nan,nan,nan,6.080973427891466,0.0,-0.0,43.21914993412095,16.97056274847714,0.3926630388229617
1.0833333333333333,takeoff,-10.0,0.0,4.953158091598257,0.0,6.815133304049189,nan,nan,nan,6.080973427891466,0.0,-0.0,43.21914993412095,16.97056274847714,0.3926630388229617
1.0875,takeoff,-10.0,0.0,4.981534565403265,0.0,6.8103537132017244,nan,nan,nan,6.080973427891466,0.0,-0.0,43.21914993412095,16.97056274847714,0.3926630388229617
1.0916666666666666,takeoff,-10.0,0.0,5.009890712840051,0.0,6.805475384828923,nan,nan,nan,6.080973427891466,0.0,-0.0,43.21914993412095,16.97056274847714,0.3926630388229617
1.0958333333333332,takeoff,-10.0,0.0,5.038226158542324,0.0,6.800506968545389,nan,nan,nan,6.080973427891466,0.0,-0.0,43.21914993412095,16.97056274847714,0.3926630388229617
1.1,takeoff,-10.0,0.0,5.0665401658653675,0.0,6.7953617575304355,nan,nan,nan,5.897770750122157,0.0,-0.0,66.49099989864763,16.97056274847714,0.2552309752349251
1.1041666666666667,takeoff,-10.0,0.0,5.094832062639039,0.0,6.790055225681177,nan,nan,nan,5.897770750122157,0.0,-0.0,66.49099989864763,16.97056274847714,0.2552309752349251
1.1083333333333334,takeoff,-10.0,0.0,5.123101235529597,0.0,6.784601493733905,nan,nan,nan,5.897770750122157,0.0,-0.0,66.49099989864763,16.97056274847714,0.2552309752349251
1.1125,takeoff,-10.0,0.0,5.151347124913875,0.0,6.779013452226705,nan,nan,nan,5.897770750122157,0.0,-0.0,66.49099989864763,16.97056274847714,0.2552309752349251
1.1166666666666667,takeoff,-10.0,0.0,5.179569220216295,0.0,6.773302872580636,nan,nan,nan,5.897770750122157,0.0,-0.0,66.49099989864763,16.97056274847714,0.2552309752349251
1.1208333333333333,takeoff,-10.0,0.0,5.207767055664425,0.0,6.7674805075511975,nan,nan,nan,5.897770750122157,0.0,-0.0,66.49099989864763,16.97056274847714,0.2552309752349251
1.125,takeoff,-10.0,0.0,5.235940206423407,0.0,6.761556182155645,nan,nan,nan,5.897770750122157,0.0,-0.0,66.49099989864763,16.97056274847714,0.2552309752349251
1.1291666666666667,takeoff,-10.0,0.0,5.264088285073633,0.0,6.755538876054458,nan,nan,nan,5.897770750122157,0.0,-0.0,66.49099989864763,16.97056274847714,0.2552309752349251
1.1333333333333333,takeoff,-10.0,0.0,5.292210622142752,0.0,6.749360896588519,nan,nan,nan,5.750687843405539,0.0,-0.0,102.2938459979194,16.97056274847714,0.16590013390270134
1.1375,takeoff,-10.0,0.0,5.320306606954285,0.0,6.74303635476785,nan,nan,nan,5.750687843405539,0.0,-0.0,102.2938459979194,16.97056274847714,0.16590013390270134
1.1416666666666666,takeoff,-10.0,0.0,5.348375682500383,0.0,6.736578131063635,nan,nan,nan,5.750687843405539,0.0,-0.0,102.2938459979194,16.97056274847714,0.16590013390270134
1.1458333333333333,takeoff,-10.0,0.0,5.376417340778326,0.0,6.72999798670611,nan,nan,nan,5.750687843405539,0.0,-0.0,102.2938459979194,16.97056274847714,0.16590013390270134
1.15,takeoff,-10.0,0.0,5.404431118546259,0.0,6.7233066643039505,nan,nan,nan,5.750687843405539,0.0,-0.0,102.2938459979194,16.97056274847714,0.16590013390270134
1.1541666666666666,takeoff,-10.0,0.0,5.432416593458341,0.0,6.716513978899778,nan,nan,nan,5.750687843405539,0.0,-0.0,102.2938459979194,16.97056274847714,0.16590013390270134
1.1583333333333332,takeoff,-10.0,0.0,5.4603733805435395,0.0,6.709628900447525,nan,nan,nan,5.750687843405539,0.0,-0.0,102.2938459979194,16.97056274847714,0.16590013390270134
1.1625,takeoff,-10.0,0.0,5.488301128995977,0.0,6.702659628585091,nan,nan,nan,5.750687843405539,0.0,-0.0,102.2938459979194,16.97056274847714,0.16590013390270134
1.1666666666666667,takeoff,-10.0,0.0,5.516199233073304,0.0,6.695544978558474,nan,nan,nan,5.617392401361561,0.0,-0.0,3.4936299837732174,17.435595774162696,4.990681856735088
1.1708333333333334,takeoff,-10.0,0.0,5.544067140439289,0.0,6.688297767836242,nan,nan,nan,5.617392401361561,0.0,-0.0,3.4936299837732174,17.435595774162696,4.990681856735088
1.175,takeoff,-10.0,0.0,5.57190434751997,0.0,6.6809296993636185,nan,nan,nan,5.617392401361561,0.0,-0.0,3.4936299837732174,17.435595774162696,4.990681856735088
1.1791666666666667,takeoff,-10.0,0.0,5.599710395277792,0.0,6.673451461877297,nan,nan,nan,5.617392401361561,0.0,-0.0,3.4936299837732174,17.435595774162696,4.990681856735088
1.1833333333333333,takeoff,-10.0,0.0,5.627484865363905,0.0,6.665872820667088,nan,nan,nan,5.617392401361561,0.0,-0.0,3.4936299837732174,17.435595774162696,4.990681856735088
1.1875,takeoff,-10.0,0.0,5.655227376612953,0.0,6.658202699771646,nan,nan,nan,5.617392401361561,0.0,-0.0,3.4936299837732174,17.435595774162696,4.990681856735088
1.1916666666666667,takeoff,-10.0,0.0,5.6829375818482974,0.0,6.650449256482687,nan,nan,nan,5.617392401361561,0.0,-0.0,3.4936299837732174,17.435595774162696,4.990681856735088
1.1958333333333333,takeoff,-10.0,0.0,5.7106151649688535,0.0,6.642619948933524,nan,nan,nan,5.617392401361561,0.0,-0.0,3.4936299837732174,17.435595774162696,4.990681856735088
1.2,takeoff,-10.0,0.0,5.738259540620618,0.0,6.634650156423349,nan,nan,nan,5.47864931899846,0.0,-0.0,5.3748153596511035,17.435595774162696,3.243943206877807
1.2041666666666666,takeoff,-10.0,0.0,5.765870175248784,0.0,6.62655231075991,nan,nan,nan,5.47864931899846,0.0,-0.0,5.3748153596511035,17.435595774162696,3.243943206877807
1.2083333333333333,takeoff,-10.0,0.0,5.793446582594716,0.0,6.618337763023754,nan,nan,nan,5.47864931899846,0.0,-0.0,5.3748153596511035,17.435595774162696,3.243943206877807
1.2125,takeoff,-10.0,0.0,5.820988319598066,0.0,6.6100168808040225,nan,nan,nan,5.47864931899846,0.0,-0.0,5.3748153596511035,17.435595774162696,3.243943206877807
1.2166666666666666,takeoff,-10.0,0.0,5.848494982665479,0.0,6.601599136179236,nan,nan,nan,5.47864931899846,0.0,-0.0,5.3748153596511035,17.435595774162696,3.243943206877807
1.2208333333333332,takeoff,-10.0,0.0,5.875966204271308,0.0,6.593093185398875,nan,nan,nan,5.47864931899846,0.0,-0.0,5.3748153596511035,17.435595774162696,3.243943206877807
1.225,takeoff,-10.0,0.0,5.903401649859276,0.0,6.5845069411123625,nan,nan,nan,5.47864931899846,0.0,-0.0,5.3748153596511035,17.435595774162696,3.243943206877807
1.2291666666666667,takeoff,-10.0,0.0,5.930801015017179,0.0,6.575847637896716,nan,nan,nan,5.47864931899846,0.0,-0.0,5.3748153596511035,17.435595774162696,3.243943206877807
1.2333333333333334,takeoff,-10.0,0.0,5.958163795064136,0.0,6.567067211269568,nan,nan,nan,5.372305328143216,0.0,-0.0,8.268946707155544,17.435595774162696,2.1085630844705747
1.2375,takeoff,-10.0,0.0,5.98548953023204,0.0,6.558176440296816,nan,nan,nan,5.372305328143216,0.0,-0.0,8.268946707155544,17.435595774162696,2.1085630844705747
1.2416666666666667,takeoff,-10.0,0.0,6.012777801778656,0.0,6.549185171187778,nan,nan,nan,5.372305328143216,0.0,-0.0,8.268946707155544,17.435595774162696,2.1085630844705747
1.2458333333333333,takeoff,-10.0,0.0,6.040028228447747,0.0,6.540102400582011,nan,nan,nan,5.372305328143216,0.0,-0.0,8.268946707155544,17.435595774162696,2.1085630844705747
1.25,takeoff,-10.0,0.0,6.067240463243596,0.0,6.5309363510037715,nan,nan,nan,5.372305328143216,0.0,-0.0,8.268946707155544,17.435595774162696,2.1085630844705747
1.2541666666666667,takeoff,-10.0,0.0,6.094414190490595,0.0,6.52169453927974,nan,nan,nan,5.372305328143216,0.0,-0.0,8.268946707155544,17.435595774162696,2.1085630844705747
1.2583333333333333,takeoff,-10.0,0.0,6.121549123151539,0.0,6.512383838626459,nan,nan,nan,5.372305328143216,0.0,-0.0,8.268946707155544,17.435595774162696,2.1085630844705747
1.2625,takeoff,-10.0,0.0,6.148645000380855,0.0,6.50301053503584,nan,nan,nan,5.372305328143216,0.0,-0.0,8.268946707155544,17.435595774162696,2.1085630844705747
1.2666666666666666,takeoff,-10.0,0.0,6.175701585291349,0.0,6.493580378518612,nan,nan,nan,5.372305328143216,0.0,-0.0,nan,nan,nan
1.2708333333333333,takeoff,-10.0,0.0,6.202718662915121,0.0,6.484098629705323,nan,nan,nan,5.372305328143216,0.0,-0.0,nan,nan,nan
1.275,takeoff,-10.0,0.0,6.229695796273934,0.0,6.4745120061152885,nan,nan,nan,5.259040098942024,0.0,-0.0,nan,nan,nan
1.2791666666666666,takeoff,-10.0,0.0,6.256632587566396,0.0,6.464829910190925,nan,nan,nan,5.259040098942024,0.0,-0.0,nan,nan,nan
1.2833333333333332,takeoff,-10.0,0.0,6.283528674790421,0.0,6.455060933766042,nan,nan,nan,5.259040098942024,0.0,-0.0,nan,nan,nan
1.2875,takeoff,-10.0,0.0,6.310383728665242,0.0,6.445212929956983,nan,nan,nan,5.259040098942024,0.0,-0.0,nan,nan,nan
1.2916666666666667,takeoff,-10.0,0.0,6.337197449825093,0.0,6.435293078364416,nan,nan,nan,5.259040098942024,0.0,-0.0,nan,nan,nan
1.2958333333333334,takeoff,-10.0,0.0,6.36396956625949,0.0,6.425307944255224,nan,nan,nan,5.259040098942024,0.0,-0.0,nan,nan,nan
1.3,takeoff,-10.0,0.0,6.390699830977491,0.0,6.415263532320234,nan,nan,nan,5.259040098942024,0.0,-0.0,6.706348465198443,17.435595774162696,2.599864272583213
1.3041666666666667,takeoff,-10.0,0.0,6.4173880198755695,0.0,6.405165335538795,nan,nan,nan,5.259040098942024,0.0,-0.0,6.706348465198443,17.435595774162696,2.599864272583213
1.3083333333333333,takeoff,-10.0,0.0,6.44403375219988,0.0,6.3949757578344855,nan,nan,nan,5.175899332075135,0.0,-0.0,6.706348465198443,17.435595774162696,2.599864272583213
1.3125,takeoff,-10.0,0.0,6.4706366816114596,0.0,6.384703058779088,nan,nan,nan,5.175899332075135,0.0,-0.0,6.706348465198443,17.435595774162696,2.599864272583213
1.3166666666666667,takeoff,-10.0,0.0,6.4971964932293655,0.0,6.374354788297451,nan,nan,nan,5.175899332075135,0.0,-0.0,6.706348465198443,17.435595774162696,2.599864272583213
1.3208333333333333,takeoff,-10.0,0.0,6.523712900934472,0.0,6.3639378492254055,nan,nan,nan,5.175899332075135,0.0,-0.0,6.706348465198443,17.435595774162696,2.599864272583213
1.325,takeoff,-10.0,0.0,6.550185644909902,0.0,6.353458554103419,nan,nan,nan,5.175899332075135,0.0,-0.0,6.706348465198443,17.435595774162696,2.599864272583213
1.3291666666666666,takeoff,-10.0,0.0,6.576614489396464,0.0,6.342922676774768,nan,nan,nan,5.175899332075135,0.0,-0.0,6.706348465198443,17.435595774162696,2.599864272583213
1.3333333333333333,takeoff,-10.0,0.0,6.602999220643529,0.0,6.332335499295472,nan,nan,nan,5.175899332075135,0.0,-0.0,10.317459177228372,17.435595774162696,1.6899117771790886
1.3375,takeoff,-10.0,0.0,6.629339645037733,0.0,6.321701854609035,nan,nan,nan,5.175899332075135,0.0,-0.0,10.317459177228372,17.435595774162696,1.6899117771790886
1.3416666666666666,takeoff,-10.0,0.0,6.655635392122276,0.0,6.310979300290301,nan,nan,nan,5.08445433437501,0.0,-0.0,10.317459177228372,17.435595774162696,1.6899117771790886
1.3458333333333332,takeoff,-10.0,0.0,6.681886125057304,0.0,6.3001759044066885,nan,nan,nan,5.08445433437501,0.0,-0.0,10.317459177228372,17.435595774162696,1.6899117771790886
1.35,takeoff,-10.0,0.0,6.708091537732192,0.0,6.2892990419731785,nan,nan,nan,5.08445433437501,0.0,-0.0,10.317459177228372,17.435595774162696,1.6899117771790886
1.3541666666666667,takeoff,-10.0,0.0,6.7342513521323015,0.0,6.278355456026256,nan,nan,nan,5.08445433437501,0.0,-0.0,10.317459177228372,17.435595774162696,1.6899117771790886
1.3583333333333334,takeoff,-10.0,0.0,6.760365315936774,0.0,6.2673513130732585,nan,nan,nan,5.08445433437501,0.0,-0.0,10.317459177228372,17.435595774162696,1.6899117771790886
1.3625,takeoff,-10.0,0.0,6.78643320032624,0.0,6.256292253471738,nan,nan,nan,5.08445433437501,0.0,-0.0,10.317459177228372,17.435595774162696,1.6899117771790886
1.3666666666666667,takeoff,-10.0,0.0,6.812454797981379,0.0,6.245183437233474,nan,nan,nan,5.08445433437501,0.0,-0.0,15.873014118812879,17.435595774162696,1.0984426551664077
1.3708333333333333,takeoff,-10.0,0.0,6.838429921255108,0.0,6.234029585694985,nan,nan,nan,5.08445433437501,0.0,-0.0,15.873014118812879,17.435595774162696,1.0984426551664077
1.375,takeoff,-10.0,0.0,6.864358265240116,0.0,6.222802556401882,nan,nan,nan,5.021049780700415,0.0,-0.0,15.873014118812879,17.435595774162696,1.0984426551664077
1.3791666666666667,takeoff,-10.0,0.0,6.890239553078849,0.0,6.211509081295816,nan,nan,nan,5.021049780700415,0.0,-0.0,15.873014118812879,17.435595774162696,1.0984426551664077
1.3833333333333333,takeoff,-10.0,0.0,6.9160735335647034,0.0,6.200155316605054,nan,nan,nan,5.021049780700415,0.0,-0.0,15.873014118812879,17.435595774162696,1.0984426551664077
1.3875,takeoff,-10.0,0.0,6.9418599789529285,0.0,6.188746893174092,nan,nan,nan,5.021049780700415,0.0,-0.0,15.873014118812879,17.435595774162696,1.0984426551664077
1.3916666666666666,takeoff,-10.0,0.0,6.9675986829621745,0.0,6.177288962219018,nan,nan,nan,5.021049780700415,0.0,-0.0,15.873014118812879,17.435595774162696,1.0984426551664077
1.3958333333333333,takeoff,-10.0,0.0,6.99328945894947,0.0,6.165786236950874,nan,nan,nan,5.021049780700415,0.0,-0.0,15.873014118812879,17.435595774162696,1.0984426551664077
1.4,takeoff,-10.0,0.0,7.0189321382430645,0.0,6.154243030462655,nan,nan,nan,5.021049780700415,0.0,-0.0,24.42002172125058,17.435595774162696,0.7139877258581651
1.4041666666666666,takeoff,-10.0,0.0,7.044526568619041,0.0,6.142663290234366,nan,nan,nan,5.021049780700415,0.0,-0.0,24.42002172125058,17.435595774162696,0.7139877258581651
1.4083333333333332,takeoff,-10.0,0.0,7.070072612908933,0.0,6.131050629574134,nan,nan,nan,5.021049780700415,0.0,-0.0,24.42002172125058,17.435595774162696,0.7139877258581651
1.4125,takeoff,-10.0,0.0,7.095570147726771,0.0,6.119408356281064,nan,nan,nan,5.021049780700415,0.0,-0.0,24.42002172125058,17.435595774162696,0.7139877258581651
1.4166666666666667,takeoff,-10.0,0.0,7.121018907761506,0.0,6.107702408336528,nan,nan,nan,4.9485089923153875,0.0,-0.0,24.42002172125058,17.435595774162696,0.7139877258581651
1.4208333333333334,takeoff,-10.0,0.0,7.1464186524274185,0.0,6.095938719818942,nan,nan,nan,4.9485089923153875,0.0,-0.0,24.42002172125058,17.435595774162696,0.7139877258581651
1.425,takeoff,-10.0,0.0,7.171769163755137,0.0,6.084122718652363,nan,nan,nan,4.9485089923153875,0.0,-0.0,24.42002172125058,17.435595774162696,0.7139877258581651
1.4291666666666667,takeoff,-10.0,0.0,7.197070244466154,0.0,6.0722593706441605,nan,nan,nan,4.9485089923153875,0.0,-0.0,24.42002172125058,17.435595774162696,0.7139877258581651
1.4333333333333333,takeoff,-10.0,0.0,7.222321716214289,0.0,6.060353219552234,nan,nan,nan,4.9485089923153875,0.0,-0.0,37.56926418653936,17.435595774162696,0.4640920218078073
1.4375,takeoff,-10.0,0.0,7.247523417979126,0.0,6.048408423561009,nan,nan,nan,4.9485089923153875,0.0,-0.0,37.56926418653936,17.435595774162696,0.4640920218078073
1.4416666666666667,takeoff,-10.0,0.0,7.272675204597902,0.0,6.036428788506063,nan,nan,nan,4.9485089923153875,0.0,-0.0,37.56926418653936,17.435595774162696,0.4640920218078073
1.4458333333333333,takeoff,-10.0,0.0,7.297776945423537,0.0,6.024417798152434,nan,nan,nan,4.9485089923153875,0.0,-0.0,37.56926418653936,17.435595774162696,0.4640920218078073
1.45,takeoff,-10.0,0.0,7.322828390934743,0.0,6.012346922689466,nan,nan,nan,4.886499887021156,0.0,-0.0,37.56926418653936,17.435595774162696,0.4640920218078073
1.4541666666666666,takeoff,-10.0,0.0,7.347829315038334,0.0,6.00022178486189,nan,nan,nan,4.886499887021156,0.0,-0.0,37.56926418653936,17.435595774162696,0.4640920218078073
1.4583333333333333,takeoff,-10.0,0.0,7.372779513072744,0.0,5.98804752825826,nan,nan,nan,4.886499887021156,0.0,-0.0,37.56926418653936,17.435595774162696,0.4640920218078073
1.4625,takeoff,-10.0,0.0,7.397678799984948,0.0,5.9758288589288515,nan,nan,nan,4.886499887021156,0.0,-0.0,37.56926418653936,17.435595774162696,0.4640920218078073
1.4666666666666666,takeoff,-10.0,0.0,7.422527008665206,0.0,5.9635700832619785,nan,nan,nan,4.886499887021156,0.0,-0.0,3.5369529535090365,17.88854381999832,5.057614295449128
1.4708333333333332,takeoff,-10.0,0.0,7.4473239884255165,0.0,5.951275142474533,nan,nan,nan,4.886499887021156,0.0,-0.0,3.5369529535090365,17.88854381999832,5.057614295449128
1.475,takeoff,-10.0,0.0,7.472069603608999,0.0,5.938947644035826,nan,nan,nan,4.886499887021156,0.0,-0.0,3.5369529535090365,17.88854381999832,5.057614295449128
1.4791666666666667,takeoff,-10.0,0.0,7.496763732318629,0.0,5.926590890311299,nan,nan,nan,4.886499887021156,0.0,-0.0,3.5369529535090365,17.88854381999832,5.057614295449128
1.4833333333333334,takeoff,-10.0,0.0,7.521406185837782,0.0,5.9141888445967234,nan,nan,nan,4.84920682128789,0.0,-0.0,3.5369529535090365,17.88854381999832,5.057614295449128
1.4875,takeoff,-10.0,0.0,7.545996793731912,0.0,5.9017458945911745,nan,nan,nan,4.84920682128789,0.0,-0.0,3.5369529535090365,17.88854381999832,5.057614295449128
1.4916666666666667,takeoff,-10.0,0.0,7.570535402297639,0.0,5.889266055774569,nan,nan,nan,4.84920682128789,0.0,-0.0,3.5369529535090365,17.88854381999832,5.057614295449128
1.4958333333333333,takeoff,-10.0,0.0,7.595021873145402,0.0,5.87675300346317,nan,nan,nan,4.84920682128789,0.0,-0.0,3.5369529535090365,17.88854381999832,5.057614295449128
1.5,takeoff,-10.0,0.0,7.619456081903841,0.0,5.864210102025133,nan,nan,nan,4.84920682128789,0.0,-0.0,nan,nan,nan
1.5041666666666667,takeoff,-10.0,0.0,7.643837917035174,0.0,5.851640431519956,nan,nan,nan,4.84920682128789,0.0,-0.0,nan,nan,nan
1.5083333333333333,takeoff,-10.0,0.0,7.668167278751837,0.0,5.839046811999331,nan,nan,nan,4.84920682128789,0.0,-0.0,nan,nan,nan
1.5125,takeoff,-10.0,0.0,7.6924440780255186,0.0,5.8264318256834455,nan,nan,nan,4.84920682128789,0.0,-0.0,nan,nan,nan
1.5166666666666666,takeoff,-10.0,0.0,7.716668235680543,0.0,5.813797837205877,nan,nan,nan,4.84920682128789,0.0,-0.0,nan,nan,nan
1.5208333333333333,takeoff,-10.0,0.0,7.7408396815642995,0.0,5.8011470121015005,nan,nan,nan,4.84920682128789,0.0,-0.0,nan,nan,nan
1.525,takeoff,-10.0,0.0,7.76495825222581,0.0,5.788456958762489,nan,nan,nan,4.801481609176425,0.0,-0.0,nan,nan,nan
1.5291666666666666,takeoff,-10.0,0.0,7.789023800385721,0.0,5.775731558378626,nan,nan,nan,4.801481609176425,0.0,-0.0,nan,nan,nan
1.5333333333333332,takeoff,-10.0,0.0,7.813036193566894,0.0,5.7629743634816455,nan,nan,nan,4.801481609176425,0.0,-0.0,4.705745504579653,17.88854381999832,3.801426108273196
1.5375,takeoff,-10.0,0.0,7.836995312842523,0.0,5.750188626150932,nan,nan,nan,4.801481609176425,0.0,-0.0,4.705745504579653,17.88854381999832,3.801426108273196
1.5416666666666667,takeoff,-10.0,0.0,7.860901051691421,0.0,5.7373773237354655,nan,nan,nan,4.801481609176425,0.0,-0.0,4.705745504579653,17.88854381999832,3.801426108273196
1.5458333333333334,takeoff,-10.0,0.0,7.88475331495109,0.0,5.724543182320508,nan,nan,nan,4.801481609176425,0.0,-0.0,4.705745504579653,17.88854381999832,3.801426108273196
1.55,takeoff,-10.0,0.0,7.9085520178600275,0.0,5.711688698145024,nan,nan,nan,4.801481609176425,0.0,-0.0,4.705745504579653,17.88854381999832,3.801426108273196
1.5541666666666667,takeoff,-10.0,0.0,7.93229708518151,0.0,5.698816157155778,nan,nan,nan,4.801481609176425,0.0,-0.0,4.705745504579653,17.88854381999832,3.801426108273196
1.5583333333333333,takeoff,-10.0,0.0,7.9559883983508435,0.0,5.685915160640139,nan,nan,nan,4.777018705828054,0.0,-0.0,4.705745504579653,17.88854381999832,3.801426108273196
1.5625,takeoff,-10.0,0.0,7.979625851193712,0.0,5.672988682288486,nan,nan,nan,4.777018705828054,0.0,-0.0,4.705745504579653,17.88854381999832,3.801426108273196
1.5666666666666667,takeoff,-10.0,0.0,8.0032093488805,0.0,5.660039444828901,nan,nan,nan,4.777018705828054,0.0,-0.0,7.239608468584082,17.88854381999832,2.4709269703775774
1.5708333333333333,takeoff,-10.0,0.0,8.02673880696975,0.0,5.647069941420084,nan,nan,nan,4.777018705828054,0.0,-0.0,7.239608468584082,17.88854381999832,2.4709269703775774
1.575,takeoff,-10.0,0.0,8.050214150533012,0.0,5.634082455182871,nan,nan,nan,4.777018705828054,0.0,-0.0,7.239608468584082,17.88854381999832,2.4709269703775774
1.5791666666666666,takeoff,-10.0,0.0,8.073635313354005,0.0,5.6210790770382015,nan,nan,nan,4.777018705828054,0.0,-0.0,7.239608468584082,17.88854381999832,2.4709269703775774
1.5833333333333333,takeoff,-10.0,0.0,8.097002237195685,0.0,5.608061722003363,nan,nan,nan,4.777018705828054,0.0,-0.0,7.239608468584082,17.88854381999832,2.4709269703775774
1.5875,takeoff,-10.0,0.0,8.120314871129368,0.0,5.595032144083956,nan,nan,nan,4.777018705828054,0.0,-0.0,7.239608468584082,17.88854381999832,2.4709269703775774
1.5916666666666666,takeoff,-10.0,0.0,8.143573096002951,0.0,5.5819739696598,nan,nan,nan,4.741820064270289,0.0,-0.0,7.239608468584082,17.88854381999832,2.4709269703775774
1.5958333333333332,takeoff,-10.0,0.0,8.166776805124957,0.0,5.568890189281671,nan,nan,nan,4.741820064270289,0.0,-0.0,7.239608468584082,17.88854381999832,2.4709269703775774
1.6,takeoff,-10.0,0.0,8.189925903212808,0.0,5.555783541084171,nan,nan,nan,4.741820064270289,0.0,-0.0,11.13785918243705,17.88854381999832,1.6061025307454253
1.6041666666666667,takeoff,-10.0,0.0,8.213020305430758,0.0,5.542656532307895,nan,nan,nan,4.741820064270289,0.0,-0.0,11.13785918243705,17.88854381999832,1.6061025307454253
1.6083333333333334,takeoff,-10.0,0.0,8.236059936509708,0.0,5.529511458948089,nan,nan,nan,4.741820064270289,0.0,-0.0,11.13785918243705,17.88854381999832,1.6061025307454253
1.6125,takeoff,-10.0,0.0,8.259044729941786,0.0,5.5163504236988805,nan,nan,nan,4.741820064270289,0.0,-0.0,11.13785918243705,17.88854381999832,1.6061025307454253
1.6166666666666667,takeoff,-10.0,0.0,8.281974627243228,0.0,5.503175352345993,nan,nan,nan,4.741820064270289,0.0,-0.0,11.13785918243705,17.88854381999832,1.6061025307454253
1.6208333333333333,takeoff,-10.0,0.0,8.304849577279672,0.0,5.489988008746359,nan,nan,nan,4.741820064270289,0.0,-0.0,11.13785918243705,17.88854381999832,1.6061025307454253
1.625,takeoff,-10.0,0.0,8.327669507070159,0.0,5.476783149716836,nan,nan,nan,4.728390036858821,0.0,-0.0,11.13785918243705,17.88854381999832,1.6061025307454253
1.6291666666666667,takeoff,-10.0,0.0,8.350434352209216,0.0,5.463562833374093,nan,nan,nan,4.728390036858821,0.0,-0.0,11.13785918243705,17.88854381999832,1.6061025307454253
1.6333333333333333,takeoff,-10.0,0.0,8.373144056145469,0.0,5.450328944700634,nan,nan,nan,4.728390036858821,0.0,-0.0,17.135167972980078,17.88854381999832,1.0439666449845264
1.6375,takeoff,-10.0,0.0,8.395798569521302,0.0,5.437083210200054,nan,nan,nan,4.728390036858821,0.0,-0.0,17.135167972980078,17.88854381999832,1.0439666449845264
1.6416666666666666,takeoff,-10.0,0.0,8.418397849568358,0.0,5.423827211293216,nan,nan,nan,4.728390036858821,0.0,-0.0,17.135167972980078,17.88854381999832,1.0439666449845264
1.6458333333333333,takeoff,-10.0,0.0,8.440941859554052,0.0,5.410562396566457,nan,nan,nan,4.728390036858821,0.0,-0.0,17.135167972980078,17.88854381999832,1.0439666449845264
1.65,takeoff,-10.0,0.0,8.46343056827477,0.0,5.397290092972648,nan,nan,nan,4.728390036858821,0.0,-0.0,17.135167972980078,17.88854381999832,1.0439666449845264
1.6541666666666666,takeoff,-10.0,0.0,8.485863949591756,0.0,5.384011516076703,nan,nan,nan,4.728390036858821,0.0,-0.0,17.135167972980078,17.88854381999832,1.0439666449845264
1.6583333333333332,takeoff,-10.0,0.0,8.508241982006043,0.0,5.370727779428793,nan,nan,nan,4.728390036858821,0.0,-0.0,17.135167972980078,17.88854381999832,1.0439666449845264
1.6624999999999999,takeoff,-10.0,0.0,8.53056464826913,0.0,5.357439903141005,nan,nan,nan,4.728390036858821,0.0,-0.0,17.135167972980078,17.88854381999832,1.0439666449845264
1.6666666666666667,takeoff,-10.0,0.0,8.552831883278413,0.0,5.344136402227703,nan,nan,nan,4.704076769671915,0.0,-0.0,26.36179688150781,17.88854381999832,0.6785783192399422
1.6708333333333334,takeoff,-10.0,0.0,8.575043629853248,0.0,5.330819177960387,nan,nan,nan,4.704076769671915,0.0,-0.0,26.36179688150781,17.88854381999832,0.6785783192399422
1.675,takeoff,-10.0,0.0,8.597199838068876,0.0,5.3174899717508595,nan,nan,nan,4.704076769671915,0.0,-0.0,26.36179688150781,17.88854381999832,0.6785783192399422
1.6791666666666667,takeoff,-10.0,0.0,8.619300464646653,0.0,5.304150378666425,nan,nan,nan,4.704076769671915,0.0,-0.0,26.36179688150781,17.88854381999832,0.6785783192399422
1.6833333333333333,takeoff,-10.0,0.0,8.641345472395763,0.0,5.290801859786531,nan,nan,nan,4.704076769671915,0.0,-0.0,26.36179688150781,17.88854381999832,0.6785783192399422
1.6875,takeoff,-10.0,0.0,8.663334829702023,0.0,5.277445753502679,nan,nan,nan,4.704076769671915,0.0,-0.0,26.36179688150781,17.88854381999832,0.6785783192399422
1.6916666666666667,takeoff,-10.0,0.0,8.685268510059748,0.0,5.264083285854098,nan,nan,nan,4.704076769671915,0.0,-0.0,26.36179688150781,17.88854381999832,0.6785783192399422
1.6958333333333333,takeoff,-10.0,0.0,8.70714649164301,0.0,5.250715579983219,nan,nan,nan,4.704076769671915,0.0,-0.0,26.36179688150781,17.88854381999832,0.6785783192399422
1.7,takeoff,-10.0,0.0,8.728968748430544,0.0,5.237341629008019,nan,nan,nan,4.700091725179801,0.0,-0.0,3.6086505447907755,18.33030277982336,5.0795449856689086
1.7041666666666666,takeoff,-10.0,0.0,8.750735259041148,0.0,5.223962546545021,nan,nan,nan,4.700091725179801,0.0,-0.0,3.6086505447907755,18.33030277982336,5.0795449856689086
1.7083333333333333,takeoff,-10.0,0.0,8.77244600634434,0.0,5.210579352766219,nan,nan,nan,4.700091725179801,0.0,-0.0,3.6086505447907755,18.33030277982336,5.0795449856689086
1.7125,takeoff,-10.0,0.0,8.79410097710371,0.0,5.197192982248822,nan,nan,nan,4.700091725179801,0.0,-0.0,3.6086505447907755,18.33030277982336,5.0795449856689086
1.7166666666666666,takeoff,-10.0,0.0,8.815700161650211,0.0,5.183804291160048,nan,nan,nan,4.700091725179801,0.0,-0.0,3.6086505447907755,18.33030277982336,5.0795449856689086
1.7208333333333332,takeoff,-10.0,0.0,8.837243553582853,0.0,5.170414063834175,nan,nan,nan,4.700091725179801,0.0,-0.0,3.6086505447907755,18.33030277982336,5.0795449856689086
1.7249999999999999,takeoff,-10.0,0.0,8.858731149494496,0.0,5.1570230187939945,nan,nan,nan,4.700091725179801,0.0,-0.0,3.6086505447907755,18.33030277982336,5.0795449856689086
1.7291666666666667,takeoff,-10.0,0.0,8.880162948720596,0.0,5.143631814264221,nan,nan,nan,4.700091725179801,0.0,-0.0,3.6086505447907755,18.33030277982336,5.0795449856689086
1.7333333333333334,takeoff,-10.0,0.0,8.901538948452213,0.0,5.130239935587975,nan,nan,nan,4.697903842504995,0.0,-0.0,nan,nan,nan
1.7375,takeoff,-10.0,0.0,8.922859148572362,0.0,5.116848028835808,nan,nan,nan,4.697903842504995,0.0,-0.0,nan,nan,nan
1.7416666666666667,takeoff,-10.0,0.0,8.944123551430057,0.0,5.10345668584643,nan,nan,nan,4.697903842504995,0.0,-0.0,nan,nan,nan
1.7458333333333333,takeoff,-10.0,0.0,8.965332161633244,0.0,5.090066448764811,nan,nan,nan,4.697903842504995,0.0,-0.0,nan,nan,nan
1.75,takeoff,-10.0,0.0,8.986484985859072,0.0,5.076677814198657,nan,nan,nan,4.697903842504995,0.0,-0.0,nan,nan,nan
1.7541666666666667,takeoff,-10.0,0.0,9.007582032680013,0.0,5.06329123702565,nan,nan,nan,4.697903842504995,0.0,-0.0,nan,nan,nan
1.7583333333333333,takeoff,-10.0,0.0,9.028623312404518,0.0,5.049907133881068,nan,nan,nan,4.697903842504995,0.0,-0.0,nan,nan,nan
1.7625,takeoff,-10.0,0.0,9.049608836930988,0.0,5.036525886352799,nan,nan,nan,4.697903842504995,0.0,-0.0,nan,nan,nan
1.7666666666666666,takeoff,-10.0,0.0,9.070538592786166,0.0,5.023141405242858,nan,nan,nan,4.685311117712971,0.0,-0.0,4.862701415896463,18.33030277982336,3.7695719338021654
1.7708333333333333,takeoff,-10.0,0.0,9.091412570079832,0.0,5.009754550479916,nan,nan,nan,4.685311117712971,0.0,-0.0,4.862701415896463,18.33030277982336,3.7695719338021654
1.775,takeoff,-10.0,0.0,9.112230762204188,0.0,4.996366109845283,nan,nan,nan,4.685311117712971,0.0,-0.0,4.862701415896463,18.33030277982336,3.7695719338021654
1.7791666666666666,takeoff,-10.0,0.0,9.132993165558442,0.0,4.982976805020909,nan,nan,nan,4.685311117712971,0.0,-0.0,4.862701415896463,18.33030277982336,3.7695719338021654
1.7833333333333332,takeoff,-10.0,0.0,9.153699779296472,0.0,4.969587297127074,nan,nan,nan,4.685311117712971,0.0,-0.0,4.862701415896463,18.33030277982336,3.7695719338021654
1.7874999999999999,takeoff,-10.0,0.0,9.174350605095611,0.0,4.956198191793353,nan,nan,nan,4.685311117712971,0.0,-0.0,4.862701415896463,18.33030277982336,3.7695719338021654
1.7916666666666667,takeoff,-10.0,0.0,9.19494564694479,0.0,4.942810043802645,nan,nan,nan,4.685311117712971,0.0,-0.0,4.862701415896463,18.33030277982336,3.7695719338021654
1.7958333333333334,takeoff,-10.0,0.0,9.215484910950392,0.0,4.929423361344565,nan,nan,nan,4.685311117712971,0.0,-0.0,4.862701415896463,18.33030277982336,3.7695719338021654
1.8,takeoff,-10.0,0.0,9.23596841826905,0.0,4.916041756477577,nan,nan,nan,4.691463542037887,0.0,-0.0,7.481079101379174,18.33030277982336,2.4502217569714078
1.8041666666666667,takeoff,-10.0,0.0,9.256396190736018,0.0,4.902665392072589,nan,nan,nan,4.691463542037887,0.0,-0.0,7.481079101379174,18.33030277982336,2.4502217569714078
1.8083333333333333,takeoff,-10.0,0.0,9.27676825080738,0.0,4.889294417127312,nan,nan,nan,4.691463542037887,0.0,-0.0,7.481079101379174,18.33030277982336,2.4502217569714078
1.8125,takeoff,-10.0,0.0,9.297084621507057,0.0,4.875928967922566,nan,nan,nan,4.691463542037887,0.0,-0.0,7.481079101379174,18.33030277982336,2.4502217569714078
1.8166666666666667,takeoff,-10.0,0.0,9.317345326378232,0.0,4.862569169082101,nan,nan,nan,4.691463542037887,0.0,-0.0,7.481079101379174,18.33030277982336,2.4502217569714078
1.8208333333333333,takeoff,-10.0,0.0,9.337550389438832,0.0,4.849215134543996,nan,nan,nan,4.691463542037887,0.0,-0.0,7.481079101379174,18.33030277982336,2.4502217569714078
1.825,takeoff,-10.0,0.0,9.35769983514071,0.0,4.835866968451041,nan,nan,nan,4.691463542037887,0.0,-0.0,7.481079101379174,18.33030277982336,2.4502217569714078
1.8291666666666666,takeoff,-10.0,0.0,9.37779368833224,0.0,4.8225247659668655,nan,nan,nan,4.691463542037887,0.0,-0.0,7.481079101379174,18.33030277982336,2.4502217569714078
1.8333333333333333,takeoff,-10.0,0.0,9.397831974224006,0.0,4.809188614024019,nan,nan,nan,4.691463542037887,0.0,-0.0,nan,nan,nan
1.8375,takeoff,-10.0,0.0,9.41781471835738,0.0,4.795858592009692,nan,nan,nan,4.691463542037887,0.0,-0.0,nan,nan,nan
1.8416666666666666,takeoff,-10.0,0.0,9.437741936896465,0.0,4.782532449380446,nan,nan,nan,4.686925547027601,0.0,-0.0,nan,nan,nan
1.8458333333333332,takeoff,-10.0,0.0,9.45761364709097,0.0,4.769210446681011,nan,nan,nan,4.686925547027601,0.0,-0.0,nan,nan,nan
1.8499999999999999,takeoff,-10.0,0.0,9.47742986718447,0.0,4.755892822440258,nan,nan,nan,4.686925547027601,0.0,-0.0,nan,nan,nan
1.8541666666666667,takeoff,-10.0,0.0,9.497190616330336,0.0,4.7425797950076145,nan,nan,nan,4.686925547027601,0.0,-0.0,nan,nan,nan
1.8583333333333334,takeoff,-10.0,0.0,9.516895914514652,0.0,4.729271564235985,nan,nan,nan,4.686925547027601,0.0,-0.0,nan,nan,nan
1.8625,takeoff,-10.0,0.0,9.536545782485586,0.0,4.7159683130240815,nan,nan,nan,4.686925547027601,0.0,-0.0,nan,nan,nan
1.8666666666666667,takeoff,-10.0,0.0,9.556140241688627,0.0,4.702670208729936,nan,nan,nan,4.686925547027601,0.0,-0.0,6.894505166028843,18.33030277982336,2.6586828696774196
1.8708333333333333,takeoff,-10.0,0.0,9.575679314207237,0.0,4.689377404466393,nan,nan,nan,4.686925547027601,0.0,-0.0,6.894505166028843,18.33030277982336,2.6586828696774196
1.875,takeoff,-10.0,0.0,9.595163049931662,0.0,4.676096573862102,nan,nan,nan,4.699685533207301,0.0,-0.0,6.894505166028843,18.33030277982336,2.6586828696774196
1.8791666666666667,takeoff,-10.0,0.0,9.614591497010677,0.0,4.662827298963599,nan,nan,nan,4.699685533207301,0.0,-0.0,6.894505166028843,18.33030277982336,2.6586828696774196
1.8833333333333333,takeoff,-10.0,0.0,9.633964701994973,0.0,4.649569196230968,nan,nan,nan,4.699685533207301,0.0,-0.0,6.894505166028843,18.33030277982336,2.6586828696774196
1.8875,takeoff,-10.0,0.0,9.653282709968657,0.0,4.636321913684243,nan,nan,nan,4.699685533207301,0.0,-0.0,6.894505166028843,18.33030277982336,2.6586828696774196
1.8916666666666666,takeoff,-10.0,0.0,9.672545564669848,0.0,4.623085128285661,nan,nan,nan,4.699685533207301,0.0,-0.0,6.894505166028843,18.33030277982336,2.6586828696774196
1.8958333333333333,takeoff,-10.0,0.0,9.691753308601259,0.0,4.609858543538407,nan,nan,nan,4.699685533207301,0.0,-0.0,6.894505166028843,18.33030277982336,2.6586828696774196
1.9,takeoff,-10.0,0.0,9.710905983131608,0.0,4.596641887284046,nan,nan,nan,4.699685533207301,0.0,-0.0,10.60693102465976,18.33030277982336,1.7281438652903227
1.9041666666666666,takeoff,-10.0,0.0,9.730003628588618,0.0,4.583434909682287,nan,nan,nan,4.699685533207301,0.0,-0.0,10.60693102465976,18.33030277982336,1.7281438652903227
1.9083333333333332,takeoff,-10.0,0.0,9.749046288726964,0.0,4.570238433203135,nan,nan,nan,4.701738246940588,0.0,-0.0,10.60693102465976,18.33030277982336,1.7281438652903227
1.9124999999999999,takeoff,-10.0,0.0,9.768034006057677,0.0,4.557052159371329,nan,nan,nan,4.701738246940588,0.0,-0.0,10.60693102465976,18.33030277982336,1.7281438652903227
1.9166666666666667,takeoff,-10.0,0.0,9.78696682195024,0.0,4.543875814215179,nan,nan,nan,4.701738246940588,0.0,-0.0,10.60693102465976,18.33030277982336,1.7281438652903227
1.9208333333333334,takeoff,-10.0,0.0,9.805844776726211,0.0,4.530709146232635,nan,nan,nan,4.701738246940588,0.0,-0.0,10.60693102465976,18.33030277982336,1.7281438652903227
1.925,takeoff,-10.0,0.0,9.824667909745068,0.0,4.517551924525807,nan,nan,nan,4.701738246940588,0.0,-0.0,10.60693102465976,18.33030277982336,1.7281438652903227
1.9291666666666667,takeoff,-10.0,0.0,9.843436259482944,0.0,4.504403937090039,nan,nan,nan,4.701738246940588,0.0,-0.0,10.60693102465976,18.33030277982336,1.7281438652903227
1.9333333333333333,takeoff,-10.0,0.0,9.862149863604797,0.0,4.491264989244789,nan,nan,nan,4.701738246940588,0.0,-0.0,16.318355422553473,18.33030277982336,1.1232935124387098
1.9375,takeoff,-10.0,0.0,9.880808759030607,0.0,4.47813490219461,nan,nan,nan,4.701738246940588,0.0,-0.0,16.318355422553473,18.33030277982336,1.1232935124387098
1.9416666666666667,takeoff,-10.0,0.0,9.899413020639663,0.0,4.465022786173411,nan,nan,nan,4.719831628169715,0.0,-0.0,16.318355422553473,18.33030277982336,1.1232935124387098
1.9458333333333333,takeoff,-10.0,0.0,9.917962719458568,0.0,4.451927716537185,nan,nan,nan,4.719831628169715,0.0,-0.0,16.318355422553473,18.33030277982336,1.1232935124387098
1.95,takeoff,-10.0,0.0,9.936457922979319,0.0,4.438848844980054,nan,nan,nan,4.719831628169715,0.0,-0.0,16.318355422553473,18.33030277982336,1.1232935124387098
1.9541666666666666,takeoff,-10.0,0.0,9.954898695451115,0.0,4.425785393231298,nan,nan,nan,4.719831628169715,0.0,-0.0,16.318355422553473,18.33030277982336,1.1232935124387098
1.9583333333333333,takeoff,-10.0,0.0,9.97328509814807,0.0,4.412736647268944,nan,nan,nan,4.719831628169715,0.0,-0.0,16.318355422553473,18.33030277982336,1.1232935124387098
1.9625,takeoff,-10.0,0.0,9.991617189614772,0.0,4.399701952008228,nan,nan,nan,4.719831628169715,0.0,-0.0,16.318355422553473,18.33030277982336,1.1232935124387098
1.9666666666666666,takeoff,-10.0,0.0,10.009895025891549,0.0,4.386680706426448,nan,nan,nan,4.719831628169715,0.0,-0.0,25.105162188543808,18.33030277982336,0.7301407830851614
1.9708333333333332,takeoff,-10.0,0.0,10.028118660721086,0.0,4.373672359088817,nan,nan,nan,4.719831628169715,0.0,-0.0,25.105162188543808,18.33030277982336,0.7301407830851614
1.9749999999999999,takeoff,-10.0,0.0,10.04628814573793,0.0,4.360676404042683,nan,nan,nan,4.719831628169715,0.0,-0.0,25.105162188543808,18.33030277982336,0.7301407830851614
1.9791666666666667,takeoff,-10.0,0.0,10.064403530642306,0.0,4.3476923770501,nan,nan,nan,4.719831628169715,0.0,-0.0,25.105162188543808,18.33030277982336,0.7301407830851614
1.9833333333333334,takeoff,-10.0,0.0,10.082464879347183,0.0,4.334723689170833,nan,nan,nan,4.727308126602804,0.0,-0.0,25.105162188543808,18.33030277982336,0.7301407830851614
1.9875,takeoff,-10.0,0.0,10.100472252802962,0.0,4.321769629387023,nan,nan,nan,4.727308126602804,0.0,-0.0,25.105162188543808,18.33030277982336,0.7301407830851614
1.9916666666666667,takeoff,-10.0,0.0,10.118425709242015,0.0,4.308829545372594,nan,nan,nan,4.727308126602804,0.0,-0.0,25.105162188543808,18.33030277982336,0.7301407830851614
1.9958333333333333,takeoff,-10.0,0.0,10.136325304403007,0.0,4.29590283863813,nan,nan,nan,4.727308126602804,0.0,-0.0,25.105162188543808,18.33030277982336,0.7301407830851614
2.0,takeoff,-10.0,0.0,10.154171091736654,0.0,4.2829889600751345,nan,nan,nan,4.727308126602804,0.0,-0.0,38.62332644391355,18.33030277982336,0.4745915090053549
2.0041666666666664,takeoff,-10.0,0.0,10.171963122594434,0.0,4.2700874058671845,nan,nan,nan,4.727308126602804,0.0,-0.0,38.62332644391355,18.33030277982336,0.4745915090053549
2.0083333333333333,takeoff,-10.0,0.0,10.189701446401676,0.0,4.257197713738071,nan,nan,nan,4.727308126602804,0.0,-0.0,38.62332644391355,18.33030277982336,0.4745915090053549
2.0125,takeoff,-10.0,0.0,10.207386110816298,0.0,4.244319459509402,nan,nan,nan,4.727308126602804,0.0,-0.0,38.62332644391355,18.33030277982336,0.4745915090053549
2.0166666666666666,takeoff,-10.0,0.0,10.225017209696441,0.0,4.231463731234306,nan,nan,nan,4.749664190981303,0.0,-0.0,38.62332644391355,18.33030277982336,0.4745915090053549
2.0208333333333335,takeoff,-10.0,0.0,10.24259483142707,0.0,4.218629215350932,nan,nan,nan,4.749664190981303,0.0,-0.0,38.62332644391355,18.33030277982336,0.4745915090053549
2.025,takeoff,-10.0,0.0,10.260119059371641,0.0,4.205814706696961,nan,nan,nan,4.749664190981303,0.0,-0.0,38.62332644391355,18.33030277982336,0.4745915090053549
2.029166666666667,takeoff,-10.0,0.0,10.277589972286593,0.0,4.193019099588375,nan,nan,nan,4.749664190981303,0.0,-0.0,38.62332644391355,18.33030277982336,0.4745915090053549
2.033333333333333,takeoff,-10.0,0.0,10.295007644701696,0.0,4.18024137962469,nan,nan,nan,4.749664190981303,0.0,-0.0,59.420502221405464,18.33030277982336,0.3084844808534807
2.0375,takeoff,-10.0,0.0,10.312372147269041,0.0,4.167480616162737,nan,nan,nan,4.749664190981303,0.0,-0.0,59.420502221405464,18.33030277982336,0.3084844808534807
2.0416666666666665,takeoff,-10.0,0.0,10.329683547083231,0.0,4.15473595540552,nan,nan,nan,4.749664190981303,0.0,-0.0,59.420502221405464,18.33030277982336,0.3084844808534807
2.0458333333333334,takeoff,-10.0,0.0,10.346941907975134,0.0,4.142006614056742,nan,nan,nan,4.749664190981303,0.0,-0.0,59.420502221405464,18.33030277982336,0.3084844808534807
2.05,takeoff,-10.0,0.0,10.364147316319869,0.0,4.129298002736482,nan,nan,nan,4.761593244994692,0.0,-0.0,59.420502221405464,18.33030277982336,0.3084844808534807
2.0541666666666667,takeoff,-10.0,0.0,10.381299853618069,0.0,4.116608951568014,nan,nan,nan,4.761593244994692,0.0,-0.0,59.420502221405464,18.33030277982336,0.3084844808534807
2.058333333333333,takeoff,-10.0,0.0,10.398399596898289,0.0,4.103938387252578,nan,nan,nan,4.761593244994692,0.0,-0.0,59.420502221405464,18.33030277982336,0.3084844808534807
2.0625,takeoff,-10.0,0.0,10.41544661908625,0.0,4.0912853251106265,nan,nan,nan,4.761593244994692,0.0,-0.0,59.420502221405464,18.33030277982336,0.3084844808534807
2.0666666666666664,takeoff,-10.0,0.0,10.432440989343636,0.0,4.078648861772836,nan,nan,nan,4.761593244994692,0.0,-0.0,91.41615726370071,18.33030277982336,0.20051491255476245
2.0708333333333333,takeoff,-10.0,0.0,10.449382773378924,0.0,4.066028168468817,nan,nan,nan,4.761593244994692,0.0,-0.0,91.41615726370071,18.33030277982336,0.20051491255476245
2.075,takeoff,-10.0,0.0,10.46627203373253,0.0,4.0534224848654725,nan,nan,nan,4.761593244994692,0.0,-0.0,91.41615726370071,18.33030277982336,0.20051491255476245
2.0791666666666666,takeoff,-10.0,0.0,10.483108830038407,0.0,4.040831113410681,nan,nan,nan,4.761593244994692,0.0,-0.0,91.41615726370071,18.33030277982336,0.20051491255476245
2.0833333333333335,takeoff,-10.0,0.0,10.499893274406547,0.0,4.028266648353613,nan,nan,nan,4.787338096950825,0.0,-0.0,91.41615726370071,18.33030277982336,0.20051491255476245
2.0875,takeoff,-10.0,0.0,10.516625471911285,0.0,4.0157274011367425,nan,nan,nan,4.787338096950825,0.0,-0.0,91.41615726370071,18.33030277982336,0.20051491255476245
2.091666666666667,takeoff,-10.0,0.0,10.533305521171373,0.0,4.003211822421334,nan,nan,nan,4.787338096950825,0.0,-0.0,91.41615726370071,18.33030277982336,0.20051491255476245
2.095833333333333,takeoff,-10.0,0.0,10.549933514882477,0.0,3.9907184906649547,nan,nan,nan,4.787338096950825,0.0,-0.0,91.41615726370071,18.33030277982336,0.20051491255476245
2.1,takeoff,-10.0,0.0,10.566509540305908,0.0,3.9782461016234025,nan,nan,nan,4.787338096950825,0.0,-0.0,140.64024194415492,18.33030277982336,0.1303346931605956
2.1041666666666665,takeoff,-10.0,0.0,10.583033679717177,0.0,3.9657934587043036,nan,nan,nan,4.787338096950825,0.0,-0.0,140.64024194415492,18.33030277982336,0.1303346931605956
2.1083333333333334,takeoff,-10.0,0.0,10.599506010817615,0.0,3.953359464105023,nan,nan,nan,4.787338096950825,0.0,-0.0,140.64024194415492,18.33030277982336,0.1303346931605956
2.1125,takeoff,-10.0,0.0,10.615926607112085,0.0,3.9409431106725754,nan,nan,nan,4.787338096950825,0.0,-0.0,140.64024194415492,18.33030277982336,0.1303346931605956
2.1166666666666667,takeoff,-10.0,0.0,10.632295538255535,0.0,3.928543474427929,nan,nan,nan,4.787338096950825,0.0,-0.0,140.64024194415492,18.33030277982336,0.1303346931605956
2.120833333333333,takeoff,-10.0,0.0,10.648612870370957,0.0,3.9161597077015053,nan,nan,nan,4.787338096950825,0.0,-0.0,140.64024194415492,18.33030277982336,0.1303346931605956
2.125,takeoff,-10.0,0.0,10.664878699635038,0.0,3.903799023379267,nan,nan,nan,4.802860085494785,0.0,-0.0,140.64024194415492,18.33030277982336,0.1303346931605956
2.1291666666666664,takeoff,-10.0,0.0,10.681093116479474,0.0,3.891460042664638,nan,nan,nan,4.802860085494785,0.0,-0.0,140.64024194415492,18.33030277982336,0.1303346931605956
2.1333333333333333,takeoff,-10.0,0.0,10.697256206065113,0.0,3.879141500553207,nan,nan,nan,4.802860085494785,0.0,-0.0,216.36960299100758,18.33030277982336,0.08471755055438714
2.1375,takeoff,-10.0,0.0,10.713368048717074,0.0,3.8668422364704518,nan,nan,nan,4.802860085494785,0.0,-0.0,216.36960299100758,18.33030277982336,0.08471755055438714
2.1416666666666666,takeoff,-10.0,0.0,10.729428720324037,0.0,3.8545611856713387,nan,nan,nan,4.802860085494785,0.0,-0.0,216.36960299100758,18.33030277982336,0.08471755055438714
2.1458333333333335,takeoff,-10.0,0.0,10.745438292704625,0.0,3.8422973713411643,nan,nan,nan,4.802860085494785,0.0,-0.0,216.36960299100758,18.33030277982336,0.08471755055438714
2.15,takeoff,-10.0,0.0,10.761396833943548,0.0,3.8300498973415995,nan,nan,nan,4.802860085494785,0.0,-0.0,216.36960299100758,18.33030277982336,0.08471755055438714
2.154166666666667,takeoff,-10.0,0.0,10.777304408700008,0.0,3.8178179415501914,nan,nan,nan,4.802860085494785,0.0,-0.0,216.36960299100758,18.33030277982336,0.08471755055438714
2.158333333333333,takeoff,-10.0,0.0,10.793161139294272,0.0,3.8056153426233394,nan,nan,nan,4.831196262519761,0.0,-0.0,216.36960299100758,18.33030277982336,0.08471755055438714
2.1625,takeoff,-10.0,0.0,10.808967140105853,0.0,3.7934401947793948,nan,nan,nan,4.831196262519761,0.0,-0.0,216.36960299100758,18.33030277982336,0.08471755055438714
2.1666666666666665,takeoff,-10.0,0.0,10.824722518227862,0.0,3.7812907492819767,nan,nan,nan,4.831196262519761,0.0,-0.0,332.8763122938578,18.33030277982336,0.05506640786035164
2.1708333333333334,takeoff,-10.0,0.0,10.840427374067762,0.0,3.769165401575855,nan,nan,nan,4.831196262519761,0.0,-0.0,332.8763122938578,18.33030277982336,0.05506640786035164
2.175,takeoff,-10.0,0.0,10.856081801898847,0.0,3.757062679460463,nan,nan,nan,4.831196262519761,0.0,-0.0,332.8763122938578,18.33030277982336,0.05506640786035164
2.1791666666666667,takeoff,-10.0,0.0,10.87168589036643,0.0,3.744981232219965,nan,nan,nan,4.831196262519761,0.0,-0.0,332.8763122938578,18.33030277982336,0.05506640786035164
2.183333333333333,takeoff,-10.0,0.0,10.887239722952408,0.0,3.7329198206347005,nan,nan,nan,4.831196262519761,0.0,-0.0,332.8763122938578,18.33030277982336,0.05506640786035164
2.1875,takeoff,-10.0,0.0,10.902743378401594,0.0,3.720877307804374,nan,nan,nan,4.831196262519761,0.0,-0.0,332.8763122938578,18.33030277982336,0.05506640786035164
2.1916666666666664,takeoff,-10.0,0.0,10.918196970641164,0.0,3.7088621374967694,nan,nan,nan,4.849601876284247,0.0,-0.0,332.8763122938578,18.33030277982336,0.05506640786035164
2.1958333333333333,takeoff,-10.0,0.0,10.9336006063238,0.0,3.6968725638328825,nan,nan,nan,4.849601876284247,0.0,-0.0,332.8763122938578,18.33030277982336,0.05506640786035164
2.2,takeoff,-10.0,0.0,10.948954385427518,0.0,3.6849069848921716,nan,nan,nan,4.849601876284247,0.0,-0.0,512.117403529012,18.33030277982336,0.035793165109228565
2.2041666666666666,takeoff,-10.0,0.0,10.96425840180628,0.0,3.672963930902835,nan,nan,nan,4.849601876284247,0.0,-0.0,512.117403529012,18.33030277982336,0.035793165109228565
2.2083333333333335,takeoff,-10.0,0.0,10.979512743695395,0.0,3.6610420533875097,nan,nan,nan,4.849601876284247,0.0,-0.0,512.117403529012,18.33030277982336,0.035793165109228565
2.2125,takeoff,-10.0,0.0,10.994717494175351,0.0,3.649140115189271,nan,nan,nan,4.849601876284247,0.0,-0.0,512.117403529012,18.33030277982336,0.035793165109228565
2.216666666666667,takeoff,-10.0,0.0,11.009872731597468,0.0,3.6372569813083606,nan,nan,nan,4.849601876284247,0.0,-0.0,512.117403529012,18.33030277982336,0.035793165109228565
2.220833333333333,takeoff,-10.0,0.0,11.02497852997449,0.0,3.6253916104852633,nan,nan,nan,4.849601876284247,0.0,-0.0,512.117403529012,18.33030277982336,0.035793165109228565
2.225,takeoff,-10.0,0.0,11.040035024449477,0.0,3.6135586739969305,nan,nan,nan,4.879902597261948,0.0,-0.0,512.117403529012,18.33030277982336,0.035793165109228565
2.2291666666666665,takeoff,-10.0,0.0,11.05504234110246,0.0,3.60175599671616,nan,nan,nan,4.879902597261948,0.0,-0.0,512.117403529012,18.33030277982336,0.035793165109228565
2.2333333333333334,takeoff,-10.0,0.0,11.070000597696717,0.0,3.5899815826217933,nan,nan,nan,4.879902597261948,0.0,-0.0,787.8729285061723,18.33030277982336,0.023265557320998567
2.2375,takeoff,-10.0,0.0,11.08490990436404,0.0,3.5782336001573367,nan,nan,nan,4.879902597261948,0.0,-0.0,787.8729285061723,18.33030277982336,0.023265557320998567
2.2416666666666667,takeoff,-10.0,0.0,11.099770364233896,0.0,3.566510368765677,nan,nan,nan,4.879902597261948,0.0,-0.0,787.8729285061723,18.33030277982336,0.023265557320998567
2.245833333333333,takeoff,-10.0,0.0,11.114582074011016,0.0,3.554810346508799,nan,nan,nan,4.879902597261948,0.0,-0.0,787.8729285061723,18.33030277982336,0.023265557320998567
2.25,takeoff,-10.0,0.0,11.12934512450555,0.0,3.5431321186879066,nan,nan,nan,4.879902597261948,0.0,-0.0,787.8729285061723,18.33030277982336,0.023265557320998567
2.2541666666666664,takeoff,-10.0,0.0,11.144059601119656,0.0,3.5314743873854972,nan,nan,nan,4.879902597261948,0.0,-0.0,787.8729285061723,18.33030277982336,0.023265557320998567
2.2583333333333333,takeoff,-10.0,0.0,11.158725584294059,0.0,3.5198359618566717,nan,nan,nan,4.879902597261948,0.0,-0.0,787.8729285061723,18.33030277982336,0.023265557320998567
2.2625,takeoff,-10.0,0.0,11.17334314991782,0.0,3.5082157497023947,nan,nan,nan,4.879902597261948,0.0,-0.0,787.8729285061723,18.33030277982336,0.023265557320998567
2.2666666666666666,takeoff,-10.0,0.0,11.187912414116173,0.0,3.4966234076048512,nan,nan,nan,4.900539310752819,0.0,-0.0,1212.1121977018036,18.33030277982336,0.01512261225864907
2.2708333333333335,takeoff,-10.0,0.0,11.202433485489285,0.0,3.4850571295469397,nan,nan,nan,4.900539310752819,0.0,-0.0,1212.1121977018036,18.33030277982336,0.01512261225864907
2.275,takeoff,-10.0,0.0,11.21690646573275,0.0,3.473515258431429,nan,nan,nan,4.900539310752819,0.0,-0.0,1212.1121977018036,18.33030277982336,0.01512261225864907
2.279166666666667,takeoff,-10.0,0.0,11.231331450207197,0.0,3.4619962738671095,nan,nan,nan,4.900539310752819,0.0,-0.0,1212.1121977018036,18.33030277982336,0.01512261225864907
2.283333333333333,takeoff,-10.0,0.0,11.245708528461124,0.0,3.45049878094254,nan,nan,nan,4.900539310752819,0.0,-0.0,1212.1121977018036,18.33030277982336,0.01512261225864907
2.2875,takeoff,-10.0,0.0,11.260037784710748,0.0,3.439021499909833,nan,nan,nan,4.900539310752819,0.0,-0.0,1212.1121977018036,18.33030277982336,0.01512261225864907
2.2916666666666665,takeoff,-10.0,0.0,11.274319298280359,0.0,3.427563256706624,nan,nan,nan,4.900539310752819,0.0,-0.0,1212.1121977018036,18.33030277982336,0.01512261225864907
2.2958333333333334,takeoff,-10.0,0.0,11.2885531440064,0.0,3.4161229742497383,nan,nan,nan,4.900539310752819,0.0,-0.0,1212.1121977018036,18.33030277982336,0.01512261225864907
2.3,takeoff,-10.0,0.0,11.302739443424477,0.0,3.404711860338336,nan,nan,nan,4.924133327557971,0.0,-0.0,nan,nan,nan
2.3041666666666667,takeoff,-10.0,0.0,11.316878310066686,0.0,3.3933279941301797,nan,nan,nan,4.924133327557971,0.0,-0.0,nan,nan,nan
2.308333333333333,takeoff,-10.0,0.0,11.330969850121376,0.0,3.3819696131256225,nan,nan,nan,4.924133327557971,0.0,-0.0,nan,nan,nan
2.3125,takeoff,-10.0,0.0,11.345014163038842,0.0,3.3706351001918606,nan,nan,nan,4.924133327557971,0.0,-0.0,nan,nan,nan
2.3166666666666664,takeoff,-10.0,0.0,11.359011342087319,0.0,3.3593229716345947,nan,nan,nan,4.924133327557971,0.0,-0.0,nan,nan,nan
2.3208333333333333,takeoff,-10.0,0.0,11.372961474863299,0.0,3.3480318662351376,nan,nan,nan,4.924133327557971,0.0,-0.0,nan,nan,nan
2.325,takeoff,-10.0,0.0,11.38686464375987,0.0,3.336760535176992,nan,nan,nan,4.924133327557971,0.0,-0.0,nan,nan,nan
2.3291666666666666,takeoff,-10.0,0.0,11.4007209263965,0.0,3.325507832791549,nan,nan,nan,4.924133327557971,0.0,-0.0,nan,nan,nan
2.3333333333333335,takeoff,-10.0,0.0,11.414530468478008,0.0,3.31429009956174,nan,nan,nan,4.95776867571418,0.0,-0.0,4.1364681844243725,18.76166303929372,4.535672028118011
2.3375,takeoff,-10.0,0.0,11.428293405671068,0.0,3.3031049263347834,nan,nan,nan,4.95776867571418,0.0,-0.0,4.1364681844243725,18.76166303929372,4.535672028118011
2.341666666666667,takeoff,-10.0,0.0,11.442009864430368,0.0,3.2919501022318003,nan,nan,nan,4.95776867571418,0.0,-0.0,4.1364681844243725,18.76166303929372,4.535672028118011
2.345833333333333,takeoff,-10.0,0.0,11.4556799627573,0.0,3.2808235984637526,nan,nan,nan,4.95776867571418,0.0,-0.0,4.1364681844243725,18.76166303929372,4.535672028118011
2.35,takeoff,-10.0,0.0,11.469303810896648,0.0,3.2697235534433506,nan,nan,nan,4.95776867571418,0.0,-0.0,4.1364681844243725,18.76166303929372,4.535672028118011
2.3541666666666665,takeoff,-10.0,0.0,11.482881511976203,0.0,3.2586482590932304,nan,nan,nan,4.95776867571418,0.0,-0.0,4.1364681844243725,18.76166303929372,4.535672028118011
2.3583333333333334,takeoff,-10.0,0.0,11.496413162593942,0.0,3.2475961482577014,nan,nan,nan,4.95776867571418,0.0,-0.0,4.1364681844243725,18.76166303929372,4.535672028118011
2.3625,takeoff,-10.0,0.0,11.509898853356992,0.0,3.2365657831319767,nan,nan,nan,4.95776867571418,0.0,-0.0,4.1364681844243725,18.76166303929372,4.535672028118011
2.3666666666666667,takeoff,-10.0,0.0,11.52333866937628,0.0,3.225555844629044,nan,nan,nan,4.95776867571418,0.0,-0.0,6.363797206806726,18.76166303929372,2.948186818276707
2.370833333333333,takeoff,-10.0,0.0,11.53673269072049,0.0,3.2145651226102068,nan,nan,nan,4.95776867571418,0.0,-0.0,6.363797206806726,18.76166303929372,2.948186818276707
2.375,takeoff,-10.0,0.0,11.550081044826737,0.0,3.2036049854991724,nan,nan,nan,4.98186812014875,0.0,-0.0,6.363797206806726,18.76166303929372,2.948186818276707
2.3791666666666664,takeoff,-10.0,0.0,11.563383850565348,0.0,3.1926733772668197,nan,nan,nan,4.98186812014875,0.0,-0.0,6.363797206806726,18.76166303929372,2.948186818276707
2.3833333333333333,takeoff,-10.0,0.0,11.576641218945896,0.0,3.181768411331843,nan,nan,nan,4.98186812014875,0.0,-0.0,6.363797206806726,18.76166303929372,2.948186818276707
2.3875,takeoff,-10.0,0.0,11.589853253765423,0.0,3.1708883566862665,nan,nan,nan,4.98186812014875,0.0,-0.0,6.363797206806726,18.76166303929372,2.948186818276707
2.3916666666666666,takeoff,-10.0,0.0,11.603020052203503,0.0,3.1600316251390135,nan,nan,nan,4.98186812014875,0.0,-0.0,6.363797206806726,18.76166303929372,2.948186818276707
2.3958333333333335,takeoff,-10.0,0.0,11.616141705368463,0.0,3.1491967595903683,nan,nan,nan,4.98186812014875,0.0,-0.0,6.363797206806726,18.76166303929372,2.948186818276707
2.4,takeoff,-10.0,0.0,11.629218298798698,0.0,3.13838242325646,nan,nan,nan,4.98186812014875,0.0,-0.0,9.790457241241118,18.76166303929372,1.9163214318798596
2.404166666666667,takeoff,-10.0,0.0,11.642249912922734,0.0,3.1275873897688498,nan,nan,nan,4.98186812014875,0.0,-0.0,9.790457241241118,18.76166303929372,1.9163214318798596
2.408333333333333,takeoff,-10.0,0.0,11.655236696139475,0.0,3.1168279720179997,nan,nan,nan,5.015532491657487,0.0,-0.0,9.790457241241118,18.76166303929372,1.9163214318798596
2.4125,takeoff,-10.0,0.0,11.668178786510923,0.0,3.1061016891476108,nan,nan,nan,5.015532491657487,0.0,-0.0,9.790457241241118,18.76166303929372,1.9163214318798596
2.4166666666666665,takeoff,-10.0,0.0,11.6810763126129,0.0,3.0954062644744167,nan,nan,nan,5.015532491657487,0.0,-0.0,9.790457241241118,18.76166303929372,1.9163214318798596
2.4208333333333334,takeoff,-10.0,0.0,11.693929394316344,0.0,3.0847396088263985,nan,nan,nan,5.015532491657487,0.0,-0.0,9.790457241241118,18.76166303929372,1.9163214318798596
2.425,takeoff,-10.0,0.0,11.706738143504738,0.0,3.074099805214532,nan,nan,nan,5.015532491657487,0.0,-0.0,9.790457241241118,18.76166303929372,1.9163214318798596
2.4291666666666667,takeoff,-10.0,0.0,11.719502664732804,0.0,3.063485094735602,nan,nan,nan,5.015532491657487,0.0,-0.0,9.790457241241118,18.76166303929372,1.9163214318798596
2.433333333333333,takeoff,-10.0,0.0,11.732223055831183,0.0,3.052893863610785,nan,nan,nan,5.015532491657487,0.0,-0.0,15.06224190960172,18.76166303929372,1.2456089307219087
2.4375,takeoff,-10.0,0.0,11.74489940846148,0.0,3.042324631271484,nan,nan,nan,5.015532491657487,0.0,-0.0,15.06224190960172,18.76166303929372,1.2456089307219087
2.4416666666666664,takeoff,-10.0,0.0,11.757531861943985,0.0,3.0317888358011533,nan,nan,nan,5.040216359616073,0.0,-0.0,15.06224190960172,18.76166303929372,1.2456089307219087
2.4458333333333333,takeoff,-10.0,0.0,11.770120545976912,0.0,3.0212841679023326,nan,nan,nan,5.040216359616073,0.0,-0.0,15.06224190960172,18.76166303929372,1.2456089307219087
2.45,takeoff,-10.0,0.0,11.782665581428878,0.0,3.0108085084720573,nan,nan,nan,5.040216359616073,0.0,-0.0,15.06224190960172,18.76166303929372,1.2456089307219087
2.4541666666666666,takeoff,-10.0,0.0,11.795167081066612,0.0,3.000359913056213,nan,nan,nan,5.040216359616073,0.0,-0.0,15.06224190960172,18.76166303929372,1.2456089307219087
2.4583333333333335,takeoff,-10.0,0.0,11.80762515022308,0.0,2.9899365975520658,nan,nan,nan,5.040216359616073,0.0,-0.0,15.06224190960172,18.76166303929372,1.2456089307219087
2.4625,takeoff,-10.0,0.0,11.82003988741084,0.0,2.9795369250624155,nan,nan,nan,5.040216359616073,0.0,-0.0,15.06224190960172,18.76166303929372,1.2456089307219087
2.466666666666667,takeoff,-10.0,0.0,11.832411384885054,0.0,2.969159393811661,nan,nan,nan,5.040216359616073,0.0,-0.0,23.172679860925722,18.76166303929372,0.8096458049692407
2.470833333333333,takeoff,-10.0,0.0,11.844739729160223,0.0,2.9588026260405673,nan,nan,nan,5.040216359616073,0.0,-0.0,23.172679860925722,18.76166303929372,0.8096458049692407
2.475,takeoff,-10.0,0.0,11.857025074210771,0.0,2.9484828121315805,nan,nan,nan,5.073865176547677,0.0,-0.0,23.172679860925722,18.76166303929372,0.8096458049692407
2.4791666666666665,takeoff,-10.0,0.0,11.869267563139326,0.0,2.938197342853164,nan,nan,nan,5.073865176547677,0.0,-0.0,23.172679860925722,18.76166303929372,0.8096458049692407
2.4833333333333334,takeoff,-10.0,0.0,11.881467329071256,0.0,2.9279438236630857,nan,nan,nan,5.073865176547677,0.0,-0.0,23.172679860925722,18.76166303929372,0.8096458049692407
2.4875,takeoff,-10.0,0.0,11.893624495976258,0.0,2.9177200572006536,nan,nan,nan,5.073865176547677,0.0,-0.0,23.172679860925722,18.76166303929372,0.8096458049692407
2.4916666666666667,takeoff,-10.0,0.0,11.905739179422834,0.0,2.9075240271781273,nan,nan,nan,5.073865176547677,0.0,-0.0,23.172679860925722,18.76166303929372,0.8096458049692407
2.495833333333333,takeoff,-10.0,0.0,11.917811487271019,0.0,2.897353883564147,nan,nan,nan,5.073865176547677,0.0,-0.0,23.172679860925722,18.76166303929372,0.8096458049692407
2.5,takeoff,-10.0,0.0,11.929841520308349,0.0,2.8872079289594503,nan,nan,nan,5.073865176547677,0.0,-0.0,35.6502767091165,18.76166303929372,0.5262697732300065
2.5041666666666664,takeoff,-10.0,0.0,11.94182937283365,0.0,2.877084606072204,nan,nan,nan,5.073865176547677,0.0,-0.0,35.6502767091165,18.76166303929372,0.5262697732300065
2.5083333333333333,takeoff,-10.0,0.0,11.953775133192845,0.0,2.8669824862069335,nan,nan,nan,5.073865176547677,0.0,-0.0,35.6502767091165,18.76166303929372,0.5262697732300065
2.5125,takeoff,-10.0,0.0,11.965678884270709,0.0,2.8569002586873213,nan,nan,nan,5.073865176547677,0.0,-0.0,35.6502767091165,18.76166303929372,0.5262697732300065
2.5166666666666666,takeoff,-10.0,0.0,11.977540758184082,0.0,2.8468497392095444,nan,nan,nan,5.0989239421498125,0.0,-0.0,35.6502767091165,18.76166303929372,0.5262697732300065
2.5208333333333335,takeoff,-10.0,0.0,11.989360877943572,0.0,2.836828742277605,nan,nan,nan,5.0989239421498125,0.0,-0.0,35.6502767091165,18.76166303929372,0.5262697732300065
2.525,takeoff,-10.0,0.0,12.001139358204059,0.0,2.826835262516765,nan,nan,nan,5.0989239421498125,0.0,-0.0,35.6502767091165,18.76166303929372,0.5262697732300065
2.529166666666667,takeoff,-10.0,0.0,12.012876305953773,0.0,2.816867459931368,nan,nan,nan,5.0989239421498125,0.0,-0.0,35.6502767091165,18.76166303929372,0.5262697732300065
2.533333333333333,takeoff,-10.0,0.0,12.024571821146896,0.0,2.8069236463494964,nan,nan,nan,5.0989239421498125,0.0,-0.0,54.846579552486915,18.76166303929372,0.3420753525995042
2.5375,takeoff,-10.0,0.0,12.03622599728424,0.0,2.797002272962139,nan,nan,nan,5.0989239421498125,0.0,-0.0,54.846579552486915,18.76166303929372,0.3420753525995042
2.5416666666666665,takeoff,-10.0,0.0,12.047838921946202,0.0,2.78710191887117,nan,nan,nan,5.0989239421498125,0.0,-0.0,54.846579552486915,18.76166303929372,0.3420753525995042
2.5458333333333334,takeoff,-10.0,0.0,12.059410677281896,0.0,2.7772212805667276,nan,nan,nan,5.0989239421498125,0.0,-0.0,54.846579552486915,18.76166303929372,0.3420753525995042
2.55,takeoff,-10.0,0.0,12.07094139881785,0.0,2.7673731686286893,nan,nan,nan,5.125866312688382,0.0,-0.0,54.846579552486915,18.76166303929372,0.3420753525995042
2.5541666666666667,takeoff,-10.0,0.0,12.08243121265733,0.0,2.7575553214751825,nan,nan,nan,5.125866312688382,0.0,-0.0,54.846579552486915,18.76166303929372,0.3420753525995042
2.558333333333333,takeoff,-10.0,0.0,12.093880236256858,0.0,2.747765663886686,nan,nan,nan,5.125866312688382,0.0,-0.0,54.846579552486915,18.76166303929372,0.3420753525995042
2.5625,takeoff,-10.0,0.0,12.105288579139192,0.0,2.7380022917601607,nan,nan,nan,5.125866312688382,0.0,-0.0,54.846579552486915,18.76166303929372,0.3420753525995042
2.5666666666666664,takeoff,-10.0,0.0,12.116656343547897,0.0,2.728263458089389,nan,nan,nan,5.125866312688382,0.0,-0.0,84.37935315767217,18.76166303929372,0.22234897918967775
2.5708333333333333,takeoff,-10.0,0.0,12.127983625048214,0.0,2.718547560076315,nan,nan,nan,5.125866312688382,0.0,-0.0,84.37935315767217,18.76166303929372,0.22234897918967775
2.575,takeoff,-10.0,0.0,12.139270513078568,0.0,2.708853127285008,nan,nan,nan,5.125866312688382,0.0,-0.0,84.37935315767217,18.76166303929372,0.22234897918967775
2.5791666666666666,takeoff,-10.0,0.0,12.150517091456718,0.0,2.6991788107563095,nan,nan,nan,5.125866312688382,0.0,-0.0,84.37935315767217,18.76166303929372,0.22234897918967775
2.5833333333333335,takeoff,-10.0,0.0,12.161723513569477,0.0,2.6895413070620413,nan,nan,nan,5.160352186399562,0.0,-0.0,84.37935315767217,18.76166303929372,0.22234897918967775
2.5875,takeoff,-10.0,0.0,12.172889921864646,0.0,2.679937990840732,nan,nan,nan,5.160352186399562,0.0,-0.0,84.37935315767217,18.76166303929372,0.22234897918967775
2.591666666666667,takeoff,-10.0,0.0,12.184016448751379,0.0,2.670366452815617,nan,nan,nan,5.160352186399562,0.0,-0.0,84.37935315767217,18.76166303929372,0.22234897918967775
2.595833333333333,takeoff,-10.0,0.0,12.19510321742707,0.0,2.6608244821656752,nan,nan,nan,5.160352186399562,0.0,-0.0,84.37935315767217,18.76166303929372,0.22234897918967775
2.6,takeoff,-10.0,0.0,12.20615034263668,0.0,2.6513100503066287,nan,nan,nan,5.160352186399562,0.0,-0.0,129.8143894733418,18.76166303929372,0.14452683647329054
2.6041666666666665,takeoff,-10.0,0.0,12.217157931369904,0.0,2.6418212959737413,nan,nan,nan,5.160352186399562,0.0,-0.0,129.8143894733418,18.76166303929372,0.14452683647329054
2.6083333333333334,takeoff,-10.0,0.0,12.228126083501179,0.0,2.6323565115057947,nan,nan,nan,5.160352186399562,0.0,-0.0,129.8143894733418,18.76166303929372,0.14452683647329054
2.6125,takeoff,-10.0,0.0,12.239054892377165,0.0,2.6229141302367456,nan,nan,nan,5.160352186399562,0.0,-0.0,129.8143894733418,18.76166303929372,0.14452683647329054
2.6166666666666667,takeoff,-10.0,0.0,12.24994444535595,0.0,2.6134927149083205,nan,nan,nan,5.160352186399562,0.0,-0.0,129.8143894733418,18.76166303929372,0.14452683647329054
2.620833333333333,takeoff,-10.0,0.0,12.26079482430188,0.0,2.60409094702315,nan,nan,nan,5.160352186399562,0.0,-0.0,129.8143894733418,18.76166303929372,0.14452683647329054
2.625,takeoff,-10.0,0.0,12.271606162834692,0.0,2.5947212478744874,nan,nan,nan,5.186528079231069,0.0,-0.0,129.8143894733418,18.76166303929372,0.14452683647329054
2.6291666666666664,takeoff,-10.0,0.0,12.282378585227328,0.0,2.585381374232714,nan,nan,nan,5.186528079231069,0.0,-0.0,129.8143894733418,18.76166303929372,0.14452683647329054
2.6333333333333333,takeoff,-10.0,0.0,12.293112207176389,0.0,2.5760692677746992,nan,nan,nan,5.186528079231069,0.0,-0.0,4.2427803240628545,19.183326093250876,4.521404510257808
2.6375,takeoff,-10.0,0.0,12.303807136509514,0.0,2.5667830399498563,nan,nan,nan,5.186528079231069,0.0,-0.0,4.2427803240628545,19.183326093250876,4.521404510257808
2.6416666666666666,takeoff,-10.0,0.0,12.314463473834783,0.0,2.5575209580645026,nan,nan,nan,5.186528079231069,0.0,-0.0,4.2427803240628545,19.183326093250876,4.521404510257808
2.6458333333333335,takeoff,-10.0,0.0,12.325081313136824,0.0,2.548281432489762,nan,nan,nan,5.186528079231069,0.0,-0.0,4.2427803240628545,19.183326093250876,4.521404510257808
2.65,takeoff,-10.0,0.0,12.33566074232393,0.0,2.5390630049050644,nan,nan,nan,5.186528079231069,0.0,-0.0,4.2427803240628545,19.183326093250876,4.521404510257808
2.654166666666667,takeoff,-10.0,0.0,12.346201843730162,0.0,2.529864337495727,nan,nan,nan,5.186528079231069,0.0,-0.0,4.2427803240628545,19.183326093250876,4.521404510257808
2.658333333333333,takeoff,-10.0,0.0,12.356704767094415,0.0,2.520701607420798,nan,nan,nan,5.219938574076433,0.0,-0.0,4.2427803240628545,19.183326093250876,4.521404510257808
2.6625,takeoff,-10.0,0.0,12.3671696514369,0.0,2.511572242196345,nan,nan,nan,5.219938574076433,0.0,-0.0,4.2427803240628545,19.183326093250876,4.521404510257808
2.6666666666666665,takeoff,-10.0,0.0,12.377596625941752,0.0,2.5024738811647684,nan,nan,nan,5.219938574076433,0.0,-0.0,nan,nan,nan
2.6708333333333334,takeoff,-10.0,0.0,12.387985810767585,0.0,2.493404358199674,nan,nan,nan,5.219938574076433,0.0,-0.0,nan,nan,nan
2.675,takeoff,-10.0,0.0,12.398337317791736,0.0,2.484361685796146,nan,nan,nan,5.219938574076433,0.0,-0.0,nan,nan,nan
2.6791666666666667,takeoff,-10.0,0.0,12.408651251293568,0.0,2.4753440404398015,nan,nan,nan,5.219938574076433,0.0,-0.0,nan,nan,nan
2.683333333333333,takeoff,-10.0,0.0,12.418927708581716,0.0,2.4663497491554804,nan,nan,nan,5.219938574076433,0.0,-0.0,nan,nan,nan
2.6875,takeoff,-10.0,0.0,12.429166780569814,0.0,2.4573772771435145,nan,nan,nan,5.219938574076433,0.0,-0.0,nan,nan,nan
2.6916666666666664,takeoff,-10.0,0.0,12.439368608066651,0.0,2.4484385992411366,nan,nan,nan,5.245610882629569,0.0,-0.0,nan,nan,nan
2.6958333333333333,takeoff,-10.0,0.0,12.449533321863585,0.0,2.439531311264346,nan,nan,nan,5.245610882629569,0.0,-0.0,nan,nan,nan
2.7,takeoff,-10.0,0.0,12.459661043559988,0.0,2.430653207136615,nan,nan,nan,5.245610882629569,0.0,-0.0,nan,nan,nan
2.7041666666666666,takeoff,-10.0,0.0,12.469751886321196,0.0,2.421802262689998,nan,nan,nan,5.245610882629569,0.0,-0.0,nan,nan,nan
2.7083333333333335,takeoff,-10.0,0.0,12.479805955574395,0.0,2.412976620767693,nan,nan,nan,5.245610882629569,0.0,-0.0,nan,nan,nan
2.7125,takeoff,-10.0,0.0,12.489823349647425,0.0,2.404174577527249,nan,nan,nan,5.245610882629569,0.0,-0.0,nan,nan,nan
2.716666666666667,takeoff,-10.0,0.0,12.499804160355136,0.0,2.3953945698508154,nan,nan,nan,5.245610882629569,0.0,-0.0,nan,nan,nan
2.720833333333333,takeoff,-10.0,0.0,12.509748473537535,0.0,2.3866351637755763,nan,nan,nan,5.245610882629569,0.0,-0.0,nan,nan,nan
2.725,takeoff,-10.0,0.0,12.519656440131842,0.0,2.377911982633591,nan,nan,nan,5.278086648463203,0.0,-0.0,nan,nan,nan
2.7291666666666665,takeoff,-10.0,0.0,12.529528200180769,0.0,2.3692224117426695,nan,nan,nan,5.278086648463203,0.0,-0.0,nan,nan,nan
2.7333333333333334,takeoff,-10.0,0.0,12.539363883729683,0.0,2.360564051739383,nan,nan,nan,5.278086648463203,0.0,-0.0,5.0501706717238575,19.183326093250876,3.798550057062273
2.7375,takeoff,-10.0,0.0,12.549163611650512,0.0,2.3519347009987577,nan,nan,nan,5.278086648463203,0.0,-0.0,5.0501706717238575,19.183326093250876,3.798550057062273
2.7416666666666667,takeoff,-10.0,0.0,12.55892749639827,0.0,2.343332339462151,nan,nan,nan,5.278086648463203,0.0,-0.0,5.0501706717238575,19.183326093250876,3.798550057062273
2.745833333333333,takeoff,-10.0,0.0,12.568655642705625,0.0,2.334755113764954,nan,nan,nan,5.278086648463203,0.0,-0.0,5.0501706717238575,19.183326093250876,3.798550057062273
2.75,takeoff,-10.0,0.0,12.578348148220472,0.0,2.3262013235633505,nan,nan,nan,5.278086648463203,0.0,-0.0,5.0501706717238575,19.183326093250876,3.798550057062273
2.7541666666666664,takeoff,-10.0,0.0,12.588005104091167,0.0,2.3176694089665797,nan,nan,nan,5.278086648463203,0.0,-0.0,5.0501706717238575,19.183326093250876,3.798550057062273
2.7583333333333333,takeoff,-10.0,0.0,12.597626595503616,0.0,2.3091579389879153,nan,nan,nan,5.278086648463203,0.0,-0.0,5.0501706717238575,19.183326093250876,3.798550057062273
2.7625,takeoff,-10.0,0.0,12.607212702174174,0.0,2.3006656009339803,nan,nan,nan,5.278086648463203,0.0,-0.0,5.0501706717238575,19.183326093250876,3.798550057062273
2.7666666666666666,takeoff,-10.0,0.0,12.616763553499299,0.0,2.292204318030088,nan,nan,nan,5.303221315803587,0.0,-0.0,nan,nan,nan
2.7708333333333335,takeoff,-10.0,0.0,12.626279269721243,0.0,2.2837718932668403,nan,nan,nan,5.303221315803587,0.0,-0.0,nan,nan,nan
2.775,takeoff,-10.0,0.0,12.635759962683078,0.0,2.27536631084068,nan,nan,nan,5.303221315803587,0.0,-0.0,nan,nan,nan
2.779166666666667,takeoff,-10.0,0.0,12.645205736521865,0.0,2.2669857213087425,nan,nan,nan,5.303221315803587,0.0,-0.0,nan,nan,nan
2.783333333333333,takeoff,-10.0,0.0,12.654616688304952,0.0,2.258628427940944,nan,nan,nan,5.303221315803587,0.0,-0.0,nan,nan,nan
2.7875,takeoff,-10.0,0.0,12.663992908614018,0.0,2.2502928741758197,nan,nan,nan,5.303221315803587,0.0,-0.0,nan,nan,nan
2.7916666666666665,takeoff,-10.0,0.0,12.673334482081074,0.0,2.2419776320934357,nan,nan,nan,5.303221315803587,0.0,-0.0,nan,nan,nan
2.7958333333333334,takeoff,-10.0,0.0,12.682641487880346,0.0,2.2336813918250624,nan,nan,nan,5.303221315803587,0.0,-0.0,nan,nan,nan
2.8,takeoff,-10.0,0.0,12.69191405753451,0.0,2.225416716999304,nan,nan,nan,5.32956185842781,0.0,-0.0,6.081258972945133,19.183326093250876,3.1544991224013694
2.8041666666666667,takeoff,-10.0,0.0,12.701152313200843,0.0,2.2171813599201458,nan,nan,nan,5.32956185842781,0.0,-0.0,6.081258972945133,19.183326093250876,3.1544991224013694
2.808333333333333,takeoff,-10.0,0.0,12.710356368443612,0.0,2.2089732582644994,nan,nan,nan,5.32956185842781,0.0,-0.0,6.081258972945133,19.183326093250876,3.1544991224013694
2.8125,takeoff,-10.0,0.0,12.719526328943195,0.0,2.2007905198996083,nan,nan,nan,5.32956185842781,0.0,-0.0,6.081258972945133,19.183326093250876,3.1544991224013694
2.8166666666666664,takeoff,-10.0,0.0,12.728662293147046,0.0,2.1926314089242336,nan,nan,nan,5.32956185842781,0.0,-0.0,6.081258972945133,19.183326093250876,3.1544991224013694
2.8208333333333333,takeoff,-10.0,0.0,12.737764352867206,0.0,2.1844943328381863,nan,nan,nan,5.32956185842781,0.0,-0.0,6.081258972945133,19.183326093250876,3.1544991224013694
2.825,takeoff,-10.0,0.0,12.746832593828671,0.0,2.176377830751675,nan,nan,nan,5.32956185842781,0.0,-0.0,6.081258972945133,19.183326093250876,3.1544991224013694
2.8291666666666666,takeoff,-10.0,0.0,12.75586709617264,0.0,2.1682805625524515,nan,nan,nan,5.32956185842781,0.0,-0.0,6.081258972945133,19.183326093250876,3.1544991224013694
2.8333333333333335,takeoff,-10.0,0.0,12.764868004695407,0.0,2.1602180454640845,nan,nan,nan,5.361597140546288,0.0,-0.0,nan,nan,nan
2.8375,takeoff,-10.0,0.0,12.773835453690852,0.0,2.1521877589068716,nan,nan,nan,5.361597140546288,0.0,-0.0,nan,nan,nan
2.841666666666667,takeoff,-10.0,0.0,12.782769567815889,0.0,2.1441873900087773,nan,nan,nan,5.361597140546288,0.0,-0.0,nan,nan,nan
2.845833333333333,takeoff,-10.0,0.0,12.791670462885165,0.0,2.1362148166262775,nan,nan,nan,5.361597140546288,0.0,-0.0,nan,nan,nan
2.85,takeoff,-10.0,0.0,12.8005382466007,0.0,2.1282680917284487,nan,nan,nan,5.361597140546288,0.0,-0.0,nan,nan,nan
2.8541666666666665,takeoff,-10.0,0.0,12.809373019221695,0.0,2.120345429038868,nan,nan,nan,5.361597140546288,0.0,-0.0,nan,nan,nan
2.8583333333333334,takeoff,-10.0,0.0,12.81817487417935,0.0,2.112445189837386,nan,nan,nan,5.361597140546288,0.0,-0.0,nan,nan,nan
2.8625,takeoff,-10.0,0.0,12.826943898641145,0.0,2.1045658708308963,nan,nan,nan,5.361597140546288,0.0,-0.0,nan,nan,nan
2.8666666666666667,takeoff,-10.0,0.0,12.835680174028683,0.0,2.096706093008883,nan,nan,nan,5.361597140546288,0.0,-0.0,nan,nan,nan
2.870833333333333,takeoff,-10.0,0.0,12.844383776492874,0.0,2.088864591405779,nan,nan,nan,5.361597140546288,0.0,-0.0,nan,nan,nan
2.875,takeoff,-10.0,0.0,12.853054831898588,0.0,2.0810532973712634,nan,nan,nan,5.386611668553732,0.0,-0.0,nan,nan,nan
2.8791666666666664,takeoff,-10.0,0.0,12.86169345713433,0.0,2.0732700565778375,nan,nan,nan,5.386611668553732,0.0,-0.0,nan,nan,nan
2.8833333333333333,takeoff,-10.0,0.0,12.870299760852928,0.0,2.0655128924637225,nan,nan,nan,5.386611668553732,0.0,-0.0,nan,nan,nan
2.8875,takeoff,-10.0,0.0,12.878873844151508,0.0,2.0577799916590727,nan,nan,nan,5.386611668553732,0.0,-0.0,nan,nan,nan
2.8916666666666666,takeoff,-10.0,0.0,12.88741580119563,0.0,2.0500696905891562,nan,nan,nan,5.386611668553732,0.0,-0.0,nan,nan,nan
2.8958333333333335,takeoff,-10.0,0.0,12.895925719792139,0.0,2.042380463162352,nan,nan,nan,5.386611668553732,0.0,-0.0,nan,nan,nan
2.9,takeoff,-10.0,0.0,12.904403681914879,0.0,2.03471090945754,nan,nan,nan,5.386611668553732,0.0,-0.0,5.603975728600383,19.183326093250876,3.4231636649222237
2.904166666666667,takeoff,-10.0,0.0,12.912849764187094,0.0,2.0270597453317962,nan,nan,nan,5.386611668553732,0.0,-0.0,5.603975728600383,19.183326093250876,3.4231636649222237
2.908333333333333,takeoff,-10.0,0.0,12.921264104865038,0.0,2.019441762706748,nan,nan,nan,5.4171161478479215,0.0,-0.0,5.603975728600383,19.183326093250876,3.4231636649222237
2.9125,takeoff,-10.0,0.0,12.929646832165286,0.0,2.011854552059505,nan,nan,nan,5.4171161478479215,0.0,-0.0,5.603975728600383,19.183326093250876,3.4231636649222237
2.9166666666666665,takeoff,-10.0,0.0,12.937998065092543,0.0,2.0042959025417244,nan,nan,nan,5.4171161478479215,0.0,-0.0,5.603975728600383,19.183326093250876,3.4231636649222237
2.9208333333333334,takeoff,-10.0,0.0,12.946317914199712,0.0,1.9967637857205107,nan,nan,nan,5.4171161478479215,0.0,-0.0,5.603975728600383,19.183326093250876,3.4231636649222237
2.925,takeoff,-10.0,0.0,12.95460648228566,0.0,1.9892563406276726,nan,nan,nan,5.4171161478479215,0.0,-0.0,5.603975728600383,19.183326093250876,3.4231636649222237
2.9291666666666667,takeoff,-10.0,0.0,12.962863865035725,0.0,1.981771860015678,nan,nan,nan,5.4171161478479215,0.0,-0.0,5.603975728600383,19.183326093250876,3.4231636649222237
2.933333333333333,takeoff,-10.0,0.0,12.971090151609584,0.0,1.9743087777259372,nan,nan,nan,5.4171161478479215,0.0,-0.0,nan,nan,nan
2.9375,takeoff,-10.0,0.0,12.979285425180759,0.0,1.9668656570819354,nan,nan,nan,5.4171161478479215,0.0,-0.0,nan,nan,nan
2.9416666666666664,takeoff,-10.0,0.0,12.987449815845103,0.0,1.959453759442443,nan,nan,nan,5.4411299692655515,0.0,-0.0,nan,nan,nan
2.9458333333333333,takeoff,-10.0,0.0,12.995583444298925,0.0,1.952070828917274,nan,nan,nan,5.4411299692655515,0.0,-0.0,nan,nan,nan
2.95,takeoff,-10.0,0.0,13.003686422614493,0.0,1.9447147957362065,nan,nan,nan,5.4411299692655515,0.0,-0.0,nan,nan,nan
2.9541666666666666,takeoff,-10.0,0.0,13.011758854951985,0.0,1.937383760998061,nan,nan,nan,5.4411299692655515,0.0,-0.0,nan,nan,nan
2.9583333333333335,takeoff,-10.0,0.0,13.019800838213028,0.0,1.930075982650119,nan,nan,nan,5.4411299692655515,0.0,-0.0,nan,nan,nan
2.9625,takeoff,-10.0,0.0,13.027812462640535,0.0,1.9227898626017677,nan,nan,nan,5.4411299692655515,0.0,-0.0,nan,nan,nan
2.966666666666667,takeoff,-10.0,0.0,13.035793812369215,0.0,1.9155239348832462,nan,nan,nan,5.4411299692655515,0.0,-0.0,6.403196541751741,19.183326093250876,2.9958983717221397
2.970833333333333,takeoff,-10.0,0.0,13.043744965930744,0.0,1.9082768547669404,nan,nan,nan,5.4411299692655515,0.0,-0.0,6.403196541751741,19.183326093250876,2.9958983717221397
2.975,takeoff,-10.0,0.0,13.051666060458475,0.0,1.9010626866555198,nan,nan,nan,5.470319907248095,0.0,-0.0,6.403196541751741,19.183326093250876,2.9958983717221397
2.9791666666666665,takeoff,-10.0,0.0,13.05955722306615,0.0,1.8938790258419458,nan,nan,nan,5.470319907248095,0.0,-0.0,6.403196541751741,19.183326093250876,2.9958983717221397
2.9833333333333334,takeoff,-10.0,0.0,13.067418571674228,0.0,1.8867236659387285,nan,nan,nan,5.470319907248095,0.0,-0.0,6.403196541751741,19.183326093250876,2.9958983717221397
2.9875,takeoff,-10.0,0.0,13.075250215768573,0.0,1.8795945826430855,nan,nan,nan,5.470319907248095,0.0,-0.0,6.403196541751741,19.183326093250876,2.9958983717221397
2.9916666666666667,takeoff,-10.0,0.0,13.083052257096945,0.0,1.8724899188092359,nan,nan,nan,5.470319907248095,0.0,-0.0,6.403196541751741,19.183326093250876,2.9958983717221397
2.995833333333333,takeoff,-10.0,0.0,13.090824790308304,0.0,1.8654079707261408,nan,nan,nan,5.470319907248095,0.0,-0.0,6.403196541751741,19.183326093250876,2.9958983717221397
3.0,takeoff,-10.0,0.0,13.09856790353958,0.0,1.858347175506329,nan,nan,nan,5.470319907248095,0.0,-0.0,nan,nan,nan
3.0041666666666664,takeoff,-10.0,0.0,13.106281678954156,0.0,1.8513060994983388,nan,nan,nan,5.470319907248095,0.0,-0.0,nan,nan,nan
3.0083333333333333,takeoff,-10.0,0.0,13.113966193235997,0.0,1.844283427641786,nan,nan,nan,5.470319907248095,0.0,-0.0,nan,nan,nan
3.0125,takeoff,-10.0,0.0,13.121621518043039,0.0,1.8372779536901307,nan,nan,nan,5.470319907248095,0.0,-0.0,nan,nan,nan
3.0166666666666666,takeoff,-10.0,0.0,13.129247770848556,0.0,1.830300673324051,nan,nan,nan,5.4933858328283005,0.0,-0.0,nan,nan,nan
3.0208333333333335,takeoff,-10.0,0.0,13.136845060695899,0.0,1.823349563362386,nan,nan,nan,5.4933858328283005,0.0,-0.0,nan,nan,nan
3.025,takeoff,-10.0,0.0,13.14441348889466,0.0,1.816422767702602,nan,nan,nan,5.4933858328283005,0.0,-0.0,nan,nan,nan
3.029166666666667,takeoff,-10.0,0.0,13.151953149659676,0.0,1.8095185836035317,nan,nan,nan,5.4933858328283005,0.0,-0.0,nan,nan,nan
3.033333333333333,takeoff,-10.0,0.0,13.159464130697504,0.0,1.802635449079006,nan,nan,nan,5.4933858328283005,0.0,-0.0,6.813763815052338,19.183326093250876,2.815378785345163
3.0375,takeoff,-10.0,0.0,13.16694651374465,0.0,1.7957719313148923,nan,nan,nan,5.4933858328283005,0.0,-0.0,6.813763815052338,19.183326093250876,2.815378785345163
3.0416666666666665,takeoff,-10.0,0.0,13.174400375061435,0.0,1.7889267160285371,nan,nan,nan,5.4933858328283005,0.0,-0.0,6.813763815052338,19.183326093250876,2.815378785345163
3.0458333333333334,takeoff,-10.0,0.0,13.181825785885167,0.0,1.7820985976956802,nan,nan,nan,5.4933858328283005,0.0,-0.0,6.813763815052338,19.183326093250876,2.815378785345163
3.05,takeoff,-10.0,0.0,13.189222864977538,0.0,1.7752989821690195,nan,nan,nan,5.517221052233138,0.0,-0.0,6.813763815052338,19.183326093250876,2.815378785345163
3.0541666666666667,takeoff,-10.0,0.0,13.19659172253066,0.0,1.7685258127494003,nan,nan,nan,5.517221052233138,0.0,-0.0,6.813763815052338,19.183326093250876,2.815378785345163
3.058333333333333,takeoff,-10.0,0.0,13.203932460874745,0.0,1.7617772025802987,nan,nan,nan,5.517221052233138,0.0,-0.0,6.813763815052338,19.183326093250876,2.815378785345163
3.0625,takeoff,-10.0,0.0,13.211245175127685,0.0,1.7550514207056533,nan,nan,nan,5.517221052233138,0.0,-0.0,6.813763815052338,19.183326093250876,2.815378785345163
3.0666666666666664,takeoff,-10.0,0.0,13.218529953791252,0.0,1.748346879256458,nan,nan,nan,5.517221052233138,0.0,-0.0,nan,nan,nan
3.0708333333333333,takeoff,-10.0,0.0,13.22578687929824,0.0,1.7416621216772767,nan,nan,nan,5.517221052233138,0.0,-0.0,nan,nan,nan
3.075,takeoff,-10.0,0.0,13.233016028514534,0.0,1.734995811910424,nan,nan,nan,5.517221052233138,0.0,-0.0,nan,nan,nan
3.0791666666666666,takeoff,-10.0,0.0,13.240217473199792,0.0,1.7283467244617032,nan,nan,nan,5.517221052233138,0.0,-0.0,nan,nan,nan
3.0833333333333335,takeoff,-10.0,0.0,13.24739134201242,0.0,1.7217285150310866,nan,nan,nan,5.545369435992292,0.0,-0.0,nan,nan,nan
3.0875,takeoff,-10.0,0.0,13.254537754185515,0.0,1.715138921542461,nan,nan,nan,5.545369435992292,0.0,-0.0,nan,nan,nan
3.091666666666667,takeoff,-10.0,0.0,13.261656820304749,0.0,1.7085758686161074,nan,nan,nan,5.545369435992292,0.0,-0.0,nan,nan,nan
3.095833333333333,takeoff,-10.0,0.0,13.268748643022516,0.0,1.7020374522640114,nan,nan,nan,5.545369435992292,0.0,-0.0,nan,nan,nan
3.1,takeoff,-10.0,0.0,13.275813317713435,0.0,1.695521925820815,nan,nan,nan,5.545369435992292,0.0,-0.0,7.003490650294359,19.183326093250876,2.739109260100832
3.1041666666666665,takeoff,-10.0,0.0,13.282850933075993,0.0,1.6890276870137306,nan,nan,nan,5.545369435992292,0.0,-0.0,7.003490650294359,19.183326093250876,2.739109260100832
3.1083333333333334,takeoff,-10.0,0.0,13.289861571684668,0.0,1.682553266081792,nan,nan,nan,5.545369435992292,0.0,-0.0,7.003490650294359,19.183326093250876,2.739109260100832
3.1125,takeoff,-10.0,0.0,13.29684531049659,0.0,1.6760973148614475,nan,nan,nan,5.545369435992292,0.0,-0.0,7.003490650294359,19.183326093250876,2.739109260100832
3.1166666666666667,takeoff,-10.0,0.0,13.30380222131643,0.0,1.6696585967617137,nan,nan,nan,5.545369435992292,0.0,-0.0,7.003490650294359,19.183326093250876,2.739109260100832
3.120833333333333,takeoff,-10.0,0.0,13.31073237122292,0.0,1.663235977557903,nan,nan,nan,5.545369435992292,0.0,-0.0,7.003490650294359,19.183326093250876,2.739109260100832
3.125,takeoff,-10.0,0.0,13.317635871879103,0.0,1.6568401574837608,nan,nan,nan,5.567707828714585,0.0,-0.0,7.003490650294359,19.183326093250876,2.739109260100832
3.1291666666666664,takeoff,-10.0,0.0,13.324512826894164,0.0,1.6504692036146638,nan,nan,nan,5.567707828714585,0.0,-0.0,7.003490650294359,19.183326093250876,2.739109260100832
3.1333333333333333,takeoff,-10.0,0.0,13.331363332488904,0.0,1.644121342737595,nan,nan,nan,5.567707828714585,0.0,-0.0,10.77460100045286,19.183326093250876,1.780421019065541
3.1375,takeoff,-10.0,0.0,13.338187478106514,0.0,1.6377949482262986,nan,nan,nan,5.567707828714585,0.0,-0.0,10.77460100045286,19.183326093250876,1.780421019065541
3.1416666666666666,takeoff,-10.0,0.0,13.344985346973102,0.0,1.6314885279813047,nan,nan,nan,5.567707828714585,0.0,-0.0,10.77460100045286,19.183326093250876,1.780421019065541
3.1458333333333335,takeoff,-10.0,0.0,13.351757016612064,0.0,1.625200713350645,nan,nan,nan,5.567707828714585,0.0,-0.0,10.77460100045286,19.183326093250876,1.780421019065541
3.15,takeoff,-10.0,0.0,13.358502559316037,0.0,1.618930248953374,nan,nan,nan,5.567707828714585,0.0,-0.0,10.77460100045286,19.183326093250876,1.780421019065541
3.154166666666667,takeoff,-10.0,0.0,13.365222042579928,0.0,1.6126759833338897,nan,nan,nan,5.567707828714585,0.0,-0.0,10.77460100045286,19.183326093250876,1.780421019065541
3.158333333333333,takeoff,-10.0,0.0,13.371915587579554,0.0,1.6064507999101905,nan,nan,nan,5.5942234308279275,0.0,-0.0,10.77460100045286,19.183326093250876,1.780421019065541
3.1625,takeoff,-10.0,0.0,13.378583306614193,0.0,1.6002525683131295,nan,nan,nan,5.5942234308279275,0.0,-0.0,10.77460100045286,19.183326093250876,1.780421019065541
3.1666666666666665,takeoff,-10.0,0.0,13.385225303839631,0.0,1.5940793341053867,nan,nan,nan,5.5942234308279275,0.0,-0.0,16.576309231465938,19.183326093250876,1.1572736623926017
3.1708333333333334,takeoff,-10.0,0.0,13.391841675941057,0.0,1.5879293043425216,nan,nan,nan,5.5942234308279275,0.0,-0.0,16.576309231465938,19.183326093250876,1.1572736623926017
3.175,takeoff,-10.0,0.0,13.39843251275065,0.0,1.5818008343024383,nan,nan,nan,5.5942234308279275,0.0,-0.0,16.576309231465938,19.183326093250876,1.1572736623926017
3.1791666666666667,takeoff,-10.0,0.0,13.404997897814365,0.0,1.575692415291407,nan,nan,nan,5.5942234308279275,0.0,-0.0,16.576309231465938,19.183326093250876,1.1572736623926017
3.183333333333333,takeoff,-10.0,0.0,13.411537908912038,0.0,1.569602663441563,nan,nan,nan,5.5942234308279275,0.0,-0.0,16.576309231465938,19.183326093250876,1.1572736623926017
3.1875,takeoff,-10.0,0.0,13.418052618534626,0.0,1.5635303094211628,nan,nan,nan,5.5942234308279275,0.0,-0.0,16.576309231465938,19.183326093250876,1.1572736623926017
3.1916666666666664,takeoff,-10.0,0.0,13.424542140720316,0.0,1.5574853245657267,nan,nan,nan,5.615395301546582,0.0,-0.0,16.576309231465938,19.183326093250876,1.1572736623926017
3.1958333333333333,takeoff,-10.0,0.0,13.431006581190575,0.0,1.5514657128620974,nan,nan,nan,5.615395301546582,0.0,-0.0,16.576309231465938,19.183326093250876,1.1572736623926017
3.2,takeoff,-10.0,0.0,13.437446038037306,0.0,1.545469643215724,nan,nan,nan,5.615395301546582,0.0,-0.0,25.502014202255285,19.183326093250876,0.7522278805551911
3.2041666666666666,takeoff,-10.0,0.0,13.443860602353563,0.0,1.5394954359015223,nan,nan,nan,5.615395301546582,0.0,-0.0,25.502014202255285,19.183326093250876,0.7522278805551911
3.2083333333333335,takeoff,-10.0,0.0,13.450250358812369,0.0,1.5335415501134042,nan,nan,nan,5.615395301546582,0.0,-0.0,25.502014202255285,19.183326093250876,0.7522278805551911
3.2125,takeoff,-10.0,0.0,13.456615386197893,0.0,1.527606572525736,nan,nan,nan,5.615395301546582,0.0,-0.0,25.502014202255285,19.183326093250876,0.7522278805551911
3.216666666666667,takeoff,-10.0,0.0,13.462955757892836,0.0,1.521689206786442,nan,nan,nan,5.615395301546582,0.0,-0.0,25.502014202255285,19.183326093250876,0.7522278805551911
3.220833333333333,takeoff,-10.0,0.0,13.469271542325616,0.0,1.5157882638675253,nan,nan,nan,5.615395301546582,0.0,-0.0,25.502014202255285,19.183326093250876,0.7522278805551911
3.225,takeoff,-10.0,0.0,13.475562858452273,0.0,1.5099158703974278,nan,nan,nan,5.640515069005838,0.0,-0.0,25.502014202255285,19.183326093250876,0.7522278805551911
3.2291666666666665,takeoff,-10.0,0.0,13.481829816470807,0.0,1.5040699244483489,nan,nan,nan,5.640515069005838,0.0,-0.0,25.502014202255285,19.183326093250876,0.7522278805551911
3.2333333333333334,takeoff,-10.0,0.0,13.488072518544636,0.0,1.4982484977188022,nan,nan,nan,5.640515069005838,0.0,-0.0,39.233868003469674,19.183326093250876,0.4889481223608742
3.2375,takeoff,-10.0,0.0,13.49429105946663,0.0,1.492449821278362,nan,nan,nan,5.640515069005838,0.0,-0.0,39.233868003469674,19.183326093250876,0.4889481223608742
3.2416666666666667,takeoff,-10.0,0.0,13.500485527268575,0.0,1.4866722724668104,nan,nan,nan,5.640515069005838,0.0,-0.0,39.233868003469674,19.183326093250876,0.4889481223608742
3.245833333333333,takeoff,-10.0,0.0,13.506656003780478,0.0,1.480914362856799,nan,nan,nan,5.640515069005838,0.0,-0.0,39.233868003469674,19.183326093250876,0.4889481223608742
3.25,takeoff,-10.0,0.0,13.512802565143794,0.0,1.4751747271958577,nan,nan,nan,5.640515069005838,0.0,-0.0,39.233868003469674,19.183326093250876,0.4889481223608742
3.2541666666666664,takeoff,-10.0,0.0,13.518925282282336,0.0,1.4694521132498997,nan,nan,nan,5.640515069005838,0.0,-0.0,39.233868003469674,19.183326093250876,0.4889481223608742
3.2583333333333333,takeoff,-10.0,0.0,13.52502422133432,0.0,1.4637453724762497,nan,nan,nan,5.640515069005838,0.0,-0.0,39.233868003469674,19.183326093250876,0.4889481223608742
3.2624999999999997,takeoff,-10.0,0.0,13.531099444048735,0.0,1.458053451459733,nan,nan,nan,5.640515069005838,0.0,-0.0,39.233868003469674,19.183326093250876,0.4889481223608742
3.2666666666666666,takeoff,-10.0,0.0,13.537151052251918,0.0,1.4523859687637555,nan,nan,nan,5.660613073833019,0.0,-0.0,60.35979692841487,19.183326093250876,0.31781627953456826
3.2708333333333335,takeoff,-10.0,0.0,13.543179140398715,0.0,1.4467411552311242,nan,nan,nan,5.660613073833019,0.0,-0.0,60.35979692841487,19.183326093250876,0.31781627953456826
3.275,takeoff,-10.0,0.0,13.549183796182064,0.0,1.4411173880034671,nan,nan,nan,5.660613073833019,0.0,-0.0,60.35979692841487,19.183326093250876,0.31781627953456826
3.279166666666667,takeoff,-10.0,0.0,13.5551651010924,0.0,1.4355131784807196,nan,nan,nan,5.660613073833019,0.0,-0.0,60.35979692841487,19.183326093250876,0.31781627953456826
3.283333333333333,takeoff,-10.0,0.0,13.561123130930985,0.0,1.4299271612603375,nan,nan,nan,5.660613073833019,0.0,-0.0,60.35979692841487,19.183326093250876,0.31781627953456826
3.2875,takeoff,-10.0,0.0,13.567057956280895,0.0,1.424358083978331,nan,nan,nan,5.660613073833019,0.0,-0.0,60.35979692841487,19.183326093250876,0.31781627953456826
3.2916666666666665,takeoff,-10.0,0.0,13.572969642939144,0.0,1.4188047979801126,nan,nan,nan,5.660613073833019,0.0,-0.0,60.35979692841487,19.183326093250876,0.31781627953456826
3.2958333333333334,takeoff,-10.0,0.0,13.578858252313122,0.0,1.413266249754652,nan,nan,nan,5.660613073833019,0.0,-0.0,60.35979692841487,19.183326093250876,0.31781627953456826
3.3,takeoff,-10.0,0.0,13.584723894000609,0.0,1.4077540049970894,nan,nan,nan,5.684402596191774,0.0,-0.0,92.86122604371519,19.183326093250876,0.20658058169746937
3.3041666666666667,takeoff,-10.0,0.0,13.590566669551722,0.0,1.4022661322668426,nan,nan,nan,5.684402596191774,0.0,-0.0,92.86122604371519,19.183326093250876,0.20658058169746937
3.308333333333333,takeoff,-10.0,0.0,13.596386673134122,0.0,1.396800859776015,nan,nan,nan,5.684402596191774,0.0,-0.0,92.86122604371519,19.183326093250876,0.20658058169746937
3.3125,takeoff,-10.0,0.0,13.602183992143553,0.0,1.39135656226356,nan,nan,nan,5.684402596191774,0.0,-0.0,92.86122604371519,19.183326093250876,0.20658058169746937
3.3166666666666664,takeoff,-10.0,0.0,13.607958707764118,0.0,1.3859317489352463,nan,nan,nan,5.684402596191774,0.0,-0.0,92.86122604371519,19.183326093250876,0.20658058169746937
3.3208333333333333,takeoff,-10.0,0.0,13.613710895482388,0.0,1.380525052385045,nan,nan,nan,5.684402596191774,0.0,-0.0,92.86122604371519,19.183326093250876,0.20658058169746937
3.3249999999999997,takeoff,-10.0,0.0,13.619440625559138,0.0,1.3751352184198784,nan,nan,nan,5.684402596191774,0.0,-0.0,92.86122604371519,19.183326093250876,0.20658058169746937
3.3291666666666666,takeoff,-10.0,0.0,13.625147963462119,0.0,1.3697610967155898,nan,nan,nan,5.684402596191774,0.0,-0.0,92.86122604371519,19.183326093250876,0.20658058169746937
3.3333333333333335,takeoff,-10.0,0.0,13.63083301222941,0.0,1.3644117041498456,nan,nan,nan,5.703514147348762,0.0,-0.0,142.86342468263874,19.183326093250876,0.1342773781033551
3.3375,takeoff,-10.0,0.0,13.636495867366474,0.0,1.359085232895362,nan,nan,nan,5.703514147348762,0.0,-0.0,142.86342468263874,19.183326093250876,0.1342773781033551
3.341666666666667,takeoff,-10.0,0.0,13.64213661746908,0.0,1.3537800246254974,nan,nan,nan,5.703514147348762,0.0,-0.0,142.86342468263874,19.183326093250876,0.1342773781033551
3.345833333333333,takeoff,-10.0,0.0,13.64775534479496,0.0,1.3484945582117234,nan,nan,nan,5.703514147348762,0.0,-0.0,142.86342468263874,19.183326093250876,0.1342773781033551
3.35,takeoff,-10.0,0.0,13.653352125788386,0.0,1.34322743842187,nan,nan,nan,5.703514147348762,0.0,-0.0,142.86342468263874,19.183326093250876,0.1342773781033551
3.3541666666666665,takeoff,-10.0,0.0,13.658927031561468,0.0,1.3379773855396109,nan,nan,nan,5.703514147348762,0.0,-0.0,142.86342468263874,19.183326093250876,0.1342773781033551
3.3583333333333334,takeoff,-10.0,0.0,13.664480128335766,0.0,1.3327432258316718,nan,nan,nan,5.703514147348762,0.0,-0.0,142.86342468263874,19.183326093250876,0.1342773781033551
3.3625,takeoff,-10.0,0.0,13.670011477847412,0.0,1.3275238827948543,nan,nan,nan,5.703514147348762,0.0,-0.0,142.86342468263874,19.183326093250876,0.1342773781033551
3.3666666666666667,takeoff,-10.0,0.0,13.675521137718746,0.0,1.3223183691201885,nan,nan,nan,5.703514147348762,0.0,-0.0,219.7898841271365,19.183326093250876,0.08728029576718083
3.370833333333333,takeoff,-10.0,0.0,13.681009161799231,0.0,1.3171257793163929,nan,nan,nan,5.703514147348762,0.0,-0.0,219.7898841271365,19.183326093250876,0.08728029576718083
3.375,takeoff,-10.0,0.0,13.686475643485107,0.0,1.3119556046099976,nan,nan,nan,5.723083675379124,0.0,-0.0,219.7898841271365,19.183326093250876,0.08728029576718083
3.3791666666666664,takeoff,-10.0,0.0,13.69192066940882,0.0,1.3068062216911247,nan,nan,nan,5.723083675379124,0.0,-0.0,219.7898841271365,19.183326093250876,0.08728029576718083
3.3833333333333333,takeoff,-10.0,0.0,13.69734431999871,0.0,1.301676141573469,nan,nan,nan,5.723083675379124,0.0,-0.0,219.7898841271365,19.183326093250876,0.08728029576718083
3.3874999999999997,takeoff,-10.0,0.0,13.702746669992568,0.0,1.2965639985259916,nan,nan,nan,5.723083675379124,0.0,-0.0,219.7898841271365,19.183326093250876,0.08728029576718083
3.3916666666666666,takeoff,-10.0,0.0,13.708127788908849,0.0,1.2914685399073504,nan,nan,nan,5.723083675379124,0.0,-0.0,219.7898841271365,19.183326093250876,0.08728029576718083
3.3958333333333335,takeoff,-10.0,0.0,13.713487741478978,0.0,1.2863886168309455,nan,nan,nan,5.723083675379124,0.0,-0.0,219.7898841271365,19.183326093250876,0.08728029576718083
3.4,takeoff,-10.0,0.0,13.718826588043953,0.0,1.2813231755939665,nan,nan,nan,5.723083675379124,0.0,-0.0,338.1382832725177,19.183326093250876,0.05673219224866754
3.404166666666667,takeoff,-10.0,0.0,13.724144384918157,0.0,1.2762712498089719,nan,nan,nan,5.723083675379124,0.0,-0.0,338.1382832725177,19.183326093250876,0.05673219224866754
3.408333333333333,takeoff,-10.0,0.0,13.72944123445768,0.0,1.2712438894854168,nan,nan,nan,5.745711360397265,0.0,-0.0,338.1382832725177,19.183326093250876,0.05673219224866754
3.4125,takeoff,-10.0,0.0,13.734717231481245,0.0,1.2662392856558404,nan,nan,nan,5.745711360397265,0.0,-0.0,338.1382832725177,19.183326093250876,0.05673219224866754
3.4166666666666665,takeoff,-10.0,0.0,13.739972463893613,0.0,1.2612557789684113,nan,nan,nan,5.745711360397265,0.0,-0.0,338.1382832725177,19.183326093250876,0.05673219224866754
3.4208333333333334,takeoff,-10.0,0.0,13.745207013257668,0.0,1.2562918473732594,nan,nan,nan,5.745711360397265,0.0,-0.0,338.1382832725177,19.183326093250876,0.05673219224866754
3.425,takeoff,-10.0,0.0,13.75042095531938,0.0,1.2513460948107267,nan,nan,nan,5.745711360397265,0.0,-0.0,338.1382832725177,19.183326093250876,0.05673219224866754
3.4291666666666667,takeoff,-10.0,0.0,13.75561436048947,0.0,1.2464172408218794,nan,nan,nan,5.745711360397265,0.0,-0.0,338.1382832725177,19.183326093250876,0.05673219224866754
3.433333333333333,takeoff,-10.0,0.0,13.760787294285336,0.0,1.2415041110076492,nan,nan,nan,5.745711360397265,0.0,-0.0,520.212743496181,19.183326093250876,0.0368759249616339
3.4375,takeoff,-10.0,0.0,13.765939817736456,0.0,1.2366056282685958,nan,nan,nan,5.745711360397265,0.0,-0.0,520.212743496181,19.183326093250876,0.0368759249616339
3.4416666666666664,takeoff,-10.0,0.0,13.771072027789304,0.0,1.2317304126834083,nan,nan,nan,5.763918686710076,0.0,-0.0,520.212743496181,19.183326093250876,0.0368759249616339
3.4458333333333333,takeoff,-10.0,0.0,13.776184014274305,0.0,1.2268767564002176,nan,nan,nan,5.763918686710076,0.0,-0.0,520.212743496181,19.183326093250876,0.0368759249616339
3.4499999999999997,takeoff,-10.0,0.0,13.781275860494599,0.0,1.2220430928706776,nan,nan,nan,5.763918686710076,0.0,-0.0,520.212743496181,19.183326093250876,0.0368759249616339
3.4541666666666666,takeoff,-10.0,0.0,13.786347643766314,0.0,1.2172279852117112,nan,nan,nan,5.763918686710076,0.0,-0.0,520.212743496181,19.183326093250876,0.0368759249616339
3.4583333333333335,takeoff,-10.0,0.0,13.791399435914295,0.0,1.212430115515614,nan,nan,nan,5.763918686710076,0.0,-0.0,520.212743496181,19.183326093250876,0.0368759249616339
3.4625,takeoff,-10.0,0.0,13.796431303726932,0.0,1.2076482750328859,nan,nan,nan,5.763918686710076,0.0,-0.0,520.212743496181,19.183326093250876,0.0368759249616339
3.466666666666667,takeoff,-10.0,0.0,13.801443309373424,0.0,1.2028813551579245,nan,nan,nan,5.763918686710076,0.0,-0.0,800.3272976864323,19.183326093250876,0.02396935122506204
3.470833333333333,takeoff,-10.0,0.0,13.806435510786562,0.0,1.198128339153085,nan,nan,nan,5.763918686710076,0.0,-0.0,800.3272976864323,19.183326093250876,0.02396935122506204
3.475,takeoff,-10.0,0.0,13.811408008581184,0.0,1.1933994707094062,nan,nan,nan,5.7850913726412765,0.0,-0.0,800.3272976864323,19.183326093250876,0.02396935122506204
3.4791666666666665,takeoff,-10.0,0.0,13.816360895922351,0.0,1.1886929618802708,nan,nan,nan,5.7850913726412765,0.0,-0.0,800.3272976864323,19.183326093250876,0.02396935122506204
3.4833333333333334,takeoff,-10.0,0.0,13.82129425914162,0.0,1.1840071726245673,nan,nan,nan,5.7850913726412765,0.0,-0.0,800.3272976864323,19.183326093250876,0.02396935122506204
3.4875,takeoff,-10.0,0.0,13.826208178302581,0.0,1.1793405986304533,nan,nan,nan,5.7850913726412765,0.0,-0.0,800.3272976864323,19.183326093250876,0.02396935122506204
3.4916666666666667,takeoff,-10.0,0.0,13.831102727719792,0.0,1.1746918601303664,nan,nan,nan,5.7850913726412765,0.0,-0.0,800.3272976864323,19.183326093250876,0.02396935122506204
3.495833333333333,takeoff,-10.0,0.0,13.83597797643491,0.0,1.1700596916283879,nan,nan,nan,5.7850913726412765,0.0,-0.0,800.3272976864323,19.183326093250876,0.02396935122506204
3.5,takeoff,-10.0,0.0,13.840833988653522,0.0,1.1654429324670523,nan,nan,nan,5.7850913726412765,0.0,-0.0,1231.2727656714342,19.183326093250876,0.015580078296290326
3.5041666666666664,takeoff,-10.0,0.0,13.84567082414588,0.0,1.1608405181662762,nan,nan,nan,5.7850913726412765,0.0,-0.0,1231.2727656714342,19.183326093250876,0.015580078296290326
3.5083333333333333,takeoff,-10.0,0.0,13.850488538614515,0.0,1.156251472472269,nan,nan,nan,5.7850913726412765,0.0,-0.0,1231.2727656714342,19.183326093250876,0.015580078296290326
3.5124999999999997,takeoff,-10.0,0.0,13.855287184031429,0.0,1.1516749000591195,nan,nan,nan,5.7850913726412765,0.0,-0.0,1231.2727656714342,19.183326093250876,0.015580078296290326
3.5166666666666666,takeoff,-10.0,0.0,13.860066846513442,0.0,1.1471189956832588,nan,nan,nan,5.802158739218156,0.0,-0.0,1231.2727656714342,19.183326093250876,0.015580078296290326
3.5208333333333335,takeoff,-10.0,0.0,13.86482760590219,0.0,1.142582253299795,nan,nan,nan,5.802158739218156,0.0,-0.0,1231.2727656714342,19.183326093250876,0.015580078296290326
3.525,takeoff,-10.0,0.0,13.869569536283683,0.0,1.1380632915581725,nan,nan,nan,5.802158739218156,0.0,-0.0,1231.2727656714342,19.183326093250876,0.015580078296290326
3.529166666666667,takeoff,-10.0,0.0,13.874292706465003,0.0,1.133560843516776,nan,nan,nan,5.802158739218156,0.0,-0.0,1231.2727656714342,19.183326093250876,0.015580078296290326
3.533333333333333,takeoff,-10.0,0.0,13.87899718041166,0.0,1.1290737471980734,nan,nan,nan,5.802158739218156,0.0,-0.0,1894.265793340668,19.183326093250876,0.010127050892588712
3.5375,takeoff,-10.0,0.0,13.883683017648814,0.0,1.1246009369168766,nan,nan,nan,5.802158739218156,0.0,-0.0,1894.265793340668,19.183326093250876,0.010127050892588712
3.5416666666666665,takeoff,-10.0,0.0,13.888350273629312,0.0,1.120141435319498,nan,nan,nan,5.802158739218156,0.0,-0.0,1894.265793340668,19.183326093250876,0.010127050892588712
3.5458333333333334,takeoff,-10.0,0.0,13.892999000071297,0.0,1.1156943460764164,nan,nan,nan,5.802158739218156,0.0,-0.0,1894.265793340668,19.183326093250876,0.010127050892588712
3.55,takeoff,-10.0,0.0,13.897629289001035,0.0,1.11126934313721,nan,nan,nan,5.822024133186818,0.0,-0.0,1894.265793340668,19.183326093250876,0.010127050892588712
3.5541666666666667,takeoff,-10.0,0.0,13.902241225651641,0.0,1.1068647961454077,nan,nan,nan,5.822024133186818,0.0,-0.0,1894.265793340668,19.183326093250876,0.010127050892588712
3.558333333333333,takeoff,-10.0,0.0,13.906834889025362,0.0,1.1024792096926537,nan,nan,nan,5.822024133186818,0.0,-0.0,1894.265793340668,19.183326093250876,0.010127050892588712
3.5625,takeoff,-10.0,0.0,13.911410352409511,0.0,1.098111212196124,nan,nan,nan,5.822024133186818,0.0,-0.0,1894.265793340668,19.183326093250876,0.010127050892588712
3.5666666666666664,takeoff,-10.0,0.0,13.915967683849859,0.0,1.0937595456834983,nan,nan,nan,5.822024133186818,0.0,-0.0,nan,nan,nan
3.5708333333333333,takeoff,-10.0,0.0,13.920506946584913,0.0,1.0894230564129197,nan,nan,nan,5.822024133186818,0.0,-0.0,nan,nan,nan
3.5749999999999997,takeoff,-10.0,0.0,13.925028199444334,0.0,1.0851006862609327,nan,nan,nan,5.822024133186818,0.0,-0.0,nan,nan,nan
3.5791666666666666,takeoff,-10.0,0.0,13.929531497214404,0.0,1.0807914648165646,nan,nan,nan,5.822024133186818,0.0,-0.0,nan,nan,nan
3.5833333333333335,takeoff,-10.0,0.0,13.93401692635757,0.0,1.0765029943598017,nan,nan,nan,5.838091711710247,0.0,-0.0,nan,nan,nan
3.5875,takeoff,-10.0,0.0,13.938484566980332,0.0,1.0722337494628809,nan,nan,nan,5.838091711710247,0.0,-0.0,nan,nan,nan
3.591666666666667,takeoff,-10.0,0.0,13.942934493359521,0.0,1.0679823310054288,nan,nan,nan,5.838091711710247,0.0,-0.0,nan,nan,nan
3.595833333333333,takeoff,-10.0,0.0,13.947366774425173,0.0,1.0637474557563018,nan,nan,nan,5.838091711710247,0.0,-0.0,nan,nan,nan
3.6,takeoff,-10.0,0.0,13.951781474203536,0.0,1.0595279468067482,nan,nan,nan,5.838091711710247,0.0,-0.0,nan,nan,nan
3.6041666666666665,takeoff,-10.0,0.0,13.95617865222348,0.0,1.055322724786618,nan,nan,nan,5.838091711710247,0.0,-0.0,nan,nan,nan
3.6083333333333334,takeoff,-10.0,0.0,13.960558363889316,0.0,1.0511307998006072,nan,nan,nan,5.838091711710247,0.0,-0.0,nan,nan,nan
3.6125,takeoff,-10.0,0.0,13.96492066082276,0.0,1.046951264026425,nan,nan,nan,5.838091711710247,0.0,-0.0,nan,nan,nan
3.6166666666666667,takeoff,-10.0,0.0,13.969265591176597,0.0,1.042783284921307,nan,nan,nan,5.838091711710247,0.0,-0.0,nan,nan,nan
3.620833333333333,takeoff,-10.0,0.0,13.973593199922378,0.0,1.038626098987519,nan,nan,nan,5.838091711710247,0.0,-0.0,nan,nan,nan
3.625,takeoff,-10.0,0.0,13.977903565137435,0.0,1.0344876516135346,nan,nan,nan,5.854438691141304,0.0,-0.0,nan,nan,nan
3.6291666666666664,takeoff,-10.0,0.0,13.982196759213148,0.0,1.0303665781711555,nan,nan,nan,5.854438691141304,0.0,-0.0,nan,nan,nan
3.6333333333333333,takeoff,-10.0,0.0,13.986472849325986,0.0,1.0262616270812155,nan,nan,nan,5.854438691141304,0.0,-0.0,nan,nan,nan
3.6374999999999997,takeoff,-10.0,0.0,13.990731897869647,0.0,1.0221716504786806,nan,nan,nan,5.854438691141304,0.0,-0.0,nan,nan,nan
3.6416666666666666,takeoff,-10.0,0.0,13.994973962851489,0.0,1.0180955956422082,nan,nan,nan,5.854438691141304,0.0,-0.0,nan,nan,nan
3.6458333333333335,takeoff,-10.0,0.0,13.999199098256183,0.0,1.0140324971265893,nan,nan,nan,5.854438691141304,0.0,-0.0,nan,nan,nan
3.65,takeoff,-10.0,0.0,14.003407354379272,0.0,1.0099814695412888,nan,nan,nan,5.854438691141304,0.0,-0.0,nan,nan,nan
3.654166666666667,takeoff,-10.0,0.0,14.007598778133117,0.0,1.0059417009227454,nan,nan,nan,5.854438691141304,0.0,-0.0,nan,nan,nan
3.658333333333333,takeoff,-10.0,0.0,14.011773454474294,0.0,1.0019223218825082,nan,nan,nan,5.873108619703483,0.0,-0.0,nan,nan,nan
3.6625,takeoff,-10.0,0.0,14.015931462076352,0.0,0.9979218244939516,nan,nan,nan,5.873108619703483,0.0,-0.0,nan,nan,nan
3.6666666666666665,takeoff,-10.0,0.0,14.020072873850141,0.0,0.9939388257095454,nan,nan,nan,5.873108619703483,0.0,-0.0,nan,nan,nan
3.6708333333333334,takeoff,-10.0,0.0,14.024197757421218,0.0,0.9899720570582994,nan,nan,nan,5.873108619703483,0.0,-0.0,nan,nan,nan
3.675,takeoff,-10.0,0.0,14.028306175567824,0.0,0.9860203551854186,nan,nan,nan,5.873108619703483,0.0,-0.0,nan,nan,nan
3.6791666666666667,takeoff,-10.0,0.0,14.032398186622684,0.0,0.9820826531665718,nan,nan,nan,5.873108619703483,0.0,-0.0,nan,nan,nan
3.683333333333333,takeoff,-10.0,0.0,14.036473844841577,0.0,0.9781579725343966,nan,nan,nan,5.873108619703483,0.0,-0.0,nan,nan,nan
3.6875,takeoff,-10.0,0.0,14.04053320074141,0.0,0.9742454159597184,nan,nan,nan,5.873108619703483,0.0,-0.0,nan,nan,nan
3.6916666666666664,takeoff,-10.0,0.0,14.044576334712604,0.0,0.9703521530867261,nan,nan,nan,5.888214948932483,0.0,-0.0,nan,nan,nan
3.6958333333333333,takeoff,-10.0,0.0,14.048603321218613,0.0,0.9664767614421302,nan,nan,nan,5.888214948932483,0.0,-0.0,nan,nan,nan
3.6999999999999997,takeoff,-10.0,0.0,14.052614229286899,0.0,0.9626179363887214,nan,nan,nan,5.888214948932483,0.0,-0.0,nan,nan,nan
3.7041666666666666,takeoff,-10.0,0.0,14.05660912295939,0.0,0.9587744813980227,nan,nan,nan,5.888214948932483,0.0,-0.0,nan,nan,nan
3.7083333333333335,takeoff,-10.0,0.0,14.060588061705719,0.0,0.9549452991190657,nan,nan,nan,5.888214948932483,0.0,-0.0,nan,nan,nan
3.7125,takeoff,-10.0,0.0,14.0645511008023,0.0,0.9511293831792398,nan,nan,nan,5.888214948932483,0.0,-0.0,nan,nan,nan
3.716666666666667,takeoff,-10.0,0.0,14.068498291680042,0.0,0.9473258106581373,nan,nan,nan,5.888214948932483,0.0,-0.0,nan,nan,nan
3.720833333333333,takeoff,-10.0,0.0,14.07242968224329,0.0,0.9435337351799332,nan,nan,nan,5.888214948932483,0.0,-0.0,nan,nan,nan
3.725,takeoff,-10.0,0.0,14.076345355466247,0.0,0.9397615735095828,nan,nan,nan,5.905585788177101,0.0,-0.0,nan,nan,nan
3.7291666666666665,takeoff,-10.0,0.0,14.080245388156783,0.0,0.9360078457288483,nan,nan,nan,5.905585788177101,0.0,-0.0,nan,nan,nan
3.7333333333333334,takeoff,-10.0,0.0,14.084129851467207,0.0,0.9322711945018503,nan,nan,nan,5.905585788177101,0.0,-0.0,4.522505561511053,19.595917942265423,4.3329781855963185
3.7375,takeoff,-10.0,0.0,14.087998811362871,0.0,0.9285503749592499,nan,nan,nan,5.905585788177101,0.0,-0.0,4.522505561511053,19.595917942265423,4.3329781855963185
3.7416666666666667,takeoff,-10.0,0.0,14.09185232905208,0.0,0.9248442454098019,nan,nan,nan,5.905585788177101,0.0,-0.0,4.522505561511053,19.595917942265423,4.3329781855963185
3.745833333333333,takeoff,-10.0,0.0,14.095690461380466,0.0,0.9211517588128024,nan,nan,nan,5.905585788177101,0.0,-0.0,4.522505561511053,19.595917942265423,4.3329781855963185
3.75,takeoff,-10.0,0.0,14.099513261192758,0.0,0.917471954950104,nan,nan,nan,5.905585788177101,0.0,-0.0,4.522505561511053,19.595917942265423,4.3329781855963185
3.7541666666666664,takeoff,-10.0,0.0,14.103320777664596,0.0,0.9138039532411508,nan,nan,nan,5.905585788177101,0.0,-0.0,4.522505561511053,19.595917942265423,4.3329781855963185
3.7583333333333333,takeoff,-10.0,0.0,14.107113056606883,0.0,0.9101469461489187,nan,nan,nan,5.905585788177101,0.0,-0.0,4.522505561511053,19.595917942265423,4.3329781855963185
3.7624999999999997,takeoff,-10.0,0.0,14.11089014074492,0.0,0.9065001931287575,nan,nan,nan,5.905585788177101,0.0,-0.0,4.522505561511053,19.595917942265423,4.3329781855963185
3.7666666666666666,takeoff,-10.0,0.0,14.114652101022516,0.0,0.9028704666231677,nan,nan,nan,5.919657761998753,0.0,-0.0,nan,nan,nan
3.7708333333333335,takeoff,-10.0,0.0,14.118399003192806,0.0,0.8992565208695942,nan,nan,nan,5.919657761998753,0.0,-0.0,nan,nan,nan
3.775,takeoff,-10.0,0.0,14.122130908248483,0.0,0.8956572133624843,nan,nan,nan,5.919657761998753,0.0,-0.0,nan,nan,nan
3.779166666666667,takeoff,-10.0,0.0,14.125847872816479,0.0,0.8920714963189783,nan,nan,nan,5.919657761998753,0.0,-0.0,nan,nan,nan
3.783333333333333,takeoff,-10.0,0.0,14.12954994952,0.0,0.8884984088447525,nan,nan,nan,5.919657761998753,0.0,-0.0,nan,nan,nan
3.7875,takeoff,-10.0,0.0,14.133237187310597,0.0,0.8849370697434153,nan,nan,nan,5.919657761998753,0.0,-0.0,nan,nan,nan
3.7916666666666665,takeoff,-10.0,0.0,14.136909631772753,0.0,0.8813866709172961,nan,nan,nan,5.919657761998753,0.0,-0.0,nan,nan,nan
3.7958333333333334,takeoff,-10.0,0.0,14.140567325403218,0.0,0.877846471311579,nan,nan,nan,5.919657761998753,0.0,-0.0,nan,nan,nan
3.8,takeoff,-10.0,0.0,14.144210343649704,0.0,0.8743243791563535,nan,nan,nan,5.935872994753466,0.0,-0.0,nan,nan,nan
3.8041666666666667,takeoff,-10.0,0.0,14.147838756372025,0.0,0.8708190533571293,nan,nan,nan,5.935872994753466,0.0,-0.0,nan,nan,nan
3.808333333333333,takeoff,-10.0,0.0,14.151452628305178,0.0,0.8673292639565784,nan,nan,nan,5.935872994753466,0.0,-0.0,nan,nan,nan
3.8125,takeoff,-10.0,0.0,14.155052019484154,0.0,0.8638538829542184,nan,nan,nan,5.935872994753466,0.0,-0.0,nan,nan,nan
3.8166666666666664,takeoff,-10.0,0.0,14.158636985633647,0.0,0.8603918758783847,nan,nan,nan,5.935872994753466,0.0,-0.0,nan,nan,nan
3.8208333333333333,takeoff,-10.0,0.0,14.162207578525521,0.0,0.8569422940498187,nan,nan,nan,5.935872994753466,0.0,-0.0,nan,nan,nan
3.8249999999999997,takeoff,-10.0,0.0,14.165763846306692,0.0,0.8535042674809326,nan,nan,nan,5.935872994753466,0.0,-0.0,nan,nan,nan
3.8291666666666666,takeoff,-10.0,0.0,14.169305833799855,0.0,0.8500769983592051,nan,nan,nan,5.935872994753466,0.0,-0.0,nan,nan,nan
3.8333333333333335,takeoff,-10.0,0.0,14.172833611856525,0.0,0.846666733600751,nan,nan,nan,5.949046154397672,0.0,-0.0,nan,nan,nan
3.8375,takeoff,-10.0,0.0,14.176347246101736,0.0,0.8432722188506214,nan,nan,nan,5.949046154397672,0.0,-0.0,nan,nan,nan
3.841666666666667,takeoff,-10.0,0.0,14.179846797367283,0.0,0.8398923037313745,nan,nan,nan,5.949046154397672,0.0,-0.0,nan,nan,nan
3.845833333333333,takeoff,-10.0,0.0,14.183332322089154,0.0,0.8365259332491,nan,nan,nan,5.949046154397672,0.0,-0.0,nan,nan,nan
3.85,takeoff,-10.0,0.0,14.186803872672089,0.0,0.8331721399044976,nan,nan,nan,5.949046154397672,0.0,-0.0,nan,nan,nan
3.8541666666666665,takeoff,-10.0,0.0,14.190261497823972,0.0,0.829830036452011,nan,nan,nan,5.949046154397672,0.0,-0.0,nan,nan,nan
3.8583333333333334,takeoff,-10.0,0.0,14.193705242862531,0.0,0.8264988092544939,nan,nan,nan,5.949046154397672,0.0,-0.0,nan,nan,nan
3.8625,takeoff,-10.0,0.0,14.197135149996635,0.0,0.8231777121850233,nan,nan,nan,5.949046154397672,0.0,-0.0,nan,nan,nan
3.8666666666666667,takeoff,-10.0,0.0,14.200551258584266,0.0,0.8198660610313127,nan,nan,nan,5.949046154397672,0.0,-0.0,nan,nan,nan
3.870833333333333,takeoff,-10.0,0.0,14.203953605369106,0.0,0.8165632283617207,nan,nan,nan,5.949046154397672,0.0,-0.0,nan,nan,nan
3.875,takeoff,-10.0,0.0,14.207342254181222,0.0,0.8132757149078823,nan,nan,nan,5.962396547528498,0.0,-0.0,nan,nan,nan
3.8791666666666664,takeoff,-10.0,0.0,14.210717264186037,0.0,0.8100024011555412,nan,nan,nan,5.962396547528498,0.0,-0.0,nan,nan,nan
3.8833333333333333,takeoff,-10.0,0.0,14.214078690271148,0.0,0.8067422604264871,nan,nan,nan,5.962396547528498,0.0,-0.0,nan,nan,nan
3.8874999999999997,takeoff,-10.0,0.0,14.217426583401142,0.0,0.8034943511985878,nan,nan,nan,5.962396547528498,0.0,-0.0,nan,nan,nan
3.8916666666666666,takeoff,-10.0,0.0,14.220760990943047,0.0,0.8002578100569882,nan,nan,nan,5.962396547528498,0.0,-0.0,nan,nan,nan
3.8958333333333335,takeoff,-10.0,0.0,14.224081956964818,0.0,0.7970318452252738,nan,nan,nan,5.962396547528498,0.0,-0.0,nan,nan,nan
3.9,takeoff,-10.0,0.0,14.227389522509108,0.0,0.7938157306294457,nan,nan,nan,5.962396547528498,0.0,-0.0,4.824633734779243,19.595917942265423,4.061638462004838
3.904166666666667,takeoff,-10.0,0.0,14.230683725844322,0.0,0.7906088004512917,nan,nan,nan,5.962396547528498,0.0,-0.0,4.824633734779243,19.595917942265423,4.061638462004838
3.908333333333333,takeoff,-10.0,0.0,14.233964636111038,0.0,0.7874184640118094,nan,nan,nan,5.977526221363925,0.0,-0.0,4.824633734779243,19.595917942265423,4.061638462004838
3.9125,takeoff,-10.0,0.0,14.23723231732235,0.0,0.784243490714897,nan,nan,nan,5.977526221363925,0.0,-0.0,4.824633734779243,19.595917942265423,4.061638462004838
3.9166666666666665,takeoff,-10.0,0.0,14.24048682878897,0.0,0.7810827519890446,nan,nan,nan,5.977526221363925,0.0,-0.0,4.824633734779243,19.595917942265423,4.061638462004838
3.9208333333333334,takeoff,-10.0,0.0,14.24372822550919,0.0,0.777935212852931,nan,nan,nan,5.977526221363925,0.0,-0.0,4.824633734779243,19.595917942265423,4.061638462004838
3.925,takeoff,-10.0,0.0,14.246956558526579,0.0,0.7747999241732639,nan,nan,nan,5.977526221363925,0.0,-0.0,4.824633734779243,19.595917942265423,4.061638462004838
3.9291666666666667,takeoff,-10.0,0.0,14.250171875258074,0.0,0.7716760155588603,nan,nan,nan,5.977526221363925,0.0,-0.0,4.824633734779243,19.595917942265423,4.061638462004838
3.933333333333333,takeoff,-10.0,0.0,14.253374219794905,0.0,0.7685626888393599,nan,nan,nan,5.977526221363925,0.0,-0.0,nan,nan,nan
3.9375,takeoff,-10.0,0.0,14.256563633178576,0.0,0.7654592120810432,nan,nan,nan,5.977526221363925,0.0,-0.0,nan,nan,nan
3.9416666666666664,takeoff,-10.0,0.0,14.25974018079608,0.0,0.7623714282008534,nan,nan,nan,5.98981250386789,0.0,-0.0,nan,nan,nan
3.9458333333333333,takeoff,-10.0,0.0,14.26290392319985,0.0,0.7592981769049639,nan,nan,nan,5.98981250386789,0.0,-0.0,nan,nan,nan
3.9499999999999997,takeoff,-10.0,0.0,14.266054916508672,0.0,0.7562383941170568,nan,nan,nan,5.98981250386789,0.0,-0.0,nan,nan,nan
3.9541666666666666,takeoff,-10.0,0.0,14.269193212775424,0.0,0.7531911040202156,nan,nan,nan,5.98981250386789,0.0,-0.0,nan,nan,nan
3.9583333333333335,takeoff,-10.0,0.0,14.272318860324393,0.0,0.7501554117525734,nan,nan,nan,5.98981250386789,0.0,-0.0,nan,nan,nan
3.9625,takeoff,-10.0,0.0,14.275431904060659,0.0,0.7471304967037286,nan,nan,nan,5.98981250386789,0.0,-0.0,nan,nan,nan
3.966666666666667,takeoff,-10.0,0.0,14.278532385753838,0.0,0.7441156063631178,nan,nan,nan,5.98981250386789,0.0,-0.0,nan,nan,nan
3.970833333333333,takeoff,-10.0,0.0,14.281620344298318,0.0,0.741110050675405,nan,nan,nan,5.98981250386789,0.0,-0.0,nan,nan,nan
3.975,takeoff,-10.0,0.0,14.284695846944974,0.0,0.7381206351972115,nan,nan,nan,6.00383925187076,0.0,-0.0,nan,nan,nan
3.9791666666666665,takeoff,-10.0,0.0,14.287758955934756,0.0,0.7351461575476199,nan,nan,nan,6.00383925187076,0.0,-0.0,nan,nan,nan
3.9833333333333334,takeoff,-10.0,0.0,14.29080972891412,0.0,0.7321855150475391,nan,nan,nan,6.00383925187076,0.0,-0.0,nan,nan,nan
3.9875,takeoff,-10.0,0.0,14.2938482193161,0.0,0.7292376964753603,nan,nan,nan,6.00383925187076,0.0,-0.0,nan,nan,nan
3.9916666666666667,takeoff,-10.0,0.0,14.296874476709847,0.0,0.7263017744995628,nan,nan,nan,6.00383925187076,0.0,-0.0,nan,nan,nan
3.995833333333333,takeoff,-10.0,0.0,14.299888547121236,0.0,0.7233768987334535,nan,nan,nan,6.00383925187076,0.0,-0.0,nan,nan,nan
4.0,takeoff,-10.0,0.0,14.30289047332691,0.0,0.7204622893615379,nan,nan,nan,6.00383925187076,0.0,-0.0,nan,nan,nan
4.004166666666666,takeoff,-10.0,0.0,14.305880295123956,0.0,0.7175572312910172,nan,nan,nan,6.00383925187076,0.0,-0.0,nan,nan,nan
4.008333333333333,takeoff,-10.0,0.0,14.308858049577228,0.0,0.7146610687855987,nan,nan,nan,6.00383925187076,0.0,-0.0,nan,nan,nan
4.0125,takeoff,-10.0,0.0,14.311823771246154,0.0,0.7117732005422274,nan,nan,nan,6.00383925187076,0.0,-0.0,nan,nan,nan
4.016666666666667,takeoff,-10.0,0.0,14.314777517593065,0.0,0.7088991232585589,nan,nan,nan,6.015239003857237,0.0,-0.0,nan,nan,nan
4.020833333333333,takeoff,-10.0,0.0,14.317719341864859,0.0,0.7060378252307145,nan,nan,nan,6.015239003857237,0.0,-0.0,nan,nan,nan
4.025,takeoff,-10.0,0.0,14.320649293442727,0.0,0.7031883786885027,nan,nan,nan,6.015239003857237,0.0,-0.0,nan,nan,nan
4.029166666666667,takeoff,-10.0,0.0,14.32356741816292,0.0,0.7003499328464129,nan,nan,nan,6.015239003857237,0.0,-0.0,nan,nan,nan
4.033333333333333,takeoff,-10.0,0.0,14.326473758610947,0.0,0.697521707526566,nan,nan,nan,6.015239003857237,0.0,-0.0,5.066807500199435,19.595917942265423,3.8675078817369926
4.0375,takeoff,-10.0,0.0,14.329368354391393,0.0,0.6947029873070878,nan,nan,nan,6.015239003857237,0.0,-0.0,5.066807500199435,19.595917942265423,3.8675078817369926
4.041666666666667,takeoff,-10.0,0.0,14.332251242375364,0.0,0.6918931161530674,nan,nan,nan,6.015239003857237,0.0,-0.0,5.066807500199435,19.595917942265423,3.8675078817369926
4.045833333333333,takeoff,-10.0,0.0,14.335122456927408,0.0,0.6890914924906821,nan,nan,nan,6.015239003857237,0.0,-0.0,5.066807500199435,19.595917942265423,3.8675078817369926
4.05,takeoff,-10.0,0.0,14.337982055553947,0.0,0.686303670369261,nan,nan,nan,6.02674524246214,0.0,-0.0,5.066807500199435,19.595917942265423,3.8675078817369926
4.054166666666666,takeoff,-10.0,0.0,14.34083009152492,0.0,0.6835286330332656,nan,nan,nan,6.02674524246214,0.0,-0.0,5.066807500199435,19.595917942265423,3.8675078817369926
4.058333333333334,takeoff,-10.0,0.0,14.343666614225263,0.0,0.6807654480826713,nan,nan,nan,6.02674524246214,0.0,-0.0,5.066807500199435,19.595917942265423,3.8675078817369926
4.0625,takeoff,-10.0,0.0,14.3464916694773,0.0,0.6780132604890996,nan,nan,nan,6.02674524246214,0.0,-0.0,5.066807500199435,19.595917942265423,3.8675078817369926
4.066666666666666,takeoff,-10.0,0.0,14.349305299836413,0.0,0.675271286186764,nan,nan,nan,6.02674524246214,0.0,-0.0,7.7950884618452845,19.595917942265423,2.513880123129045
4.070833333333333,takeoff,-10.0,0.0,14.35210754486221,0.0,0.6725388061914617,nan,nan,nan,6.02674524246214,0.0,-0.0,7.7950884618452845,19.595917942265423,2.513880123129045
4.075,takeoff,-10.0,0.0,14.35489844136723,0.0,0.6698151612045641,nan,nan,nan,6.02674524246214,0.0,-0.0,7.7950884618452845,19.595917942265423,2.513880123129045
4.079166666666667,takeoff,-10.0,0.0,14.35767802364499,0.0,0.6670997466623932,nan,nan,nan,6.02674524246214,0.0,-0.0,7.7950884618452845,19.595917942265423,2.513880123129045
4.083333333333333,takeoff,-10.0,0.0,14.360446323679135,0.0,0.6643920081945436,nan,nan,nan,6.02674524246214,0.0,-0.0,7.7950884618452845,19.595917942265423,2.513880123129045
4.0875,takeoff,-10.0,0.0,14.363203371335208,0.0,0.6616914374576395,nan,nan,nan,6.02674524246214,0.0,-0.0,7.7950884618452845,19.595917942265423,2.513880123129045
4.091666666666667,takeoff,-10.0,0.0,14.365949219914592,0.0,0.6590036590520113,nan,nan,nan,6.038219219627343,0.0,-0.0,7.7950884618452845,19.595917942265423,2.513880123129045
4.095833333333333,takeoff,-10.0,0.0,14.368683918813428,0.0,0.6563277357207846,nan,nan,nan,6.038219219627343,0.0,-0.0,7.7950884618452845,19.595917942265423,2.513880123129045
4.1,takeoff,-10.0,0.0,14.371407513846696,0.0,0.6536628079845525,nan,nan,nan,6.038219219627343,0.0,-0.0,nan,nan,nan
4.104166666666667,takeoff,-10.0,0.0,14.374120047545441,0.0,0.6510080876987604,nan,nan,nan,6.038219219627343,0.0,-0.0,nan,nan,nan
4.108333333333333,takeoff,-10.0,0.0,14.376821559429365,0.0,0.6483628521418905,nan,nan,nan,6.038219219627343,0.0,-0.0,nan,nan,nan
4.1125,takeoff,-10.0,0.0,14.379512086256828,0.0,0.6457264385911734,nan,nan,nan,6.038219219627343,0.0,-0.0,nan,nan,nan
4.116666666666666,takeoff,-10.0,0.0,14.382191662254103,0.0,0.6430982393460115,nan,nan,nan,6.038219219627343,0.0,-0.0,nan,nan,nan
4.120833333333334,takeoff,-10.0,0.0,14.384860319325613,0.0,0.6404776971624848,nan,nan,nan,6.038219219627343,0.0,-0.0,nan,nan,nan
4.125,takeoff,-10.0,0.0,14.387518112369941,0.0,0.6378703306386773,nan,nan,nan,6.049576767124977,0.0,-0.0,nan,nan,nan
4.129166666666666,takeoff,-10.0,0.0,14.390165092230681,0.0,0.6352751665775626,nan,nan,nan,6.049576767124977,0.0,-0.0,nan,nan,nan
4.133333333333333,takeoff,-10.0,0.0,14.392801306032927,0.0,0.6326913125391369,nan,nan,nan,6.049576767124977,0.0,-0.0,nan,nan,nan
4.1375,takeoff,-10.0,0.0,14.395426797491895,0.0,0.6301179501523533,nan,nan,nan,6.049576767124977,0.0,-0.0,nan,nan,nan
4.141666666666667,takeoff,-10.0,0.0,14.39804160719597,0.0,0.6275543289778543,nan,nan,nan,6.049576767124977,0.0,-0.0,nan,nan,nan
4.145833333333333,takeoff,-10.0,0.0,14.400645772866289,0.0,0.6249997608766398,nan,nan,nan,6.049576767124977,0.0,-0.0,nan,nan,nan
4.15,takeoff,-10.0,0.0,14.403239329594804,0.0,0.6224536148433769,nan,nan,nan,6.049576767124977,0.0,-0.0,nan,nan,nan
4.154166666666667,takeoff,-10.0,0.0,14.40582231006258,0.0,0.6199153122663675,nan,nan,nan,6.049576767124977,0.0,-0.0,nan,nan,nan
4.158333333333333,takeoff,-10.0,0.0,14.408394744739994,0.0,0.6173843225792313,nan,nan,nan,6.049576767124977,0.0,-0.0,nan,nan,nan
4.1625,takeoff,-10.0,0.0,14.410956662070294,0.0,0.6148601592721815,nan,nan,nan,6.049576767124977,0.0,-0.0,nan,nan,nan
4.166666666666667,takeoff,-10.0,0.0,14.413508113374569,0.0,0.6123483130259303,nan,nan,nan,6.060756028492486,0.0,-0.0,nan,nan,nan
4.170833333333333,takeoff,-10.0,0.0,14.416049146198608,0.0,0.609847877769424,nan,nan,nan,6.060756028492486,0.0,-0.0,nan,nan,nan
4.175,takeoff,-10.0,0.0,14.418579804626246,0.0,0.60735802263316,nan,nan,nan,6.060756028492486,0.0,-0.0,nan,nan,nan
4.179166666666666,takeoff,-10.0,0.0,14.421100129566739,0.0,0.6048779857184752,nan,nan,nan,6.060756028492486,0.0,-0.0,nan,nan,nan
4.183333333333334,takeoff,-10.0,0.0,14.423610159018324,0.0,0.6024070683804038,nan,nan,nan,6.060756028492486,0.0,-0.0,nan,nan,nan
4.1875,takeoff,-10.0,0.0,14.426109928309916,0.0,0.5999446299822015,nan,nan,nan,6.060756028492486,0.0,-0.0,nan,nan,nan
4.191666666666666,takeoff,-10.0,0.0,14.428599470322762,0.0,0.5974900830829839,nan,nan,nan,6.060756028492486,0.0,-0.0,nan,nan,nan
4.195833333333333,takeoff,-10.0,0.0,14.431078815693692,0.0,0.5950428890230192,nan,nan,nan,6.060756028492486,0.0,-0.0,nan,nan,nan
4.2,takeoff,-10.0,0.0,14.433548017258829,0.0,0.5926083756331241,nan,nan,nan,6.071717649489214,0.0,-0.0,nan,nan,nan
4.204166666666667,takeoff,-10.0,0.0,14.436007123936665,0.0,0.5901856026806692,nan,nan,nan,6.071717649489214,0.0,-0.0,nan,nan,nan
4.208333333333333,takeoff,-10.0,0.0,14.438456181053196,0.0,0.5877737079673853,nan,nan,nan,6.071717649489214,0.0,-0.0,nan,nan,nan
4.2125,takeoff,-10.0,0.0,14.440895230640134,0.0,0.5853719008651848,nan,nan,nan,6.071717649489214,0.0,-0.0,nan,nan,nan
4.216666666666667,takeoff,-10.0,0.0,14.443324311708404,0.0,0.5829794563845941,nan,nan,nan,6.071717649489214,0.0,-0.0,nan,nan,nan
4.220833333333333,takeoff,-10.0,0.0,14.445743460498955,0.0,0.5805957097323711,nan,nan,nan,6.071717649489214,0.0,-0.0,nan,nan,nan
4.225,takeoff,-10.0,0.0,14.448152710712781,0.0,0.578220051318352,nan,nan,nan,6.071717649489214,0.0,-0.0,nan,nan,nan
4.229166666666667,takeoff,-10.0,0.0,14.450552093721843,0.0,0.5758519221747733,nan,nan,nan,6.071717649489214,0.0,-0.0,nan,nan,nan
4.233333333333333,takeoff,-10.0,0.0,14.452941638762486,0.0,0.5734908097542657,nan,nan,nan,6.071717649489214,0.0,-0.0,5.089095075957046,19.595917942265423,3.850570219221194
4.2375,takeoff,-10.0,0.0,14.4553213731128,0.0,0.5711362440754467,nan,nan,nan,6.071717649489214,0.0,-0.0,5.089095075957046,19.595917942265423,3.850570219221194
4.241666666666666,takeoff,-10.0,0.0,14.457691345965817,0.0,0.568793484723927,nan,nan,nan,6.08242898419323,0.0,-0.0,5.089095075957046,19.595917942265423,3.850570219221194
4.245833333333334,takeoff,-10.0,0.0,14.46005160288285,0.0,0.5664616600880218,nan,nan,nan,6.08242898419323,0.0,-0.0,5.089095075957046,19.595917942265423,3.850570219221194
4.25,takeoff,-10.0,0.0,14.462402186094971,0.0,0.5641399709094446,nan,nan,nan,6.08242898419323,0.0,-0.0,5.089095075957046,19.595917942265423,3.850570219221194
4.254166666666666,takeoff,-10.0,0.0,14.464743134779502,0.0,0.5618276842870628,nan,nan,nan,6.08242898419323,0.0,-0.0,5.089095075957046,19.595917942265423,3.850570219221194
4.258333333333333,takeoff,-10.0,0.0,14.467074485313566,0.0,0.5595241281751329,nan,nan,nan,6.08242898419323,0.0,-0.0,5.089095075957046,19.595917942265423,3.850570219221194
4.2625,takeoff,-10.0,0.0,14.46939627150663,0.0,0.5572286863356319,nan,nan,nan,6.08242898419323,0.0,-0.0,5.089095075957046,19.595917942265423,3.850570219221194
4.266666666666667,takeoff,-10.0,0.0,14.471708524813746,0.0,0.5549407937075376,nan,nan,nan,6.08242898419323,0.0,-0.0,7.8293770399339175,19.595917942265423,2.502870642493776
4.270833333333333,takeoff,-10.0,0.0,14.474011274531074,0.0,0.552659932158894,nan,nan,nan,6.08242898419323,0.0,-0.0,7.8293770399339175,19.595917942265423,2.502870642493776
4.275,takeoff,-10.0,0.0,14.476304571091703,0.0,0.550391174550669,nan,nan,nan,6.092871004993549,0.0,-0.0,7.8293770399339175,19.595917942265423,2.502870642493776
4.279166666666667,takeoff,-10.0,0.0,14.478588461178251,0.0,0.5481336207714999,nan,nan,nan,6.092871004993549,0.0,-0.0,7.8293770399339175,19.595917942265423,2.502870642493776
4.283333333333333,takeoff,-10.0,0.0,14.4808629880342,0.0,0.5458864454277267,nan,nan,nan,6.092871004993549,0.0,-0.0,7.8293770399339175,19.595917942265423,2.502870642493776
4.2875,takeoff,-10.0,0.0,14.483128191749417,0.0,0.5436488916521844,nan,nan,nan,6.092871004993549,0.0,-0.0,7.8293770399339175,19.595917942265423,2.502870642493776
4.291666666666667,takeoff,-10.0,0.0,14.485384109522014,0.0,0.5414202654233904,nan,nan,nan,6.092871004993549,0.0,-0.0,7.8293770399339175,19.595917942265423,2.502870642493776
4.295833333333333,takeoff,-10.0,0.0,14.487630775898488,0.0,0.5391999303534724,nan,nan,nan,6.092871004993549,0.0,-0.0,7.8293770399339175,19.595917942265423,2.502870642493776
4.3,takeoff,-10.0,0.0,14.489868222993932,0.0,0.5369873029065124,nan,nan,nan,6.092871004993549,0.0,-0.0,12.04519544605218,19.595917942265423,1.6268659176209546
4.304166666666666,takeoff,-10.0,0.0,14.492096480693982,0.0,0.5347818480120596,nan,nan,nan,6.092871004993549,0.0,-0.0,12.04519544605218,19.595917942265423,1.6268659176209546
4.308333333333334,takeoff,-10.0,0.0,14.494315576839988,0.0,0.5325830750414017,nan,nan,nan,6.092871004993549,0.0,-0.0,12.04519544605218,19.595917942265423,1.6268659176209546
4.3125,takeoff,-10.0,0.0,14.496525537398808,0.0,0.5303905341168055,nan,nan,nan,6.092871004993549,0.0,-0.0,12.04519544605218,19.595917942265423,1.6268659176209546
4.316666666666666,takeoff,-10.0,0.0,14.49872640910705,0.0,0.5282092099779963,nan,nan,nan,6.103026463909281,0.0,-0.0,12.04519544605218,19.595917942265423,1.6268659176209546
4.320833333333333,takeoff,-10.0,0.0,14.500918235242114,0.0,0.5260382724153209,nan,nan,nan,6.103026463909281,0.0,-0.0,12.04519544605218,19.595917942265423,1.6268659176209546
4.325,takeoff,-10.0,0.0,14.503101055909397,0.0,0.5238769601477985,nan,nan,nan,6.103026463909281,0.0,-0.0,12.04519544605218,19.595917942265423,1.6268659176209546
4.329166666666667,takeoff,-10.0,0.0,14.505274908305685,0.0,0.5217245751090386,nan,nan,nan,6.103026463909281,0.0,-0.0,12.04519544605218,19.595917942265423,1.6268659176209546
4.333333333333333,takeoff,-10.0,0.0,14.507439826960704,0.0,0.5195804772046302,nan,nan,nan,6.103026463909281,0.0,-0.0,nan,nan,nan
4.3375,takeoff,-10.0,0.0,14.509595843958632,0.0,0.5174440795024564,nan,nan,nan,6.103026463909281,0.0,-0.0,nan,nan,nan
4.341666666666667,takeoff,-10.0,0.0,14.511742989141217,0.0,0.5153148438204844,nan,nan,nan,6.103026463909281,0.0,-0.0,nan,nan,nan
4.345833333333333,takeoff,-10.0,0.0,14.513881290294048,0.0,0.5131922766794343,nan,nan,nan,6.103026463909281,0.0,-0.0,nan,nan,nan
4.35,takeoff,-10.0,0.0,14.516010795156864,0.0,0.5110811670761581,nan,nan,nan,6.112887975786525,0.0,-0.0,nan,nan,nan
4.354166666666667,takeoff,-10.0,0.0,14.518131547911969,0.0,0.5089806612249593,nan,nan,nan,6.112887975786525,0.0,-0.0,nan,nan,nan
4.358333333333333,takeoff,-10.0,0.0,14.520243589479575,0.0,0.5068899762255905,nan,nan,nan,6.112887975786525,0.0,-0.0,nan,nan,nan
4.3625,takeoff,-10.0,0.0,14.52234695778869,0.0,0.5048083941877104,nan,nan,nan,6.112887975786525,0.0,-0.0,nan,nan,nan
4.366666666666666,takeoff,-10.0,0.0,14.524441688025524,0.0,0.5027352568400101,nan,nan,nan,6.112887975786525,0.0,-0.0,nan,nan,nan
4.370833333333334,takeoff,-10.0,0.0,14.526527812861293,0.0,0.5006699605844044,nan,nan,nan,6.112887975786525,0.0,-0.0,nan,nan,nan
4.375,takeoff,-10.0,0.0,14.528605362661121,0.0,0.4986119519588601,nan,nan,nan,6.112887975786525,0.0,-0.0,nan,nan,nan
4.379166666666666,takeoff,-10.0,0.0,14.530674365675601,0.0,0.4965607234753648,nan,nan,nan,6.112887975786525,0.0,-0.0,nan,nan,nan
4.383333333333333,takeoff,-10.0,0.0,14.532734848216444,0.0,0.49451580980224036,nan,nan,nan,6.112887975786525,0.0,-0.0,nan,nan,nan
4.3875,takeoff,-10.0,0.0,14.534786834817538,0.0,0.49247678426250013,nan,nan,nan,6.112887975786525,0.0,-0.0,nan,nan,nan
4.391666666666667,takeoff,-10.0,0.0,14.53683036955958,0.0,0.49044833808991906,nan,nan,nan,6.122447711826055,0.0,-0.0,nan,nan,nan
4.395833333333333,takeoff,-10.0,0.0,14.53886549325493,0.0,0.488429686883997,nan,nan,nan,6.122447711826055,0.0,-0.0,nan,nan,nan
4.4,takeoff,-10.0,0.0,14.540892243719018,0.0,0.4864201113813138,nan,nan,nan,6.122447711826055,0.0,-0.0,nan,nan,nan
4.404166666666667,takeoff,-10.0,0.0,14.542910656019243,0.0,0.48441895205407476,nan,nan,nan,6.122447711826055,0.0,-0.0,nan,nan,nan
4.408333333333333,takeoff,-10.0,0.0,14.54492076270322,0.0,0.48242560415459784,nan,nan,nan,6.122447711826055,0.0,-0.0,nan,nan,nan
4.4125,takeoff,-10.0,0.0,14.546922594008093,0.0,0.4804395131692424,nan,nan,nan,6.122447711826055,0.0,-0.0,nan,nan,nan
4.416666666666667,takeoff,-10.0,0.0,14.54891617805246,0.0,0.4784601706482157,nan,nan,nan,6.122447711826055,0.0,-0.0,nan,nan,nan
4.420833333333333,takeoff,-10.0,0.0,14.550901541012378,0.0,0.4764871103804026,nan,nan,nan,6.122447711826055,0.0,-0.0,nan,nan,nan
4.425,takeoff,-10.0,0.0,14.552878727792498,0.0,0.47452482722908135,nan,nan,nan,6.131705498591416,0.0,-0.0,nan,nan,nan
4.429166666666666,takeoff,-10.0,0.0,14.554847779946659,0.0,0.4725725169987305,nan,nan,nan,6.131705498591416,0.0,-0.0,nan,nan,nan
4.433333333333334,takeoff,-10.0,0.0,14.556808735956137,0.0,0.4706294422746533,nan,nan,nan,6.131705498591416,0.0,-0.0,nan,nan,nan
4.4375,takeoff,-10.0,0.0,14.558761631484828,0.0,0.468694926885804,nan,nan,nan,6.131705498591416,0.0,-0.0,nan,nan,nan
4.441666666666666,takeoff,-10.0,0.0,14.560706499613264,0.0,0.46676835082466256,nan,nan,nan,6.131705498591416,0.0,-0.0,nan,nan,nan
4.445833333333333,takeoff,-10.0,0.0,14.562643371053209,0.0,0.46484914558676615,nan,nan,nan,6.131705498591416,0.0,-0.0,nan,nan,nan
4.45,takeoff,-10.0,0.0,14.56457227434444,0.0,0.4629367898955089,nan,nan,nan,6.131705498591416,0.0,-0.0,nan,nan,nan
4.454166666666667,takeoff,-10.0,0.0,14.566493236035193,0.0,0.4610308057805953,nan,nan,nan,6.131705498591416,0.0,-0.0,nan,nan,nan
4.458333333333333,takeoff,-10.0,0.0,14.568406280847613,0.0,0.4591307549810892,nan,nan,nan,6.131705498591416,0.0,-0.0,nan,nan,nan
4.4625,takeoff,-10.0,0.0,14.570311431829474,0.0,0.45723623564635607,nan,nan,nan,6.131705498591416,0.0,-0.0,nan,nan,nan
4.466666666666667,takeoff,-10.0,0.0,14.572208730335083,0.0,0.4553516413463641,nan,nan,nan,6.1406594969666575,0.0,-0.0,5.2288537612188914,19.595917942265423,3.7476507925319074
4.470833333333333,takeoff,-10.0,0.0,14.574098214648982,0.0,0.453476235335747,nan,nan,nan,6.1406594969666575,0.0,-0.0,5.2288537612188914,19.595917942265423,3.7476507925319074
4.475,takeoff,-10.0,0.0,14.575979920240899,0.0,0.4516093420598444,nan,nan,nan,6.1406594969666575,0.0,-0.0,5.2288537612188914,19.595917942265423,3.7476507925319074
4.479166666666667,takeoff,-10.0,0.0,14.57785387999956,0.0,0.4497503420788768,nan,nan,nan,6.1406594969666575,0.0,-0.0,5.2288537612188914,19.595917942265423,3.7476507925319074
4.483333333333333,takeoff,-10.0,0.0,14.579720124447109,0.0,0.4478986674114341,nan,nan,nan,6.1406594969666575,0.0,-0.0,5.2288537612188914,19.595917942265423,3.7476507925319074
4.4875,takeoff,-10.0,0.0,14.581578681935705,0.0,0.4460537972629152,nan,nan,nan,6.1406594969666575,0.0,-0.0,5.2288537612188914,19.595917942265423,3.7476507925319074
4.491666666666666,takeoff,-10.0,0.0,14.583429578827818,0.0,0.4442152541073302,nan,nan,nan,6.1406594969666575,0.0,-0.0,5.2288537612188914,19.595917942265423,3.7476507925319074
4.495833333333334,takeoff,-10.0,0.0,14.58527283966154,0.0,0.44238260009342756,nan,nan,nan,6.1406594969666575,0.0,-0.0,5.2288537612188914,19.595917942265423,3.7476507925319074
4.5,takeoff,-10.0,0.0,14.587108506481854,0.0,0.4405600368753255,nan,nan,nan,6.149314020166354,0.0,-0.0,8.044390401875217,19.595917942265423,2.43597301514574
4.504166666666666,takeoff,-10.0,0.0,14.588936618193436,0.0,0.4387468107794656,nan,nan,nan,6.149314020166354,0.0,-0.0,8.044390401875217,19.595917942265423,2.43597301514574
4.508333333333333,takeoff,-10.0,0.0,14.590757210821476,0.0,0.43694223072932714,nan,nan,nan,6.149314020166354,0.0,-0.0,8.044390401875217,19.595917942265423,2.43597301514574
4.5125,takeoff,-10.0,0.0,14.592570317750866,0.0,0.4351456630534105,nan,nan,nan,6.149314020166354,0.0,-0.0,8.044390401875217,19.595917942265423,2.43597301514574
4.516666666666667,takeoff,-10.0,0.0,14.594375969945542,0.0,0.4333565267220551,nan,nan,nan,6.149314020166354,0.0,-0.0,8.044390401875217,19.595917942265423,2.43597301514574
4.520833333333333,takeoff,-10.0,0.0,14.596174196149617,0.0,0.4315742889779626,nan,nan,nan,6.149314020166354,0.0,-0.0,8.044390401875217,19.595917942265423,2.43597301514574
4.525,takeoff,-10.0,0.0,14.597965023071817,0.0,0.4297984613281283,nan,nan,nan,6.149314020166354,0.0,-0.0,8.044390401875217,19.595917942265423,2.43597301514574
4.529166666666667,takeoff,-10.0,0.0,14.599748475554598,0.0,0.42802859586749226,nan,nan,nan,6.149314020166354,0.0,-0.0,8.044390401875217,19.595917942265423,2.43597301514574
4.533333333333333,takeoff,-10.0,0.0,14.601524576729211,0.0,0.42626428190702753,nan,nan,nan,6.149314020166354,0.0,-0.0,12.375985233654179,19.595917942265423,1.583382459844731
4.5375,takeoff,-10.0,0.0,14.603293348157884,0.0,0.4245051428812014,nan,nan,nan,6.149314020166354,0.0,-0.0,12.375985233654179,19.595917942265423,1.583382459844731
4.541666666666667,takeoff,-10.0,0.0,14.605054828488939,0.0,0.4227552794530405,nan,nan,nan,6.157671015644646,0.0,-0.0,12.375985233654179,19.595917942265423,1.583382459844731
4.545833333333333,takeoff,-10.0,0.0,14.606809053499617,0.0,0.42101400256277466,nan,nan,nan,6.157671015644646,0.0,-0.0,12.375985233654179,19.595917942265423,1.583382459844731
4.55,takeoff,-10.0,0.0,14.608556056334578,0.0,0.4192806803906939,nan,nan,nan,6.157671015644646,0.0,-0.0,12.375985233654179,19.595917942265423,1.583382459844731
4.554166666666666,takeoff,-10.0,0.0,14.61029586772461,0.0,0.41755473360753614,nan,nan,nan,6.157671015644646,0.0,-0.0,12.375985233654179,19.595917942265423,1.583382459844731
4.558333333333334,takeoff,-10.0,0.0,14.612028516187182,0.0,0.41583563101747617,nan,nan,nan,6.157671015644646,0.0,-0.0,12.375985233654179,19.595917942265423,1.583382459844731
4.5625,takeoff,-10.0,0.0,14.613754028210355,0.0,0.4141228855615046,nan,nan,nan,6.157671015644646,0.0,-0.0,12.375985233654179,19.595917942265423,1.583382459844731
4.566666666666666,takeoff,-10.0,0.0,14.615472428421404,0.0,0.41241605065159204,nan,nan,nan,6.157671015644646,0.0,-0.0,19.03997728254489,19.595917942265423,1.0291985988990753
4.570833333333333,takeoff,-10.0,0.0,14.617183739741439,0.0,0.41071471680843014,nan,nan,nan,6.157671015644646,0.0,-0.0,19.03997728254489,19.595917942265423,1.0291985988990753
4.575,takeoff,-10.0,0.0,14.618888001409289,0.0,0.409022800284041,nan,nan,nan,6.165737501221962,0.0,-0.0,19.03997728254489,19.595917942265423,1.0291985988990753
4.579166666666667,takeoff,-10.0,0.0,14.620585249731342,0.0,0.4073395972927517,nan,nan,nan,6.165737501221962,0.0,-0.0,19.03997728254489,19.595917942265423,1.0291985988990753
4.583333333333333,takeoff,-10.0,0.0,14.622275518325145,0.0,0.40566446251284244,nan,nan,nan,6.165737501221962,0.0,-0.0,19.03997728254489,19.595917942265423,1.0291985988990753
4.5875,takeoff,-10.0,0.0,14.623958838342794,0.0,0.4039968042357533,nan,nan,nan,6.165737501221962,0.0,-0.0,19.03997728254489,19.595917942265423,1.0291985988990753
4.591666666666667,takeoff,-10.0,0.0,14.625635238675779,0.0,0.4023360799161934,nan,nan,nan,6.165737501221962,0.0,-0.0,19.03997728254489,19.595917942265423,1.0291985988990753
4.595833333333333,takeoff,-10.0,0.0,14.627304746142821,0.0,0.4006817920902712,nan,nan,nan,6.165737501221962,0.0,-0.0,19.03997728254489,19.595917942265423,1.0291985988990753
4.6,takeoff,-10.0,0.0,14.628967385662119,0.0,0.39903348463142113,nan,nan,nan,6.165737501221962,0.0,-0.0,nan,nan,nan
4.604166666666667,takeoff,-10.0,0.0,14.63062318040927,0.0,0.3973907393163505,nan,nan,nan,6.165737501221962,0.0,-0.0,nan,nan,nan
4.608333333333333,takeoff,-10.0,0.0,14.632272151962084,0.0,0.39575317267548527,nan,nan,nan,6.165737501221962,0.0,-0.0,nan,nan,nan
4.6125,takeoff,-10.0,0.0,14.633914320433353,0.0,0.3941204331044708,nan,nan,nan,6.165737501221962,0.0,-0.0,nan,nan,nan
4.616666666666666,takeoff,-10.0,0.0,14.635549721843994,0.0,0.3924963385534987,nan,nan,nan,6.173517749413537,0.0,-0.0,nan,nan,nan
4.620833333333334,takeoff,-10.0,0.0,14.637178389537768,0.0,0.3908802465057642,nan,nan,nan,6.173517749413537,0.0,-0.0,nan,nan,nan
4.625,takeoff,-10.0,0.0,14.638800354403713,0.0,0.389271567827002,nan,nan,nan,6.173517749413537,0.0,-0.0,nan,nan,nan
4.629166666666666,takeoff,-10.0,0.0,14.640415645080108,0.0,0.38766976233461203,nan,nan,nan,6.173517749413537,0.0,-0.0,nan,nan,nan
4.633333333333333,takeoff,-10.0,0.0,14.642024288141496,0.0,0.38607433473325214,nan,nan,nan,6.173517749413537,0.0,-0.0,nan,nan,nan
4.6375,takeoff,-10.0,0.0,14.643626308270191,0.0,0.38448483088679725,nan,nan,nan,6.173517749413537,0.0,-0.0,nan,nan,nan
4.641666666666667,takeoff,-10.0,0.0,14.64522172841352,0.0,0.3829008343990042,nan,nan,nan,6.173517749413537,0.0,-0.0,nan,nan,nan
4.645833333333333,takeoff,-10.0,0.0,14.646810569928011,0.0,0.3813219634774673,nan,nan,nan,6.173517749413537,0.0,-0.0,nan,nan,nan
4.65,takeoff,-10.0,0.0,14.648392869348399,0.0,0.37975186089312213,nan,nan,nan,6.181020302001137,0.0,-0.0,nan,nan,nan
4.654166666666667,takeoff,-10.0,0.0,14.649968660478107,0.0,0.37818987112996055,nan,nan,nan,6.181020302001137,0.0,-0.0,nan,nan,nan
4.658333333333333,takeoff,-10.0,0.0,14.65153797461617,0.0,0.37663539313531547,nan,nan,nan,6.181020302001137,0.0,-0.0,nan,nan,nan
4.6625,takeoff,-10.0,0.0,14.653100840765335,0.0,0.3750878757995835,nan,nan,nan,6.181020302001137,0.0,-0.0,nan,nan,nan
4.666666666666667,takeoff,-10.0,0.0,14.654657285822875,0.0,0.3735468138097576,nan,nan,nan,6.181020302001137,0.0,-0.0,nan,nan,nan
4.670833333333333,takeoff,-10.0,0.0,14.656207334755567,0.0,0.3720117438460746,nan,nan,nan,6.181020302001137,0.0,-0.0,nan,nan,nan
4.675,takeoff,-10.0,0.0,14.657751010760125,0.0,0.3704822410935695,nan,nan,nan,6.181020302001137,0.0,-0.0,nan,nan,nan
4.679166666666666,takeoff,-10.0,0.0,14.659288335410302,0.0,0.36895791604261585,nan,nan,nan,6.181020302001137,0.0,-0.0,nan,nan,nan
4.683333333333334,takeoff,-10.0,0.0,14.66081932879178,0.0,0.36743841155464246,nan,nan,nan,6.181020302001137,0.0,-0.0,nan,nan,nan
4.6875,takeoff,-10.0,0.0,14.662344009625826,0.0,0.36592340017115577,nan,nan,nan,6.181020302001137,0.0,-0.0,nan,nan,nan
4.691666666666666,takeoff,-10.0,0.0,14.663862411419505,0.0,0.3644164304829585,nan,nan,nan,6.18825078251011,0.0,-0.0,nan,nan,nan
4.695833333333333,takeoff,-10.0,0.0,14.665374565188912,0.0,0.36291690465774995,nan,nan,nan,6.18825078251011,0.0,-0.0,nan,nan,nan
4.7,takeoff,-10.0,0.0,14.666880499666167,0.0,0.3614242745409318,nan,nan,nan,6.18825078251011,0.0,-0.0,nan,nan,nan
4.704166666666667,takeoff,-10.0,0.0,14.668380241489213,0.0,0.35993803753105097,nan,nan,nan,6.18825078251011,0.0,-0.0,nan,nan,nan
4.708333333333333,takeoff,-10.0,0.0,14.669873815375865,0.0,0.35845773279656273,nan,nan,nan,6.18825078251011,0.0,-0.0,nan,nan,nan
4.7125,takeoff,-10.0,0.0,14.67136124428339,0.0,0.35698293780584905,nan,nan,nan,6.18825078251011,0.0,-0.0,nan,nan,nan
4.716666666666667,takeoff,-10.0,0.0,14.672842549554826,0.0,0.35551326514470705,nan,nan,nan,6.18825078251011,0.0,-0.0,nan,nan,nan
4.720833333333333,takeoff,-10.0,0.0,14.674317751053149,0.0,0.35404835959761943,nan,nan,nan,6.18825078251011,0.0,-0.0,nan,nan,nan
4.725,takeoff,-10.0,0.0,14.67578688273925,0.0,0.3525916046641566,nan,nan,nan,6.195218477227795,0.0,-0.0,nan,nan,nan
4.729166666666667,takeoff,-10.0,0.0,14.677249976034656,0.0,0.3511423908975614,nan,nan,nan,6.195218477227795,0.0,-0.0,nan,nan,nan
4.733333333333333,takeoff,-10.0,0.0,14.67870706003255,0.0,0.34970015949478445,nan,nan,nan,6.195218477227795,0.0,-0.0,nan,nan,nan
4.7375,takeoff,-10.0,0.0,14.680158161691267,0.0,0.34826439809197623,nan,nan,nan,6.195218477227795,0.0,-0.0,nan,nan,nan
4.741666666666666,takeoff,-10.0,0.0,14.681603306011716,0.0,0.3468346369078729,nan,nan,nan,6.195218477227795,0.0,-0.0,nan,nan,nan
4.745833333333334,takeoff,-10.0,0.0,14.683042516200077,0.0,0.3454104452064781,nan,nan,nan,6.195218477227795,0.0,-0.0,nan,nan,nan
4.75,takeoff,-10.0,0.0,14.684475813816963,0.0,0.3439914280527637,nan,nan,nan,6.195218477227795,0.0,-0.0,nan,nan,nan
4.754166666666666,takeoff,-10.0,0.0,14.685903218914202,0.0,0.3425772233372489,nan,nan,nan,6.195218477227795,0.0,-0.0,nan,nan,nan
4.758333333333333,takeoff,-10.0,0.0,14.687324750160233,0.0,0.3411674990472851,nan,nan,nan,6.195218477227795,0.0,-0.0,nan,nan,nan
4.7625,takeoff,-10.0,0.0,14.688740424955085,0.0,0.3397619507646851,nan,nan,nan,6.195218477227795,0.0,-0.0,nan,nan,nan
4.766666666666667,takeoff,-10.0,0.0,14.690150274424788,0.0,0.3383638727285212,nan,nan,nan,6.201929714820999,0.0,-0.0,5.015370365457228,19.595917942265423,3.9071726541333813
4.770833333333333,takeoff,-10.0,0.0,14.69155432738115,0.0,0.33697270952693104,nan,nan,nan,6.201929714820999,0.0,-0.0,5.015370365457228,19.595917942265423,3.9071726541333813
4.775,takeoff,-10.0,0.0,14.692952610514098,0.0,0.3355879519074635,nan,nan,nan,6.201929714820999,0.0,-0.0,5.015370365457228,19.595917942265423,3.9071726541333813
4.779166666666667,takeoff,-10.0,0.0,14.69434514856803,0.0,0.33420913294358817,nan,nan,nan,6.201929714820999,0.0,-0.0,5.015370365457228,19.595917942265423,3.9071726541333813
4.783333333333333,takeoff,-10.0,0.0,14.695731964503523,0.0,0.3328358245186029,nan,nan,nan,6.201929714820999,0.0,-0.0,5.015370365457228,19.595917942265423,3.9071726541333813
4.7875,takeoff,-10.0,0.0,14.697113079645609,0.0,0.33146763410081564,nan,nan,nan,6.201929714820999,0.0,-0.0,5.015370365457228,19.595917942265423,3.9071726541333813
4.791666666666667,takeoff,-10.0,0.0,14.698488513819717,0.0,0.3301042017860024,nan,nan,nan,6.201929714820999,0.0,-0.0,5.015370365457228,19.595917942265423,3.9071726541333813
4.795833333333333,takeoff,-10.0,0.0,14.69985828547632,0.0,0.32874519758509835,nan,nan,nan,6.201929714820999,0.0,-0.0,5.015370365457228,19.595917942265423,3.9071726541333813
4.8,takeoff,-10.0,0.0,14.701222426147243,0.0,0.3273937610215632,nan,nan,nan,6.2083940173382155,0.0,-0.0,7.715954408395734,19.595917942265423,2.539662225186698
4.804166666666666,takeoff,-10.0,0.0,14.702580965006431,0.0,0.32604932620508975,nan,nan,nan,6.2083940173382155,0.0,-0.0,7.715954408395734,19.595917942265423,2.539662225186698
4.808333333333334,takeoff,-10.0,0.0,14.703933929065917,0.0,0.32471137427657537,nan,nan,nan,6.2083940173382155,0.0,-0.0,7.715954408395734,19.595917942265423,2.539662225186698
4.8125,takeoff,-10.0,0.0,14.70528134335551,0.0,0.32337942950244125,nan,nan,nan,6.2083940173382155,0.0,-0.0,7.715954408395734,19.595917942265423,2.539662225186698
4.816666666666666,takeoff,-10.0,0.0,14.706623231087562,0.0,0.3220530556922915,nan,nan,nan,6.2083940173382155,0.0,-0.0,7.715954408395734,19.595917942265423,2.539662225186698
4.820833333333333,takeoff,-10.0,0.0,14.707959613808034,0.0,0.32073185291330497,nan,nan,nan,6.2083940173382155,0.0,-0.0,7.715954408395734,19.595917942265423,2.539662225186698
4.825,takeoff,-10.0,0.0,14.709290511535022,0.0,0.319415454476917,nan,nan,nan,6.2083940173382155,0.0,-0.0,7.715954408395734,19.595917942265423,2.539662225186698
4.829166666666667,takeoff,-10.0,0.0,14.710615942885752,0.0,0.31810352417533805,nan,nan,nan,6.2083940173382155,0.0,-0.0,7.715954408395734,19.595917942265423,2.539662225186698
4.833333333333333,takeoff,-10.0,0.0,14.711935925193032,0.0,0.3167957537472923,nan,nan,nan,6.2083940173382155,0.0,-0.0,11.87069908983959,19.595917942265423,1.6507804463713538
4.8375,takeoff,-10.0,0.0,14.713250474612007,0.0,0.3154918605540419,nan,nan,nan,6.2083940173382155,0.0,-0.0,11.87069908983959,19.595917942265423,1.6507804463713538
4.841666666666667,takeoff,-10.0,0.0,14.714559620029327,0.0,0.31419490015681134,nan,nan,nan,6.214617994877968,0.0,-0.0,11.87069908983959,19.595917942265423,1.6507804463713538
4.845833333333333,takeoff,-10.0,0.0,14.715863388183914,0.0,0.3129043571008991,nan,nan,nan,6.214617994877968,0.0,-0.0,11.87069908983959,19.595917942265423,1.6507804463713538
4.85,takeoff,-10.0,0.0,14.71716180384548,0.0,0.31161975877601455,nan,nan,nan,6.214617994877968,0.0,-0.0,11.87069908983959,19.595917942265423,1.6507804463713538
4.854166666666667,takeoff,-10.0,0.0,14.718454889978219,0.0,0.3103406718571882,nan,nan,nan,6.214617994877968,0.0,-0.0,11.87069908983959,19.595917942265423,1.6507804463713538
4.858333333333333,takeoff,-10.0,0.0,14.719742667890888,0.0,0.3090666990405033,nan,nan,nan,6.214617994877968,0.0,-0.0,11.87069908983959,19.595917942265423,1.6507804463713538
4.8625,takeoff,-10.0,0.0,14.721025157374427,0.0,0.30779747604936114,nan,nan,nan,6.214617994877968,0.0,-0.0,11.87069908983959,19.595917942265423,1.6507804463713538
4.866666666666666,takeoff,-10.0,0.0,14.72230237682813,0.0,0.306532668888971,nan,nan,nan,6.214617994877968,0.0,-0.0,18.2626139843686,19.595917942265423,1.07300729014138
4.870833333333334,takeoff,-10.0,0.0,14.723574343375333,0.0,0.3052719713285778,nan,nan,nan,6.214617994877968,0.0,-0.0,18.2626139843686,19.595917942265423,1.07300729014138
4.875,takeoff,-10.0,0.0,14.724841086269132,0.0,0.30401829451186474,nan,nan,nan,6.2206110793921825,0.0,-0.0,18.2626139843686,19.595917942265423,1.07300729014138
4.879166666666666,takeoff,-10.0,0.0,14.726102632575207,0.0,0.3027711134579805,nan,nan,nan,6.2206110793921825,0.0,-0.0,18.2626139843686,19.595917942265423,1.07300729014138
4.883333333333333,takeoff,-10.0,0.0,14.727359007353638,0.0,0.3015299468232711,nan,nan,nan,6.2206110793921825,0.0,-0.0,18.2626139843686,19.595917942265423,1.07300729014138
4.8875,takeoff,-10.0,0.0,14.728610233825624,0.0,0.30029435327651083,nan,nan,nan,6.2206110793921825,0.0,-0.0,18.2626139843686,19.595917942265423,1.07300729014138
4.891666666666667,takeoff,-10.0,0.0,14.72985633352635,0.0,0.2990639281743662,nan,nan,nan,6.2206110793921825,0.0,-0.0,18.2626139843686,19.595917942265423,1.07300729014138
4.895833333333333,takeoff,-10.0,0.0,14.73109732644515,0.0,0.29783830051236326,nan,nan,nan,6.2206110793921825,0.0,-0.0,18.2626139843686,19.595917942265423,1.07300729014138
4.9,takeoff,-10.0,0.0,14.73233323115402,0.0,0.2966171301286434,nan,nan,nan,6.2206110793921825,0.0,-0.0,28.09632920672092,19.595917942265423,0.6974547385918971
4.904166666666667,takeoff,-10.0,0.0,14.733564064925435,0.0,0.295400105139648,nan,nan,nan,6.2206110793921825,0.0,-0.0,28.09632920672092,19.595917942265423,0.6974547385918971
4.908333333333333,takeoff,-10.0,0.0,14.734789843840387,0.0,0.2941869395885761,nan,nan,nan,6.2206110793921825,0.0,-0.0,28.09632920672092,19.595917942265423,0.6974547385918971
4.9125,takeoff,-10.0,0.0,14.736010582887424,0.0,0.2929773712890301,nan,nan,nan,6.2206110793921825,0.0,-0.0,28.09632920672092,19.595917942265423,0.6974547385918971
4.916666666666667,takeoff,-10.0,0.0,14.737226308857531,0.0,0.2917742328257272,nan,nan,nan,6.226379889047692,0.0,-0.0,28.09632920672092,19.595917942265423,0.6974547385918971
4.920833333333333,takeoff,-10.0,0.0,14.738437046549922,0.0,0.29057704617381586,nan,nan,nan,6.226379889047692,0.0,-0.0,28.09632920672092,19.595917942265423,0.6974547385918971
4.925,takeoff,-10.0,0.0,14.739642818937616,0.0,0.28938537304666395,nan,nan,nan,6.226379889047692,0.0,-0.0,28.09632920672092,19.595917942265423,0.6974547385918971
4.929166666666666,takeoff,-10.0,0.0,14.740843647319258,0.0,0.2881988115940168,nan,nan,nan,6.226379889047692,0.0,-0.0,28.09632920672092,19.595917942265423,0.6974547385918971
4.933333333333334,takeoff,-10.0,0.0,14.742039551458316,0.0,0.28701699337379183,nan,nan,nan,6.226379889047692,0.0,-0.0,43.22512185649372,19.595917942265423,0.45334558008473314
4.9375,takeoff,-10.0,0.0,14.743230549710711,0.0,0.2858395805749463,nan,nan,nan,6.226379889047692,0.0,-0.0,43.22512185649372,19.595917942265423,0.45334558008473314
4.941666666666666,takeoff,-10.0,0.0,14.744416659141839,0.0,0.2846662634706973,nan,nan,nan,6.226379889047692,0.0,-0.0,43.22512185649372,19.595917942265423,0.45334558008473314
4.945833333333333,takeoff,-10.0,0.0,14.745597895633852,0.0,0.28349675808306857,nan,nan,nan,6.226379889047692,0.0,-0.0,43.22512185649372,19.595917942265423,0.45334558008473314
4.95,takeoff,-10.0,0.0,14.746774286311235,0.0,0.2823337625718342,nan,nan,nan,6.231933563088991,0.0,-0.0,43.22512185649372,19.595917942265423,0.45334558008473314
4.954166666666667,takeoff,-10.0,0.0,14.747945856270402,0.0,0.2811767902001235,nan,nan,nan,6.231933563088991,0.0,-0.0,43.22512185649372,19.595917942265423,0.45334558008473314
4.958333333333333,takeoff,-10.0,0.0,14.749112628748296,0.0,0.2800253946945006,nan,nan,nan,6.231933563088991,0.0,-0.0,43.22512185649372,19.595917942265423,0.45334558008473314
4.9625,takeoff,-10.0,0.0,14.750274625276976,0.0,0.27887916688301556,nan,nan,nan,6.231933563088991,0.0,-0.0,43.22512185649372,19.595917942265423,0.45334558008473314
4.966666666666667,takeoff,-10.0,0.0,14.751431865825358,0.0,0.27773773161184795,nan,nan,nan,6.231933563088991,0.0,-0.0,nan,nan,nan
4.970833333333333,takeoff,-10.0,0.0,14.752584368929181,0.0,0.27660074491757497,nan,nan,nan,6.231933563088991,0.0,-0.0,nan,nan,nan
4.975,takeoff,-10.0,0.0,14.753732151810157,0.0,0.27546789143397127,nan,nan,nan,6.231933563088991,0.0,-0.0,nan,nan,nan
4.979166666666667,takeoff,-10.0,0.0,14.754875230485215,0.0,0.2743388820139726,nan,nan,nan,6.231933563088991,0.0,-0.0,nan,nan,nan
4.983333333333333,takeoff,-10.0,0.0,14.75601361986667,0.0,0.27321345154902055,nan,nan,nan,6.231933563088991,0.0,-0.0,nan,nan,nan
4.9875,takeoff,-10.0,0.0,14.757147333854043,0.0,0.27209135696946457,nan,nan,nan,6.231933563088991,0.0,-0.0,nan,nan,nan
4.991666666666666,takeoff,-10.0,0.0,14.758276397284082,0.0,0.2709752232093893,nan,nan,nan,6.237278555867415,0.0,-0.0,nan,nan,nan
4.995833333333334,takeoff,-10.0,0.0,14.759400833147287,0.0,0.26986460716924987,nan,nan,nan,6.237278555867415,0.0,-0.0,nan,nan,nan
5.0,takeoff,-10.0,0.0,14.760520662741406,0.0,0.26875910258863134,nan,nan,nan,6.237278555867415,0.0,-0.0,nan,nan,nan
5.004166666666666,takeoff,-10.0,0.0,14.761635905812176,0.0,0.2676583369846185,nan,nan,nan,6.237278555867415,0.0,-0.0,nan,nan,nan
5.008333333333333,takeoff,-10.0,0.0,14.762746580682359,0.0,0.2665619688440004,nan,nan,nan,6.237278555867415,0.0,-0.0,nan,nan,nan
5.0125,takeoff,-10.0,0.0,14.763852704370061,0.0,0.2654696850483631,nan,nan,nan,6.237278555867415,0.0,-0.0,nan,nan,nan
5.016666666666667,takeoff,-10.0,0.0,14.764954292697198,0.0,0.26438119851283615,nan,nan,nan,6.237278555867415,0.0,-0.0,nan,nan,nan
5.020833333333333,takeoff,-10.0,0.0,14.766051360388952,0.0,0.26329624602083423,nan,nan,nan,6.237278555867415,0.0,-0.0,nan,nan,nan
5.025,takeoff,-10.0,0.0,14.767143932587421,0.0,0.2622173276328531,nan,nan,nan,6.242423593973511,0.0,-0.0,nan,nan,nan
5.029166666666667,takeoff,-10.0,0.0,14.76823203255511,0.0,0.2611439922454245,nan,nan,nan,6.242423593973511,0.0,-0.0,nan,nan,nan
5.033333333333333,takeoff,-10.0,0.0,14.769315681831197,0.0,0.26007582626063297,nan,nan,nan,6.242423593973511,0.0,-0.0,nan,nan,nan
5.0375,takeoff,-10.0,0.0,14.770394900374818,0.0,0.259012450469229,nan,nan,nan,6.242423593973511,0.0,-0.0,nan,nan,nan
5.041666666666667,takeoff,-10.0,0.0,14.771469706696452,0.0,0.25795351719213666,nan,nan,nan,6.242423593973511,0.0,-0.0,nan,nan,nan
5.045833333333333,takeoff,-10.0,0.0,14.772540117978364,0.0,0.2568987076590364,nan,nan,nan,6.242423593973511,0.0,-0.0,nan,nan,nan
5.05,takeoff,-10.0,0.0,14.77360615018505,0.0,0.25584772960444574,nan,nan,nan,6.242423593973511,0.0,-0.0,nan,nan,nan
5.054166666666666,takeoff,-10.0,0.0,14.77466781816448,0.0,0.25480031506332407,nan,nan,nan,6.242423593973511,0.0,-0.0,nan,nan,nan
5.058333333333334,takeoff,-10.0,0.0,14.775725135740936,0.0,0.2537562183497011,nan,nan,nan,6.242423593973511,0.0,-0.0,nan,nan,nan
5.0625,takeoff,-10.0,0.0,14.776778115800116,0.0,0.2527152142031841,nan,nan,nan,6.242423593973511,0.0,-0.0,nan,nan,nan
5.066666666666666,takeoff,-10.0,0.0,14.777826781361005,0.0,0.25167973461343035,nan,nan,nan,6.247374864255923,0.0,-0.0,nan,nan,nan
5.070833333333333,takeoff,-10.0,0.0,14.77887115373175,0.0,0.25064936897853285,nan,nan,nan,6.247374864255923,0.0,-0.0,nan,nan,nan
5.075,takeoff,-10.0,0.0,14.779911252651907,0.0,0.2496237408375094,nan,nan,nan,6.247374864255923,0.0,-0.0,nan,nan,nan
5.079166666666667,takeoff,-10.0,0.0,14.780947096422874,0.0,0.24860250503233697,nan,nan,nan,6.247374864255923,0.0,-0.0,nan,nan,nan
5.083333333333333,takeoff,-10.0,0.0,14.78197870202748,0.0,0.24758534510536834,nan,nan,nan,6.247374864255923,0.0,-0.0,nan,nan,nan
5.0875,takeoff,-10.0,0.0,14.783006085239617,0.0,0.24657197091269253,nan,nan,nan,6.247374864255923,0.0,-0.0,nan,nan,nan
5.091666666666667,takeoff,-10.0,0.0,14.784029260724765,0.0,0.24556211643559214,nan,nan,nan,6.247374864255923,0.0,-0.0,nan,nan,nan
5.095833333333333,takeoff,-10.0,0.0,14.785048242132156,0.0,0.24455553777371408,nan,nan,nan,6.247374864255923,0.0,-0.0,nan,nan,nan
5.1,takeoff,-10.0,0.0,14.786063052761651,0.0,0.24355455107894516,nan,nan,nan,6.252140615756963,0.0,-0.0,nan,nan,nan
5.104166666666667,takeoff,-10.0,0.0,14.787073714171528,0.0,0.2425587383703769,nan,nan,nan,6.252140615756963,0.0,-0.0,nan,nan,nan
5.108333333333333,takeoff,-10.0,0.0,14.78808024632329,0.0,0.2415677164225421,nan,nan,nan,6.252140615756963,0.0,-0.0,nan,nan,nan
5.1125,takeoff,-10.0,0.0,14.789082667714442,0.0,0.24058113387647748,nan,nan,nan,6.252140615756963,0.0,-0.0,nan,nan,nan
5.116666666666666,takeoff,-10.0,0.0,14.790080995500237,0.0,0.23959866859037765,nan,nan,nan,6.252140615756963,0.0,-0.0,nan,nan,nan
5.120833333333334,takeoff,-10.0,0.0,14.791075245605278,0.0,0.23862002521005762,nan,nan,nan,6.252140615756963,0.0,-0.0,nan,nan,nan
5.125,takeoff,-10.0,0.0,14.792065432825865,0.0,0.23764493294105973,nan,nan,nan,6.252140615756963,0.0,-0.0,nan,nan,nan
5.129166666666666,takeoff,-10.0,0.0,14.793051570923806,0.0,0.23667314350573085,nan,nan,nan,6.252140615756963,0.0,-0.0,nan,nan,nan
5.133333333333333,takeoff,-10.0,0.0,14.79403367271243,0.0,0.23570442926996396,nan,nan,nan,6.252140615756963,0.0,-0.0,nan,nan,nan
5.1375,takeoff,-10.0,0.0,14.795011750135453,0.0,0.23473858152555732,nan,nan,nan,6.252140615756963,0.0,-0.0,nan,nan,nan
5.141666666666667,takeoff,-10.0,0.0,14.795985824524063,0.0,0.23377785326625147,nan,nan,nan,6.256726709669514,0.0,-0.0,nan,nan,nan
5.145833333333333,takeoff,-10.0,0.0,14.796955915624352,0.0,0.2328218640691207,nan,nan,nan,6.256726709669514,0.0,-0.0,nan,nan,nan
5.15,takeoff,-10.0,0.0,14.797922041729127,0.0,0.23187026514593304,nan,nan,nan,6.256726709669514,0.0,-0.0,nan,nan,nan
5.154166666666667,takeoff,-10.0,0.0,14.798884219798763,0.0,0.2309227367130199,nan,nan,nan,6.256726709669514,0.0,-0.0,nan,nan,nan
5.158333333333333,takeoff,-10.0,0.0,14.799842465572011,0.0,0.22997898557936822,nan,nan,nan,6.256726709669514,0.0,-0.0,nan,nan,nan
5.1625,takeoff,-10.0,0.0,14.800796793667573,0.0,0.22903874293490087,nan,nan,nan,6.256726709669514,0.0,-0.0,nan,nan,nan
5.166666666666667,takeoff,-10.0,0.0,14.80174721767725,0.0,0.22810176232239082,nan,nan,nan,6.256726709669514,0.0,-0.0,4.865278138108196,19.595917942265423,4.027707643017724
5.170833333333333,takeoff,-10.0,0.0,14.802693750251324,0.0,0.22716781777781248,nan,nan,nan,6.256726709669514,0.0,-0.0,4.865278138108196,19.595917942265423,4.027707643017724
5.175,track,-10.0,0.0,14.80363733853759,0.0,0.226461188703754,13.0,0.0,15.0,6.684299893778759,20.0,1.612882268572455e-05,nan,nan,nan
5.179166666666666,track,-10.0,0.0,14.804578852734593,3.104684565782364e-23,0.2259634072808019,13.0,0.0,15.0,6.684299893778759,20.0,6.324100676245793e-05,nan,nan,nan
5.183333333333334,track,-9.999999999952253,0.0,14.805519092123063,1.1459293280374289e-08,0.2256574532329628,13.0,0.0,15.0,6.684299893778759,20.0,0.00015500540880377216,nan,nan,nan
5.1875,track,-9.99999999971651,0.0,14.806458790655684,5.657860346317507e-08,0.22552764782894547,13.0,0.0,15.0,6.684299893778759,20.0,0.000303997744586839,nan,nan,nan
5.191666666666666,track,-9.999999999018227,0.0,14.80739862213227,1.675876572370589e-07,0.22555955438045852,13.0,0.0,15.0,6.684299893778759,20.0,0.000521772401910746,nan,nan,nan
5.195833333333333,track,-9.999999997409672,0.0,14.808339204986712,3.8605326452962723e-07,0.2257398850659255,13.0,0.0,15.0,6.684299893778759,20.0,0.0008189499938288425,nan,nan,nan
5.2,track,-9.999999994233825,0.0,14.809281106711174,7.622031639422431e-07,0.22605641387062483,13.0,0.0,15.0,6.684299893778759,20.0,0.0012052737926613929,nan,nan,nan
5.204166666666667,track,-9.99999998859097,0.0,14.810224847941974,1.354285175549816e-06,0.2264978953921011,13.0,0.0,15.0,6.684299893778759,20.0,0.001689692343227353,nan,nan,nan
5.208333333333333,track,-9.999999979307862,0.0,14.811170906230512,2.2279459727606735e-06,0.22705398924914308,13.0,0.0,15.0,6.684299893778759,20.0,0.002280402042664326,nan,nan,nan
5.2125,track,-9.999999964909305,0.0,14.812119719521377,3.4556537964046182e-06,0.22771518980770888,13.0,0.0,15.0,6.684299893778759,20.0,0.002984925095193857,nan,nan,nan
5.216666666666667,track,-9.999999943591927,0.0,14.813071692506586,5.116170580729932e-06,0.22847351645033145,13.0,0.0,15.0,6.685734769079283,20.0,0.0038101390953525667,nan,nan,nan
5.220833333333333,track,-9.99999991320027,0.0,14.814027196173994,7.29399760608141e-06,0.22932088017802604,13.0,0.0,15.0,6.685734769079283,20.0,0.004762351555070316,nan,nan,nan
5.225,track,-9.999999871204857,0.0,14.814986570548491,1.0078899137492123e-05,0.23024984987961997,13.0,0.0,15.0,6.685734769079283,20.0,0.005847319245085099,nan,nan,nan
5.229166666666667,track,-9.999999814682107,0.0,14.815950127215611,1.3565459621662486e-05,0.23125360010883644,13.0,0.0,15.0,6.685734769079283,20.0,0.007070318083294162,nan,nan,nan
5.233333333333333,track,-9.999999740296053,0.0,14.816918151643943,1.7852653101058502e-05,0.23232586279947226,13.0,0.0,15.0,6.685734769079283,20.0,0.008436152949493372,nan,nan,nan
5.2375,track,-9.999999644281623,0.0,14.817890905321658,2.304346312997006e-05,0.2334608826515783,13.0,0.0,15.0,6.685734769079283,20.0,0.009949224269366603,nan,nan,nan
5.241666666666666,track,-9.999999522429498,0.0,14.818868627721423,2.9244510064471582e-05,0.2346533759439059,13.0,0.0,15.0,6.685734769079283,20.0,0.011613529515771007,nan,nan,nan
5.245833333333334,track,-9.999999370072297,0.0,14.819851538106962,3.6565728132329096e-05,0.23589849252908654,13.0,0.0,15.0,6.685734769079283,20.0,0.013432726946066804,nan,nan,nan
5.25,track,-9.999999182073482,0.0,14.820839830423296,4.511971538198966e-05,0.2371901559201414,13.0,0.0,15.0,6.682668589719114,20.0,0.0154101305993914,nan,nan,nan
5.254166666666666,track,-9.999998952814945,0.0,14.821833682154777,5.502204907409175e-05,0.23852441555550474,13.0,0.0,15.0,6.682668589719114,20.0,0.0175487707265998,nan,nan,nan
5.258333333333333,track,-9.999998676186815,0.0,14.822833255681358,6.639075132643925e-05,0.2398976463796629,13.0,0.0,15.0,6.682668589719114,20.0,0.019851381809838864,nan,nan,nan
5.2625,track,-9.999998345578222,0.0,14.823838699524346,7.9346062176295e-05,0.24130652231729688,13.0,0.0,15.0,6.682668589719114,20.0,0.022320461886185007,nan,nan,nan
5.266666666666667,track,-9.999997953869032,0.0,14.824850149490443,9.401020554305792e-05,0.24274799186297816,13.0,0.0,15.0,6.682668589719114,20.0,0.02495825511756708,nan,nan,nan
5.270833333333333,track,-9.999997493422361,0.0,14.825867729722201,0.00011050720084671757,0.24421925562211694,13.0,0.0,15.0,6.682668589719114,20.0,0.0277668094265069,nan,nan,nan
5.275,track,-9.999996956077931,0.0,14.826891553662438,0.00012896266336197103,0.24571774565676088,13.0,0.0,15.0,6.682668589719114,20.0,0.030747954345118816,nan,nan,nan
5.279166666666667,track,-9.999996333146061,0.0,14.827921724939495,0.00014950364887617197,0.24724110649376635,13.0,0.0,15.0,6.682668589719114,20.0,0.03390335727468956,nan,nan,nan
5.283333333333333,track,-9.99999561540238,0.0,14.828958338179781,0.00017225848335162538,0.248787177668737,13.0,0.0,15.0,6.682668589719114,20.0,0.03723449724275981,nan,nan,nan
5.2875,track,-9.999994793083065,0.0,14.83000147975346,0.00019735663569415504,0.25035397768290246,13.0,0.0,15.0,6.682668589719114,20.0,0.040742720058908215,nan,nan,nan
5.291666666666667,track,-9.999993855892711,0.0,14.831051209940409,0.00022492568510283997,0.2519352448678154,13.0,0.0,15.0,6.674314242895613,20.0,0.04442920946720125,nan,nan,nan
5.295833333333333,track,-9.999992792989744,0.0,14.832107583624872,0.0002550967122984221,0.2535296842712857,13.0,0.0,15.0,6.674314242895613,20.0,0.048295040319687385,nan,nan,nan
5.3,track,-9.999991592983184,0.0,14.833170650743538,0.0002880015743396743,0.25513610848015483,13.0,0.0,15.0,6.674314242895613,20.0,0.05234114570528615,nan,nan,nan
5.304166666666666,track,-9.99999024392976,0.0,14.834240456696529,0.00032377282155881084,0.25675342871776796,13.0,0.0,15.0,6.674314242895613,20.0,0.05656837062494842,nan,nan,nan
5.308333333333334,track,-9.999988733331467,0.0,14.835317042724336,0.0003625435906131885,0.2583806466738545,13.0,0.0,15.0,6.674314242895613,20.0,0.0609774364203907,nan,nan,nan
5.3125,track,-9.999987048133391,0.0,14.836400446253528,0.00040444753800459465,0.2600168470058908,13.0,0.0,15.0,6.674314242895613,20.0,0.06556899394723407,nan,nan,nan
5.316666666666666,track,-9.999985174721944,0.0,14.837490701213772,0.0004496187475391638,0.2616611904587405,13.0,0.0,15.0,6.674314242895613,20.0,0.07034358564462165,nan,nan,nan
5.320833333333333,track,-9.999983098923288,0.0,14.838587838328568,0.0004981916777632927,0.26331290755095155,13.0,0.0,15.0,6.674314242895613,20.0,0.07530169835853673,nan,nan,nan
5.325,track,-9.999980806037701,0.0,14.839691856365548,0.0005502925406505874,0.26496432887493926,13.0,0.0,15.0,6.661245336045214,20.0,0.08044372432573298,nan,nan,nan
5.329166666666667,track,-9.999978280804758,0.0,14.84080275383163,0.0006060559064526546,0.26661539185983096,13.0,0.0,15.0,6.661245336045214,20.0,0.08577001267729642,nan,nan,nan
5.333333333333333,track,-9.999975507402462,0.0,14.841920528994663,0.0006656165506770419,0.26826603912809593,13.0,0.0,15.0,6.661245336045214,20.0,0.09128082760090654,nan,nan,nan
5.3375,track,-9.999972469446538,0.0,14.843045179903239,0.0007291094219310682,0.26991621805833865,13.0,0.0,15.0,6.661245336045214,20.0,0.09697640089075278,nan,nan,nan
5.341666666666667,track,-9.99996914998996,0.0,14.844176704404843,0.000796669578620382,0.27156588038476326,13.0,0.0,15.0,6.661245336045214,20.0,0.10285688849262295,nan,nan,nan
5.345833333333333,track,-9.999965531522607,0.0,14.845315100162466,0.0008684321648501223,0.27321498182958226,13.0,0.0,15.0,6.661245336045214,20.0,0.10892242302172245,nan,nan,nan
5.35,track,-9.999961595971133,0.0,14.846460364669825,0.0009445323539644404,0.27486348176622216,13.0,0.0,15.0,6.661245336045214,20.0,0.11517306886986185,nan,nan,nan
5.354166666666667,track,-9.999957324698919,0.0,14.847612495265285,0.0010251053312568931,0.27651134291024554,13.0,0.0,15.0,6.661245336045214,20.0,0.1216088747715314,nan,nan,nan
5.358333333333333,track,-9.999952698506238,0.0,14.848771489144601,0.001110286243238722,0.27815853103613036,13.0,0.0,15.0,6.661245336045214,20.0,0.12822982762482873,nan,nan,nan
5.3625,track,-9.999947697630462,0.0,14.84993734337259,0.0012002101861080102,0.2798050147173719,13.0,0.0,15.0,6.661245336045214,20.0,0.1350359051728958,nan,nan,nan
5.366666666666666,track,-9.99994230182985,0.0,14.851110017564094,0.001294992146914368,0.2814418059610336,13.0,0.0,15.0,6.644448210805876,20.0,0.14202702969078437,nan,nan,nan
5.370833333333334,track,-9.999936490302048,0.0,14.852289474361827,0.001394766672848112,0.28306963145592556,13.0,0.0,15.0,6.644448210805876,20.0,0.14920311976620532,nan,nan,nan
5.375,track,-9.99993024168455,0.0,14.853475679183195,0.0014996681993738844,0.28468915712824316,13.0,0.0,15.0,6.644448210805876,20.0,0.1565640418695358,nan,nan,nan
5.379166666666666,track,-9.999923534055199,0.0,14.85466859998828,0.0016098310445003938,0.28630099322050623,13.0,0.0,15.0,6.644448210805876,20.0,0.16410966348701553,nan,nan,nan
5.383333333333333,track,-9.999916344932837,0.0,14.855868207067212,0.0017253893671246134,0.2879056989439896,13.0,0.0,15.0,6.644448210805876,20.0,0.1718398037374953,nan,nan,nan
5.3875,track,-9.999908651277982,0.0,14.857074472845298,0.0018464771651238612,0.28950378674054933,13.0,0.0,15.0,6.644448210805876,20.0,0.179754286751095,nan,nan,nan
5.391666666666667,track,-9.999900429493662,0.0,14.85828737170441,0.0019732282368350065,0.29109572618694746,13.0,0.0,15.0,6.644448210805876,20.0,0.18785289141121253,nan,nan,nan
5.395833333333333,track,-9.999891655426236,0.0,14.859506879819293,0.0021057761824590754,0.29268194757175237,13.0,0.0,15.0,6.644448210805876,20.0,0.1961354050128622,nan,nan,nan
5.4,track,-9.99988235087633,0.0,14.860718751864914,0.002233091977517085,0.2908492909489068,13.0,-1.7694736421427684,1.0,1.7165146771040032,20.0,0.2046087860512033,7.83255910104201,19.595917942265423,2.50185382446185
5.404166666666667,track,-9.999872535311363,0.0,14.861910462718965,0.0023557355922541106,0.28601060497219133,13.0,-1.7694736421427684,1.0,1.7165146771040032,20.0,0.21327831948912382,7.83255910104201,19.595917942265423,2.50185382446185
5.408333333333333,track,-9.999862226040076,0.0,14.863070979069017,0.0024742251090624284,0.2785239240124216,13.0,-1.7694736421427684,1.0,1.7165146771040032,20.0,0.22214783900170829,7.83255910104201,19.595917942265423,2.50185382446185
5.4125,track,-9.999851438378595,0.0,14.864190563699847,0.0025890387553904235,0.268700311399415,13.0,-1.7694736421427684,1.0,1.7165146771040032,20.0,0.23122009350007963,7.83255910104201,19.595917942265423,2.50185382446185
5.416666666666667,track,-9.999840185806148,0.0,14.865260607545979,0.0027006173871287086,0.25681052307191016,13.0,-1.7694736421427684,1.0,1.7165146771040032,20.0,0.24049687017221202,7.83255910104201,19.595917942265423,2.50185382446185
5.420833333333333,track,-9.999828480109215,0.0,14.866273485356098,0.002809367263740911,0.24309067442861718,13.0,-1.7694736421427684,1.0,1.7165146771040032,20.0,0.24997927247939875,7.83255910104201,19.595917942265423,2.50185382446185
5.425,track,-9.999816331514102,0.0,14.867222431458444,0.0029156628272649894,0.22774706456303426,13.0,-1.7694736421427684,1.0,1.7165146771040032,20.0,0.2596677761289809,7.83255910104201,19.595917942265423,2.50185382446185
5.429166666666666,track,-9.99980374880798,0.0,14.868101432656424,0.0030198494696777323,0.21096028751504034,13.0,-1.7694736421427684,1.0,1.7165146771040032,20.0,0.26956244408809177,7.83255910104201,19.595917942265423,2.50185382446185
5.433333333333334,track,-9.999790739449109,0.0,14.868905135739828,0.0031222461286289317,0.1928887400171435,13.0,-1.1501578673927995,1.0,1.7165146771040032,20.0,0.27966293751742766,12.050090924680015,19.595917942265423,1.6262049859002026
5.4375,track,-9.999777309666793,0.0,14.86962876748078,0.003223147755871545,0.1736716178285475,13.0,-1.1501578673927995,1.0,1.7165146771040032,20.0,0.28996868603814735,12.050090924680015,19.595917942265423,1.6262049859002026
5.441666666666666,track,-9.999763464491105,0.0,14.870268077838041,0.003322842165432107,0.1534344857426811,13.0,-1.1509377997583956,1.0,1.7206278305827245,20.0,0.300478858120739,12.050090924680015,19.595917942265423,1.6262049859002026
5.445833333333333,track,-9.999749207899162,0.0,14.87081926565917,0.0034215820663744535,0.13228507707088735,13.0,-1.1509377997583956,1.0,1.7206278305827245,20.0,0.3111925126869515,12.050090924680015,19.595917942265423,1.6262049859002026
5.45,track,-9.999734542888834,0.0,14.87127892656264,0.0035196024785730333,0.11031861683262795,13.0,-1.1509377997583956,1.0,1.7206278305827245,20.0,0.3221085599975959,12.050090924680015,19.595917942265423,1.6262049859002026
5.454166666666667,track,-9.999719471545335,0.0,14.871644007523598,0.003617122439987571,0.08761943062958022,13.0,-1.1509377997583956,1.0,1.7206278305827245,20.0,0.33322587721145697,12.050090924680015,19.595917942265423,1.6262049859002026
5.458333333333333,track,-9.99970399510151,0.0,14.871911767226308,0.003714346517733948,0.06426232865065035,13.0,-1.1509377997583956,1.0,1.7206278305827245,20.0,0.34454325669645375,12.050090924680015,19.595917942265423,1.6262049859002026
5.4625,track,-9.999688113992388,0.0,14.872079741384837,0.003811466189689334,0.04031379804714047,13.0,-1.1509377997583956,1.0,1.7206278305827245,20.0,0.3560595058407304,12.050090924680015,19.595917942265423,1.6262049859002026
5.466666666666667,track,-9.999671772510165,0.0,14.872154987407656,0.003921955733335811,0.018059045476675455,13.0,0.0,15.0,6.621034399229466,20.0,0.3677764895585473,nan,nan,nan
5.470833333333333,track,-9.999654913713206,0.0,14.872144270680364,0.004046111270143292,-0.0025720145502624754,13.0,0.0,15.0,6.621034399229466,20.0,0.37969527364547784,nan,nan,nan
5.475,track,-9.999637479142478,0.0,14.87205412528986,0.004184296974428905,-0.021634893720862393,13.0,0.0,15.0,6.673591191499203,20.0,0.3918162973271363,nan,nan,nan
5.479166666666667,track,-9.999619409544563,0.0,14.87189075518428,0.004336703499768145,-0.03920882533949203,13.0,0.0,15.0,6.673591191499203,20.0,0.40413949283584416,nan,nan,nan
5.483333333333333,track,-9.999600645057445,0.0,14.871660027407511,0.004503476908322061,-0.055374666424705295,13.0,0.0,15.0,6.673591191499203,20.0,0.41666435441153904,nan,nan,nan
5.4875,track,-9.999581125367323,0.0,14.871367471361262,0.0046847256293271276,-0.07021345109962691,13.0,0.0,15.0,6.673591191499203,20.0,0.4293900798982518,nan,nan,nan
5.491666666666666,track,-9.999560789840183,0.0,14.87101828272226,0.0048805265133398884,-0.08380527336059099,13.0,0.0,15.0,6.673591191499203,20.0,0.4423155986127822,nan,nan,nan
5.495833333333334,track,-9.999539577631307,0.0,14.870617330894992,0.005090930130261534,-0.09622843854420868,13.0,0.0,15.0,6.673591191499203,20.0,0.4554396843318303,nan,nan,nan
5.5,track,-9.99951751719137,0.0,14.870157506792578,0.005294505584695456,-0.11035778457922077,13.0,-1.559770903325759,1.0,1.7759422351770757,20.0,0.4687627297987272,8.893706275134406,19.595917942265423,2.2033466516713
5.504166666666666,track,-9.999494633545885,0.0,14.869632492338646,0.005492074916642079,-0.12600346894398934,13.0,-1.559770903325759,1.0,1.7759422351770757,20.0,0.48228473449659276,8.893706275134406,19.595917942265423,2.2033466516713
5.508333333333333,track,-9.999470948614029,0.0,14.869036663178047,0.0056843836452469656,-0.142998998543703,13.0,-1.559770903325759,1.0,1.7759422351770757,20.0,0.49600530506695806,8.893706275134406,19.595917942265423,2.2033466516713
5.5125,track,-9.999446481492917,0.0,14.868365004527021,0.005872109066577431,-0.16119807624613133,13.0,-1.559770903325759,1.0,1.7759422351770757,20.0,0.5099238303977189,8.893706275134406,19.595917942265423,2.2033466516713
5.516666666666667,track,-9.99942124629993,0.0,14.867613319233937,0.006056446317066977,-0.18040447034003584,13.0,-1.5594214868500873,1.0,1.868694816275627,20.0,0.5240392412047472,8.893706275134406,19.595917942265423,2.2033466516713
5.520833333333333,track,-9.99939525498795,0.0,14.866777848256623,0.006237914874805394,-0.2005130345556563,13.0,-1.5594214868500873,1.0,1.868694816275627,20.0,0.5383504155605567,8.893706275134406,19.595917942265423,2.2033466516713
5.525,track,-9.999368517526612,0.0,14.86585522047005,0.0064169907210246905,-0.2214306687777408,13.0,-1.5594214868500873,1.0,1.868694816275627,20.0,0.5528561246948194,8.893706275134406,19.595917942265423,2.2033466516713
5.529166666666667,track,-9.999341042064456,0.0,14.86484240885219,0.006594110917650279,-0.24307478828587206,13.0,-1.5594214868500873,1.0,1.868694816275627,20.0,0.5675551444585157,8.893706275134406,19.595917942265423,2.2033466516713
5.533333333333333,track,-9.99931274299036,0.0,14.863746331874212,0.006791777783094627,-0.2630584747149562,13.0,0.0,15.0,6.7689894100613905,20.0,0.5824483738525061,nan,nan,nan
5.5375,track,-9.999283534126711,0.0,14.86257358332392,0.007010127275714837,-0.2814596520702436,13.0,0.0,15.0,6.7689894100613905,20.0,0.5975361114736616,nan,nan,nan
5.541666666666667,track,-9.999253329045045,0.0,14.86133041907437,0.0072492195999024085,-0.2983594198920949,13.0,0.0,15.0,6.7689894100613905,20.0,0.6128181399339763,nan,nan,nan
5.545833333333333,track,-9.999222041324415,0.0,14.86002275137615,0.007509052951133681,-0.3138402475729236,13.0,0.0,15.0,6.7689894100613905,20.0,0.6282938821647082,nan,nan,nan
5.55,track,-9.999189582495466,0.0,14.85865636283111,0.0077901189477462135,-0.3279332508093975,13.0,0.0,15.0,6.891873002521229,20.0,0.6439625165072005,nan,nan,nan
5.554166666666666,track,-9.999155864448062,0.0,14.857236689037299,0.008092331376973627,-0.3407217105150343,13.0,0.0,15.0,6.891873002521229,20.0,0.6598230018317897,nan,nan,nan
5.558333333333334,track,-9.99912079957709,0.0,14.855768825832785,0.00841556903326849,-0.3522871690834577,13.0,0.0,15.0,6.891873002521229,20.0,0.6758740873539498,nan,nan,nan
5.5625,track,-9.999084300895197,0.0,14.854257539392613,0.008759683654336504,-0.36270874564119515,13.0,0.0,15.0,6.891873002521229,20.0,0.6921144176832121,nan,nan,nan
5.566666666666666,track,-9.999046282117547,0.0,14.852707278390186,0.009124506636105863,-0.3720626405824168,13.0,0.0,15.0,6.891873002521229,20.0,0.7085425184995066,nan,nan,nan
5.570833333333333,track,-9.999006657722784,0.0,14.851122187587904,0.009509854742836457,-0.38042179254773095,13.0,0.0,15.0,6.891873002521229,20.0,0.7251568858863429,nan,nan,nan
5.575,track,-9.998965342994056,0.0,14.84950612234848,0.009915534894580531,-0.3878556574621406,13.0,0.0,15.0,6.891873002521229,20.0,0.7419559551766679,nan,nan,nan
5.579166666666667,track,-9.99892225404316,0.0,14.847862663662822,0.010341348215112928,-0.39443008455774126,13.0,0.0,15.0,6.891873002521229,20.0,0.7589381798752417,nan,nan,nan
5.583333333333333,track,-9.998877307820736,0.0,14.84619513337617,0.010787093381759226,-0.4002072687963841,13.0,0.0,15.0,6.891873002521229,20.0,0.7761019888010838,nan,nan,nan
5.5875,track,-9.998830422114752,0.0,14.844506609364567,0.011252569436163734,-0.4052457627849319,13.0,0.0,15.0,6.891873002521229,20.0,0.7934458582512778,nan,nan,nan
5.591666666666667,track,-9.998781511934396,0.0,14.842800209244727,0.011738443285331584,-0.40953602876157286,13.0,0.0,15.0,7.025272918768153,20.0,0.8109682872326758,nan,nan,nan
5.595833333333333,track,-9.998730493181215,0.0,14.841078818243638,0.01224450076358628,-0.41313384026133765,13.0,0.0,15.0,7.025272918768153,20.0,0.8286678293605441,nan,nan,nan
5.6,track,-9.99867728262727,0.0,14.839345104004373,0.012770532946659056,-0.4160914174235164,13.0,0.0,15.0,7.025272918768153,20.0,0.8465430386807633,nan,nan,nan
5.604166666666667,track,-9.998621797886853,0.0,14.837601530886243,0.013316337699985423,-0.41845754835106463,13.0,0.0,15.0,7.025272918768153,20.0,0.8645925361364828,nan,nan,nan
5.608333333333333,track,-9.99856395738325,0.0,14.83585037368517,0.013881720864696962,-0.42027772825748394,13.0,0.0,15.0,7.025272918768153,20.0,0.882814950818636,nan,nan,nan
5.6125,track,-9.998503680311545,0.0,14.834093730724916,0.014466497209385505,-0.4215943104608438,13.0,0.0,15.0,7.025272918768153,20.0,0.9012089845949539,nan,nan,nan
5.616666666666666,track,-9.998440886598603,0.0,14.832333536289479,0.015070491106047591,-0.4224466645048911,13.0,0.0,15.0,7.025272918768153,20.0,0.9197733501941957,nan,nan,nan
5.620833333333334,track,-9.998375496860893,0.0,14.830571572382553,0.01569353705033472,-0.4228713376621707,13.0,0.0,15.0,7.025272918768153,20.0,0.9385068349015859,nan,nan,nan
5.625,track,-9.998307428545731,0.0,14.828809719990671,0.016336395638809974,-0.4228445740514744,13.0,0.0,15.0,7.139003053641533,20.0,0.9574082406729187,nan,nan,nan
5.629166666666666,track,-9.998236599838867,0.0,14.827049711343495,0.016998889647367878,-0.42240207532210655,13.0,0.0,15.0,7.139003053641533,20.0,0.9764764391201437,nan,nan,nan
5.633333333333333,track,-9.998163147975848,0.0,14.825279929839805,0.017628447124253842,-0.42474756088539567,13.0,-2.4955203993990827,1.0,2.205961504143103,20.0,0.9957144923163808,5.5421592929927295,19.595917942265423,3.5357911792686414
5.6375,track,-9.998087194817716,0.0,14.82349008991794,0.018228757951922803,-0.4295615812477409,13.0,-2.4955203993990827,1.0,2.205961504143103,20.0,1.0151246521097699,5.5421592929927295,19.595917942265423,3.5357911792686414
5.641666666666667,track,-9.998008848535813,0.0,14.821671068408675,0.01880310765653863,-0.43656516222373876,13.0,-2.4955203993990827,1.0,2.205961504143103,20.0,1.0347084140596485,5.5421592929927295,19.595917942265423,3.5357911792686414
5.645833333333333,track,-9.99792820509191,0.0,14.819814759201297,0.019354426536827393,-0.4455142097705869,13.0,-2.4955203993990827,1.0,2.205961504143103,20.0,1.05446676280182,5.5421592929927295,19.595917942265423,3.5357911792686414
5.65,track,-9.997845349539618,0.0,14.81791394779432,0.019885332549861044,-0.4561947376745085,13.0,-2.4955203993990827,1.0,2.205961504143103,20.0,1.0744001779360324,5.5421592929927295,19.595917942265423,3.5357911792686414
5.654166666666667,track,-9.997760357169467,0.0,14.815962202826405,0.020398168836182468,-0.4684187922995659,13.0,-2.4955203993990827,1.0,2.205961504143103,20.0,1.0945088308894948,5.5421592929927295,19.595917942265423,3.5357911792686414
5.658333333333333,track,-9.997673294517632,0.0,14.81395378212581,0.02089503644008431,-0.48202096814295314,13.0,-2.4955203993990827,1.0,2.205961504143103,20.0,1.1147925587819068,5.5421592929927295,19.595917942265423,3.5357911792686414
5.6625,track,-9.997584220255408,0.0,14.811883551189558,0.021377822933643306,-0.4968554247003176,13.0,-2.4955203993990827,1.0,2.205961504143103,20.0,1.1352510266128704,5.5421592929927295,19.595917942265423,3.5357911792686414
5.666666666666667,track,-9.99749318155105,0.0,14.80974714319574,0.021849289046073358,-0.5127379185164189,13.0,-1.6201392785181277,1.0,2.2847261940666357,20.0,1.155883551652373,8.526398912296505,19.595917942265423,2.298264266524617
5.670833333333333,track,-9.997400219575818,0.0,14.807540638424316,0.022310874055777388,-0.5295611451419476,13.0,-1.6201392785181277,1.0,2.2847261940666357,20.0,1.1766893980480453,8.526398912296505,19.595917942265423,2.298264266524617
5.675,track,-9.997305370072095,0.0,14.80526051414374,0.022763880893667494,-0.5472298273380335,13.0,-1.6201392785181277,1.0,2.2847261940666357,20.0,1.1976677119057506,8.526398912296505,19.595917942265423,2.298264266524617
5.679166666666666,track,-9.99720866385792,0.0,14.802903600735547,0.023209491401647377,-0.5656592179660659,13.0,-1.6201392785181277,1.0,2.2847261940666357,20.0,1.2188176349381477,8.526398912296505,19.595917942265423,2.298264266524617
5.683333333333334,track,-9.997110127275977,0.0,14.800467043206663,0.023648779666457932,-0.5847738069323095,13.0,-1.6201392785181277,1.0,2.2847261940666357,20.0,1.2401382324528125,8.526398912296505,19.595917942265423,2.298264266524617
5.6875,track,-9.997009782593695,0.0,14.797948267362868,0.024082723747752503,-0.6045062025109312,13.0,-1.6201392785181277,1.0,2.2847261940666357,20.0,1.2616285959664022,8.526398912296505,19.595917942265423,2.298264266524617
5.691666666666666,track,-9.996907648360594,0.0,14.79534495002203,0.024512215944215984,-0.6247961618009233,13.0,-1.6201392785181277,1.0,2.2847261940666357,20.0,1.2832877669254792,8.526398912296505,19.595917942265423,2.298264266524617
5.695833333333333,track,-9.996803739727888,0.0,14.79265499273469,0.02493807184960772,-0.645589748961735,13.0,-1.6201392785181277,1.0,2.2847261940666357,20.0,1.305114831435956,8.526398912296505,19.595917942265423,2.298264266524617
5.7,track,-9.99669806340849,0.0,14.789876740959956,0.025362316655514066,-0.6667804259361143,13.0,-1.0514668428600238,1.0,2.379712798867358,20.0,1.3271087704627311,13.11753678814847,19.595917942265423,1.4938717732410012
5.704166666666667,track,-9.996590623639978,0.0,14.787008696205824,0.025785544442805616,-0.6883307409917725,13.0,-1.0514668428600238,1.0,2.379712798867358,20.0,1.3492686343047484,13.11753678814847,19.595917942265423,1.4938717732410012
5.708333333333333,track,-9.996481422377391,0.0,14.784049500605786,0.026208303020869413,-0.7102069440091556,13.0,-1.0514668428600238,1.0,2.379712798867358,20.0,1.3715934614223932,13.11753678814847,19.595917942265423,1.4938717732410012
5.7125,track,-9.996370459467572,0.0,14.780997923169616,0.026631098356509918,-0.7323785846805213,13.0,-1.0514668428600238,1.0,2.379712798867358,20.0,1.3940823598185905,13.11753678814847,19.595917942265423,1.4938717732410012
5.716666666666667,track,-9.996257732807218,0.0,14.777852847506454,0.027054398485096172,-0.7548181591591894,13.0,-1.0514668428600238,1.0,2.379712798867358,20.0,1.4167344260594048,13.11753678814847,19.595917942265423,1.4938717732410012
5.720833333333333,track,-9.996143238486308,0.0,14.774613260845044,0.027478637018132922,-0.7775007987383927,13.0,-1.0514668428600238,1.0,2.379712798867358,20.0,1.4395488247426131,13.11753678814847,19.595917942265423,1.4938717732410012
5.725,track,-9.996026970918606,0.0,14.771278244199095,0.027904216248465126,-0.8004039950274555,13.0,-1.0514668428600238,1.0,2.379712798867358,20.0,1.4625247079168855,13.11753678814847,19.595917942265423,1.4938717732410012
5.729166666666667,track,-9.995908922960481,0.0,14.767846963545324,0.028331509949867724,-0.8235073569050065,13.0,-1.0514668428600238,1.0,2.379712798867358,20.0,1.4856612932244322,13.11753678814847,19.595917942265423,1.4938717732410012
5.733333333333333,track,-9.995788864654807,0.0,14.764327523169431,0.028813993361951923,-0.8446656902141392,13.0,0.0,15.0,7.345034333381442,20.0,1.5089605199662464,nan,nan,nan
5.7375,track,-9.995666567129861,0.0,14.760727721414312,0.029351405986979943,-0.8639524212285434,13.0,0.0,15.0,7.345034333381442,20.0,1.532423561401229,nan,nan,nan
5.741666666666666,track,-9.99554179773177,0.0,14.757055251812124,0.02994465554182486,-0.8813927045253591,13.0,0.0,15.0,7.49547944920071,20.0,1.556051030514358,nan,nan,nan
5.745833333333334,track,-9.995414326913055,0.0,14.753317443387537,0.030592996491469068,-0.8970740219008756,13.0,0.0,15.0,7.49547944920071,20.0,1.5798430342505494,nan,nan,nan
5.75,track,-9.995283929006359,0.0,14.749521246541681,0.03129549760697041,-0.9110872430053516,13.0,0.0,15.0,7.49547944920071,20.0,1.6037992326197787,nan,nan,nan
5.754166666666666,track,-9.995150382800176,0.0,14.745673227205204,0.03205108948366022,-0.9235246407542566,13.0,0.0,15.0,7.49547944920071,20.0,1.6279189859263623,nan,nan,nan
5.758333333333333,track,-9.995013471950848,0.0,14.741779567442057,0.03285860383866093,-0.9344783431551118,13.0,0.0,15.0,7.49547944920071,20.0,1.6522013732953815,nan,nan,nan
5.7625,track,-9.994872985259605,0.0,14.737846071016714,0.0337168058984725,-0.9440391420823907,13.0,0.0,15.0,7.49547944920071,20.0,1.676645312977898,nan,nan,nan
5.766666666666667,track,-9.994728716839198,0.0,14.733878172712418,0.03462442089745967,-0.9522955930310385,13.0,0.0,15.0,7.49547944920071,20.0,1.7012495523467088,nan,nan,nan
5.770833333333333,track,-9.994580466190593,0.0,14.729880950416224,0.0355801556653326,-0.9593333510863662,13.0,0.0,15.0,7.49547944920071,20.0,1.726012770054529,nan,nan,nan
5.775,track,-9.99442802884486,0.0,14.72585946002343,0.03658496297586658,-0.965157694270421,13.0,0.0,15.0,7.665329901185927,20.0,1.7509335858158008,nan,nan,nan
5.779166666666667,track,-9.994271205911955,0.0,14.721818412587867,0.037637503897259623,-0.9698513845354687,13.0,0.0,15.0,7.665329901185927,20.0,1.7760105950181448,nan,nan,nan
5.783333333333333,track,-9.99410980400416,0.0,14.717762190440482,0.03873645787123785,-0.9734933153722624,13.0,0.0,15.0,7.665329901185927,20.0,1.8012423283937433,nan,nan,nan
5.7875,track,-9.993943635116471,0.0,14.713694863979546,0.03988053304521445,-0.9761583506245083,13.0,0.0,15.0,7.665329901185927,20.0,1.826627336193998,nan,nan,nan
5.791666666666667,track,-9.993772516473957,0.0,14.709620208755027,0.04106847420338167,-0.9779172538846862,13.0,0.0,15.0,7.665329901185927,20.0,1.8521641369378767,nan,nan,nan
5.795833333333333,track,-9.993596270354054,0.0,14.705541722552447,0.04229906877658872,-0.9788366886193426,13.0,0.0,15.0,7.665329901185927,20.0,1.8778512957917044,nan,nan,nan
5.8,track,-9.993414723890803,0.0,14.701462642249101,0.04357115118038642,-0.9789792728027964,13.0,0.0,15.0,7.665329901185927,20.0,1.9036873656888145,nan,nan,nan
5.804166666666666,track,-9.993227708866407,0.0,14.697385960270696,0.04488360585532823,-0.9784036748173217,13.0,0.0,15.0,7.665329901185927,20.0,1.9296709620975057,nan,nan,nan
5.808333333333334,track,-9.993035061494918,0.0,14.69331444052119,0.04623536915706757,-0.9771647398812727,13.0,0.0,15.0,7.665329901185927,20.0,1.955800698822928,nan,nan,nan
5.8125,track,-9.992836622201608,0.0,14.689250633694893,0.047625430394464825,-0.9753136383113715,13.0,0.0,15.0,7.665329901185927,20.0,1.982075260640594,nan,nan,nan
5.816666666666666,track,-9.992632225105092,0.0,14.685197198738686,0.049055303163774135,-0.9728243894896754,13.0,0.0,15.0,7.81287567594177,20.0,2.0084933339016886,nan,nan,nan
5.820833333333333,track,-9.99242170856554,0.0,14.68115658791813,0.050523969492484874,-0.9697465969336965,13.0,0.0,15.0,7.81287567594177,20.0,2.0350536744178114,nan,nan,nan
5.825,track,-9.99220491495298,0.0,14.677131061217937,0.05203046701464128,-0.9661264080462346,13.0,0.0,15.0,7.81287567594177,20.0,2.061755038704349,nan,nan,nan
5.829166666666667,track,-9.991981690418449,0.0,14.673122699993748,0.05357388828751298,-0.962006693805478,13.0,0.0,15.0,7.81287567594177,20.0,2.0885962553606925,nan,nan,nan
5.833333333333333,track,-9.99175188466991,0.0,14.669133419865428,0.055153379649258955,-0.9574272307968251,13.0,0.0,15.0,7.81287567594177,20.0,2.115576154054564,nan,nan,nan
5.8375,track,-9.991515350754002,0.0,14.665164982854494,0.05676813981808907,-0.9524248826244077,13.0,0.0,15.0,7.81287567594177,20.0,2.14269363659867,nan,nan,nan
5.841666666666667,track,-9.991271944844836,0.0,14.66121900877769,0.058417418199788594,-0.9470337784327608,13.0,0.0,15.0,7.81287567594177,20.0,2.169947604352585,nan,nan,nan
5.845833333333333,track,-9.99102152604034,0.0,14.657296985915918,0.0601005130791191,-0.9412854868252089,13.0,0.0,15.0,7.81287567594177,20.0,2.1973370293432954,nan,nan,nan
5.85,track,-9.990763947575937,0.0,14.65340051180896,0.061818831456866424,-0.9351537856701031,13.0,0.0,15.0,7.92035512893224,20.0,2.2248608695044685,nan,nan,nan
5.854166666666667,track,-9.990499065685464,0.0,14.649531053869618,0.0635716537135177,-0.928669905441975,13.0,0.0,15.0,7.92035512893224,20.0,2.252518149666953,nan,nan,nan
5.858333333333333,track,-9.990226739399395,0.0,14.64568995927496,0.06535830865647176,-0.9218627027176114,13.0,0.0,15.0,7.92035512893224,20.0,2.280307887897661,nan,nan,nan
5.8625,track,-9.989946830351961,0.0,14.641878464185549,0.06717817138387557,-0.9147588214586786,13.0,0.0,15.0,7.92035512893224,20.0,2.308229167184248,nan,nan,nan
5.866666666666666,track,-9.989659202597549,0.0,14.638097702324274,0.06903066105895704,-0.907382846706149,13.0,0.0,15.0,7.92035512893224,20.0,2.336281060994774,nan,nan,nan
5.870833333333334,track,-9.989363722436122,0.0,14.634348712947673,0.07091523874224946,-0.8997574503840885,13.0,0.0,15.0,7.92035512893224,20.0,2.3644627053514693,nan,nan,nan
5.875,track,-9.98906025824786,0.0,14.63063244824316,0.07283140518297856,-0.8919035290832922,13.0,0.0,15.0,7.92035512893224,20.0,2.392773223819012,nan,nan,nan
5.879166666666666,track,-9.988748680336572,0.0,14.62694978018552,0.07477869870916583,-0.8838403338339021,13.0,0.0,15.0,7.92035512893224,20.0,2.4212118000234306,nan,nan,nan
5.883333333333333,track,-9.98842886078196,0.0,14.623301506885612,0.07675669310698932,-0.8755855919779334,13.0,0.0,15.0,7.92035512893224,20.0,2.449777602211503,nan,nan,nan
5.8875,track,-9.988100673300194,0.0,14.61968835846338,0.07876499562387515,-0.8671556213356008,13.0,0.0,15.0,7.92035512893224,20.0,2.478469856236567,nan,nan,nan
5.891666666666667,track,-9.987763987084533,0.0,14.61611114604125,0.08080469175859904,-0.8585309813111751,13.0,0.0,15.0,7.985854375054827,20.0,2.507287758908359,nan,nan,nan
5.895833333333333,track,-9.98741867306312,0.0,14.612570611579775,0.08287536513898049,-0.8497282707539923,13.0,0.0,15.0,7.985854375054827,20.0,2.5362305623511645,nan,nan,nan
5.9,track,-9.98706519579653,0.0,14.60905365081315,0.08483454398140065,-0.8440705839897518,13.0,-0.8235165286956433,1.0,2.876355068275221,20.0,2.565301361292102,16.542839192873732,19.183326093250876,1.1596150980851343
5.904166666666667,track,-9.986703967930183,0.0,14.605548634107826,0.08669468792362355,-0.8412040092777109,13.0,-0.8235165286956433,1.0,2.876355068275221,20.0,2.5945025706992757,16.542839192873732,19.183326093250876,1.1596150980851343
5.908333333333333,track,-9.98633535622501,0.0,14.602045222686975,0.08846680924110886,-0.8408187410043159,13.0,-0.8235165286956433,1.0,2.876355068275221,20.0,2.6238359393258937,16.542839192873732,19.183326093250876,1.1596150980851343
5.9125,track,-9.985959686812821,0.0,14.598534209933792,0.090160658925325,-0.8426430607640053,13.0,-0.8235165286956433,1.0,2.876355068275221,20.0,2.6533027779508203,16.542839192873732,19.183326093250876,1.1596150980851343
5.916666666666667,track,-9.98557724978263,0.0,14.595007384116862,0.09178488724591333,-0.8464381960632389,13.0,-0.8235165286956433,1.0,2.876355068275221,20.0,2.6829039360714693,16.542839192873732,19.183326093250876,1.1596150980851343
5.920833333333333,track,-9.985188303188718,0.0,14.591457409437131,0.09334718253864505,-0.8519939231353287,13.0,-0.8235165286956433,1.0,2.876355068275221,20.0,2.712639990589541,16.542839192873732,19.183326093250876,1.1596150980851343
5.925,track,-9.984793075557862,0.0,14.587877744645949,0.09485463140529606,-0.8591195498835954,13.0,-0.8215915811653427,1.0,2.883629670321814,20.0,2.7425111880789625,16.542839192873732,19.183326093250876,1.1596150980851343
5.929166666666666,track,-9.984391770070966,0.0,14.584262528639357,0.09631331685527872,-0.8676518415822102,13.0,-0.8215915811653427,1.0,2.883629670321814,20.0,2.7725176170347083,16.542839192873732,19.183326093250876,1.1596150980851343
5.933333333333334,track,-9.983984036952357,0.0,14.5806178491195,0.09785594846586027,-0.8747230847656697,13.0,0.0,15.0,8.020239201652805,20.0,2.802658241877707,nan,nan,nan
5.9375,track,-9.983569538367782,0.0,14.576949402353602,0.09947966029799461,-0.8804272238156972,13.0,0.0,15.0,8.020239201652805,20.0,2.832931948082688,nan,nan,nan
5.941666666666666,track,-9.983147948361363,0.0,14.573262506736071,0.10118160154047917,-0.8848549482072003,13.0,0.0,15.0,8.020239201652805,20.0,2.863337509299316,nan,nan,nan
5.945833333333333,track,-9.982718952673856,0.0,14.569562118263203,0.1029589650014825,-0.8880932334883268,13.0,0.0,15.0,8.020239201652805,20.0,2.893873679980962,nan,nan,nan
5.95,track,-9.982282248469197,0.0,14.56585284727578,0.10480900911831266,-0.8902250369813987,13.0,0.0,15.0,8.020239201652805,20.0,2.9245391486411223,nan,nan,nan
5.954166666666667,track,-9.98183754399136,0.0,14.562138975955973,0.10672907468093562,-0.8913291167535377,13.0,0.0,15.0,8.020239201652805,20.0,2.955332623133696,nan,nan,nan
5.958333333333333,track,-9.981384558170033,0.0,14.558424476172666,0.10871659711829233,-0.8914799479936465,13.0,0.0,15.0,8.020239201652805,20.0,2.9862527741353455,nan,nan,nan
5.9625,track,-9.980923020189923,0.0,14.55471302735786,0.11076911522655228,-0.8907477155536779,13.0,0.0,15.0,8.020239201652805,20.0,3.0172983157442648,nan,nan,nan
5.966666666666667,track,-9.980452664575509,0.0,14.551008121624589,0.11288534745958413,-0.889177375985053,13.0,0.0,15.0,8.063574814961141,20.0,3.048467941135913,nan,nan,nan
5.970833333333333,track,-9.979973235390336,0.0,14.547312987733195,0.11506300444166549,-0.8868321339347792,13.0,0.0,15.0,8.063574814961141,20.0,3.0797603995988023,nan,nan,nan
5.975,track,-9.979484485758752,0.0,14.543630608058589,0.11729991158016148,-0.8837711219052566,13.0,0.0,15.0,8.063574814961141,20.0,3.1111744288326966,nan,nan,nan
5.979166666666667,track,-9.978986177386426,0.0,14.539963734939642,0.11959400935814073,-0.8800495485470878,13.0,0.0,15.0,8.063574814961141,20.0,3.142708831171897,nan,nan,nan
5.983333333333333,track,-9.978478080085303,0.0,14.536314906334962,0.12194335226984393,-0.8757188651233915,13.0,0.0,15.0,8.063574814961141,20.0,3.174362402324274,nan,nan,nan
5.9875,track,-9.977959971306998,0.0,14.53268646073597,0.12434610679327206,-0.8708269437579952,13.0,0.0,15.0,8.063574814961141,20.0,3.206134006667777,nan,nan,nan
5.991666666666666,track,-9.977431635688154,0.0,14.52908055130934,0.1268005485224212,-0.8654182623911295,13.0,0.0,15.0,8.063574814961141,20.0,3.2380225034858596,nan,nan,nan
5.995833333333334,track,-9.976892864609951,0.0,14.525499159257501,0.1293050587688781,-0.859534092441249,13.0,0.0,15.0,8.063574814961141,20.0,3.270026821892773,nan,nan,nan
6.0,track,-9.976343451338257,0.0,14.521944186568495,0.13185918520645162,-0.8531934453612606,13.0,0.0,15.0,8.101338641721972,20.0,3.3021458802862753,nan,nan,nan
6.004166666666666,track,-9.975783195303434,0.0,14.518417381588941,0.13446144835764334,-0.8464331950927733,13.0,0.0,15.0,8.101338641721972,20.0,3.334378665829783,nan,nan,nan
6.008333333333333,track,-9.975211901698682,0.0,14.514920350483024,0.13711046514049663,-0.8392874654203024,13.0,0.0,15.0,8.101338641721972,20.0,3.366724157982899,nan,nan,nan
6.0125,track,-9.97462938109687,0.0,14.511454567951526,0.13980494443506514,-0.8317878075596025,13.0,0.0,15.0,8.101338641721972,20.0,3.3991814035830754,nan,nan,nan
6.016666666666667,track,-9.974035449086358,0.0,14.508021387238161,0.1425436825229772,-0.82396337120753,13.0,0.0,15.0,8.101338641721972,20.0,3.431749439420308,nan,nan,nan
6.020833333333333,track,-9.973429925925574,0.0,14.504622049453658,0.14532555858825386,-0.8158410682806568,13.0,0.0,15.0,8.101338641721972,20.0,3.464427367623598,nan,nan,nan
6.025,track,-9.972812636216402,0.0,14.501257692250164,0.14814953020117339,-0.8074457288389065,13.0,0.0,15.0,8.101338641721972,20.0,3.4972142775539705,nan,nan,nan
6.029166666666667,track,-9.972183408595766,0.0,14.497929357879677,0.15101462895231513,-0.7988002489166368,13.0,0.0,15.0,8.101338641721972,20.0,3.5301093215725476,nan,nan,nan
6.033333333333333,track,-9.971542075445198,0.0,14.494638000670728,0.15391995613626264,-0.78992573014793,13.0,0.0,15.0,8.101338641721972,20.0,3.563111636442652,nan,nan,nan
6.0375,track,-9.970888472617538,0.0,14.491384493957328,0.1568646786381312,-0.7808416112158774,13.0,0.0,15.0,8.101338641721972,20.0,3.596220419513186,nan,nan,nan
6.041666666666667,track,-9.970222437117805,0.0,14.488169670379175,0.1598485199362316,-0.7715576587566143,13.0,0.0,15.0,8.11685217772852,20.0,3.6294348466148008,nan,nan,nan
6.045833333333333,track,-9.96954380905478,0.0,14.484994291197337,0.1628707351259585,-0.7620910036411556,13.0,0.0,15.0,8.11685217772852,20.0,3.66275415187171,nan,nan,nan
6.05,track,-9.968852431407258,0.0,14.481859051985971,0.165930635405235,-0.7524574107277108,13.0,0.0,15.0,8.11685217772852,20.0,3.6961775485583903,nan,nan,nan
6.054166666666666,track,-9.968148149805103,0.0,14.478764587890247,0.16902758451736577,-0.7426713829738768,13.0,0.0,15.0,8.11685217772852,20.0,3.729704306064444,nan,nan,nan
6.058333333333334,track,-9.967430812324674,0.0,14.4757114784801,0.17216099530293089,-0.7327462584350708,13.0,0.0,15.0,8.11685217772852,20.0,3.763333670529102,nan,nan,nan
6.0625,track,-9.966700269297604,0.0,14.472700252228028,0.17533032649684882,-0.7226943004971917,13.0,0.0,15.0,8.11685217772852,20.0,3.797064942198435,nan,nan,nan
6.066666666666666,track,-9.965956373132473,0.0,14.469731390637651,0.1785350796314479,-0.7125267816903932,13.0,0.0,15.0,8.11685217772852,20.0,3.8308973958848553,nan,nan,nan
6.070833333333333,track,-9.96519897814839,0.0,14.466805332048283,0.18177479617974177,-0.7022540614483193,13.0,0.0,15.0,8.11685217772852,20.0,3.8648303586921187,nan,nan,nan
6.075,track,-9.96442794180902,0.0,14.463922453908573,0.1850487214487675,-0.6918907535301889,13.0,0.0,15.0,8.107232580096305,20.0,3.898863132570662,nan,nan,nan
6.079166666666667,track,-9.963643123098151,0.0,14.461083098984673,0.18835649060868934,-0.6814451817359385,13.0,0.0,15.0,8.107232580096305,20.0,3.9329950700474985,nan,nan,nan
6.083333333333333,track,-9.96284438239188,0.0,14.458287578189543,0.19169776950497472,-0.6709249908312819,13.0,0.0,15.0,8.107232580096305,20.0,3.9672254943822964,nan,nan,nan
6.0875,track,-9.962031581339662,0.0,14.455536173185415,0.19507225253252594,-0.660337200990539,13.0,0.0,15.0,8.107232580096305,20.0,4.001553777987319,nan,nan,nan
6.091666666666667,track,-9.961204582753927,0.0,14.452829138776881,0.1984796605763362,-0.6496882580480566,13.0,0.0,15.0,8.107232580096305,20.0,4.035979262485128,nan,nan,nan
6.095833333333333,track,-9.960363250507458,0.0,14.450166705110803,0.2019197391527179,-0.6389840798588691,13.0,0.0,15.0,8.107232580096305,20.0,4.070501337410863,nan,nan,nan
6.1,track,-9.959507449438277,0.0,14.447549079698145,0.20539225660315857,-0.6282300990378875,13.0,0.0,15.0,8.107232580096305,20.0,4.10511936017998,nan,nan,nan
6.104166666666667,track,-9.958637045261295,0.0,14.444976449271698,0.20889700247569135,-0.6174313023476599,13.0,0.0,15.0,8.107232580096305,20.0,4.139832735047831,nan,nan,nan
6.108333333333333,track,-9.957751904486523,0.0,14.442448981492644,0.21243378594537393,-0.6065922669726768,13.0,0.0,15.0,8.107232580096305,20.0,4.174640832993091,nan,nan,nan
6.1125,track,-9.95685189434315,0.0,14.439966826517978,0.21600243440972555,-0.5957171939199196,13.0,0.0,15.0,8.107232580096305,20.0,4.20954307091157,nan,nan,nan
6.116666666666666,track,-9.955936887801599,0.0,14.437530046972322,0.21960156997196995,-0.5848270909572839,13.0,0.0,15.0,8.075052499837557,20.0,4.244538839633621,nan,nan,nan
6.120833333333334,track,-9.955006758071082,0.0,14.43513869671758,0.22323113532404698,-0.5739240611380347,13.0,0.0,15.0,8.075052499837557,20.0,4.2796275746530235,nan,nan,nan
6.125,track,-9.954061378564827,0.0,14.432792821573686,0.22689108150149323,-0.5630100345342288,13.0,0.0,15.0,8.075052499837557,20.0,4.314808675740096,nan,nan,nan
6.129166666666666,track,-9.95310062286787,0.0,14.430492459979758,0.2305813672696305,-0.552086782542538,13.0,0.0,15.0,8.075052499837557,20.0,4.350081586703124,nan,nan,nan
6.133333333333333,track,-9.952124364707519,0.0,14.428237643600534,0.23430195848412716,-0.5411559310137626,13.0,0.0,15.0,8.075052499837557,20.0,4.3854457149435,nan,nan,nan
6.1375,track,-9.951132477925992,0.0,14.426028397882577,0.23805282756660134,-0.5302189723097237,13.0,0.0,15.0,8.075052499837557,20.0,4.420900511375081,nan,nan,nan
6.141666666666667,track,-9.950124836455373,0.0,14.42386474256439,0.2418339529483681,-0.5192772763649595,13.0,0.0,15.0,8.075052499837557,20.0,4.456445389919484,nan,nan,nan
6.145833333333333,track,-9.949101314294442,0.0,14.421746692144211,0.24564531862366232,-0.5083321008430407,13.0,0.0,15.0,8.075052499837557,20.0,4.49207980757058,nan,nan,nan
6.15,track,-9.948061794041546,0.0,14.41967414379522,0.2494848606948357,-0.4974116037577953,13.0,0.0,15.0,8.024527698207036,20.0,4.527803197362582,nan,nan,nan
6.154166666666667,track,-9.947006157730181,0.0,14.417646999755025,0.25335271472760346,-0.48651456964689654,13.0,0.0,15.0,8.024527698207036,20.0,4.563615034196699,nan,nan,nan
6.158333333333333,track,-9.945934286855584,0.0,14.415665166894806,0.25724900990306326,-0.47563988645258626,13.0,0.0,15.0,8.024527698207036,20.0,4.599514754052508,nan,nan,nan
6.1625,track,-9.944846062399368,0.0,14.41372855632457,0.26117386949174765,-0.464786536856987,13.0,0.0,15.0,8.024527698207036,20.0,4.635501834579108,nan,nan,nan
6.166666666666667,track,-9.943741364852608,0.0,14.411837083031475,0.2651274112224095,-0.45395359034278393,13.0,0.0,15.0,8.024527698207036,20.0,4.6715757142671235,nan,nan,nan
6.170833333333333,track,-9.94262007423722,0.0,14.409990665548444,0.2691097476929946,-0.4431401959275414,13.0,0.0,15.0,8.024527698207036,20.0,4.70773587311902,nan,nan,nan
6.175,track,-9.94148207012605,0.0,14.408189225650508,0.2731209866810797,-0.4323455755043737,13.0,0.0,15.0,8.024527698207036,20.0,4.743981751777914,nan,nan,nan
6.179166666666666,track,-9.940327231661463,0.0,14.40643268807656,0.27716123150090155,-0.42156901774768635,13.0,0.0,15.0,8.024527698207036,20.0,4.780312832273974,nan,nan,nan
6.183333333333334,track,-9.939155437572865,0.0,14.40472098027437,0.2812305812638799,-0.4108098725258924,13.0,0.0,15.0,8.024527698207036,20.0,4.816728557107389,nan,nan,nan
6.1875,track,-9.937966566192909,0.0,14.403054032166917,0.28532913118949677,-0.4000675457885318,13.0,0.0,15.0,8.024527698207036,20.0,4.8532284100677545,nan,nan,nan
6.191666666666666,track,-9.936760507284271,0.0,14.401431632114894,0.28945413807321935,-0.3893760124853444,13.0,0.0,15.0,7.960017475067806,20.0,4.889811853263762,nan,nan,nan
6.195833333333333,track,-9.935537149412555,0.0,14.399853582720283,0.2936058892117813,-0.3787318547068301,13.0,0.0,15.0,7.960017475067806,20.0,4.926478388843308,nan,nan,nan
6.2,track,-9.93429638002319,0.0,14.398319699621188,0.2977846534476011,-0.36813194378261016,13.0,0.0,15.0,7.960017475067806,20.0,4.96322747778679,nan,nan,nan
6.204166666666667,track,-9.933038085512454,0.0,14.39682981038872,0.30199068257639067,-0.3575734157925518,13.0,0.0,15.0,7.960017475067806,20.0,5.000058621224561,nan,nan,nan
6.208333333333333,track,-9.931762151293388,0.0,14.395383753517162,0.3062242125758279,-0.3470536491738933,13.0,0.0,15.0,7.960017475067806,20.0,5.03697127920645,nan,nan,nan
6.2125,track,-9.930468461856682,0.0,14.393981377499449,0.3104854648092236,-0.3365702442511662,13.0,0.0,15.0,7.960017475067806,20.0,5.073964952033709,nan,nan,nan
6.216666666666667,track,-9.929156900827238,0.0,14.392622539980659,0.314774647066552,-0.32612100450957987,13.0,0.0,15.0,7.960017475067806,20.0,5.111039099001073,nan,nan,nan
6.220833333333333,track,-9.927827351016424,0.0,14.391307106982863,0.3190919545952619,-0.31570391947095927,13.0,0.0,15.0,7.960017475067806,20.0,5.148193219747907,nan,nan,nan
6.225,track,-9.92647970897559,0.0,14.390034785667266,0.3234340898000706,-0.3053571157433032,13.0,0.0,15.0,7.8853847137331865,20.0,5.185426794381186,nan,nan,nan
6.229166666666667,track,-9.925113869504168,0.0,14.388805304359602,0.3278014731411987,-0.29507551383947195,13.0,0.0,15.0,7.8853847137331865,20.0,5.222739341994599,nan,nan,nan
6.233333333333333,track,-9.923731034020134,0.0,14.387603597376772,0.33188051616784753,-0.2884096758790675,13.0,-1.0771761665124386,1.0,2.5783787799812647,20.0,5.260134789921771,12.431863536620709,18.76166303929372,1.5091593455821997
6.2375,track,-9.922332266078682,0.0,14.38641634662622,0.33570430594853085,-0.28494018013261935,13.0,-1.0771761665124386,1.0,2.5783787799812647,20.0,5.297616291090738,12.431863536620709,18.76166303929372,1.5091593455821997
6.241666666666666,track,-9.920918508439843,0.0,14.385231757497065,0.339301833321043,-0.28430139099694884,13.0,-1.0771761665124386,1.0,2.5783787799812647,20.0,5.335186234741727,12.431863536620709,18.76166303929372,1.5091593455821997
6.245833333333334,track,-9.91949059782977,0.0,14.384039366016463,0.34269854641772834,-0.2861739553443386,13.0,-1.0771761665124386,1.0,2.5783787799812647,20.0,5.372846502947737,12.431863536620709,18.76166303929372,1.5091593455821997
6.25,track,-9.918049277725522,0.0,14.382829872644175,0.3459168250191992,-0.29027840934920157,13.0,-1.0771761665124386,1.0,2.5783787799812647,20.0,5.4105984421568785,12.431863536620709,18.76166303929372,1.5091593455821997
6.254166666666666,track,-9.916595209443976,0.0,14.38159499878887,0.34897638757114025,-0.29636972527323524,13.0,-1.0771761665124386,1.0,2.5783787799812647,20.0,5.448443075355328,12.431863536620709,18.76166303929372,1.5091593455821997
6.258333333333333,track,-9.915128981774824,0.0,14.380327362729114,0.3518946405963378,-0.304232654341677,13.0,-1.0771761665124386,1.0,2.5783787799812647,20.0,5.486381047832147,12.431863536620709,18.76166303929372,1.5091593455821997
6.2625,track,-9.913651119361935,0.0,14.379020372126936,0.3546869790934033,-0.3136777445225238,13.0,-1.0771761665124386,1.0,2.5783787799812647,20.0,5.524412807083825,12.431863536620709,18.76166303929372,1.5091593455821997
6.266666666666667,track,-9.912162112625227,0.0,14.377667886658177,0.3573616168100554,-0.32459651250222427,13.0,-0.6995904322915407,1.0,2.497419221260679,20.0,5.562538635568987,19.125943902493397,18.76166303929372,0.9809535746284298
6.270833333333333,track,-9.910662398933246,0.0,14.37626441168446,0.35993128607522523,-0.3368339936918914,13.0,-0.6995904322915407,1.0,2.497419221260679,20.0,5.600758682395939,19.125943902493397,18.76166303929372,0.9809535746284298
6.275,track,-9.909152368525577,0.0,14.374805023402613,0.36240729784068176,-0.35025318764304886,13.0,-0.6995904322915407,1.0,2.497419221260679,20.0,5.639072884121819,19.125943902493397,18.76166303929372,0.9809535746284298
6.279166666666667,track,-9.907632369695131,0.0,14.373285303604847,0.36479971930685523,-0.36473275146382583,13.0,-0.6995904322915407,1.0,2.497419221260679,20.0,5.677481108779732,19.125943902493397,18.76166303929372,0.9809535746284298
6.283333333333333,track,-9.906102713331244,0.0,14.371701282708123,0.3671175273331232,-0.3801650152135919,13.0,-0.6995904322915407,1.0,2.497419221260679,20.0,5.715983069181415,19.125943902493397,18.76166303929372,0.9809535746284298
6.2875,track,-9.904563676909538,0.0,14.370049389909504,0.36936874120926777,-0.3964542716686818,13.0,-0.6995904322915407,1.0,2.497419221260679,20.0,5.75457845300905,19.125943902493397,18.76166303929372,0.9809535746284298
6.291666666666667,track,-9.90301550800269,0.0,14.368326409492495,0.37156053764332136,-0.4135153000821185,13.0,-0.6995904322915407,1.0,2.497419221260679,20.0,5.793266831701561,19.125943902493397,18.76166303929372,0.9809535746284298
6.295833333333333,track,-9.90145842737527,0.0,14.366529442451645,0.37369935058126635,-0.43127208980401005,13.0,-0.6995904322915407,1.0,2.497419221260679,20.0,5.832047780262738,19.125943902493397,18.76166303929372,0.9809535746284298
6.3,track,-9.899892640102212,0.0,14.364655786467063,0.37578894553347375,-0.44967743629979967,13.0,-0.45426485520857907,1.0,2.464739852423206,20.0,5.870920809253145,29.424529080759076,18.76166303929372,0.6376198235084793
6.304166666666666,track,-9.898318328787743,0.0,14.362703001753722,0.3778347154726729,-0.46866833120164064,13.0,-0.45426485520857907,1.0,2.464739852423206,20.0,5.909885447000158,29.424529080759076,18.76166303929372,0.6376198235084793
6.308333333333334,track,-9.896735655805442,0.0,14.360668883634926,0.37984151575233566,-0.4881883485110198,13.0,-0.45426485520857907,1.0,2.464739852423206,20.0,5.948941145226608,29.424529080759076,18.76166303929372,0.6376198235084793
6.3125,track,-9.89514476528629,0.0,14.358551438291038,0.3818137245964569,-0.5081868825333248,13.0,-0.45426485520857907,1.0,2.464739852423206,20.0,5.988087386807828,29.424529080759076,18.76166303929372,0.6376198235084793
6.316666666666666,track,-9.893545784886491,0.0,14.356348861276318,0.38375529595149727,-0.5286184835324282,13.0,-0.45426485520857907,1.0,2.464739852423206,20.0,6.027323590940817,29.424529080759076,18.76166303929372,0.6376198235084793
6.320833333333333,track,-9.891938827362269,0.0,14.3540595184534,0.3856698058131644,-0.5494422775004073,13.0,-0.45426485520857907,1.0,2.464739852423206,20.0,6.066649216330362,29.424529080759076,18.76166303929372,0.6376198235084793
6.325,track,-9.890323991975414,0.0,14.351681929043368,0.38756049284519606,-0.5706214584077817,13.0,-0.45426485520857907,1.0,2.464739852423206,20.0,6.106063666456552,29.424529080759076,18.76166303929372,0.6376198235084793
6.329166666666667,track,-9.88870136574991,0.0,14.349214750530676,0.38943029412113295,-0.5921228430459374,13.0,-0.45426485520857907,1.0,2.464739852423206,20.0,6.145566389313732,29.424529080759076,18.76166303929372,0.6376198235084793
6.333333333333333,track,-9.887070041091656,0.0,14.346666396398698,0.391517917981025,-0.6116049916746882,13.0,0.0,15.0,7.792840058053517,20.0,6.185157398677557,nan,nan,nan
6.3375,track,-9.885429132230277,0.0,14.344044943658199,0.3938181267310953,-0.6291486577195182,13.0,0.0,15.0,7.792840058053517,20.0,6.224836320126235,nan,nan,nan
6.341666666666667,track,-9.883777771944374,0.0,14.341358173896483,0.39632646861669335,-0.6448247428118696,13.0,0.0,15.0,7.838509725850131,20.0,6.264602434175478,nan,nan,nan
6.345833333333333,track,-9.88211512201657,0.0,14.338613481258381,0.3990359826729677,-0.6587262331441236,13.0,0.0,15.0,7.838509725850131,20.0,6.304454798140896,nan,nan,nan
6.35,track,-9.880440375282202,0.0,14.335817862385374,0.40193921624837603,-0.6709485295217266,13.0,0.0,15.0,7.838509725850131,20.0,6.344392246074286,nan,nan,nan
6.354166666666667,track,-9.878752756859592,0.0,14.332977913950458,0.40502842142627576,-0.6815876243799224,13.0,0.0,15.0,7.838509725850131,20.0,6.384413504185444,nan,nan,nan
6.358333333333333,track,-9.877051524726344,0.0,14.330099836079183,0.40829571197957293,-0.6907386891061393,13.0,0.0,15.0,7.838509725850131,20.0,6.424517165645526,nan,nan,nan
6.3625,track,-9.875335969777694,0.0,14.327189440260948,0.41173318767582223,-0.6984949963765598,13.0,0.0,15.0,7.838509725850131,20.0,6.464701791783956,nan,nan,nan
6.366666666666666,track,-9.873606747331063,0.0,14.3242398827544,0.4150133871916392,-0.7078938015715898,13.0,-1.319355631984162,1.0,2.4934992705372516,20.0,6.50496769350277,10.116049132504795,18.76166303929372,1.85464332898591
6.370833333333334,track,-9.871864441680028,0.0,14.321245047596879,0.4181533562485502,-0.718760437805245,13.0,-1.319355631984162,1.0,2.4934992705372516,20.0,6.545315046799766,10.116049132504795,18.76166303929372,1.85464332898591
6.375,track,-9.870109552357336,0.0,14.318199660393795,0.4211734374460567,-0.7308929287402232,13.0,-1.3168426599267078,1.0,2.560951041121418,20.0,6.585743736385034,10.116049132504795,18.76166303929372,1.85464332898591
6.379166666666666,track,-9.868342525483154,0.0,14.315098990206222,0.4240864498035824,-0.7441608450176865,13.0,-1.3168426599267078,1.0,2.560951041121418,20.0,6.626253591890673,10.116049132504795,18.76166303929372,1.85464332898591
6.383333333333333,track,-9.866563759614348,0.0,14.311938788023358,0.4269038085134496,-0.7584485238871245,13.0,-1.3168426599267078,1.0,2.560951041121418,20.0,6.666844296712153,10.116049132504795,18.76166303929372,1.85464332898591
6.3875,track,-9.864773610875433,0.0,14.308715232965064,0.4296356973394634,-0.7736532139906787,13.0,-1.3168426599267078,1.0,2.560951041121418,20.0,6.707515518218477,10.116049132504795,18.76166303929372,1.85464332898591
6.391666666666667,track,-9.862972397468013,0.0,14.305424885153165,0.43229121778102353,-0.7896834748553628,13.0,-1.3168426599267078,1.0,2.560951041121418,20.0,6.748266813155482,10.116049132504795,18.76166303929372,1.85464332898591
6.395833333333333,track,-9.861160403641277,0.0,14.302064644345473,0.4348785184167153,-0.8064577938464115,13.0,-1.3168426599267078,1.0,2.560951041121418,20.0,6.789097747939178,10.116049132504795,18.76166303929372,1.85464332898591
6.4,track,-9.859336685905571,0.0,14.298642292906711,0.4376922565693832,-0.8213643453025204,13.0,0.0,15.0,7.9276037639073005,20.0,6.830007449929061,nan,nan,nan
6.404166666666667,track,-9.857500333988845,0.0,14.295165217326872,0.44072446001412136,-0.8344981391615738,13.0,0.0,15.0,7.9276037639073005,20.0,6.870994861522878,nan,nan,nan
6.408333333333333,track,-9.855650472820944,0.0,14.291640400130424,0.4439666802964707,-0.8459561271473227,13.0,0.0,15.0,7.9276037639073005,20.0,6.912058732395476,nan,nan,nan
6.4125,track,-9.853786263660503,0.0,14.28807441901639,0.44741019850603886,-0.8558354673681122,13.0,0.0,15.0,7.9276037639073005,20.0,6.953197729684865,nan,nan,nan
6.416666666666667,track,-9.85190688228147,0.0,14.284473642540856,0.4510515309677735,-0.8641863541281308,13.0,0.0,15.0,8.035637877189112,20.0,6.994410408833653,nan,nan,nan
6.420833333333333,track,-9.850011541797008,0.0,14.280844039943194,0.4548817162712722,-0.8711046234389868,13.0,0.0,15.0,8.035637877189112,20.0,7.03569530351859,nan,nan,nan
6.425,track,-9.848099492239886,0.0,14.277191192665807,0.4588918937094481,-0.8766833465727588,13.0,0.0,15.0,8.035637877189112,20.0,7.077050880860117,nan,nan,nan
6.429166666666666,track,-9.846170019792101,0.0,14.273520308390282,0.4630733874681327,-0.8810122261259501,13.0,0.0,15.0,8.035637877189112,20.0,7.11847563179803,nan,nan,nan
6.433333333333334,track,-9.844222445750042,0.0,14.269836236825562,0.467417770094281,-0.8841771755328336,13.0,0.0,15.0,8.035637877189112,20.0,7.159968014452096,nan,nan,nan
6.4375,track,-9.842256125295439,0.0,14.266143486635832,0.47191690910447703,-0.8862600455351867,13.0,0.0,15.0,8.035637877189112,20.0,7.201526538996523,nan,nan,nan
6.441666666666666,track,-9.840270446129637,0.0,14.262446243021135,0.47656299979252414,-0.8873384675274503,13.0,0.0,15.0,8.035637877189112,20.0,7.243149702718243,nan,nan,nan
6.445833333333333,track,-9.838264827017323,0.0,14.258748385566788,0.481348586955212,-0.887485789043189,13.0,0.0,15.0,8.035637877189112,20.0,7.2848360715081615,nan,nan,nan
6.45,track,-9.836238688521837,0.0,14.255053732370188,0.48627323891662216,-0.8867167671839947,13.0,0.0,15.0,8.149608280711506,20.0,7.3265841917094,nan,nan,nan
6.454166666666667,track,-9.834191480712532,0.0,14.251365816535408,0.4913298742332293,-0.8850998003473384,13.0,0.0,15.0,8.149608280711506,20.0,7.368392684889479,nan,nan,nan
6.458333333333333,track,-9.832122681600275,0.0,14.247687903831324,0.49651178694153575,-0.8826990489802093,13.0,0.0,15.0,8.149608280711506,20.0,7.410260174232444,nan,nan,nan
6.4624999999999995,track,-9.830031795580858,0.0,14.244023009853468,0.5018126446600097,-0.8795745546852684,13.0,0.0,15.0,8.149608280711506,20.0,7.452185363127128,nan,nan,nan
6.466666666666667,track,-9.827920084828609,0.0,14.240360110351876,0.5068105805399028,-0.8790958803821011,13.0,-2.2084121843505145,1.0,2.729749511056535,20.0,7.4941699122263215,6.003747162564282,18.76166303929372,3.1249921975862085
6.470833333333333,track,-9.825788670966304,0.0,14.236689405491825,0.5115393269529517,-0.8809691664121422,13.0,-2.2084121843505145,1.0,2.729749511056535,20.0,7.536215151281634,6.003747162564282,18.76166303929372,3.1249921975862085
6.475,track,-9.823638551931236,0.0,14.233002169207516,0.516028568416499,-0.8849367082342815,13.0,-2.2084121843505145,1.0,2.729749511056535,20.0,7.5783220188747284,6.003747162564282,18.76166303929372,3.1249921975862085
6.479166666666667,track,-9.821470616610458,0.0,14.229290618903734,0.5203044769863441,-0.890772072907631,13.0,-2.2084121843505145,1.0,2.729749511056535,20.0,7.620491245246512,6.003747162564282,18.76166303929372,3.1249921975862085
6.483333333333333,track,-9.819285657561343,0.0,14.225547802559312,0.5243901717877513,-0.8982759226615118,13.0,-2.2084121843505145,1.0,2.729749511056535,20.0,7.662723276828918,6.003747162564282,18.76166303929372,3.1249921975862085
6.4875,track,-9.81708438208626,0.0,14.22176750073242,0.5283061140198982,-0.9072724384538624,13.0,-2.2084121843505145,1.0,2.729749511056535,20.0,7.705018435772317,6.003747162564282,18.76166303929372,3.1249921975862085
6.491666666666666,track,-9.814867398326353,0.0,14.217944324223684,0.5320761023777898,-0.9175623620967535,13.0,-2.20288220746966,1.0,2.7925541145132713,20.0,7.747376776872733,6.003747162564282,18.76166303929372,3.1249921975862085
6.495833333333334,track,-9.81263524992268,0.0,14.214073434768746,0.5357156168816003,-0.9290134691851282,13.0,-2.20288220746966,1.0,2.7925541145132713,20.0,7.789798298546625,6.003747162564282,18.76166303929372,3.1249921975862085
6.5,track,-9.810386932613147,0.0,14.210161932501485,0.5395961542879769,-0.9387605441424663,13.0,0.0,15.0,8.24067794214408,20.0,7.832281677618517,nan,nan,nan
6.504166666666666,track,-9.808121486012013,0.0,14.206216497858572,0.5437071842720493,-0.9469043142992785,13.0,0.0,15.0,8.24067794214408,20.0,7.874825543648092,nan,nan,nan
6.508333333333333,track,-9.80583799382999,0.0,14.202243398193213,0.5480381236855114,-0.9535439196861859,13.0,0.0,15.0,8.24067794214408,20.0,7.917428440896154,nan,nan,nan
6.5125,track,-9.803535583512593,0.0,14.19824849836912,0.5525784761750523,-0.9587759577821464,13.0,0.0,15.0,8.24067794214408,20.0,7.960088920057063,nan,nan,nan
6.516666666666667,track,-9.8012134254294,0.0,14.194237274280209,0.5573179399661315,-0.9626937813386851,13.0,0.0,15.0,8.24067794214408,20.0,8.002805486707095,nan,nan,nan
6.520833333333333,track,-9.798870731722774,0.0,14.190214828444498,0.5622464895903893,-0.9653870005704853,13.0,0.0,15.0,8.24067794214408,20.0,8.045576686747822,nan,nan,nan
6.5249999999999995,track,-9.796506731142507,0.0,14.186186082735732,0.5673601392639779,-0.9668989701036311,13.0,0.0,15.0,8.332875562863794,20.0,8.08840103288905,nan,nan,nan
6.529166666666667,track,-9.794120692335369,0.0,14.182155610276858,0.5726493137133862,-0.967313390129688,13.0,0.0,15.0,8.332875562863794,20.0,8.131277096370711,nan,nan,nan
6.533333333333333,track,-9.791711922155324,0.0,14.178127653787039,0.5781048432107982,-0.9667095575568242,13.0,0.0,15.0,8.332875562863794,20.0,8.17420344024434,nan,nan,nan
6.5375,track,-9.789279763883892,0.0,14.174106144114896,0.5837179851435126,-0.9651623213140251,13.0,0.0,15.0,8.332875562863794,20.0,8.21717869879774,nan,nan,nan
6.541666666666667,track,-9.786823595402154,0.0,14.170094718668398,0.5894804356168445,-0.9627421071592966,13.0,0.0,15.0,8.332875562863794,20.0,8.260201505893248,nan,nan,nan
6.545833333333333,track,-9.784342827346986,0.0,14.166096739519594,0.595384333240186,-0.9595149957131294,13.0,0.0,15.0,8.332875562863794,20.0,8.30327057298187,nan,nan,nan
6.55,track,-9.78183690127751,0.0,14.162115311017722,0.6014222566745132,-0.9555428404492989,13.0,0.0,15.0,8.332875562863794,20.0,8.346384614011074,nan,nan,nan
6.554166666666666,track,-9.779305287871486,0.0,14.158153296788946,0.6075872174457357,-0.9508834149060486,13.0,0.0,15.0,8.332875562863794,20.0,8.389542422761005,nan,nan,nan
6.558333333333334,track,-9.776747462791404,0.0,14.154213494289648,0.6138780192198773,-0.9455525998316083,13.0,0.0,15.0,8.409920914600276,20.0,8.432742777403892,nan,nan,nan
6.5625,track,-9.77416292873029,0.0,14.15029848075695,0.6202881746675988,-0.9396032478473761,13.0,0.0,15.0,8.409920914600276,20.0,8.475984535533303,nan,nan,nan
6.566666666666666,track,-9.771551213712527,0.0,14.146410628587299,0.6268116042630161,-0.9330845207161317,13.0,0.0,15.0,8.409920914600276,20.0,8.519266555630665,nan,nan,nan
6.570833333333333,track,-9.768911869462679,0.0,14.142552119910405,0.6334426199637172,-0.9260420824544869,13.0,0.0,15.0,8.409920914600276,20.0,8.56258777411718,nan,nan,nan
6.575,track,-9.766244469847305,0.0,14.138724960349213,0.6401759076899385,-0.9185182946860118,13.0,0.0,15.0,8.409920914600276,20.0,8.605947125613225,nan,nan,nan
6.579166666666667,track,-9.763548609392336,0.0,14.134930991969503,0.6470065091926894,-0.9105524111305581,13.0,0.0,15.0,8.409920914600276,20.0,8.64934362017985,nan,nan,nan
6.583333333333333,track,-9.760823901877547,0.0,14.131171905432742,0.6539298035493691,-0.9021807688225002,13.0,0.0,15.0,8.409920914600276,20.0,8.692776262785129,nan,nan,nan
6.5874999999999995,track,-9.758069979007924,0.0,14.12744925137326,0.6609414887093514,-0.8934369742754481,13.0,0.0,15.0,8.409920914600276,20.0,8.736244130832443,nan,nan,nan
6.591666666666667,track,-9.755286489161326,0.0,14.12376445102635,0.6680375631833358,-0.8843520832584054,13.0,0.0,15.0,8.409920914600276,20.0,8.779746293124843,nan,nan,nan
6.595833333333333,track,-9.752473096210553,0.0,14.120118806137723,0.675214308185624,-0.8749547732704169,13.0,0.0,15.0,8.409920914600276,20.0,8.823281887719249,nan,nan,nan
6.6,track,-9.74962946254775,0.0,14.116513614749032,0.6824720790725187,-0.8652459332862042,13.0,0.0,15.0,8.459716840410012,20.0,8.866850026029022,nan,nan,nan
6.604166666666667,track,-9.746755265018688,0.0,14.112950064794884,0.6898074069750305,-0.8552519889956683,13.0,0.0,15.0,8.459716840410012,20.0,8.910449886217727,nan,nan,nan
6.608333333333333,track,-9.743850193881698,0.0,14.10942924266887,0.6972170728777495,-0.8449973102433933,13.0,0.0,15.0,8.459716840410012,20.0,8.954080631924175,nan,nan,nan
6.6125,track,-9.740913951833999,0.0,14.105952141173464,0.7046980914476327,-0.834504358897526,13.0,0.0,15.0,8.459716840410012,20.0,8.997741490553716,nan,nan,nan
6.616666666666666,track,-9.737946253102626,0.0,14.102519666889444,0.7122476955296125,-0.8237938281647238,13.0,0.0,15.0,8.459716840410012,20.0,9.041431671901497,nan,nan,nan
6.620833333333334,track,-9.73494682259648,0.0,14.099132646999957,0.7198633214747758,-0.8128847734770157,13.0,0.0,15.0,8.459716840410012,20.0,9.08515044673221,nan,nan,nan
6.625,track,-9.731915395116609,0.0,14.095791835603604,0.7275425951691362,-0.8017947351246713,13.0,0.0,15.0,8.459716840410012,20.0,9.128897065383189,nan,nan,nan
6.629166666666666,track,-9.728851714621175,0.0,14.092497919549793,0.7352833189042085,-0.790539852914974,13.0,0.0,15.0,8.459716840410012,20.0,9.172670836596348,nan,nan,nan
6.633333333333333,track,-9.725755528699741,0.0,14.089251555087614,0.7430846211440562,-0.7791274709226886,13.0,0.0,15.0,8.474117253679827,20.0,9.216471041616911,nan,nan,nan
6.6375,track,-9.722626593131348,0.0,14.086053339030645,0.7509445364144458,-0.7675718536726578,13.0,0.0,15.0,8.474117253679827,20.0,9.260297018043216,nan,nan,nan
6.641666666666667,track,-9.719464671270181,0.0,14.082903813543995,0.7588612466802438,-0.7558861167960638,13.0,0.0,15.0,8.474117253679827,20.0,9.304148078590112,nan,nan,nan
6.645833333333333,track,-9.716269533475444,0.0,14.07980347055855,0.7668330707369901,-0.7440823165068574,13.0,0.0,15.0,8.474117253679827,20.0,9.348023590236226,nan,nan,nan
6.6499999999999995,track,-9.713040956582892,0.0,14.076752755839262,0.7748584542125236,-0.7321715326292295,13.0,0.0,15.0,8.474117253679827,20.0,9.391922893081626,nan,nan,nan
6.654166666666667,track,-9.709778723414997,0.0,14.073752072732718,0.7829359602946364,-0.7201639455706244,13.0,0.0,15.0,8.474117253679827,20.0,9.435845379636328,nan,nan,nan
6.658333333333333,track,-9.706482622327467,0.0,14.070801785617777,0.7910642610072177,-0.7080689075858274,13.0,0.0,15.0,8.474117253679827,20.0,9.479790413793191,nan,nan,nan
6.6625,track,-9.703152446789344,0.0,14.06790222308147,0.7992421291496515,-0.6958950087137852,13.0,0.0,15.0,8.474117253679827,20.0,9.523757410221176,nan,nan,nan
6.666666666666667,track,-9.699788001409754,0.0,14.065053640969348,0.8074668911018158,-0.6836597069095474,13.0,0.0,15.0,8.455886493736955,20.0,9.567745759457118,nan,nan,nan
6.670833333333333,track,-9.696389094687664,0.0,14.062256268257551,0.8157376133015573,-0.6713694508311283,13.0,0.0,15.0,8.455886493736955,20.0,9.61175490099108,nan,nan,nan
6.675,track,-9.692955538716033,0.0,14.05951030925591,0.8240534331915793,-0.6590301603941211,13.0,0.0,15.0,8.455886493736955,20.0,9.655784242458086,nan,nan,nan
6.679166666666666,track,-9.689487148908398,0.0,14.056815945632334,0.8324135538324322,-0.6466472696582841,13.0,0.0,15.0,8.455886493736955,20.0,9.699833239240878,nan,nan,nan
6.683333333333334,track,-9.685983743746581,0.0,14.05417333827265,0.840817238836143,-0.6342257663243587,13.0,0.0,15.0,8.455886493736955,20.0,9.743901313816133,nan,nan,nan
6.6875,track,-9.682445144547655,0.0,14.05158262898884,0.8492638077423786,-0.6217702281143463,13.0,0.0,15.0,8.455886493736955,20.0,9.787987935359714,nan,nan,nan
6.691666666666666,track,-9.678871175249053,0.0,14.049043942087817,0.857752631664349,-0.6092848562454936,13.0,0.0,15.0,8.455886493736955,20.0,9.832092539250414,nan,nan,nan
6.695833333333333,track,-9.675261662210183,0.0,14.046557385811814,0.8662831293290686,-0.5967735062406647,13.0,0.0,15.0,8.455886493736955,20.0,9.876214606655026,nan,nan,nan
6.7,track,-9.671616434029593,0.0,14.044123053660751,0.8748547633416832,-0.5842397162552645,13.0,0.0,15.0,8.455886493736955,20.0,9.920353584191723,nan,nan,nan
6.704166666666667,track,-9.667935321376255,0.0,14.041741025606022,0.8834670368011217,-0.5716867331350852,13.0,0.0,15.0,8.455886493736955,20.0,9.964508963474943,nan,nan,nan
6.708333333333333,track,-9.664218171734602,0.0,14.03941128070653,0.8921159139968905,-0.5591387758783636,13.0,0.0,15.0,8.415585991306799,20.0,10.008680214543329,nan,nan,nan
6.7124999999999995,track,-9.660464833234514,0.0,14.037133794071897,0.9008012400212719,-0.5465967923118238,13.0,0.0,15.0,8.415585991306799,20.0,10.052866850799063,nan,nan,nan
6.716666666666667,track,-9.656675154607456,0.0,14.034908537184005,0.90952287049372,-0.5340616530937632,13.0,0.0,15.0,8.415585991306799,20.0,10.097068348897404,nan,nan,nan
6.720833333333333,track,-9.652848985146058,0.0,14.032735478191787,0.9182806707356375,-0.5215341581323651,13.0,0.0,15.0,8.415585991306799,20.0,10.141284228387953,nan,nan,nan
6.725,track,-9.648986174667149,0.0,14.030614582181537,0.9270745149382671,-0.5090150424601051,13.0,0.0,15.0,8.415585991306799,20.0,10.18551397178035,nan,nan,nan
6.729166666666667,track,-9.645086573477705,0.0,14.028545811424733,0.9359042854666707,-0.49650498163294954,13.0,0.0,15.0,8.415585991306799,20.0,10.229757104069678,nan,nan,nan
6.733333333333333,track,-9.641152679046618,0.0,14.026513803652977,0.9441346634610034,-0.4876818652215427,13.0,-1.0681378195600038,1.0,2.8130076155520927,20.0,10.274016528658338,12.21202247012843,18.33030277982336,1.501004671802785
6.7375,track,-9.637186701438049,0.0,14.024504966304718,0.9518346260566986,-0.4821209635817995,13.0,-1.0681378195600038,1.0,2.8130076155520927,20.0,10.318294688981226,12.21202247012843,18.33030277982336,1.501004671802785
6.741666666666666,track,-9.633190646060887,0.0,14.0225069822023,0.959053290518621,-0.4795161845802783,13.0,-1.0665313626930908,1.0,2.7352012679240296,20.0,10.362593608589991,12.21202247012843,18.33030277982336,1.501004671802785
6.745833333333334,track,-9.629166291786934,0.0,14.020508922201962,0.9658450257487404,-0.4795344000810715,13.0,-1.0665313626930908,1.0,2.7352012679240296,20.0,10.406914986322846,12.21202247012843,18.33030277982336,1.501004671802785
6.75,track,-9.625115218820987,0.0,14.018501071924101,0.9722575118270465,-0.4818840666867785,13.0,-1.0665313626930908,1.0,2.7352012679240296,20.0,10.451260132211248,12.21202247012843,18.33030277982336,1.501004671802785
6.754166666666666,track,-9.621038832812568,0.0,14.016474782159946,0.9783326420208726,-0.48630954339715043,13.0,-1.0665313626930908,1.0,2.7352012679240296,20.0,10.495630143129386,12.21202247012843,18.33030277982336,1.501004671802785
6.758333333333333,track,-9.61693838574967,0.0,14.014422339498894,0.9841072950954233,-0.49258623865248297,13.0,-1.0665313626930908,1.0,2.7352012679240296,20.0,10.540025826236024,12.21202247012843,18.33030277982336,1.501004671802785
6.7625,track,-9.612814994093622,0.0,14.01233685424691,0.989613997451543,-0.5005164604764262,13.0,-1.0665313626930908,1.0,2.7352012679240296,20.0,10.584447853177771,12.21202247012843,18.33030277982336,1.501004671802785
6.766666666666667,track,-9.608669654546356,0.0,14.010212163150715,0.9948814913440202,-0.5099258630865554,13.0,-0.693245385750509,1.0,2.7352012679240296,20.0,10.628896675908896,18.78772687712066,18.33030277982336,0.9756530366718102
6.770833333333333,track,-9.604503257782909,0.0,14.008042744817212,0.9999352232274002,-0.5206604000408033,13.0,-0.693245385750509,1.0,2.7352012679240296,20.0,10.673372664845168,18.78772687712066,18.33030277982336,0.9756530366718102
6.7749999999999995,track,-9.600316600433365,0.0,14.005823646034353,1.0047977638906043,-0.5325837078863211,13.0,-0.693245385750509,1.0,2.7352012679240296,20.0,10.717876020268802,18.78772687712066,18.33030277982336,0.9756530366718102
6.779166666666667,track,-9.59611039555625,0.0,14.00355041746719,1.0094891705072946,-0.5455748561190259,13.0,-0.693245385750509,1.0,2.7352012679240296,20.0,10.762406898389758,18.78772687712066,18.33030277982336,0.9756530366718102
6.783333333333333,track,-9.591885312508104,0.0,14.001218885799155,1.014019931555188,-0.5595676003287398,13.0,-0.6922510493737589,1.0,2.672761730899949,20.0,10.806965360425284,18.78772687712066,18.33030277982336,0.9756530366718102
6.7875,track,-9.587641950921954,0.0,13.998825295954601,1.0184067806759527,-0.5744615626929261,13.0,-0.6922510493737589,1.0,2.672761730899949,20.0,10.85155144347953,18.78772687712066,18.33030277982336,0.9756530366718102
6.791666666666667,track,-9.583380848208435,0.0,13.996366265318393,1.0226646512445599,-0.590167352689902,13.0,-0.6922510493737589,1.0,2.672761730899949,20.0,10.896165068674495,18.78772687712066,18.33030277982336,0.9756530366718102
6.795833333333333,track,-9.5791024861541,0.0,13.993838743521065,1.0268068930404226,-0.606605231358853,13.0,-0.6922510493737589,1.0,2.672761730899949,20.0,10.940806152930342,18.78772687712066,18.33030277982336,0.9756530366718102
6.8,track,-9.574807296736836,0.0,13.991239977045291,1.0308454601435089,-0.6237039541860145,13.0,-0.44996318209294334,1.0,2.672761730899949,20.0,10.985474516784642,28.904195195570246,18.33030277982336,0.6341744738366767
6.804166666666666,track,-9.570495667260886,0.0,13.988567478016286,1.0347910742278223,-0.6413997669611076,13.0,-0.44996318209294334,1.0,2.672761730899949,20.0,11.030169990328293,28.904195195570246,18.33030277982336,0.6341744738366767
6.808333333333334,track,-9.566167944899865,0.0,13.985818996629725,1.0386533666449251,-0.6596355327746118,13.0,-0.44996318209294334,1.0,2.672761730899949,20.0,11.074892321298123,28.904195195570246,18.33030277982336,0.6341744738366767
6.8125,track,-9.561824440723438,0.0,13.982992496747894,1.042441002342658,-0.6783599716392452,13.0,-0.44996318209294334,1.0,2.672761730899949,20.0,11.119641276474091,28.904195195570246,18.33030277982336,0.6341744738366767
6.816666666666666,track,-9.557465437091514,0.0,13.980086113450154,1.0461608716616668,-0.6975319914575444,13.0,-0.44917329158978353,1.0,2.6643833013711107,20.0,11.16441655426387,28.904195195570246,18.33030277982336,0.6341744738366767
6.820833333333333,track,-9.5530911866524,0.0,13.977098156740311,1.049820105387315,-0.7171096103621276,13.0,-0.44917329158978353,1.0,2.6643833013711107,20.0,11.20921787821568,28.904195195570246,18.33030277982336,0.6341744738366767
6.825,track,-9.548701915218443,0.0,13.974027094204677,1.0534251441499356,-0.7370550085520844,13.0,-0.44917329158978353,1.0,2.6643833013711107,20.0,11.254044906444564,28.904195195570246,18.33030277982336,0.6341744738366767
6.829166666666667,track,-9.54429782433274,0.0,13.970871535558024,1.0569818125688315,-0.7573340751971308,13.0,-0.44917329158978353,1.0,2.6643833013711107,20.0,11.298897326844365,28.904195195570246,18.33030277982336,0.6341744738366767
6.833333333333333,track,-9.539879093564188,0.0,13.967630218849191,1.0604953844520644,-0.7779160101198453,13.0,-0.29196263953335927,1.0,2.6643833013711107,20.0,11.34377476735942,44.46799260856961,18.33030277982336,0.4122134079938399
6.8374999999999995,track,-9.53544588256294,0.0,13.964301998128452,1.0639706402997697,-0.7987729729775103,13.0,-0.29196263953335927,1.0,2.6643833013711107,20.0,11.388676888910961,44.46799260856961,18.33030277982336,0.4122134079938399
6.841666666666667,track,-9.530998332904364,0.0,13.960885832404779,1.0674119180582424,-0.8198797736816438,13.0,-0.29196263953335927,1.0,2.6643833013711107,20.0,11.433603296522408,44.46799260856961,18.33030277982336,0.4122134079938399
6.845833333333333,track,-9.526536569745785,0.0,13.957380775743497,1.0708231580588912,-0.8412135987076682,13.0,-0.29196263953335927,1.0,2.6643833013711107,20.0,11.478553630402944,44.46799260856961,18.33030277982336,0.4122134079938399
6.85,track,-9.522060703317337,0.0,13.953785968374012,1.0742079428275852,-0.862753768676405,13.0,-0.29196263953335927,1.0,2.6643833013711107,20.0,11.52352747789536,44.46799260856961,18.33030277982336,0.4122134079938399
6.854166666666667,track,-9.517570830265377,0.0,13.950100628693779,1.0775695324703731,-0.8844815232561216,13.0,-0.29196263953335927,1.0,2.6643833013711107,20.0,11.56852446305896,44.46799260856961,18.33030277982336,0.4122134079938399
6.858333333333333,track,-9.513067013607904,0.0,13.946324158038072,1.0809159977935427,-0.9063529573695543,13.0,-0.2913058406391305,1.0,2.712794694428466,20.0,11.613544142267326,44.46799260856961,18.33030277982336,0.4122134079938399
6.8625,track,-9.508549306881008,0.0,13.94245601201798,1.0842496144548919,-0.9283550448221563,13.0,-0.2913058406391305,1.0,2.712794694428466,20.0,11.658586110932035,44.46799260856961,18.33030277982336,0.4122134079938399
6.866666666666666,track,-9.504015895622063,0.0,13.938505398944274,1.0880187021469265,-0.9481471376893594,13.0,0.0,15.0,8.392280844737101,20.0,11.70364923754572,nan,nan,nan
6.870833333333334,track,-9.499465007946164,0.0,13.93448120405482,1.0922130422159837,-0.9658067734691408,13.0,0.0,15.0,8.392280844737101,20.0,11.748732254286239,nan,nan,nan
6.875,track,-9.494894925374103,0.0,13.930391944318199,1.0968198172943606,-0.9814223367887838,13.0,0.0,15.0,8.392280844737101,20.0,11.793833750872976,nan,nan,nan
6.879166666666666,track,-9.490303990581323,0.0,13.926245738515489,1.1018243502673504,-0.9950893926503548,13.0,0.0,15.0,8.392280844737101,20.0,11.838952267630765,nan,nan,nan
6.883333333333333,track,-9.485690612657951,0.0,13.922050289493571,1.1072107016090313,-1.006907765260064,13.0,0.0,15.0,8.392280844737101,20.0,11.884086268417807,nan,nan,nan
6.8875,track,-9.481053270369417,0.0,13.917812876033546,1.11296214924825,-1.0169792304061371,13.0,0.0,15.0,8.392280844737101,20.0,11.929234223964036,nan,nan,nan
6.891666666666667,track,-9.476390472375488,0.0,13.913540560395672,1.1190715185429887,-1.0253557530897872,13.0,0.0,15.0,8.514400847852217,20.0,11.974394549443629,nan,nan,nan
6.895833333333333,track,-9.471700800259768,0.0,13.909239977367065,1.1255213077727864,-1.0321399268656557,13.0,0.0,15.0,8.514400847852217,20.0,12.01956569989055,nan,nan,nan
6.8999999999999995,track,-9.466985442775119,0.0,13.904904725422421,1.131685796315949,-1.0404604667143804,13.0,-1.2668298583669662,1.0,2.804289285322825,20.0,12.064747990335913,10.196959592257738,18.33030277982336,1.7976243422344282
6.904166666666667,track,-9.462245462428697,0.0,13.90052906990202,1.1375952831412282,-1.0501573248960214,13.0,-1.2668298583669662,1.0,2.804289285322825,20.0,12.109941685913935,10.196959592257738,18.33030277982336,1.7976243422344282
6.908333333333333,track,-9.457481809816038,0.0,13.89610786639989,1.1432766270383634,-1.0610888405116574,13.0,-1.2668298583669662,1.0,2.804289285322825,20.0,12.155146909699175,10.196959592257738,18.33030277982336,1.7976243422344282
6.9125,track,-9.452695336144018,0.0,13.891636493907233,1.1487536812849977,-1.0731293982373435,13.0,-1.2668298583669662,1.0,2.804289285322825,20.0,12.200363761429825,10.196959592257738,18.33030277982336,1.7976243422344282
6.916666666666667,track,-9.447886804192057,0.0,13.887110796357868,1.1540476684706151,-1.0861674118476798,13.0,-1.2668298583669662,1.0,2.804289285322825,20.0,12.245592224937837,10.196959592257738,18.33030277982336,1.7976243422344282
6.920833333333333,track,-9.443056897924164,0.0,13.8825270314217,1.1591775042944539,-1.1001035846803995,13.0,-1.2668298583669662,1.0,2.804289285322825,20.0,12.290832279195582,10.196959592257738,18.33030277982336,1.7976243422344282
6.925,track,-9.438206230934043,0.0,13.877881825561397,1.1641600776292869,-1.1148494064728625,13.0,-1.2668298583669662,1.0,2.804289285322825,20.0,12.336083806102488,10.196959592257738,18.33030277982336,1.7976243422344282
6.929166666666666,track,-9.433335353878904,0.0,13.873172134510419,1.16901049323314,-1.1303258522349449,13.0,-1.2668298583669662,1.0,2.804289285322825,20.0,12.381346695555719,10.196959592257738,18.33030277982336,1.7976243422344282
6.933333333333334,track,-9.42844470977334,0.0,13.868395458707946,1.1737545853354439,-1.146402192593404,13.0,-0.8208940234469975,1.0,2.9020312674938884,20.0,12.426620709998456,15.68763014193498,18.33030277982336,1.1684558224523784
6.9375,track,-9.423534696214103,0.0,13.863549535743433,1.1784032542168386,-1.1630215114831215,13.0,-0.8208940234469975,1.0,2.9020312674938884,20.0,12.471905633650627,15.68763014193498,18.33030277982336,1.1684558224523784
6.941666666666666,track,-9.418605669906677,0.0,13.8586323162916,1.1829663137824094,-1.1801326684400033,13.0,-0.8208940234469975,1.0,2.9020312674938884,20.0,12.517201182738876,15.68763014193498,18.33030277982336,1.1684558224523784
6.945833333333333,track,-9.413657950689737,0.0,13.85364194274145,1.1874526120653468,-1.1976896520357416,13.0,-0.8208940234469975,1.0,2.9020312674938884,20.0,12.562507100127625,15.68763014193498,18.33030277982336,1.1684558224523784
6.95,track,-9.408691825119817,0.0,13.848576730184549,1.191870136780674,-1.2156510136563878,13.0,-0.8208940234469975,1.0,2.9020312674938884,20.0,12.607823066676634,15.68763014193498,18.33030277982336,1.1684558224523784
6.954166666666667,track,-9.403707549669715,0.0,13.84343514947328,1.1962261080246006,-1.2339793707047975,13.0,-0.8208940234469975,1.0,2.9020312674938884,20.0,12.653148793287642,15.68763014193498,18.33030277982336,1.1684558224523784
6.958333333333333,track,-9.398705353587317,0.0,13.838215812098838,1.200527059775277,-1.2526409698658656,13.0,-0.8208940234469975,1.0,2.9020312674938884,20.0,12.698483933356854,15.68763014193498,18.33030277982336,1.1684558224523784
6.9624999999999995,track,-9.393685441455037,0.0,13.832917456671948,1.2047789117472538,-1.2716053024534792,13.0,-0.8208940234469975,1.0,2.9020312674938884,20.0,12.743828172719914,15.68763014193498,18.33030277982336,1.1684558224523784
6.966666666666667,track,-9.388647940635568,0.0,13.827539198351857,1.2090001966725665,-1.2907819968220204,13.0,-0.53171806521236,1.0,3.0133014196655035,20.0,12.789181103193487,24.13481560297689,18.33030277982336,0.7594962845940461
6.970833333333333,track,-9.383592963002695,0.0,13.822080231932679,1.213194631889863,-1.3101519406028699,13.0,-0.53171806521236,1.0,3.0133014196655035,20.0,12.834542353739401,24.13481560297689,18.33030277982336,0.7594962845940461
6.975,track,-9.378520606318803,0.0,13.816539824564419,1.2173656041341494,-1.3296977683824518,13.0,-0.53171806521236,1.0,3.0133014196655035,20.0,12.879911505911696,24.13481560297689,18.33030277982336,0.7594962845940461
6.979166666666667,track,-9.37343095548084,0.0,13.810917309182896,1.2215162011112612,-1.3494036915655736,13.0,-0.53171806521236,1.0,3.0133014196655035,20.0,12.925288178949538,24.13481560297689,18.33030277982336,0.7594962845940461
6.983333333333333,track,-9.368324083648712,0.0,13.80521207857312,1.225649239710515,-1.3692553463459511,13.0,-0.53171806521236,1.0,3.0133014196655035,20.0,12.970671945980504,24.13481560297689,18.33030277982336,0.7594962845940461
6.9875,track,-9.363200053268251,0.0,13.799423579999553,1.2297672913107867,-1.3892396576563255,13.0,-0.53171806521236,1.0,3.0133014196655035,20.0,13.016062418204449,24.13481560297689,18.33030277982336,0.7594962845940461
6.991666666666666,track,-9.358058916999665,0.0,13.793551310344444,1.2338727044604616,-1.4093447172260654,13.0,-0.53171806521236,1.0,3.0133014196655035,20.0,13.061459161772964,24.13481560297689,18.33030277982336,0.7594962845940461
6.995833333333334,track,-9.352900718560958,0.0,13.787594811702206,1.2379676252895362,-1.4295596741371805,13.0,-0.53171806521236,1.0,3.0133014196655035,20.0,13.106861781192336,24.13481560297689,18.33030277982336,0.7594962845940461
7.0,track,-9.347723348062852,0.0,13.781563619098163,1.242568919545602,-1.4474862249703297,13.0,0.0,15.0,8.795688036810603,20.0,13.152268729195416,nan,nan,nan
7.004166666666666,track,-9.342524752216372,0.0,13.775466908297192,1.247663003155147,-1.4632105922333118,13.0,0.0,15.0,8.795688036810603,20.0,13.197678417664287,nan,nan,nan
7.008333333333333,track,-9.33730288709318,0.0,13.769313722431871,1.2532476295657504,-1.4767646076771572,13.0,0.0,15.0,8.971693077727043,20.0,13.243089165974677,nan,nan,nan
7.0125,track,-9.33205578477095,0.0,13.763112674403427,1.2593045573350627,-1.4882515268267194,13.0,0.0,15.0,8.971693077727043,20.0,13.2884993045093,nan,nan,nan
7.016666666666667,track,-9.326781559223157,0.0,13.756871929602822,1.2658141314704785,-1.4977787521451076,13.0,0.0,15.0,8.971693077727043,20.0,13.333907138830375,nan,nan,nan
7.020833333333333,track,-9.321478409865533,0.0,13.750599198564448,1.2727558458297585,-1.5054554492098018,13.0,0.0,15.0,8.971693077727043,20.0,13.379311022020874,nan,nan,nan
7.0249999999999995,track,-9.316144623239069,0.0,13.744301737370527,1.2801087903511006,-1.5113906865407274,13.0,0.0,15.0,8.971693077727043,20.0,13.424709307584854,nan,nan,nan
7.029166666666667,track,-9.310778573225292,0.0,13.737986354021551,1.2878520033065015,-1.515692003754426,13.0,0.0,15.0,8.971693077727043,20.0,13.470100418125929,nan,nan,nan
7.033333333333333,track,-9.30537872011971,0.0,13.731659419318051,1.2959647453396002,-1.518464328840119,13.0,0.0,15.0,8.971693077727043,20.0,13.515482790313047,nan,nan,nan
7.0375,track,-9.299943608830514,0.0,13.725326881072702,1.3044267094073534,-1.5198091788836314,13.0,0.0,15.0,8.971693077727043,20.0,13.560854941532885,nan,nan,nan
7.041666666666667,track,-9.294471790105456,0.0,13.718994615971274,1.3132364940138368,-1.5197436243424534,13.0,0.0,15.0,9.153739725670908,20.0,13.606215361783923,nan,nan,nan
7.045833333333333,track,-9.28896189744827,0.0,13.712668094221454,1.3223742377246412,-1.5183652199568964,13.0,0.0,15.0,9.153739725670908,20.0,13.651562627516896,nan,nan,nan
7.05,track,-9.28341264394159,0.0,13.70635239864853,1.3318208416034067,-1.5157669375018794,13.0,0.0,15.0,9.153739725670908,20.0,13.696895338170167,nan,nan,nan
7.054166666666666,track,-9.277822818784795,0.0,13.700052244570792,1.3415580376307723,-1.5120369786572072,13.0,0.0,15.0,9.153739725670908,20.0,13.742212181311828,nan,nan,nan
7.058333333333334,track,-9.272191283654294,0.0,13.693772000010421,1.3515684313201142,-1.507258694488847,13.0,0.0,15.0,9.153739725670908,20.0,13.787511866260528,nan,nan,nan
7.0625,track,-9.266516968971558,0.0,13.687515705893135,1.3618355238565614,-1.5015105881486261,13.0,0.0,15.0,9.153739725670908,20.0,13.832793189217458,nan,nan,nan
7.066666666666666,track,-9.260802187091759,0.0,13.681272854432715,1.3715476511517886,-1.4982843505011767,13.0,-2.004426335233946,1.0,3.2797567092613225,20.0,13.878057248144342,6.348612896062089,18.33030277982336,2.887292559795741
7.070833333333333,track,-9.25504899776704,0.0,13.675034074283975,1.3807654379326424,-1.4973072356976929,13.0,-2.004426335233946,1.0,3.2797567092613225,20.0,13.923305019696066,6.348612896062089,18.33030277982336,2.887292559795741
7.075,track,-9.249259238611032,0.0,13.668790992560318,1.3895421974417088,-1.4983396136775258,13.0,-2.004426335233946,1.0,3.2791736915224927,19.97199304736991,13.968537242979332,6.348612896062089,18.33030277982336,2.887292559795741
7.079166666666667,track,-9.243434550741858,0.0,13.662536118602718,1.3979250886015906,-1.501169749823855,13.0,-2.004426335233946,1.0,3.2791736915224927,19.97199304736991,14.01375458043108,6.348612896062089,18.33030277982336,2.887292559795741
7.083333333333333,track,-9.237576337099764,0.0,13.656263015918016,1.4059712741026942,-1.505544644328381,13.0,-1.9955211004310096,1.0,3.3749913382292402,19.94249778053242,14.058957454267953,6.348612896062089,18.33030277982336,2.887292559795741
7.0874999999999995,track,-9.231685854256368,0.0,13.649965904452705,1.4137158824152876,-1.5113067516749652,13.0,-1.9955211004310096,1.0,3.3749913382292402,19.94249778053242,14.10414624741956,6.348612896062089,18.33030277982336,2.887292559795741
7.091666666666667,track,-9.225764229076656,0.0,13.64363958531659,1.4211900431306035,-1.5183165926674813,13.0,-1.9955211004310096,1.0,3.374411712365736,19.91535540531184,14.149321188745938,6.348612896062089,18.33030277982336,2.887292559795741
7.095833333333333,track,-9.219812472571132,0.0,13.63727937805099,1.4284215613259221,-1.5264497437438023,13.0,-1.9955211004310096,1.0,3.374411712365736,19.91535540531184,14.194482489124887,6.348612896062089,18.33030277982336,2.887292559795741
7.1,track,-9.213831492762608,0.0,13.630881062595865,1.4354351540455677,-1.5355957092303851,13.0,-1.2970887152801565,1.0,3.373872777135313,19.89007820521822,14.239630229690793,9.767096763172443,18.33030277982336,1.8767401638672316
7.104166666666667,track,-9.20782210532843,0.0,13.624440831140127,1.4422529842025378,-1.5456555493770474,13.0,-1.2970887152801565,1.0,3.373872777135313,19.89007820521822,14.284764488905157,9.767096763172443,18.33030277982336,1.8767401638672316
7.108333333333333,track,-9.201785043621285,0.0,13.617955243001358,1.448894809714699,-1.5565411533044946,13.0,-1.2970887152801565,1.0,3.3733666378900162,19.866303740553494,14.329885233675585,9.767096763172443,18.33030277982336,1.8767401638672316
7.1125,track,-9.19572096689836,0.0,13.61142118742391,1.4553784135020174,-1.5681733385876924,13.0,-1.2970887152801565,1.0,3.3733666378900162,19.866303740553494,14.374992439332356,9.767096763172443,18.33030277982336,1.8767401638672316
7.116666666666666,track,-9.189630423642141,0.0,13.604836035009193,1.461730381492503,-1.5804365795322126,13.0,-1.2912149324634727,1.0,3.4474387967284486,19.84374278945877,14.420085955939543,9.767096763172443,18.33030277982336,1.8767401638672316
7.120833333333334,track,-9.183513906948907,0.0,13.598197402555831,1.4679640063760624,-1.5932717888067864,13.0,-1.2912149324634727,1.0,3.4474387967284486,19.84374278945877,14.465165652345314,9.767096763172443,18.33030277982336,1.8767401638672316
7.125,track,-9.1773718602666,0.0,13.591503127283628,1.474091203753623,-1.606626065328473,13.0,-1.2912149324634727,1.0,3.446969363643493,19.82210974882819,14.510231313041045,9.767096763172443,18.33030277982336,1.8767401638672316
7.129166666666666,track,-9.171204681959331,0.0,13.584751246177756,1.4801227937443613,-1.6204514654093707,13.0,-1.2912149324634727,1.0,3.446969363643493,19.82210974882819,14.555282746760678,9.767096763172443,18.33030277982336,1.8767401638672316
7.133333333333333,track,-9.165010058351468,0.0,13.577951050056265,1.4867096658871375,-1.6320470691579212,13.0,0.0,15.0,9.409977387165409,19.801210332822176,14.600318057696054,nan,nan,nan
7.1375,track,-9.1587857671968,0.0,13.57111137227036,1.49382987712032,-1.6415226686171955,13.0,0.0,15.0,9.409977387165409,19.801210332822176,14.645335419196119,nan,nan,nan
7.141666666666667,track,-9.152529683994588,0.0,13.564240572239402,1.5014599685309018,-1.6489920074300448,13.0,0.0,15.0,9.408585190623405,19.777649592015884,14.690333015210582,nan,nan,nan
7.145833333333333,track,-9.146239784669097,0.0,13.5573465331434,1.509575838118018,-1.6545693830404071,13.0,0.0,15.0,9.408585190623405,19.777649592015884,14.735309115819895,nan,nan,nan
7.1499999999999995,track,-9.139914147493608,0.0,13.550436661970243,1.5181529221175043,-1.6583690815576975,13.0,0.0,15.0,9.406988381232877,19.750584278729516,14.780262008219967,nan,nan,nan
7.154166666666667,track,-9.133550952079862,0.0,13.543517900833942,1.5271668992990601,-1.6605026727121626,13.0,0.0,15.0,9.406988381232877,19.750584278729516,14.825190074375497,nan,nan,nan
7.158333333333333,track,-9.12714841889603,0.0,13.536596976781833,1.5366079641193253,-1.661021772505934,13.0,0.0,15.0,9.539900105630542,19.72034747184461,14.870091676558115,nan,nan,nan
7.1625,track,-9.120704868222633,0.0,13.529680168866987,1.5464521616154547,-1.6600338995630304,13.0,0.0,15.0,9.539900105630542,19.72034747184461,14.914965276208289,nan,nan,nan
7.166666666666667,track,-9.11421871809684,0.0,13.522773322158088,1.5566760301903575,-1.6576432101357625,13.0,0.0,15.0,9.537923674582562,19.687198547718644,14.95980935110208,nan,nan,nan
7.170833333333333,track,-9.107688479835051,0.0,13.515881870915141,1.5672571828294772,-1.653948298307319,13.0,0.0,15.0,9.537923674582562,19.687198547718644,15.004622478469576,nan,nan,nan
7.175,track,-9.101112755143783,0.0,13.509010854938733,1.578173925904626,-1.649043834338054,13.0,0.0,15.0,9.5357959889657,19.651437350471337,15.049403246941228,nan,nan,nan
7.179166666666666,track,-9.094490230891957,0.0,13.502164944749039,1.5894058204382626,-1.643018445526621,13.0,0.0,15.0,9.5357959889657,19.651437350471337,15.094150342730272,nan,nan,nan
7.183333333333334,track,-9.087819675930536,0.0,13.495348458235695,1.600933190740881,-1.6359567632026555,13.0,0.0,15.0,9.533536017991322,19.613366646762895,15.138862457450523,nan,nan,nan
7.1875,track,-9.081099935564943,0.0,13.488565386164483,1.6127376877421689,-1.6279372970907309,13.0,0.0,15.0,9.533536017991322,19.613366646762895,15.183538377237157,nan,nan,nan
7.191666666666666,track,-9.074329868883154,0.0,13.481819640210787,1.6248160036292516,-1.6189790288868469,13.0,0.0,15.0,9.64917533808475,19.5732621210227,15.228176850744411,nan,nan,nan
7.195833333333333,track,-9.067508406414508,0.0,13.475114829648774,1.637150992475078,-1.6091545348832528,13.0,0.0,15.0,9.64917533808475,19.5732621210227,15.272776719496287,nan,nan,nan
7.2,track,-9.06063454712974,0.0,13.468454276122683,1.6497262283444476,-1.59853284626182,13.0,0.0,15.0,9.646665832067315,19.53129874126783,15.317336820228663,nan,nan,nan
7.204166666666667,track,-9.053707352893154,0.0,13.461841038012382,1.6625266167802348,-1.5871771464722035,13.0,0.0,15.0,9.646665832067315,19.53129874126783,15.361856078674464,nan,nan,nan
7.208333333333333,track,-9.04672594580557,0.0,13.45527792331039,1.675537701020392,-1.5751475284781224,13.0,0.0,15.0,9.644064271483364,19.487681256011975,15.406333409659208,nan,nan,nan
7.2124999999999995,track,-9.039689502886551,0.0,13.44876751250781,1.6887463005642596,-1.5624985926190067,13.0,0.0,15.0,9.644064271483364,19.487681256011975,15.450767813163454,nan,nan,nan
7.216666666666667,track,-9.03259725382822,0.0,13.442312169411549,1.7021397739997042,-1.5492823431027853,13.0,0.0,15.0,9.641383517512093,19.442612939382208,15.495158272622941,nan,nan,nan
7.220833333333333,track,-9.025448475967256,0.0,13.435914062407756,1.7157066866312698,-1.5355456809104968,13.0,0.0,15.0,9.641383517512093,19.442612939382208,15.539503852981724,nan,nan,nan
7.225,track,-9.018242492472632,0.0,13.429575173217597,1.7294360387094592,-1.5213334056383792,13.0,0.0,15.0,9.638634803254236,19.39627144931172,15.583803597559113,nan,nan,nan
7.229166666666667,track,-9.01097866762989,0.0,13.423297316529748,1.7433179622578658,-1.5066856050837574,13.0,0.0,15.0,9.638634803254236,19.39627144931172,15.62805662781873,nan,nan,nan
7.233333333333333,track,-9.003660449912953,0.0,13.417066854280435,1.7563722520651988,-1.4953109398349835,13.0,-2.5086844471216923,1.0,3.6062645523520533,19.34881116250043,15.672264142781684,4.954618819229543,18.33030277982336,3.6996393564487717
7.2375,track,-8.99629090419922,0.0,13.410871653422815,1.7686909712960135,-1.4868482058287251,13.0,-2.5086844471216923,1.0,3.6062645523520533,19.34881116250043,15.71642725267847,4.954618819229543,18.33030277982336,3.6996393564487717
7.241666666666666,track,-8.98887275933326,0.0,13.404700898684425,1.7803547678306861,-1.480981137213434,13.0,-2.5086844471216923,1.0,3.60530192403287,19.305198172557432,15.760546840563121,4.954618819229543,18.33030277982336,3.6996393564487717
7.245833333333334,track,-8.98140844773751,0.0,13.398544936486493,1.7914347829800525,-1.4774309275035684,13.0,-2.5086844471216923,1.0,3.60530192403287,19.305198172557432,15.804623731121763,4.954618819229543,18.33030277982336,3.6996393564487717
7.25,track,-8.973900141241364,0.0,13.392395134084069,1.8019935590746965,-1.475952576581711,13.0,-2.5086844471216923,1.0,3.6044412563092134,19.266104439971357,15.848658560823695,4.954618819229543,18.33030277982336,3.6996393564487717
7.254166666666666,track,-8.966349780869622,0.0,13.386243762294388,1.8120864892180633,-1.47632922952329,13.0,-2.5086844471216923,1.0,3.6044412563092134,19.266104439971357,15.892651929847847,4.954618819229543,18.33030277982336,3.6996393564487717
7.258333333333333,track,-8.958759104035435,0.0,13.380083888703027,1.8217624402050998,-1.4783696619266486,13.0,-2.5086844471216923,1.0,3.6036615665750227,19.230606771755895,15.936604279500553,4.954618819229543,18.33030277982336,3.6996393564487717
7.2625,track,-8.951129667085565,0.0,13.373909288958606,1.8310648679688561,-1.4819039386611996,13.0,-2.5086844471216923,1.0,3.6036615665750227,19.230606771755895,15.980516031080704,4.954618819229543,18.33030277982336,3.6996393564487717
7.266666666666667,track,-8.943459414794912,0.0,13.367727267715047,1.8408605497569774,-1.48368509845395,13.0,0.0,15.0,9.732181874307448,19.197985341623262,16.02438551659441,nan,nan,nan
7.270833333333333,track,-8.93574640478936,0.0,13.361544659779016,1.8511224013326038,-1.4838259046476545,13.0,0.0,15.0,9.732181874307448,19.197985341623262,16.06821118256771,nan,nan,nan
7.2749999999999995,track,-8.927988806116588,0.0,13.355367841609993,1.8618236814652045,-1.4824363605654372,13.0,0.0,15.0,9.730144981421438,19.163508981347697,16.11199150879133,nan,nan,nan
7.279166666666667,track,-8.920184894942617,0.0,13.349202752914554,1.872938681753081,-1.4796212869055267,13.0,0.0,15.0,9.730144981421438,19.163508981347697,16.155725083749704,nan,nan,nan
7.283333333333333,track,-8.912333051773018,0.0,13.343054912051919,1.8844423607036025,-1.4754818070324713,13.0,0.0,15.0,9.727934449336766,19.12600955756468,16.199410518833385,nan,nan,nan
7.2875,track,-8.904431755957198,0.0,13.33692944096096,1.89631099579689,-1.47011306183035,13.0,0.0,15.0,9.727934449336766,19.12600955756468,16.243046528102024,nan,nan,nan
7.291666666666667,track,-8.896479582316289,0.0,13.330831081819944,1.9085216738183144,-1.463606193843534,13.0,0.0,15.0,9.725571987661397,19.08583550899974,16.286631838760073,nan,nan,nan
7.295833333333333,track,-8.888475195083549,0.0,13.324764223122704,1.921052935857554,-1.4560460873377887,13.0,0.0,15.0,9.725571987661397,19.08583550899974,16.330165274834176,nan,nan,nan
7.3,track,-8.880417344420886,0.0,13.318732915958748,1.933884159039064,-1.447513719349622,13.0,0.0,15.0,9.723077542175346,19.04330724672649,16.37364566456513,nan,nan,nan
7.304166666666666,track,-8.87230486019778,0.0,13.312740899888727,1.9469962135454426,-1.438083856804802,13.0,0.0,15.0,9.723077542175346,19.04330724672649,16.41707192755734,nan,nan,nan
7.308333333333334,track,-8.8641366304577,0.0,13.306791683591916,1.9603751376189529,-1.427811911234516,13.0,0.0,15.0,9.753759905592215,18.99871403717893,16.460442968951163,nan,nan,nan
7.3125,track,-8.855911614683228,0.0,13.300888499457031,1.9740037858734194,-1.4167641923725343,13.0,0.0,15.0,9.753759905592215,18.99871403717893,16.503757780994224,nan,nan,nan
7.316666666666666,track,-8.847628840804802,0.0,13.295034316907978,1.9878657308223187,-1.4050038117725954,13.0,0.0,15.0,9.751042923920423,18.95229143990031,16.547015345879956,nan,nan,nan
7.320833333333333,track,-8.839287399242618,0.0,13.289231866118268,2.0019459749239794,-1.3925881895303869,13.0,0.0,15.0,9.751042923920423,18.95229143990031,16.590214728388457,nan,nan,nan
7.325,track,-8.830886440352225,0.0,13.28348364929266,2.0162301336940844,-1.3795720381461618,13.0,0.0,15.0,9.748240245313408,18.904262354811696,16.633354976972264,nan,nan,nan
7.329166666666667,track,-8.822425168770922,0.0,13.277791962786347,2.0307051795127915,-1.366004761514807,13.0,0.0,15.0,9.748240245313408,18.904262354811696,16.67643521867628,nan,nan,nan
7.333333333333333,track,-8.813907204213802,0.0,13.272143450935527,2.044311493708837,-1.355642844196811,13.0,-2.4830132168158707,1.0,3.568925775998239,18.85482892345893,16.71945644527306,4.961203119069926,18.33030277982336,3.6947293509038452
7.3374999999999995,track,-8.805335763485381,0.0,13.26652623157482,2.057145774820825,-1.3481326465694854,13.0,-2.4830132168158707,1.0,3.568925775998239,18.85482892345893,16.76241961013805,4.961203119069926,18.33030277982336,3.6947293509038452
7.341666666666667,track,-8.796713740639461,0.0,13.260929606190984,2.069285483020799,-1.3431900921206144,13.0,-2.472490228111124,1.0,3.53349782648584,18.80938088789002,16.80532549191544,4.961203119069926,18.33030277982336,3.6947293509038452
7.345833333333333,track,-8.78804371462127,0.0,13.25534402784203,2.08080624436576,-1.340538803749103,13.0,-2.472490228111124,1.0,3.53349782648584,18.80938088789002,16.84817484359414,4.961203119069926,18.33030277982336,3.6947293509038452
7.35,track,-8.779327987519649,0.0,13.249760961240552,2.0917745043891736,-1.339935984354814,13.0,-2.472490228111124,1.0,3.5326446285887068,18.76871153650334,16.890968260363938,4.961203119069926,18.33030277982336,3.6947293509038452
7.354166666666667,track,-8.770568616370479,0.0,13.244172766276199,2.102249075800527,-1.3411667914449266,13.0,-2.472490228111124,1.0,3.5326446285887068,18.76871153650334,16.933706321452906,4.961203119069926,18.33030277982336,3.6947293509038452
7.358333333333333,track,-8.761767442153738,0.0,13.238572592002074,2.112281812017598,-1.344041825790216,13.0,-2.472490228111124,1.0,3.5318732914536977,18.731854024242665,16.976389467639592,4.961203119069926,18.33030277982336,3.6947293509038452
7.3625,track,-8.752926113839061,0.0,13.232954288574192,2.1219187955226935,-1.3483928226916626,13.0,-2.472490228111124,1.0,3.5318732914536977,18.731854024242665,17.019018131613766,4.961203119069926,18.33030277982336,3.6947293509038452
7.366666666666666,track,-8.744042422987693,0.0,13.227325278218276,2.1320858043281286,-1.350962485419936,13.0,0.0,15.0,9.745955250871472,18.698044266514103,17.061590663089373,nan,nan,nan
7.370833333333334,track,-8.735114282255061,0.0,13.221692511557086,2.1427537758315505,-1.3518639986854004,13.0,0.0,15.0,9.745955250871472,18.698044266514103,17.1041055413101,nan,nan,nan
7.375,track,-8.726139724198047,0.0,13.216062477962584,2.15389393368342,-1.351208062680533,13.0,0.0,15.0,9.743895893908453,18.66223157337603,17.146561293777875,nan,nan,nan
7.379166666666666,track,-8.717116896930461,0.0,13.21044122629379,2.165478544220472,-1.3491004005105716,13.0,0.0,15.0,9.743895893908453,18.66223157337603,17.188956564761522,nan,nan,nan
7.383333333333333,track,-8.708044059313147,0.0,13.20483438663981,2.1774810281551407,-1.3456415169551326,13.0,0.0,15.0,9.745445598894356,18.623170573803105,17.231290029428163,nan,nan,nan
7.3875,track,-8.698919577310898,0.0,13.199247187504039,2.1898756805398296,-1.340927792584934,13.0,0.0,15.0,9.745445598894356,18.623170573803105,17.273560469174704,nan,nan,nan
7.391666666666667,track,-8.68974192045776,0.0,13.193684472195722,2.2026376447534006,-1.3350516739959442,13.0,0.0,15.0,9.743045127025598,18.58123498550397,17.315766684044917,nan,nan,nan
7.395833333333333,track,-8.68050965540998,0.0,13.188150724815932,2.215743611467019,-1.3280993711494924,13.0,0.0,15.0,9.743045127025598,18.58123498550397,17.357907571457304,nan,nan,nan
7.3999999999999995,track,-8.671225766314269,0.0,13.182635322476617,2.228133382970552,-1.3236965614354896,13.0,-2.1222724265820605,1.0,3.489029119627434,18.536771287498055,17.39998383055779,5.75612363660431,18.33030277982336,3.1844873281139057
7.404166666666667,track,-8.661892911968843,0.0,13.177128786995434,2.2398850429021264,-1.3215685154841472,13.0,-2.1222724265820605,1.0,3.489029119627434,18.536771287498055,17.441996155738163,5.75612363660431,18.33030277982336,3.1844873281139057
7.408333333333333,track,-8.652513465410134,0.0,13.171622645670626,2.251067174090388,-1.321473917953788,13.0,-2.1222724265820605,1.0,3.4881829458614795,18.495275223518966,17.48394510316809,5.75612363660431,18.33030277982336,3.1844873281139057
7.4125,track,-8.643089546828989,0.0,13.166109315373433,2.2617404594748076,-1.3231992713260783,13.0,-2.1222724265820605,1.0,3.4881829458614795,18.495275223518966,17.5258312263317,5.75612363660431,18.33030277982336,3.1844873281139057
7.416666666666667,track,-8.633623079602625,0.0,13.160581908341577,2.2719521343273046,-1.3265776876452966,13.0,-2.113594162225213,1.0,3.455971084732873,18.457708529645522,17.567654958472268,5.75612363660431,18.33030277982336,3.1844873281139057
7.420833333333333,track,-8.62411578598677,0.0,13.155034244166083,2.281750467805145,-1.3314394021182159,13.0,-2.113594162225213,1.0,3.455971084732873,18.457708529645522,17.60941673334086,5.75612363660431,18.33030277982336,3.1844873281139057
7.425,track,-8.614569210431302,0.0,13.149460767827795,2.291178133312538,-1.3376343211891415,13.0,-2.113594162225213,1.0,3.4552793900431054,18.423313858885024,17.651116871027995,5.75612363660431,18.33030277982336,3.1844873281139057
7.429166666666666,track,-8.604984738863148,0.0,13.143856481775256,2.3002731763570137,-1.345028652609748,13.0,-2.113594162225213,1.0,3.4552793900431054,18.423313858885024,17.69275569489611,5.75612363660431,18.33030277982336,3.1844873281139057
7.433333333333334,track,-8.595359892843101,0.0,13.138229501577422,2.30996304481124,-1.3504752474801072,13.0,0.0,15.0,9.7429407602843,18.39147566812984,17.73433141176538,nan,nan,nan
7.4375,track,-8.585692321120588,0.0,13.132587460062792,2.32021721340298,-1.3540899635110717,13.0,0.0,15.0,9.7429407602843,18.39147566812984,17.775842383192774,nan,nan,nan
7.441666666666666,track,-8.575979800515674,0.0,13.126937511456305,2.331004945179531,-1.3559876655572092,13.0,0.0,15.0,9.74100466669662,18.357194393654243,17.817287045781345,nan,nan,nan
7.445833333333333,track,-8.566220233187378,0.0,13.121286346942847,2.342296158790867,-1.356279483229935,13.0,0.0,15.0,9.74100466669662,18.357194393654243,17.85866396992861,nan,nan,nan
7.45,track,-8.556411644857262,0.0,13.115640206359974,2.354061199227853,-1.355073739889667,13.0,0.0,15.0,9.738866286622672,18.319243482049473,17.899971777654176,nan,nan,nan
7.454166666666667,track,-8.546552179789211,0.0,13.110004900129665,2.3662716163319035,-1.352473495274037,13.0,0.0,15.0,9.738866286622672,18.319243482049473,17.941209208383672,nan,nan,nan
7.458333333333333,track,-8.53664008378042,0.0,13.104385870261897,2.3789030421102537,-1.3485671682643292,13.0,0.0,15.0,9.761427136237215,18.278032706179573,17.98237502600019,nan,nan,nan
7.4624999999999995,track,-8.526673712434457,0.0,13.098788166985793,2.3919291230310615,-1.3434487862648663,13.0,0.0,15.0,9.761427136237215,18.278032706179573,18.02346809960221,nan,nan,nan
7.466666666666667,track,-8.516655986149106,0.0,13.093201791118856,2.404254308484357,-1.3407302080647316,13.0,-1.9623378122797985,1.0,3.4338588686094274,18.233930700778863,18.064489026017277,6.174084874960598,18.33030277982336,2.968910073485237
7.470833333333333,track,-8.506589508158429,0.0,13.087617815888954,2.4159547177622076,-1.3401540551764577,13.0,-1.9623378122797985,1.0,3.4338588686094274,18.233930700778863,18.105438417530912,6.174084874960598,18.33030277982336,2.968910073485237
7.475,track,-8.496476602997543,0.0,13.082028257118935,2.4270972386125185,-1.341494104804689,13.0,-1.9623378122797985,1.0,3.4330445857649017,18.19263374542727,18.146316770540768,6.174084874960598,18.33030277982336,2.968910073485237
7.479166666666667,track,-8.48631934848002,0.0,13.076425965170165,2.4377410842054,-1.344550067704879,13.0,-1.9623378122797985,1.0,3.4330445857649017,18.19263374542727,18.187124591660726,6.174084874960598,18.33030277982336,2.968910073485237
7.483333333333333,track,-8.476119604865547,0.0,13.070804526475717,2.4479384674736404,-1.3491452866675606,13.0,-1.9623378122797985,1.0,3.432308070561396,18.15518573998366,18.227862278271246,6.174084874960598,18.33030277982336,2.968910073485237
7.4875,track,-8.465879039044292,0.0,13.065158181764698,2.457735797101013,-1.3551227306445304,13.0,-1.9623378122797985,1.0,3.432308070561396,18.15518573998366,18.26853023564664,6.174084874960598,18.33030277982336,2.968910073485237
7.491666666666666,track,-8.455599156835616,0.0,13.059481717918631,2.4671717300824296,-1.3623513230559963,13.0,-1.9541613738897128,1.0,3.419403010347939,18.12081736013883,18.309128768247405,6.174084874960598,18.33030277982336,2.968910073485237
7.495833333333334,track,-8.445281310245171,0.0,13.053770442330608,2.4762831817065027,-1.3707061411254042,13.0,-1.9541613738897128,1.0,3.419403010347939,18.12081736013883,18.34965818836199,6.174084874960598,18.33030277982336,2.968910073485237
7.5,track,-8.434922868340276,0.0,13.048032706621504,2.486026057174953,-1.3770565701848254,13.0,0.0,15.0,9.781108009757732,18.088936754371815,18.390116651343448,nan,nan,nan
7.504166666666666,track,-8.424521332208666,0.0,13.04227637789623,2.4963686715864277,-1.3815188940660417,13.0,0.0,15.0,9.781108009757732,18.088936754371815,18.430502487518535,nan,nan,nan
7.508333333333333,track,-8.414074336795961,0.0,13.036508840219508,2.507278899049216,-1.3842090424131634,13.0,0.0,15.0,9.779185048645944,18.05441234038464,18.47081412171782,nan,nan,nan
7.5125,track,-8.403579648811448,0.0,13.030737008058725,2.51872511628313,-1.3852397185875842,13.0,0.0,15.0,9.779185048645944,18.05441234038464,18.511050125054858,nan,nan,nan
7.516666666666667,track,-8.39303516539425,0.0,13.02496733654442,2.530676020127174,-1.3847211634336287,13.0,0.0,15.0,9.777049731726265,18.01598444260348,18.551209133190653,nan,nan,nan
7.520833333333333,track,-8.382438909300367,0.0,13.019205842307509,2.543101462531919,-1.3827586168586878,13.0,0.0,15.0,9.777049731726265,18.01598444260348,18.591289906403293,nan,nan,nan
7.5249999999999995,track,-8.371789025838385,0.0,13.01345811811981,2.5559720308755662,-1.3794538050476546,13.0,0.0,15.0,9.774727561313792,17.974084589803326,18.631291246198554,nan,nan,nan
7.529166666666667,track,-8.361083776532153,0.0,13.007729357496991,2.5692598334956425,-1.3749025494767226,13.0,0.0,15.0,9.774727561313792,17.974084589803326,18.671212062263717,nan,nan,nan
7.533333333333333,track,-8.350326141927516,0.0,13.002009734807327,2.5818323051130028,-1.3727094455192768,13.0,-1.8860940146203915,1.0,3.4173718243693183,17.929121662148557,18.711052892805192,6.3694906112820275,18.33030277982336,2.8778286834045437
7.5375,track,-8.339518779092751,0.0,12.996290477074805,2.593767080343541,-1.3726218558055798,13.0,-1.8860940146203915,1.0,3.4173718243693183,17.929121662148557,18.750814308430627,6.3694906112820275,18.33030277982336,2.8778286834045437
7.541666666666667,track,-8.328664060863996,0.0,12.990563736681064,2.605132374901059,-1.3744176944975863,13.0,-1.8860940146203915,1.0,3.4165600114514865,17.88699680779246,18.790496781518957,6.3694906112820275,18.33030277982336,2.8778286834045437
7.545833333333333,track,-8.31776410846145,0.0,12.984822485439572,2.615988576610921,-1.3779002979579877,13.0,-1.8860940146203915,1.0,3.4165600114514865,17.88699680779246,18.830100805024244,6.3694906112820275,18.33030277982336,2.8778286834045437
7.55,track,-8.306820821248092,0.0,12.979060418005368,2.6263889312058875,-1.3828961842091874,13.0,-1.8860940146203915,1.0,3.4158258440986478,17.848800869274864,18.869626774826724,6.3694906112820275,18.33030277982336,2.8778286834045437
7.554166666666666,track,-8.295835901395884,0.0,12.973271871688786,2.636380764529682,-1.3892511159796908,13.0,-1.8860940146203915,1.0,3.4158258440986478,17.848800869274864,18.90907510060152,6.3694906112820275,18.33030277982336,2.8778286834045437
7.558333333333334,track,-8.28481087663096,0.0,12.967451752566388,2.646005943581728,-1.3968285893751653,13.0,-1.8860940146203915,1.0,3.4151537273306793,17.81374928019138,18.948446098182544,6.3694906112820275,18.33030277982336,2.8778286834045437
7.5625,track,-8.27374711901015,0.0,12.96159547436639,2.6553018289945,-1.405506767999441,13.0,-1.8860940146203915,1.0,3.4151537273306793,17.81374928019138,18.987740093852885,6.3694906112820275,18.33030277982336,2.8778286834045437
7.566666666666666,track,-8.262641869383605,0.0,12.955711530967807,2.665259910370599,-1.4121464156600156,13.0,0.0,15.0,9.855362645917715,17.781226366059514,19.026955220437973,nan,nan,nan
7.570833333333333,track,-8.251492505926771,0.0,12.949807929472739,2.67584722964035,-1.4168643588164687,13.0,0.0,15.0,9.855362645917715,17.781226366059514,19.06608980396583,nan,nan,nan
7.575,track,-8.240296546539604,0.0,12.94389219030357,2.6870302529201795,-1.4197774006002748,13.0,0.0,15.0,9.853416798309498,17.745911423697134,19.105142281939443,nan,nan,nan
7.579166666666667,track,-8.229051647040585,0.0,12.937971359648836,2.698775879764498,-1.4209993571362627,13.0,0.0,15.0,9.853416798309498,17.745911423697134,19.144111248936085,nan,nan,nan
7.583333333333333,track,-8.217755600050594,0.0,12.93205201898759,2.7110512775974795,-1.4206417586987043,13.0,0.0,15.0,9.85125055897603,17.706499977235765,19.18299537488255,nan,nan,nan
7.5874999999999995,track,-8.206406330176929,0.0,12.926140305475187,2.7238247696799736,-1.418811242976819,13.0,0.0,15.0,9.85125055897603,17.706499977235765,19.22179346010308,nan,nan,nan
7.591666666666667,track,-8.195001890957938,0.0,12.920241926256926,2.737065412557814,-1.4156110123823868,13.0,0.0,15.0,9.84889041836354,17.663444107026425,19.26050435278992,nan,nan,nan
7.595833333333333,track,-8.183540458343568,0.0,12.914362182971493,2.750743827448603,-1.4111383885038018,13.0,0.0,15.0,9.84889041836354,17.663444107026425,19.299127011770917,nan,nan,nan
7.6,track,-8.172025124235011,0.0,12.908491244518395,2.7636801860536755,-1.409025228743567,13.0,-1.8528399772924724,1.0,3.413958144922828,17.61717365506809,19.337661929549004,6.455816811468896,18.33030277982336,2.839346796095451
7.604166666666667,track,-8.160458644693957,0.0,12.90262033362183,2.7759550898531447,-1.4090186151754838,13.0,-1.8528399772924724,1.0,3.413958144922828,17.61717365506809,19.376109647459067,6.455816811468896,18.33030277982336,2.839346796095451
7.608333333333333,track,-8.148843469331842,0.0,12.896741634498632,2.7876420869074883,-1.4108877895673084,13.0,-1.8446141816420047,1.0,3.425339566424747,17.573838687108772,19.41447062597795,6.455816811468896,18.33030277982336,2.839346796095451
7.6125,track,-8.137181788103675,0.0,12.89084814715394,2.798803494760293,-1.4144369627260749,13.0,-1.8446141816420047,1.0,3.425339566424747,17.573838687108772,19.452745355241074,6.455816811468896,18.33030277982336,2.839346796095451
7.616666666666666,track,-8.125475562052106,0.0,12.884933591240127,2.809494252376622,-1.4194934193150386,13.0,-1.8446141816420047,1.0,3.4245969122174675,17.534565172015206,19.49093423911134,6.455816811468896,18.33030277982336,2.839346796095451
7.620833333333334,track,-8.113726548777745,0.0,12.878992326287614,2.81976318584668,-1.425903588603349,13.0,-1.8446141816420047,1.0,3.4245969122174675,17.534565172015206,19.529037700195932,6.455816811468896,18.33030277982336,2.839346796095451
7.625,track,-8.101936325932895,0.0,12.873019278148034,2.829653482763895,-1.4335315534991278,13.0,-1.8446141816420047,1.0,3.4239173455002314,17.498538116840766,19.567056074665977,6.455816811468896,18.33030277982336,2.839346796095451
7.629166666666666,track,-8.09010631060591,0.0,12.867009878192007,2.8392036784763968,-1.4422559894462164,13.0,-1.8446141816420047,1.0,3.4239173455002314,17.498538116840766,19.60498971133408,6.455816811468896,18.33030277982336,2.839346796095451
7.633333333333333,track,-8.078237777423883,0.0,12.86096000655662,2.8484479636863873,-1.4519691924930485,13.0,-1.198999218067303,1.0,3.423288485784275,17.46512237146063,19.64283887475566,9.932025863798302,18.33030277982336,1.8455754174620431
7.6375,track,-8.066331873402023,0.0,12.854865945488871,2.857416965246353,-1.4625746562595967,13.0,-1.198999218067303,1.0,3.423288485784275,17.46512237146063,19.680603839248462,9.932025863798302,18.33030277982336,1.8455754174620431
7.641666666666667,track,-8.05438962148971,0.0,12.848724367453803,2.8661404589548596,-1.4739787284164907,13.0,-1.1935999873600025,1.0,3.435603405885117,17.43381603757123,19.718284797343827,9.932025863798302,18.33030277982336,1.8455754174620431
7.645833333333333,track,-8.042411943662003,0.0,12.842532263348838,2.8746426786494412,-1.486104985191488,13.0,-1.1935999873600025,1.0,3.435603405885117,17.43381603757123,19.75588195019815,9.932025863798302,18.33030277982336,1.8455754174620431
7.6499999999999995,track,-8.03039967181532,0.0,12.83628690824918,2.8829452432039018,-1.4988852239179529,13.0,-1.1935999873600025,1.0,3.4350464205907887,17.404207217258264,19.793395422407375,9.932025863798302,18.33030277982336,1.8455754174620431
7.654166666666667,track,-8.018353556529167,0.0,12.829985833771506,2.891067668676714,-1.5122578746416602,13.0,-1.1935999873600025,1.0,3.4350464205907887,17.404207217258264,19.830825347898156,9.932025863798302,18.33030277982336,1.8455754174620431
7.658333333333333,track,-8.006274275689039,0.0,12.823626800937001,2.899027401630529,-1.526167880281207,13.0,-1.1935999873600025,1.0,3.4345163485841166,17.37597473904505,19.868171788688894,9.932025863798302,18.33030277982336,1.8455754174620431
7.6625,track,-7.994162441322766,0.0,12.817207778570662,2.90684024790552,-1.5405653679213143,13.0,-1.1935999873600025,1.0,3.4345163485841166,17.37597473904505,19.905434817565922,9.932025863798302,18.33030277982336,1.8455754174620431
7.666666666666667,track,-7.982014791324283,0.0,12.810738534094533,2.9154359996358865,-1.552618674271071,13.0,0.0,15.0,9.946384057317875,17.34886367238966,19.942611958725923,nan,nan,nan
7.670833333333333,track,-7.969828190746939,0.0,12.804228377634285,2.9247841385624938,-1.5624375504596162,13.0,0.0,15.0,9.946384057317875,17.34886367238966,19.9797010383885,nan,nan,nan
7.675,track,-7.957599643181428,0.0,12.797686138601696,2.934851415722585,-1.5701373678212247,13.0,0.0,15.0,9.944713088435828,17.31802039630899,20.01670009554559,nan,nan,nan
7.679166666666666,track,-7.94532629623704,0.0,12.791120158715305,2.945603266653202,-1.5758351727337414,13.0,0.0,15.0,9.944713088435828,17.31802039630899,20.053607400714366,nan,nan,nan
7.683333333333334,track,-7.933005397884851,0.0,12.78453843030812,2.9570156045254334,-1.579614817724663,13.0,0.0,15.0,10.02949044965075,17.2822349511268,20.090421337884496,nan,nan,nan
7.6875,track,-7.920634345108283,0.0,12.77794845757268,2.9690526663763164,-1.5815934565052638,13.0,0.0,15.0,10.02949044965075,17.2822349511268,20.127140475822287,nan,nan,nan
7.691666666666666,track,-7.9082106838961845,0.0,12.771357263154036,2.9816786909036,-1.581886660474779,13.0,0.0,15.0,10.027298246394496,17.241928402039306,20.16376348584247,nan,nan,nan
7.695833333333333,track,-7.8957321050323745,0.0,12.7647714064382,2.9948589273144655,-1.580605611800708,13.0,0.0,15.0,10.027298246394496,17.241928402039306,20.200289186357683,nan,nan,nan
7.7,track,-7.883201324004343,0.0,12.758182626342984,3.007387446727503,-1.5813072228516163,13.0,-1.5467520182084833,1.0,3.46997708207384,17.19757070693623,20.236718026405722,7.62739340225093,18.33030277982336,2.4032197912348248
7.704166666666667,track,-7.870620767150552,0.0,12.751583528343955,3.0193336449098878,-1.5837835197671453,13.0,-1.5467520182084833,1.0,3.46997708207384,17.19757070693623,20.273050500917044,7.62739340225093,18.33030277982336,2.4032197912348248
7.708333333333333,track,-7.857992606146782,0.0,12.744967481780005,3.030758640904641,-1.5878511753478395,13.0,-1.5467520182084833,1.0,3.4691896383652696,17.15550176624646,20.309287033903093,7.62739340225093,18.33030277982336,2.4032197912348248
7.7124999999999995,track,-7.845318786562054,0.0,12.738328534702513,3.0417167003346233,-1.5933472985982433,13.0,-1.5467520182084833,1.0,3.4691896383652696,17.15550176624646,20.345428077290244,7.62739340225093,18.33030277982336,2.4032197912348248
7.716666666666667,track,-7.832601013203841,0.0,12.7316614561712,3.0522656059711055,-1.6000988475152762,13.0,-1.538969857151776,1.0,3.5138406151014765,17.11702812799312,20.381474008474456,7.62739340225093,18.33030277982336,2.4032197912348248
7.720833333333333,track,-7.819840817525482,0.0,12.724961536632438,3.0624469628062005,-1.6079806893027964,13.0,-1.538969857151776,1.0,3.5138406151014765,17.11702812799312,20.41742521937038,7.62739340225093,18.33030277982336,2.4032197912348248
7.725,track,-7.807039577237726,0.0,12.718224529283116,3.072297669061451,-1.6168817638371509,13.0,-1.538969857151776,1.0,3.513168430793872,17.081395431558523,20.453282022589978,7.62739340225093,18.33030277982336,2.4032197912348248
7.729166666666667,track,-7.794198532361422,0.0,12.711446601977412,3.081850770312906,-1.6267025533689272,13.0,-1.538969857151776,1.0,3.513168430793872,17.081395431558523,20.48904474023428,7.62739340225093,18.33030277982336,2.4032197912348248
7.733333333333333,track,-7.781318800460851,0.0,12.704624291601185,3.0911356561371712,-1.6373544902944257,13.0,-1.0003304071486545,1.0,3.5125407208239747,17.04804274325997,20.524713617037655,11.734451388078353,18.33030277982336,1.5620928643026362
7.7375,track,-7.768401389010493,0.0,12.697754466942321,3.1001787480859524,-1.6487579181271361,13.0,-1.0003304071486545,1.0,3.5125407208239747,17.04804274325997,20.56028890508946,11.734451388078353,18.33030277982336,1.5620928643026362
7.741666666666666,track,-7.755447207331489,0.0,12.690834292879865,3.1090036029608936,-1.6608417749896602,13.0,-1.0003304071486545,1.0,3.5119491124510467,17.016539270057816,20.595770782391106,11.734451388078353,18.33030277982336,1.5620928643026362
7.745833333333334,track,-7.74245707617658,0.0,12.68386120154457,3.1176314771782145,-1.673541920471002,13.0,-1.0003304071486545,1.0,3.5119491124510467,17.016539270057816,20.631159434020155,11.734451388078353,18.33030277982336,1.5620928643026362
7.75,track,-7.7294317371662675,0.0,12.676832863966917,3.12608136247494,-1.6868010186366535,13.0,-1.0003304071486545,1.0,3.5113869279993546,16.98654023851866,20.666454974939192,11.734451388078353,18.33030277982336,1.5620928643026362
7.754166666666666,track,-7.71637186025912,0.0,12.669747167553085,3.134370457715573,-1.7005671393197568,13.0,-1.0003304071486545,1.0,3.5113869279993546,16.98654023851866,20.701657528045732,11.734451388078353,18.33030277982336,1.5620928643026362
7.758333333333333,track,-7.703278011786293,0.0,12.662602309315822,3.142523633478447,-1.7147659769432027,13.0,-0.9950897982184345,1.0,3.5604622357093025,16.957768050374394,20.736767144367708,11.734451388078353,18.33030277982336,1.5620928643026362
7.7625,track,-7.690150703630526,0.0,12.655396650891767,3.150553957383977,-1.7293580217733269,13.0,-0.9950897982184345,1.0,3.5604622357093025,16.957768050374394,20.771783883595905,11.734451388078353,18.33030277982336,1.5620928643026362
7.766666666666667,track,-7.676990398870685,0.0,12.6481287015258,3.158473142361858,-1.7443078478319887,13.0,-0.6468083688419825,1.0,3.559935633343455,16.929950663511864,20.806707743611653,18.053002135505157,18.33030277982336,1.0153603617967135
7.770833333333333,track,-7.663797516013398,0.0,12.640797105239514,3.1662918857488727,-1.7595831087088696,13.0,-0.6468083688419825,1.0,3.559935633343455,16.929950663511864,20.84153873319925,18.053002135505157,18.33030277982336,1.0153603617967135
7.7749999999999995,track,-7.650572433591746,0.0,12.633400626965079,3.1740197811965745,-1.7751547858645074,13.0,-0.6468083688419825,1.0,3.5594244835654996,16.902899157304233,20.8762768035912,18.053002135505157,18.33030277982336,1.0153603617967135
7.779166666666667,track,-7.637315493505235,0.0,12.625938142400505,3.181665620762668,-1.7909962954978635,13.0,-0.6468083688419825,1.0,3.5594244835654996,16.902899157304233,20.910921919133482,18.053002135505157,18.33030277982336,1.0153603617967135
7.783333333333333,track,-7.624027004798817,0.0,12.618408626617702,3.1892372895402654,-1.8070837878729402,13.0,-0.6468083688419825,1.0,3.558926069979129,16.876473653354942,20.945473990509768,18.053002135505157,18.33030277982336,1.0153603617967135
7.7875,track,-7.610707246302184,0.0,12.610811146033145,3.196742039192105,-1.8233953402939131,13.0,-0.6468083688419825,1.0,3.558926069979129,16.876473653354942,20.979932943605423,18.053002135505157,18.33030277982336,1.0153603617967135
7.791666666666667,track,-7.597356414622201,0.0,12.603145009497783,3.2041996031958266,-1.8398727684867753,13.0,-0.6431512641987649,1.0,3.630980584439929,16.850559198969542,21.014298640708585,18.053002135505157,18.33030277982336,1.0153603617967135
7.795833333333333,track,-7.583974686245185,0.0,12.59540958686539,3.211614810483867,-1.856501431774544,13.0,-0.6431512641987649,1.0,3.630980584439929,16.850559198969542,21.048570961288252,18.053002135505157,18.33030277982336,1.0153603617967135
7.8,track,-7.570562219695647,0.0,12.587604302490513,3.218991971889026,-1.8732682499705962,13.0,-0.4180483217291972,1.0,3.630490320069262,16.824994788229105,21.08274973846882,27.773849439238703,18.33030277982336,0.6599842351678639
7.804166666666666,track,-7.557119156757251,0.0,12.579728631476229,3.2263351052152207,-1.8901610434281524,13.0,-0.4180483217291972,1.0,3.630490320069262,16.824994788229105,21.116834824467286,27.773849439238703,18.33030277982336,0.6599842351678639
7.808333333333334,track,-7.543645624312752,0.0,12.571782094145995,3.2336477866795996,-1.9071689592563723,13.0,-0.4180483217291972,1.0,3.6300059237548026,16.79969246539025,21.15082602792196,27.773849439238703,18.33030277982336,0.6599842351678639
7.8125,track,-7.530141735289246,0.0,12.563764253130408,3.2409333656416432,-1.9242818437408298,13.0,-0.4180483217291972,1.0,3.6300059237548026,16.79969246539025,21.18472317819357,27.773849439238703,18.33030277982336,0.6599842351678639
7.816666666666666,track,-7.5166075902397615,0.0,12.555674708629141,3.2481948118762523,-1.9414906803041971,13.0,-0.4180483217291972,1.0,3.6295263697812223,16.774599904070243,21.21852606346438,27.773849439238703,18.33030277982336,0.6599842351678639
7.820833333333333,track,-7.503043278064346,0.0,12.547513096179532,3.2554349220998637,-1.9587869879062159,13.0,-0.4180483217291972,1.0,3.6295263697812223,16.774599904070243,21.25223449401776,27.773849439238703,18.33030277982336,0.6599842351678639
7.825,track,-7.489448877381301,0.0,12.539279082562423,3.2626561639307528,-1.976163268106208,13.0,-0.4180483217291972,1.0,3.629050807027931,16.749673564627443,21.28584824104094,27.773849439238703,18.33030277982336,0.6599842351678639
7.829166666666667,track,-7.475824457065087,0.0,12.530972364127354,3.269860875891311,-1.9936124244167468,13.0,-0.4180483217291972,1.0,3.629050807027931,16.749673564627443,21.319367098979306,27.773849439238703,18.33030277982336,0.6599842351678639
7.833333333333333,track,-7.4621700053806,0.0,12.522592870375933,3.2770684042769487,-2.0110785003412146,13.0,-0.27005732208906114,1.0,3.7253545680295788,16.724877176596422,21.35279080345738,42.72899913729031,18.33030277982336,0.4289897528591115
7.8374999999999995,track,-7.448485508413256,0.0,12.514140537866178,3.284279272162594,-2.028559802341074,13.0,-0.27005732208906114,1.0,3.7253545680295788,16.724877176596422,21.386119115402664,42.72899913729031,18.33030277982336,0.4289897528591115
7.841666666666667,track,-7.4347709506235935,0.0,12.505615308592803,3.2914938695190252,-2.0460550256099985,13.0,-0.27005732208906114,1.0,3.7248707707464885,16.70009377898567,21.419351761679643,42.72899913729031,18.33030277982336,0.4289897528591115
7.845833333333333,track,-7.421026314638475,0.0,12.497017130561602,3.298712636428516,-2.063562727488452,13.0,-0.27005732208906114,1.0,3.7248707707464885,16.70009377898567,21.452488495171767,42.72899913729031,18.33030277982336,0.4289897528591115
7.85,track,-7.407251581777472,0.0,12.488345956259726,3.3059358866406945,-2.0810818324502742,13.0,-0.27005732208906114,1.0,3.7243872948937855,16.675284653287306,21.485529035795846,42.72899913729031,18.33030277982336,0.4289897528591115
7.854166666666667,track,-7.39344673181719,0.0,12.47960174330951,3.313163990467757,-2.098611108051804,13.0,-0.27005732208906114,1.0,3.7243872948937855,16.675284653287306,21.51847313005685,42.72899913729031,18.33030277982336,0.4289897528591115
7.858333333333333,track,-7.379611743494186,0.0,12.470784453013913,3.320397197520865,-2.1161496709433023,13.0,-0.27005732208906114,1.0,3.7239040415704223,16.650444605446367,21.551320492448554,42.72899913729031,18.33030277982336,0.4289897528591115
7.8625,track,-7.365746594246546,0.0,12.461894051076877,3.3276358194336404,-2.133696464888695,13.0,-0.27005732208906114,1.0,3.7239040415704223,16.650444605446367,21.58407086449886,42.72899913729031,18.33030277982336,0.4289897528591115
7.866666666666666,track,-7.351851174253098,0.0,12.452930751869618,3.3349007984274155,-2.1511918097422997,13.0,-0.17436006655016706,1.0,3.839995609767203,16.62556936379896,21.61672392863637,65.7369217496774,18.33030277982336,0.2788433393584225
7.870833333333334,track,-7.337925379547993,0.0,12.44389475311554,3.3421907292251105,-2.168639700978481,13.0,-0.17436006655016706,1.0,3.839995609767203,16.62556936379896,21.649279396573753,65.7369217496774,18.33030277982336,0.2788433393584225
7.875,track,-7.323969111938787,0.0,12.434786236202852,3.349504226209416,-2.186044059045015,13.0,-0.17436006655016706,1.0,3.839495373105046,16.60055131673161,21.681736952020586,65.7369217496774,18.33030277982336,0.2788433393584225
7.879166666666666,track,-7.30998227818998,0.0,12.425605368571986,3.3568400997137684,-2.203408231407901,13.0,-0.17436006655016706,1.0,3.839495373105046,16.60055131673161,21.71409630792508,65.7369217496774,18.33030277982336,0.2788433393584225
7.883333333333333,track,-7.29596479001465,0.0,12.41635230380558,3.3641971620792166,-2.220735543937718,13.0,-0.17436006655016706,1.0,3.83899276050574,16.575370903685904,21.746357149401696,65.7369217496774,18.33030277982336,0.2788433393584225
7.8875,track,-7.281916563319123,0.0,12.407027183823754,3.371574406926393,-2.238028795638258,13.0,-0.17436006655016706,1.0,3.83899276050574,16.575370903685904,21.77851919074814,65.7369217496774,18.33030277982336,0.2788433393584225
7.891666666666667,track,-7.267837518257818,0.0,12.397630138784338,3.3789708147131474,-2.2552908094596993,13.0,-0.17436006655016706,1.0,3.8384881142303984,16.55004449516593,21.810582118618683,65.7369217496774,18.33030277982336,0.2788433393584225
7.895833333333333,track,-7.253727578530101,0.0,12.388161289114581,3.3863855346520846,-2.2725239207415155,13.0,-0.17436006655016706,1.0,3.8384881142303984,16.55004449516593,21.842545648782384,65.7369217496774,18.33030277982336,0.2788433393584225
7.8999999999999995,track,-7.239586671489323,0.0,12.37862074525002,3.3938176897867383,-2.2897305274950153,13.0,-4.5,1.0,3.8379817262458165,16.524586041910585,21.874409469569,1.1944318253882544,19.8997487421324,16.66043077482795
7.904166666666667,track,-7.225414727484082,0.0,12.369008609527262,3.4012665612578634,-2.306912573462054,13.0,-4.5,1.0,3.8379817262458165,16.524586041910585,21.906173298340146,1.1944318253882544,19.8997487421324,16.66043077482795
7.908333333333333,track,-7.211211582490404,0.0,12.359325248862882,3.4087547984827373,-2.324006559450845,13.0,-4.5,1.0,3.968151634847336,16.499007441330598,21.937836793264292,1.1944318253882544,19.8997487421324,16.66043077482795
7.9125,track,-7.1969770827322845,0.0,12.3495710010699,3.4162799419485856,-2.341019470315489,13.0,-4.5,1.0,3.968151634847336,16.499007441330598,21.969399643920106,1.1944318253882544,19.8997487421324,16.66043077482795
7.916666666666667,track,-7.1827110842881705,0.0,12.33974617609734,3.4238396265874607,-2.3579579934147405,13.0,-4.5,1.0,3.9676227306743317,16.47320134083655,22.00086151582226,1.1944318253882544,19.8997487421324,16.66043077482795
7.920833333333333,track,-7.168413451937085,0.0,12.329851059378997,3.4314317642605094,-2.3748280124019345,13.0,-4.5,1.0,3.9676227306743317,16.47320134083655,22.032222105327108,1.1944318253882544,19.8997487421324,16.66043077482795
7.925,track,-7.154084058886477,0.0,12.31988591270653,3.4390543321460245,-2.391635201392022,13.0,-4.5,1.0,3.9670899081170345,16.44715727672439,22.063481084314603,1.1944318253882544,19.8997487421324,16.66043077482795
7.929166666666666,track,-7.139722785720997,0.0,12.309850977260473,3.446705559715299,-2.4083845070540293,13.0,-4.5,1.0,3.9670899081170345,16.44715727672439,22.09463815503344,1.1944318253882544,19.8997487421324,16.66043077482795
7.933333333333334,track,-7.125329520235873,0.0,12.29974647416754,3.4543837164295974,-2.4250807423038534,13.0,-3.5262963621909544,1.0,3.966553770505378,16.420903556223223,22.125692994976482,3.2267908242914296,19.44222209522358,6.025250211095693
7.9375,track,-7.110904156474571,0.0,12.289572607258217,3.4620873027125416,-2.441728058237712,13.0,-3.5262963621909544,1.0,3.966553770505378,16.420903556223223,22.156645311601263,3.2267908242914296,19.44222209522358,6.025250211095693
7.941666666666666,track,-7.096446489863457,0.0,12.279329853298863,3.4698399866673357,-2.4582609502446715,13.0,-3.4986998606385624,1.0,4.105596672381773,16.394464287564315,22.187494752804522,3.2267908242914296,19.44222209522358,6.025250211095693
7.945833333333333,track,-7.081956329322554,0.0,12.269018651045444,3.4776385298167485,-2.474688540820535,13.0,-3.4986998606385624,1.0,4.105596672381773,16.394464287564315,22.218240999010956,3.2267908242914296,19.44222209522358,6.025250211095693
7.95,track,-7.067433496659284,0.0,12.258639403100062,3.485479839184856,-2.491019506891822,13.0,-3.4986998606385624,1.0,4.105033661105172,16.3677336971847,22.24888370893111,3.2267908242914296,19.44222209522358,6.025250211095693
7.954166666666667,track,-7.052877825159381,0.0,12.248192479963551,3.4933611599766765,-2.507261552762638,13.0,-3.4986998606385624,1.0,4.105033661105172,16.3677336971847,22.27942257290043,3.2267908242914296,19.44222209522358,6.025250211095693
7.958333333333333,track,-7.038289159134443,0.0,12.237678221430205,3.5012798459851404,-2.5234220480029994,13.0,-3.4986998606385624,1.0,4.104465509428826,16.34070848665443,22.30985725875507,3.2267908242914296,19.44222209522358,6.025250211095693
7.9624999999999995,track,-7.023667352643574,0.0,12.227096940239505,3.5092335578087446,-2.539507485768009,13.0,-3.4986998606385624,1.0,4.104465509428826,16.34070848665443,22.340187465225764,3.2267908242914296,19.44222209522358,6.025250211095693
7.966666666666667,track,-7.009012269175891,0.0,12.216448923069777,3.517220032243861,-2.555524120734714,13.0,-2.2741549094150657,1.0,4.10389303125713,16.313425844458525,22.370412867971872,4.9642935758329685,19.44222209522358,3.9164126372122006
7.970833333333333,track,-6.994323780486466,0.0,12.20573443384225,3.525237285461867,-2.57147741460634,13.0,-2.2741549094150657,1.0,4.10389303125713,16.313425844458525,22.40053317294386,4.9642935758329685,19.44222209522358,3.9164126372122006
7.975,track,-6.979601766396396,0.0,12.194953714368545,3.533283381616935,-2.587372673689319,13.0,-2.2741549094150657,1.0,4.103316919834772,16.28591746292851,22.43054806261317,4.9642935758329685,19.44222209522358,3.9164126372122006
7.979166666666667,track,-6.964846113727936,0.0,12.184106987354918,3.5413566404303984,-2.603214483270542,13.0,-2.2741549094150657,1.0,4.103316919834772,16.28591746292851,22.460457249232462,4.9642935758329685,19.44222209522358,3.9164126372122006
7.983333333333333,track,-6.95005660664264,0.0,12.173194755530991,3.549481700470938,-2.6189356377425725,13.0,-2.255095018728847,1.0,4.2467995022036895,16.2582103326834,22.490260386362372,4.9642935758329685,19.44222209522358,3.9164126372122006
7.9875,track,-6.935233043810032,0.0,12.162217481402203,3.5576550798259756,-2.63454579090918,13.0,-2.255095018728847,1.0,4.2467995022036895,16.2582103326834,22.519957159926122,4.9642935758329685,19.44222209522358,3.9164126372122006
7.991666666666666,track,-6.920375237761587,0.0,12.151175589194024,3.565873451626808,-2.6500541299630815,13.0,-2.255095018728847,1.0,4.2461945327115105,16.230195378982916,22.54954723528531,4.9642935758329685,19.44222209522358,3.9164126372122006
7.995833333333334,track,-6.905483013369601,0.0,12.140069469156565,3.57413385407678,-2.66546880899024,13.0,-2.255095018728847,1.0,4.2461945327115105,16.230195378982916,22.57903030915961,4.9642935758329685,19.44222209522358,3.9164126372122006
8.0,track,-6.890556207366257,0.0,12.128899479021392,3.5824334408024834,-2.6807976324415104,13.0,-4.134701903332586,1.0,4.245584076485102,16.201870452499314,22.608406056826613,2.707560055380381,19.8997487421324,7.3496980067305335
8.004166666666666,track,-6.875594666962782,0.0,12.117665947883419,3.5907696968338705,-2.696047473113559,13.0,-4.134701903332586,1.0,4.245584076485102,16.201870452499314,22.63767418411183,2.707560055380381,19.8997487421324,7.3496980067305335
8.008333333333333,track,-6.86059824951347,0.0,12.106369177234114,3.5991401878350353,-2.711224955833149,13.0,-4.134701903332586,1.0,4.244969031849163,16.173275545140577,22.66683437475235,2.707560055380381,19.8997487421324,7.3496980067305335
8.0125,track,-6.845566821257621,0.0,12.095009444476373,3.6075427814037173,-2.7263358618578044,13.0,-4.134701903332586,1.0,4.244969031849163,16.173275545140577,22.695886342366528,2.707560055380381,19.8997487421324,7.3496980067305335
8.016666666666666,track,-6.83050014580386,0.0,12.083587303699222,3.616002108902618,-2.7413137865163626,13.0,-4.097788864342531,1.0,4.389487314685504,16.14444473648253,22.72482974309932,2.707560055380381,19.8997487421324,7.3496980067305335
8.020833333333334,track,-6.8153980029760675,0.0,12.072103264541944,3.6245142786702984,-2.756169397746472,13.0,-4.097788864342531,1.0,4.389487314685504,16.14444473648253,22.753664265565195,2.707560055380381,19.8997487421324,7.3496980067305335
8.025,track,-6.800260188076543,0.0,12.060557794378154,3.6330755758858566,-2.7709128393096134,13.0,-4.097788864342531,1.0,4.388841033902034,16.115272881520745,22.782389578941356,2.707560055380381,19.8997487421324,7.3496980067305335
8.029166666666667,track,-6.785086510208195,0.0,12.048951323008733,3.6416826884035647,-2.7855531286609594,13.0,-4.097788864342531,1.0,4.388841033902034,16.115272881520745,22.8110053837311,2.707560055380381,19.8997487421324,7.3496980067305335
8.033333333333333,track,-6.769876791720033,0.0,12.037284244313467,3.6503324371589634,-2.800098886864127,13.0,-2.663562761822646,1.0,4.388188605471251,16.08576255896072,22.839511359971315,4.1654770082775086,19.8997487421324,4.777303704374847
8.0375,track,-6.754630866684347,0.0,12.02555692048249,3.659022008564576,-2.8145577194344247,13.0,-2.663562761822646,1.0,4.388188605471251,16.08576255896072,22.86790721811159,4.1654770082775086,19.8997487421324,4.777303704374847
8.041666666666666,track,-6.739348580502811,0.0,12.013769683203874,3.6677486835686453,-2.8289369468680894,13.0,-2.663562761822646,1.0,4.387531060188797,16.055958463015156,22.896192647375837,4.1654770082775086,19.8997487421324,4.777303704374847
8.045833333333333,track,-6.724029788519807,0.0,12.001922837493192,3.6765100759209686,-2.8432429705638635,13.0,-2.663562761822646,1.0,4.387531060188797,16.055958463015156,22.924367366656828,4.1654770082775086,19.8997487421324,4.777303704374847
8.05,track,-6.708674246355468,0.0,11.990016954247801,3.6853301194412946,-2.8574119788937375,13.0,-2.6412155956281853,1.0,4.528175606991867,16.025898689474303,22.95243103976215,4.1654770082775086,19.8997487421324,4.777303704374847
8.054166666666667,track,-6.693281726597841,0.0,11.978052558424533,3.6942047418304136,-2.8714549975845416,13.0,-2.6412155956281853,1.0,4.528175606991867,16.025898689474303,22.980383362617932,4.1654770082775086,19.8997487421324,4.777303704374847
8.058333333333334,track,-6.677852018046525,0.0,11.966030131253914,3.7031300523159953,-2.8853825209484234,13.0,-2.6412155956281853,1.0,4.527485913678184,15.995483799179148,23.00822401229515,4.1654770082775086,19.8997487421324,4.777303704374847
8.0625,track,-6.662384923939392,0.0,11.953950115137705,3.7121025857117917,-2.899203867890422,13.0,-2.6412155956281853,1.0,4.527485913678184,15.995483799179148,23.035952696804976,4.1654770082775086,19.8997487421324,4.777303704374847
8.066666666666666,track,-6.646875852434813,0.0,11.94182457184089,3.7221771610989833,-2.9101303912357213,13.0,0.0,15.0,11.70199012403737,15.964719671675537,23.06356602033244,nan,nan,nan
8.070833333333333,track,-6.6313203570077395,0.0,11.929665087560943,3.733318902497648,-2.9182762271872846,13.0,0.0,15.0,11.70199012403737,15.964719671675537,23.091061114169737,nan,nan,nan
8.075,track,-6.615714162207288,0.0,11.917482722298272,3.7454867521082336,-2.9237676630412013,13.0,0.0,15.0,11.699862108858722,15.928251509416276,23.118435520935176,nan,nan,nan
8.079166666666666,track,-6.600053179214948,0.0,11.905287983416287,3.7586359181617417,-2.926737331676743,13.0,0.0,15.0,11.699862108858722,15.928251509416276,23.145687163441803,nan,nan,nan
8.083333333333334,track,-6.584333517889915,0.0,11.89309080627546,3.7727187180079707,-2.9273225137983965,13.0,0.0,15.0,11.697330002502737,15.884734764993697,23.172814246135502,nan,nan,nan
8.0875,track,-6.568551490751595,0.0,11.880900554041737,3.787686513196688,-2.925660536093166,13.0,0.0,15.0,11.697330002502737,15.884734764993697,23.199815249883315,nan,nan,nan
8.091666666666667,track,-6.552703473427178,0.0,11.868726383901079,3.803524157860248,-2.921800833758271,13.0,0.0,15.0,11.917927914831411,15.834800470358315,23.226688761644326,nan,nan,nan
8.095833333333333,track,-6.536786049404002,0.0,11.85657688118426,3.8201817655622197,-2.91588065203628,13.0,0.0,15.0,11.917927914831411,15.834800470358315,23.253433584136765,nan,nan,nan
8.1,track,-6.520801866333386,0.0,11.844445126089866,3.8362039369477654,-2.911621222654683,13.0,-2.025276262713912,1.0,4.655575723734157,15.778945245915589,23.280050220280902,5.37857032485953,19.8997487421324,3.6998212424882837
8.104166666666666,track,-6.504753304489452,0.0,11.832324886797403,3.851654842544165,-2.9088574301911794,13.0,-2.025276262713912,1.0,4.655575723734157,15.778945245915589,23.306539194826748,5.37857032485953,19.8997487421324,3.6998212424882837
8.108333333333333,track,-6.488642507485006,0.0,11.820210541261583,3.8665912810672016,-2.907442928597098,13.0,-2.025276262713912,1.0,4.654335999484813,15.72484701153492,23.332900965565596,5.37857032485953,19.8997487421324,3.6998212424882837
8.1125,track,-6.472471406776022,0.0,11.808097014749075,3.881064170155986,-2.9072463630016854,13.0,-2.025276262713912,1.0,4.654335999484813,15.72484701153492,23.359136000514212,5.37857032485953,19.8997487421324,3.6998212424882837
8.116666666666667,track,-6.456241745541101,0.0,11.79597971885968,3.8951186963810023,-2.9081510134548925,13.0,-2.025276262713912,1.0,4.653181911137007,15.674296101020671,23.385244698553105,5.37857032485953,19.8997487421324,3.6998212424882837
8.120833333333334,track,-6.439955097501473,0.0,11.78385450340296,3.9087955295106966,-2.910051709612694,13.0,-2.025276262713912,1.0,4.653181911137007,15.674296101020671,23.411227462433988,5.37857032485953,19.8997487421324,3.6998212424882837
8.125,track,-6.423612795424298,0.0,11.771717839549432,3.9221524985218643,-2.9127993248469175,13.0,-2.0049667201636145,1.0,4.748456324133491,15.626629405485104,23.437084627587854,5.37857032485953,19.8997487421324,3.6998212424882837
8.129166666666666,track,-6.407216045303057,0.0,11.75956652735109,3.9352200290979362,-2.91631492760206,13.0,-2.0049667201636145,1.0,4.748456324133491,15.626629405485104,23.462816527068433,5.37857032485953,19.8997487421324,3.6998212424882837
8.133333333333333,track,-6.390765940109595,0.0,11.747397660375643,3.9480252464311087,-2.920528074107294,13.0,-1.3032283681063495,1.0,4.747405160512069,15.581209036422281,23.488423426142983,8.27472357670697,19.8997487421324,2.4048838076173844
8.1375,track,-6.37426347010569,0.0,11.735208599130887,3.9605928009371065,-2.925374698741453,13.0,-1.3032283681063495,1.0,4.747405160512069,15.581209036422281,23.513905588379277,8.27472357670697,19.8997487421324,2.4048838076173844
8.141666666666666,track,-6.357709533879722,0.0,11.722996942617286,3.97294469423255,-2.9307975632642638,13.0,-1.3032283681063495,1.0,4.746399078838448,15.537596454194297,23.539263214075,8.27472357670697,19.8997487421324,2.4048838076173844
8.145833333333334,track,-6.3411049463903195,0.0,11.710760507538572,3.985100997456572,-2.9367444188913723,13.0,-1.3032283681063495,1.0,4.746399078838448,15.537596454194297,23.564496503417626,8.27472357670697,19.8997487421324,2.4048838076173844
8.15,track,-6.324450447906316,0.0,11.698497305213905,3.997079636160774,-2.943168557919709,13.0,-1.3032283681063495,1.0,4.7454302941383775,15.49546996747302,23.58960559796821,8.27472357670697,19.8997487421324,2.4048838076173844
8.154166666666667,track,-6.307746710296562,0.0,11.686205525277577,4.008897026340949,-2.950027184718606,13.0,-1.3032283681063495,1.0,4.7454302941383775,15.49546996747302,23.614590641234177,8.27472357670697,19.8997487421324,2.4048838076173844
8.158333333333333,track,-6.290994344338592,0.0,11.673883516774648,4.020567829912884,-2.957282040702978,13.0,-1.3032283681063495,1.0,4.744492492655586,15.454567606745634,23.639451722619523,8.27472357670697,19.8997487421324,2.4048838076173844
8.1625,track,-6.274193904641924,0.0,11.66152977536933,4.0321055272001916,-2.9648979372763633,13.0,-1.3032283681063495,1.0,4.744492492655586,15.454567606745634,23.66418893570863,8.27472357670697,19.8997487421324,2.4048838076173844
8.166666666666666,track,-6.257345832183888,0.0,11.649143090104433,4.043537389928655,-2.9728044635751396,13.0,-0.838459946315765,1.0,4.817059227904532,15.414675132303824,23.68880231680963,12.730343964164568,19.8997487421324,1.5631744749513
8.170833333333333,track,-6.240450527464799,0.0,11.636722356008862,4.054873132581248,-2.9809761829369013,13.0,-0.838459946315765,1.0,4.817059227904532,15.414675132303824,23.71329190818721,12.730343964164568,19.8997487421324,1.5631744749513
8.175,track,-6.22350835496545,0.0,11.624266562532654,4.066121399843927,-2.98939043429018,13.0,-0.838459946315765,1.0,4.81615334677584,15.375540501365206,23.73765770620226,12.730343964164568,19.8997487421324,1.5631744749513
8.179166666666667,track,-6.206519645631049,0.0,11.611774787039478,4.077290240256131,-2.998026118362485,13.0,-0.838459946315765,1.0,4.81615334677584,15.375540501365206,23.76189971561573,12.730343964164568,19.8997487421324,1.5631744749513
8.183333333333334,track,-6.18948470064483,0.0,11.599246185017556,4.088386796692437,-3.006864485261369,13.0,-0.838459946315765,1.0,4.815263938567155,15.337008331605373,23.78601789895605,12.730343964164568,19.8997487421324,1.5631744749513
8.1875,track,-6.172403793336978,0.0,11.586679985064752,4.099417753884529,-3.0158879886731196,13.0,-0.838459946315765,1.0,4.815263938567155,15.337008331605373,23.810012229299655,12.730343964164568,19.8997487421324,1.5631744749513
8.191666666666666,track,-6.155277172408383,0.0,11.574075480530613,4.110389022863042,-3.0250810881931485,13.0,-0.838459946315765,1.0,4.814388477245416,15.29897393734461,23.83388264071524,12.730343964164568,19.8997487421324,1.5631744749513
8.195833333333333,track,-6.138105063376796,0.0,11.56143202570457,4.1213061675808325,-3.0344291582501777,13.0,-0.838459946315765,1.0,4.814388477245416,15.29897393734461,23.85762907968025,12.730343964164568,19.8997487421324,1.5631744749513
8.2,track,-6.120887610860662,0.0,11.5487491826544,4.132188603872101,-3.043882332040635,13.0,-2.9649552427033905,1.0,4.885491636409708,15.261350525593572,23.88125144641902,3.562088180486278,20.346989949375804,5.71209608477411
8.204166666666666,track,-6.1036249453647216,0.0,11.53602655087395,4.143039719025837,-3.053431627308226,13.0,-2.9649552427033905,1.0,4.885491636409708,15.261350525593572,23.90474965548343,3.562088180486278,20.346989949375804,5.71209608477411
8.208333333333334,track,-6.086317185238294,0.0,11.523263762219441,4.1538624303426515,-3.063069277082077,13.0,-2.9649552427033905,1.0,4.884623718928898,15.223993302444699,23.92812358831514,3.562088180486278,20.346989949375804,5.71209608477411
8.2125,track,-6.0689644370111875,0.0,11.510460479981948,4.1646595745057,-3.0727877369986003,13.0,-2.9649552427033905,1.0,4.884623718928898,15.223993302444699,23.95137314208905,3.562088180486278,20.346989949375804,5.71209608477411
8.216666666666667,track,-6.051566797143402,0.0,11.497616394372839,4.1754335682685575,-3.082580546185948,13.0,-2.9649552427033905,1.0,4.883762707260007,15.18683150826433,23.974498182929185,3.562088180486278,20.346989949375804,5.71209608477411
8.220833333333333,track,-6.034124352185253,0.0,11.484731222055254,4.186186789955915,-3.092441356220207,13.0,-2.9649552427033905,1.0,4.883762707260007,15.18683150826433,23.997498593844877,3.562088180486278,20.346989949375804,5.71209608477411
8.225,track,-6.0166371803549,0.0,11.471804702083285,4.196921239284567,-3.1023647932726623,13.0,-2.9649552427033905,1.0,4.882907727104972,15.149828950565345,24.02037422857097,3.562088180486278,20.346989949375804,5.71209608477411
8.229166666666666,track,-5.999105351553389,0.0,11.458836595811773,4.207638912362597,-3.1123455051626157,13.0,-2.9649552427033905,1.0,4.882907727104972,15.149828950565345,24.043124958663164,3.562088180486278,20.346989949375804,5.71209608477411
8.233333333333333,track,-5.98152892879963,0.0,11.445826683211504,4.218341460902276,-3.122379024064451,13.0,-1.9272209077572038,1.0,4.882058052310572,15.11295546830032,24.065750627939178,5.480135662286582,20.346989949375804,3.712862455103172
8.2375,track,-5.963907968125366,0.0,11.432774763091535,4.229030561823221,-3.1324608287924924,13.0,-1.9272209077572038,1.0,4.882058052310572,15.11295546830032,24.088251098788838,5.480135662286582,20.346989949375804,3.712862455103172
8.241666666666667,track,-5.9462424563308,0.0,11.419680810428016,4.239722830696065,-3.1425486392447057,13.0,-1.9061255645727924,1.0,4.95767588536713,15.076185931372807,24.110626195242478,5.480135662286582,20.346989949375804,3.712862455103172
8.245833333333334,track,-5.928532379637144,0.0,11.406544802523158,4.250418406477353,-3.1526418971658763,13.0,-1.9061255645727924,1.0,4.95767588536713,15.076185931372807,24.132875761277433,5.480135662286582,20.346989949375804,3.712862455103172
8.25,track,-5.910777724467959,0.0,11.393366717027913,4.261117240604418,-3.162740518858535,13.0,-1.9061255645727924,1.0,4.9568201668351834,15.039422934425911,24.154999616605213,5.480135662286582,20.346989949375804,3.712862455103172
8.254166666666666,track,-5.8929784767463635,0.0,11.380146533714088,4.271819453182807,-3.1728439953179826,13.0,-1.9061255645727924,1.0,4.9568201668351834,15.039422934425911,24.17699760125647,5.480135662286582,20.346989949375804,3.712862455103172
8.258333333333333,track,-5.875134622669301,0.0,11.36688423251849,4.282524978495018,-3.1829522869435607,13.0,-1.9061255645727924,1.0,4.955966257607459,15.002637244824363,24.198869531806416,5.480135662286582,20.346989949375804,3.712862455103172
8.2625,track,-5.857246147999425,0.0,11.35357979532625,4.293233920770183,-3.1930649261377737,13.0,-1.9061255645727924,1.0,4.955966257607459,15.002637244824363,24.22061524542303,5.480135662286582,20.346989949375804,3.712862455103172
8.266666666666666,track,-5.839313038833321,0.0,11.340233204033654,4.3039461998648685,-3.203181910222976,13.0,-1.2389816169723151,1.0,4.9551141514019,14.965828486426075,24.242234556540406,8.430977941979355,20.346989949375804,2.413360595817062
8.270833333333334,track,-5.821335280889012,0.0,11.326844442340215,4.314661906634118,-3.213302806425072,13.0,-1.2389816169723151,1.0,4.9551141514019,14.965828486426075,24.263727300376107,8.430977941979355,20.346989949375804,2.413360595817062
8.275,track,-5.803312792704852,0.0,11.313413663596775,4.325397164198461,-3.223386898425895,13.0,-1.224869109302374,1.0,5.035709890898941,14.92899649182199,24.285093276960033,8.430977941979355,20.346989949375804,2.413360595817062
8.279166666666667,track,-5.785245498033223,0.0,11.29994100864898,4.336150721190941,-3.23343718747056,13.0,-1.224869109302374,1.0,5.035709890898941,14.92899649182199,24.306332308256458,8.430977941979355,20.346989949375804,2.413360595817062
8.283333333333333,track,-5.767133326155877,0.0,11.286426605080267,4.34692125056309,-3.2434568564911417,13.0,-1.224869109302374,1.0,5.034845541163873,14.892059940396637,24.327444195906228,8.430977941979355,20.346989949375804,2.413360595817062
8.2875,track,-5.748976210740549,0.0,11.272870570112783,4.357707699678673,-3.2534483921961357,13.0,-1.224869109302374,1.0,5.034845541163873,14.892059940396637,24.34842876337675,8.430977941979355,20.346989949375804,2.413360595817062
8.291666666666666,track,-5.730774090224862,0.0,11.259273009673425,4.368508923765079,-3.2634145054458035,13.0,-1.224869109302374,1.0,5.033980849424331,14.855006223804594,24.369285814066593,8.430977941979355,20.346989949375804,2.413360595817062
8.295833333333333,track,-5.7125269067320446,0.0,11.24563402113649,4.379324038276143,-3.2733572488644143,13.0,-1.224869109302374,1.0,5.033980849424331,14.855006223804594,24.39001517308214,8.430977941979355,20.346989949375804,2.413360595817062
8.3,track,-5.694234606512963,0.0,11.231953692240559,4.3901520525795386,-3.283278935023548,13.0,-0.7961649210465431,1.0,5.033116188174565,14.817850474699773,24.410616645725568,12.970735295352855,20.346989949375804,1.5686843872810903
8.304166666666667,track,-5.675897138912193,0.0,11.21823210369641,4.4009922241849395,-3.2931812505955502,13.0,-0.7961649210465431,1.0,5.033116188174565,14.817850474699773,24.43109005887595,12.970735295352855,20.346989949375804,1.5686843872810903
8.308333333333334,track,-5.657514456859214,0.0,11.204469327978474,4.411843692714821,-3.3030661723044394,13.0,-0.7961649210465431,1.0,5.03225187458414,14.780605606631402,24.451435219878814,12.970735295352855,20.346989949375804,1.5686843872810903
8.3125,track,-5.639086515877346,0.0,11.190665431818081,4.422705835648355,-3.3129350784944704,13.0,-0.7961649210465431,1.0,5.03225187458414,14.780605606631402,24.47165195751318,12.970735295352855,20.346989949375804,1.5686843872810903
8.316666666666666,track,-5.620613203836499,0.0,11.176820651377389,4.433594889803199,-3.322747305765965,13.0,-0.7867302119436917,1.0,5.116418555753511,14.743282657786187,24.491740067961207,12.970735295352855,20.346989949375804,1.5686843872810903
8.320833333333333,track,-5.602094416553904,0.0,11.16293520350494,4.444508947822775,-3.3325074893877984,13.0,-0.7867302119436917,1.0,5.116418555753511,14.743282657786187,24.51169936982168,12.970735295352855,20.346989949375804,1.5686843872810903
8.325,track,-5.583530057906877,0.0,11.14900928550529,4.4554460752864955,-3.342220319916024,13.0,-0.7867302119436917,1.0,5.115539130726926,14.705805868550847,24.53152966396575,12.970735295352855,20.346989949375804,1.5686843872810903
8.329166666666666,track,-5.564920038472098,0.0,11.135043078573409,4.4664046643469,-3.3518896636514084,13.0,-0.7867302119436917,1.0,5.115539130726926,14.705805868550847,24.551230773305825,12.970735295352855,20.346989949375804,1.5686843872810903
8.333333333333334,track,-5.546264275740372,0.0,11.12103674730148,4.477383055614454,-3.361519505262877,13.0,-0.5113746377633998,1.0,5.1146584765385965,14.668169904163431,24.570802502991413,19.954977377465926,20.346989949375804,1.0196448517327088
8.3375,track,-5.5275626928438495,0.0,11.106990442881008,4.488379895165444,-3.3711130609131876,13.0,-0.5113746377633998,1.0,5.1146584765385965,14.668169904163431,24.590244679878392,19.954977377465926,20.346989949375804,1.0196448517327088
8.341666666666667,track,-5.508815218857689,0.0,11.092904302386852,4.4993937566786855,-3.380673718597431,13.0,-0.5113746377633998,1.0,5.113777147214102,14.63039726477158,24.609557113088734,19.954977377465926,20.346989949375804,1.0196448517327088
8.345833333333333,track,-5.490021787602521,0.0,11.07877845178106,4.510423501240431,-3.390204145390283,13.0,-0.5113746377633998,1.0,5.113777147214102,14.63039726477158,24.628739633144498,19.954977377465926,20.346989949375804,1.0196448517327088
8.35,track,-5.471182265480031,0.0,11.064613184810783,4.5214853093976455,-3.3996640728666536,13.0,-0.505075914701987,1.0,5.199786185219414,14.592507096971207,24.647792039585866,19.954977377465926,20.346989949375804,1.0196448517327088
8.354166666666666,track,-5.452296528775645,0.0,11.050408771179425,4.5325768090525775,-3.4090592715260195,13.0,-0.505075914701987,1.0,5.199786185219414,14.592507096971207,24.66671415427792,19.954977377465926,20.346989949375804,1.0196448517327088
8.358333333333333,track,-5.43336446363684,0.0,11.036165456660893,4.543695633313238,-3.4183954844477094,13.0,-0.505075914701987,1.0,5.198887809776399,14.554428365774502,24.6855057828494,19.954977377465926,20.346989949375804,1.0196448517327088
8.3625,track,-5.414385964551793,0.0,11.021883466920357,4.554839780411276,-3.4276775377283335,13.0,-0.505075914701987,1.0,5.198887809776399,14.554428365774502,24.70416675274476,19.954977377465926,20.346989949375804,1.0196448517327088
8.366666666666667,track,-5.395360934452648,0.0,11.007563007307692,4.566007223794886,-3.436910307039809,13.0,-0.32829934455629156,1.0,5.197987612452849,14.51616113682628,24.72269687498474,30.699965196101424,20.346989949375804,0.6627691536262608
8.370833333333334,track,-5.376289283302002,0.0,10.993204266395818,4.577196276154944,-3.4460978188495752,13.0,-0.32829934455629156,1.0,5.197987612452849,14.51616113682628,24.7410959819667,30.699965196101424,20.346989949375804,0.6627691536262608
8.375,track,-5.3571709283029865,0.0,10.978807415501347,4.588405199763673,-3.4552442146728812,13.0,-0.32829934455629156,1.0,5.197086279668728,14.477733151301853,24.75936388957315,30.699965196101424,20.346989949375804,0.6627691536262608
8.379166666666666,track,-5.338005792578307,0.0,10.964372611981295,4.599632573923014,-3.464352844812587,13.0,-0.32829934455629156,1.0,5.197086279668728,14.477733151301853,24.777500434675407,30.699965196101424,20.346989949375804,0.6627691536262608
8.383333333333333,track,-5.3187938054713095,0.0,10.949899998522481,4.610876905679276,-3.4734272301152402,13.0,-0.32829934455629156,1.0,5.1961843932899106,14.439167996201576,24.795505437613397,30.699965196101424,20.346989949375804,0.6627691536262608
8.3875,track,-5.299534901304266,0.0,10.93538970623188,4.6221370000903494,-3.482470149743946,13.0,-0.32829934455629156,1.0,5.1961843932899106,14.439167996201576,24.813378739365557,30.699965196101424,20.346989949375804,0.6627691536262608
8.391666666666666,track,-5.2802289466049475,0.0,10.920842033793637,4.633429127836485,-3.4914413851787827,13.0,-0.3241013445769644,1.0,5.282380974335518,14.400485737009012,24.831120151883546,30.699965196101424,20.346989949375804,0.6627691536262608
8.395833333333334,track,-5.260875818038094,0.0,10.906257255439979,4.644750856044927,-3.5003468048778776,13.0,-0.3241013445769644,1.0,5.282380974335518,14.400485737009012,24.848729508602393,30.699965196101424,20.346989949375804,0.6627691536262608
8.4,track,-5.2414754023848475,0.0,10.891635621058635,4.656099756779059,-3.5091922515223426,13.0,-2.4059282394445893,1.0,5.281462192509018,14.361615381867592,24.866206627796934,4.135576379792369,20.784609690826528,5.025807235089694
8.404166666666667,track,-5.222027594979136,0.0,10.87697736008836,4.667473777370807,-3.517982632866052,13.0,-2.4059282394445893,1.0,5.281462192509018,14.361615381867592,24.883551348690226,4.135576379792369,20.784609690826528,5.025807235089694
8.408333333333333,track,-5.202532299815213,0.0,10.862282681300375,4.678870839341425,-3.526722909116205,13.0,-2.4059282394445893,1.0,5.280541748863155,14.322557557162167,24.90076349513956,4.135576379792369,20.784609690826528,5.025807235089694
8.4125,track,-5.182989428095094,0.0,10.84755177640625,4.690289212828653,-3.535417174589638,13.0,-2.4059282394445893,1.0,5.280541748863155,14.322557557162167,24.91784291149004,4.135576379792369,20.784609690826528,5.025807235089694
8.416666666666666,track,-5.163398898445552,0.0,10.832784819562235,4.7017271158900185,-3.544069642563555,13.0,-2.4059282394445893,1.0,5.279620348455328,14.283340712377537,24.93478942661573,4.135576379792369,20.784609690826528,5.025807235089694
8.420833333333333,track,-5.143760635560899,0.0,10.81798197073093,4.713183092316536,-3.552683719513142,13.0,-2.4059282394445893,1.0,5.279620348455328,14.283340712377537,24.951602889473172,4.135576379792369,20.784609690826528,5.025807235089694
8.425,track,-5.124074498014909,0.0,10.803143552483935,4.724673011037709,-3.561220379278888,13.0,-2.374029897913251,1.0,5.364712935762125,14.243989032237433,24.968283121654185,4.135576379792369,20.784609690826528,5.025807235089694
8.429166666666667,track,-5.10434035537897,0.0,10.788269860975149,4.736194232625156,-3.569685962108479,13.0,-2.374029897913251,1.0,5.364712935762125,14.243989032237433,24.98482996561905,4.135576379792369,20.784609690826528,5.025807235089694
8.433333333333334,track,-5.084558088153339,0.0,10.773361166166925,4.747744134151487,-3.578086753973705,13.0,-1.5431194336436136,1.0,5.3637742368295145,14.204435795593414,25.00124324956827,6.362425199680566,20.784609690826528,3.266774702808301
8.4375,track,-5.064727586119559,0.0,10.758417715912177,4.759320488107236,-3.5864280611392894,13.0,-1.5431194336436136,1.0,5.3637742368295145,14.204435795593414,25.017522821998927,6.362425199680566,20.784609690826528,3.266774702808301
8.441666666666666,track,-5.044848748409981,0.0,10.743439735830727,4.770921050298653,-3.5947152195480085,13.0,-1.5431194336436136,1.0,5.362833747364561,14.16468469054148,25.03366851690115,6.362425199680566,20.784609690826528,3.266774702808301
8.445833333333333,track,-5.024921481980312,0.0,10.728427433082688,4.7825439431206265,-3.60295265952911,13.0,-1.5431194336436136,1.0,5.362833747364561,14.16468469054148,25.049680188074742,6.362425199680566,20.784609690826528,3.266774702808301
8.45,track,-5.004945701797377,0.0,10.713380995947123,4.7941872439044415,-3.611144912535692,13.0,-1.5431194336436136,1.0,5.361892233601441,14.124766511802106,25.06555767467628,6.362425199680566,20.784609690826528,3.266774702808301
8.454166666666666,track,-4.984921329414937,0.0,10.698300597330913,4.805849371785579,-3.619295667890285,13.0,-1.5431194336436136,1.0,5.361892233601441,14.124766511802106,25.08130083524734,6.362425199680566,20.784609690826528,3.266774702808301
8.458333333333334,track,-4.96484829326219,0.0,10.683186394094951,4.817528676659286,-3.627408776630956,13.0,-1.5431194336436136,1.0,5.360950344303913,14.084707430734754,25.096909513636074,6.362425199680566,20.784609690826528,3.266774702808301
8.4625,track,-4.944726527308137,0.0,10.668038530336823,4.829223828972582,-3.635487301950816,13.0,-1.5431194336436136,1.0,5.360950344303913,14.084707430734754,25.112383572696725,6.362425199680566,20.784609690826528,3.266774702808301
8.466666666666667,track,-4.924555900313646,0.0,10.652857309650708,4.840950478677803,-3.6434929646675758,13.0,-0.989256605559421,1.0,5.4438956076657945,14.04452969837802,25.127722849982543,9.788346461047025,20.784609690826528,2.1234035568253957
8.470833333333333,track,-4.904336291496288,0.0,10.637643010764544,4.852706116165702,-3.65143173267923,13.0,-0.989256605559421,1.0,5.4438956076657945,14.04452969837802,25.142927202750215,9.788346461047025,20.784609690826528,2.1234035568253957
8.475,track,-4.884067590523903,0.0,10.622395887604684,4.864488233372592,-3.65930955836617,13.0,-0.989256605559421,1.0,5.442937774419573,14.00416661989362,25.157996474736546,9.788346461047025,20.784609690826528,2.1234035568253957
8.479166666666666,track,-4.863749695883012,0.0,10.607116173308036,4.8762947138137935,-3.6671314311956684,13.0,-0.989256605559421,1.0,5.442937774419573,14.00416661989362,25.172930528846713,9.788346461047025,20.784609690826528,2.1234035568253957
8.483333333333333,track,-4.84338251500459,0.0,10.591804079955356,4.888123410821337,-3.6749024046430745,13.0,-0.989256605559421,1.0,5.441978662710247,13.963620807197586,25.187729214271556,9.788346461047025,20.784609690826528,2.1234035568253957
8.4875,track,-4.822965962748062,0.0,10.576459802289435,4.899972541566932,-3.6826266398209655,13.0,-0.989256605559421,1.0,5.441978662710247,13.963620807197586,25.202392398910803,9.788346461047025,20.784609690826528,2.1234035568253957
8.491666666666667,track,-4.802499961639877,0.0,10.5610835171669,4.911840265964279,-3.6903084294085566,13.0,-0.989256605559421,1.0,5.441019002530023,13.92292161924881,25.216919936855874,9.788346461047025,20.784609690826528,2.1234035568253957
8.495833333333334,track,-4.781984440456793,0.0,10.545675387024684,4.923725083940069,-3.697951234131952,13.0,-0.989256605559421,1.0,5.441019002530023,13.92292161924881,25.231311700502935,9.788346461047025,20.784609690826528,2.1234035568253957
8.5,track,-4.761419265620298,0.0,10.530235726219765,4.935641960758895,-3.7055185931804417,13.0,-4.5,1.0,5.521115960556091,13.882094006328215,25.245567538733045,1.661617688306698,21.908902300206645,13.185284710427773
8.504166666666666,track,-4.740804314430841,0.0,10.514764823358561,4.9475882854696485,-3.713016686688645,13.0,-4.5,1.0,5.521115960556091,13.882094006328215,25.259687319353933,1.661617688306698,21.908902300206645,13.185284710427773
8.508333333333333,track,-4.720139475045211,0.0,10.499262941398701,4.95956145255134,-3.720451670366409,13.0,-4.5,1.0,5.520140702521652,13.841076184328765,25.273670897408547,1.661617688306698,21.908902300206645,13.185284710427773
8.5125,track,-4.6994246447949255,0.0,10.483730321763908,4.97155926006838,-3.7278287123506044,13.0,-4.5,1.0,5.520140702521652,13.841076184328765,25.287518146324754,1.661617688306698,21.908902300206645,13.185284710427773
8.516666666666666,track,-4.678659730300889,0.0,10.46816718410359,4.983579478568794,-3.73515303847591,13.0,-4.5,1.0,5.519164234057623,13.799873114069086,25.301228926564683,1.661617688306698,21.908902300206645,13.185284710427773
8.520833333333334,track,-4.657844645912171,0.0,10.452573730103747,4.995620253292247,-3.7424289599622256,13.0,-4.5,1.0,5.519164234057623,13.799873114069086,25.31480311651218,1.661617688306698,21.908902300206645,13.185284710427773
8.525,track,-4.636979313937807,0.0,10.436950142955807,5.007679673847448,-3.749660915505965,13.0,-4.5,1.0,5.518187315289158,13.758515313190472,25.32824058148799,1.661617688306698,21.908902300206645,13.185284710427773
8.529166666666667,track,-4.616063663189049,0.0,10.421296590907092,5.019756179701893,-3.7568524916914305,13.0,-4.5,1.0,5.518187315289158,13.758515313190472,25.341541204328706,1.661617688306698,21.908902300206645,13.185284710427773
8.533333333333333,track,-4.59509762931075,0.0,10.405613226483478,5.031848130791835,-3.7640074616675308,13.0,-3.73412551228258,1.0,5.517210589103759,13.717028711653143,25.354704854790405,2.5563349050872275,21.908902300206645,8.570435061778053
8.5375,track,-4.574081153412347,0.0,10.389900189817116,5.043954215616759,-3.771128799926946,13.0,-3.73412551228258,1.0,5.517210589103759,13.717028711653143,25.36773141978112,2.5563349050872275,21.908902300206645,8.570435061778053
8.541666666666666,track,-4.5530141160714575,0.0,10.374157767915797,5.056088961813657,-3.7781812563165253,13.0,-3.6793352888801314,1.0,5.5939287175921715,13.675435351740306,25.38062076482231,2.5563349050872275,21.908902300206645,8.570435061778053
8.545833333333333,track,-4.531896407893334,0.0,10.358386224290884,5.0682499627496105,-3.7851704699791284,13.0,-3.6793352888801314,1.0,5.5939287175921715,13.675435351740306,25.393372773112663,2.5563349050872275,21.908902300206645,8.570435061778053
8.55,track,-4.51072792957149,0.0,10.34258579884847,5.080434797242537,-3.7921021061793017,13.0,-3.6793352888801314,1.0,5.592938301783714,13.633674038615425,25.4059873157905,2.5563349050872275,21.908902300206645,8.570435061778053
8.554166666666667,track,-4.4895085902489456,0.0,10.326756711874022,5.092641437410768,-3.7989808738674964,13.0,-3.6793352888801314,1.0,5.592938301783714,13.633674038615425,25.418464281179755,2.5563349050872275,21.908902300206645,8.570435061778053
8.558333333333334,track,-4.468238307706213,0.0,10.310899163608697,5.104867810255817,-3.8058115836778588,13.0,-3.6793352888801314,1.0,5.591947324166693,13.591748181989887,25.430803545411862,2.5563349050872275,21.908902300206645,8.570435061778053
8.5625,track,-4.446917006835203,0.0,10.295013337952225,5.117112209042514,-3.8125981575531465,13.0,-3.6793352888801314,1.0,5.591947324166693,13.591748181989887,25.44300500137804,2.5563349050872275,21.908902300206645,8.570435061778053
8.566666666666666,track,-4.425544619935592,0.0,10.279099401772319,5.129372855906586,-3.819344683177358,13.0,-2.3915679377720855,1.0,5.59095648544754,13.549686023912061,25.455068529734085,3.932822930903427,21.908902300206645,5.570782790155734
8.570833333333333,track,-4.404121085285446,0.0,10.263157508366362,5.1416483160349875,-3.8260544174295505,13.0,-2.3915679377720855,1.0,5.59095648544754,13.549686023912061,25.466994027517632,3.932822930903427,21.908902300206645,5.570782790155734
8.575,track,-4.382646284083571,0.0,10.247187949148248,5.153952288449964,-3.832694212347198,13.0,-2.3553456819980654,1.0,5.664006925480791,13.507511562621556,25.478781372169937,3.932822930903427,21.908902300206645,5.570782790155734
8.579166666666666,track,-4.361120107749703,0.0,10.23119099168487,5.166282320128356,-3.839269791211092,13.0,-2.3553456819980654,1.0,5.664006925480791,13.507511562621556,25.490430457959622,3.932822930903427,21.908902300206645,5.570782790155734
8.583333333333334,track,-4.3395424579830255,0.0,10.215166879589653,5.1786359440026715,-3.8457869028518505,13.0,-2.3553456819980654,1.0,5.663003144487616,13.465168828609816,25.501941167826512,3.932822930903427,21.908902300206645,5.570782790155734
8.5875,track,-4.317913245094136,0.0,10.199115836562239,5.1910110933335165,-3.85225032657931,13.0,-2.3553456819980654,1.0,5.663003144487616,13.465168828609816,25.513313401050226,3.932822930903427,21.908902300206645,5.570782790155734
8.591666666666667,track,-4.2962323881932765,0.0,10.183038065962899,5.203405656206193,-3.85866494384145,13.0,-2.3553456819980654,1.0,5.661998969257406,13.422663198494059,25.524547045456025,3.932822930903427,21.908902300206645,5.570782790155734
8.595833333333333,track,-4.274499813637494,0.0,10.16693375456594,5.2158178933877295,-3.8650347352699463,13.0,-2.3553456819980654,1.0,5.661998969257406,13.422663198494059,25.5356420047873,3.932822930903427,21.908902300206645,5.570782790155734
8.6,track,-4.252715455329208,0.0,10.150803071863644,5.2282459939885415,-3.871363848551098,13.0,-1.5309746932987425,1.0,5.6609951130915315,13.38002345010412,25.546598171296644,6.050496816774503,21.908902300206645,3.621008813601227
8.604166666666666,track,-4.230879253262299,0.0,10.134646173574545,5.240688496058302,-3.8776555893836497,13.0,-1.5309746932987425,1.0,5.6609951130915315,13.38002345010412,25.557415452780937,6.050496816774503,21.908902300206645,3.621008813601227
8.608333333333333,track,-4.208991153914186,0.0,10.11846320071887,5.253143843546931,-3.8839134853623327,13.0,-1.5309746932987425,1.0,5.65999217857226,13.337274033095001,25.568093745578487,6.050496816774503,21.908902300206645,3.621008813601227
8.6125,track,-4.187051108876737,0.0,10.102254282917183,5.265610808987844,-3.890140272404615,13.0,-1.5309746932987425,1.0,5.65999217857226,13.337274033095001,25.578632961232525,6.050496816774503,21.908902300206645,3.621008813601227
8.616666666666667,track,-4.165059014951061,0.0,10.086019682005455,5.278102542162271,-3.8963042188146644,13.0,-1.507060242629776,1.0,5.729175020921506,13.294435732697988,25.58903299377953,6.050496816774503,21.908902300206645,3.621008813601227
8.620833333333334,track,-4.143014778195556,0.0,10.069759638432936,5.290616821321275,-3.9024104574046143,13.0,-1.507060242629776,1.0,5.729175020921506,13.294435732697988,25.59929375281295,6.050496816774503,21.908902300206645,3.621008813601227
8.625,track,-4.1209183140719645,0.0,10.053474370937767,5.3031513896619105,-3.908464198840569,13.0,-1.507060242629776,1.0,5.7281612692696875,13.251453563623258,25.609415137354553,6.050496816774503,21.908902300206645,3.621008813601227
8.629166666666666,track,-4.098769545834463,0.0,10.037164080429099,5.315704377000386,-3.9144697220802875,13.0,-1.507060242629776,1.0,5.7281612692696875,13.251453563623258,25.61939706154367,6.050496816774503,21.908902300206645,3.621008813601227
8.633333333333333,track,-4.076568404793863,0.0,10.020828949374032,5.328273849743815,-3.920431453216119,13.0,-0.9795891577093544,1.0,5.727147810553626,13.208331231861884,25.62923942888955,9.308456641191542,21.908902300206645,2.3536557288407978
8.6375,track,-4.054314828812791,0.0,10.004469145418298,5.340858235457401,-3.926352949375893,13.0,-0.9795891577093544,1.0,5.727147810553626,13.208331231861884,25.63894215763301,9.308456641191542,21.908902300206645,2.3536557288407978
8.641666666666666,track,-4.032008762670084,0.0,9.988084820529137,5.353455874249598,-3.932237973398697,13.0,-0.9795891577093544,1.0,5.726135289229721,13.16509493402019,25.64850515540117,9.308456641191542,21.908902300206645,2.3536557288407978
8.645833333333334,track,-4.009650156646998,0.0,9.971676114392261,5.366065445540627,-3.938089472850297,13.0,-0.9795891577093544,1.0,5.726135289229721,13.16509493402019,25.657928344205192,9.308456641191542,21.908902300206645,2.3536557288407978
8.65,track,-3.9872389098587013,0.0,9.955243289967544,5.3786992291912235,-3.943877861932144,13.0,-0.9638199392465375,1.0,5.791409647781782,13.121766931488136,25.66721163025974,9.308456641191542,21.908902300206645,2.3536557288407978
8.654166666666667,track,-3.964774930740258,0.0,9.93878658876207,5.39135498842644,-3.949608289313749,13.0,-0.9638199392465375,1.0,5.791409647781782,13.121766931488136,25.67635493444158,9.308456641191542,21.908902300206645,2.3536557288407978
8.658333333333333,track,-3.9422581371962893,0.0,9.922306230494518,5.40403045055252,-3.955285984212583,13.0,-0.9638199392465375,1.0,5.7903872514173305,13.078297409292972,25.685358167804587,9.308456641191542,21.908902300206645,2.3536557288407978
8.6625,track,-3.91968845497537,0.0,9.905802417001095,5.416723733020546,-3.9609152384215216,13.0,-0.9638199392465375,1.0,5.7903872514173305,13.078297409292972,25.694221255633177,9.308456641191542,21.908902300206645,2.3536557288407978
8.666666666666666,track,-3.8970658179385587,0.0,9.88927533161059,5.429432888834705,-3.9665004937211368,13.0,-0.6264829605102494,1.0,5.789365363195062,13.034691749389344,25.702944113341804,14.320702524910065,21.908902300206645,1.5298762237465187
8.670833333333333,track,-3.874390166541055,0.0,9.872725142787436,5.442156335400799,-3.972045317556967,13.0,-0.6264829605102494,1.0,5.789365363195062,13.034691749389344,25.7115266701963,14.320702524910065,21.908902300206645,1.5298762237465187
8.675,track,-3.85166144820148,0.0,9.856152003262217,5.454892401498104,-3.9775534860523902,13.0,-0.6264829605102494,1.0,5.788344629453294,12.990976326036655,25.719968845618805,14.320702524910065,21.908902300206645,1.5298762237465187
8.679166666666667,track,-3.8288796158755867,0.0,9.839556053449744,5.467639758214331,-3.9830279549935383,13.0,-0.6264829605102494,1.0,5.788344629453294,12.990976326036655,25.728270572541327,14.320702524910065,21.908902300206645,1.5298762237465187
8.683333333333334,track,-3.8060446285106257,0.0,9.822937420373542,5.480396967590656,-3.988471938288505,13.0,-0.6264829605102494,1.0,5.787325595507783,12.947173548793774,25.736431774134832,14.320702524910065,21.908902300206645,1.5298762237465187
8.6875,track,-3.7831564496979744,0.0,9.8062962208915,5.493162915036298,-3.993887875690112,13.0,-0.6264829605102494,1.0,5.787325595507783,12.947173548793774,25.74445238676533,14.320702524910065,21.908902300206645,1.5298762237465187
8.691666666666666,track,-3.76021499430511,0.0,9.789632689087346,5.50594929428741,-3.9992476329969757,13.0,-0.616096689741759,1.0,5.848684958450745,12.903302473821295,25.75233233299381,14.320702524910065,21.908902300206645,1.5298762237465187
8.695833333333333,track,-3.7372201855448637,0.0,9.772947040018524,5.518754102459198,-4.004555776517232,13.0,-0.616096689741759,1.0,5.848684958450745,12.903302473821295,25.76007154877101,14.320702524910065,21.908902300206645,1.5298762237465187
8.7,track,-3.7141719552083723,0.0,9.756239469175423,5.531575280757971,-4.009817002344334,13.0,-2.2640969774882995,1.0,5.8476581869931,12.859314462859484,25.767669961060392,3.896890242820501,22.360679774997898,5.738083030743414
8.704166666666666,track,-3.6910702421041512,0.0,9.739510156219014,5.544411145013079,-4.015035109538305,13.0,-2.2640969774882995,1.0,5.8476581869931,12.859314462859484,25.77512750982495,3.896890242820501,22.360679774997898,5.738083030743414
8.708333333333334,track,-3.6679149923978924,0.0,9.72275926418137,5.557259929502111,-4.020214089034581,13.0,-2.2640969774882995,1.0,5.8466325939474135,12.815213255265736,25.782444126052493,3.896890242820501,22.360679774997898,5.738083030743414
8.7125,track,-3.6447061581493014,0.0,9.70598694296544,5.5701202196618835,-4.02535709182305,13.0,-2.2640969774882995,1.0,5.8466325939474135,12.815213255265736,25.78961975338144,3.896890242820501,22.360679774997898,5.738083030743414
8.716666666666667,track,-3.6214436977421727,0.0,9.689193328327471,5.582990497710918,-4.030467513112485,13.0,-2.2640969774882995,1.0,5.845608754988906,12.771022611088837,25.79665432654776,3.896890242820501,22.360679774997898,5.738083030743414
8.720833333333333,track,-3.5981275745050865,0.0,9.67237854517326,5.595869576900661,-4.035547957010762,13.0,-2.2640969774882995,1.0,5.845608754988906,12.771022611088837,25.803547792618563,3.896890242820501,22.360679774997898,5.738083030743414
8.725,track,-3.574757706578305,0.0,9.655542827086238,5.608768302427489,-4.040572340885216,13.0,-2.225461330647163,1.0,5.903148138664508,12.726762726240139,25.81030008644963,3.896890242820501,22.360679774997898,5.738083030743414
8.729166666666666,track,-3.5513340204355828,0.0,9.63868638870592,5.621684674253331,-4.045545211276038,13.0,-2.225461330647163,1.0,5.903148138664508,12.726762726240139,25.816911155359392,3.896890242820501,22.360679774997898,5.738083030743414
8.733333333333333,track,-3.527856451121808,0.0,9.621809425173398,5.634616635306045,-4.050471247805456,13.0,-1.4465498649206563,1.0,5.90211756546362,12.68238984245932,25.823380938459152,5.9952157581853855,22.360679774997898,3.729753969983219
8.7375,track,-3.5043249406882007,0.0,9.604912115871187,5.647562504065695,-4.055354232530462,13.0,-1.4465498649206563,1.0,5.90211756546362,12.68238984245932,25.829709386941413,5.9952157581853855,22.360679774997898,3.729753969983219
8.741666666666667,track,-3.4807394385365513,0.0,9.587994623611326,5.660520516395877,-4.060198142366482,13.0,-1.4465498649206563,1.0,5.901088400613575,12.637909129523132,25.835896443816026,5.9952157581853855,22.360679774997898,3.729753969983219
8.745833333333334,track,-3.4570998999525218,0.0,9.571057098137631,5.673489260167078,-4.06500611368702,13.0,-1.4465498649206563,1.0,5.901088400613575,12.637909129523132,25.841942063832548,5.9952157581853855,22.360679774997898,3.729753969983219
8.75,track,-3.433406286539881,0.0,9.554099675096884,5.68646721903376,-4.069781529779156,13.0,-1.4465498649206563,1.0,5.90006121524013,12.593344318490901,25.84784619364104,5.9952157581853855,22.360679774997898,3.729753969983219
8.754166666666666,track,-3.409658564837977,0.0,9.537122479337773,5.699453208456861,-4.074526982186647,13.0,-1.4465498649206563,1.0,5.90006121524013,12.593344318490901,25.85360879131803,5.9952157581853855,22.360679774997898,3.729753969983219
8.758333333333333,track,-3.3858567068316825,0.0,9.520125623699904,5.712445921510744,-4.0792453530885044,13.0,-1.4465498649206563,1.0,5.899036490505956,12.548715578795887,25.8592298069686,5.9952157581853855,22.360679774997898,3.729753969983219
8.7625,track,-3.362000688641044,0.0,9.503109212138774,5.725444365753295,-4.083938774671064,13.0,-1.4465498649206563,1.0,5.899036490505956,12.548715578795887,25.86470920183089,5.9952157581853855,22.360679774997898,3.729753969983219
8.766666666666666,track,-3.3380904436048033,0.0,9.486073451492869,5.738458808697743,-4.088582555017456,13.0,-0.9237501832763378,1.0,5.952853304058306,12.504040070263498,25.870046926803976,9.223408858746746,22.360679774997898,2.4243400804890927
8.770833333333334,track,-3.3141259124647204,0.0,9.469018531929311,5.751487473619917,-4.093180695253629,13.0,-0.9237501832763378,1.0,5.952853304058306,12.504040070263498,25.8752429439808,9.223408858746746,22.360679774997898,2.4243400804890927
8.775,track,-3.290107043677745,0.0,9.451944626206725,5.764528508874138,-4.097737373420762,13.0,-0.9237501832763378,1.0,5.951823869979088,12.459275265278658,25.880297208164006,9.223408858746746,22.360679774997898,2.4243400804890927
8.779166666666667,track,-3.2660337919194085,0.0,9.434851893245188,5.777580422000689,-4.10225591076871,13.0,-0.9237501832763378,1.0,5.951823869979088,12.459275265278658,25.885209685001815,9.223408858746746,22.360679774997898,2.4243400804890927
8.783333333333333,track,-3.241906118490835,0.0,9.417740477160885,5.790641622857582,-4.106739860232898,13.0,-0.9237501832763378,1.0,5.950796465086744,12.414424790760528,25.889980332926104,9.223408858746746,22.360679774997898,2.4243400804890927
8.7875,track,-3.2177239899109225,0.0,9.400610510622336,5.803710859179076,-4.111191969251794,13.0,-0.9237501832763378,1.0,5.950796465086744,12.414424790760528,25.894609120896956,9.223408858746746,22.360679774997898,2.4243400804890927
8.791666666666666,track,-3.1934873784031645,0.0,9.383462113693255,5.816786761861859,-4.115615262979248,13.0,-0.9237501832763378,1.0,5.949771592483222,12.369509877745928,25.899096010779758,9.223408858746746,22.360679774997898,2.4243400804890927
8.795833333333333,track,-3.169196260564005,0.0,9.366295397005885,5.829868281398323,-4.120012004968679,13.0,-0.9237501832763378,1.0,5.949771592483222,12.369509877745928,25.903440974672456,9.223408858746746,22.360679774997898,2.4243400804890927
8.8,track,-3.1448505735133083,0.0,9.349110566205471,5.8429648921671955,-4.124359392099092,13.0,-2.284059129955965,1.0,6.000026387499641,12.32454858086279,25.90764397580433,3.662906659149048,22.80350850198276,6.225522685658712
8.804166666666667,track,-3.120450261721708,0.0,9.331907810418635,5.856074829984127,-4.128661388840688,13.0,-2.284059129955965,1.0,6.000026387499641,12.32454858086279,25.9117049876467,3.662906659149048,22.80350850198276,6.225522685658712
8.808333333333334,track,-3.0959952773259745,0.0,9.314687301505833,5.869196254976029,-4.132922139072524,13.0,-2.284059129955965,1.0,5.998997785094791,12.279502841975658,25.91562397719542,3.662906659149048,22.80350850198276,6.225522685658712
8.8125,track,-3.0714855786367523,0.0,9.297449197618128,5.8823276854133,-4.137144933048951,13.0,-2.284059129955965,1.0,5.998997785094791,12.279502841975658,25.91940092134871,3.662906659149048,22.80350850198276,6.225522685658712
8.816666666666666,track,-3.0469211305479593,0.0,9.280193642223741,5.895467541310313,-4.141333294652729,13.0,-2.284059129955965,1.0,5.9979714352712845,12.234377507487896,25.923035790614783,3.662906659149048,22.80350850198276,6.225522685658712
8.820833333333333,track,-3.0223019031331466,0.0,9.262920767452268,5.908614579555036,-4.145489945153536,13.0,-2.284059129955965,1.0,5.9979714352712845,12.234377507487896,25.926528565093975,3.662906659149048,22.80350850198276,6.225522685658712
8.825,track,-2.9976278721339695,0.0,9.245630692931465,5.921767439802457,-4.149617884992896,13.0,-2.284059129955965,1.0,5.996947832977788,12.189193664763037,25.929879218627956,3.662906659149048,22.80350850198276,6.225522685658712
8.829166666666666,track,-2.9728990176325927,0.0,9.228323528949536,5.934925080330449,-4.153719355662858,13.0,-2.284059129955965,1.0,5.996947832977788,12.189193664763037,25.933087734360672,3.662906659149048,22.80350850198276,6.225522685658712
8.833333333333334,track,-2.948115324606399,0.0,9.210999375133055,5.948086326286405,-4.157796915955496,13.0,-4.5,1.0,5.995927394491813,12.14396924522383,25.93615408934364,1.5201282537103236,23.916521486202797,15.733226079988604
8.8375,track,-2.9232767816656584,0.0,9.193658323453478,5.9612503057777815,-4.161852403098106,13.0,-4.5,1.0,5.995927394491813,12.14396924522383,25.939078269654754,1.5201282537103236,23.916521486202797,15.733226079988604
8.841666666666667,track,-2.8983833402126495,0.0,9.17630055555081,5.974425948722101,-4.16586429664033,13.0,-4.5,1.0,6.042766308658229,12.098719515837955,25.941860254256767,1.5201282537103236,23.916521486202797,15.733226079988604
8.845833333333333,track,-2.8734349581420817,0.0,9.158926238610945,5.987611696936232,-4.169836065567527,13.0,-4.5,1.0,6.042766308658229,12.098719515837955,25.944500031090463,1.5201282537103236,23.916521486202797,15.733226079988604
8.85,track,-2.848431600220142,0.0,9.141535524461903,6.00080590126551,-4.173771395770068,13.0,-4.5,1.0,6.041743981787736,12.053407622173776,25.946997582611615,1.5201282537103236,23.916521486202797,15.733226079988604
8.854166666666666,track,-2.8233732366614475,0.0,9.124128552964153,6.0140072540867155,-4.177673159459792,13.0,-4.5,1.0,6.041743981787736,12.053407622173776,25.949352899939967,1.5201282537103236,23.916521486202797,15.733226079988604
8.858333333333333,track,-2.798259843591053,0.0,9.106705450907866,6.027214336894685,-4.181544493509133,13.0,-4.5,1.0,6.0407244612122115,12.008037001495202,25.951565968835535,1.5201282537103236,23.916521486202797,15.733226079988604
8.8625,track,-2.773091401701225,0.0,9.089266335212757,6.04042605355866,-4.1853877668258965,13.0,-4.5,1.0,6.0407244612122115,12.008037001495202,25.95363678343055,1.5201282537103236,23.916521486202797,15.733226079988604
8.866666666666667,track,-2.7478678967829757,0.0,9.071811311658664,6.053641180379811,-4.189205652982439,13.0,-3.5109863794779095,1.0,6.039708178965269,11.962626430208855,25.955565332659603,2.338658851862036,23.916521486202797,10.226596951992594
8.870833333333334,track,-2.7225893184513494,0.0,9.054340477922288,6.066858799590285,-4.1930000967302234,13.0,-3.5109863794779095,1.0,6.039708178965269,11.962626430208855,25.957351613552984,2.338658851862036,23.916521486202797,10.226596951992594
8.875,track,-2.697255622122574,0.0,9.036854014264211,6.080087118906113,-4.196751277938641,13.0,-3.4439997400687306,1.0,6.083315188641915,11.917191886552256,25.958995617380832,2.338658851862036,23.916521486202797,10.226596951992594
8.879166666666666,track,-2.671866769633162,0.0,9.01935208667004,6.0933245974589125,-4.200462622601294,13.0,-3.4439997400687306,1.0,6.083315188641915,11.917191886552256,25.96049734342074,2.338658851862036,23.916521486202797,10.226596951992594
8.883333333333333,track,-2.646422729619368,0.0,9.001834845942353,6.106569603310615,-4.204137774644601,13.0,-3.4439997400687306,1.0,6.082297923294848,11.871700530972698,25.961856786312456,2.338658851862036,23.916521486202797,10.226596951992594
8.8875,track,-2.620923476104812,0.0,8.984302431066583,6.119820843493395,-4.207779570184746,13.0,-3.4439997400687306,1.0,6.082297923294848,11.871700530972698,25.96307394839691,2.338658851862036,23.916521486202797,10.226596951992594
8.891666666666666,track,-2.5953689889618046,0.0,8.966754968106677,6.1330769143217285,-4.211391110377431,13.0,-3.4439997400687306,1.0,6.081283667945151,11.826156838851215,25.96414882751258,2.338658851862036,23.916521486202797,10.226596951992594
8.895833333333334,track,-2.5697592525783266,0.0,8.949192573382122,6.146336732034664,-4.214974733893396,13.0,-3.4439997400687306,1.0,6.081283667945151,11.826156838851215,25.96508142891372,2.338658851862036,23.916521486202797,10.226596951992594
8.9,track,-2.5440942563879023,0.0,8.931615352199282,6.159599085701839,-4.218533083881513,13.0,-2.238599831044675,1.0,6.080272844707574,11.780579383747593,25.96587175352264,3.597936695172363,23.916521486202797,6.647288018795186
8.904166666666667,track,-2.5183739936047145,0.0,8.914023401866675,6.172863067965106,-4.222068079825752,13.0,-2.238599831044675,1.0,6.080272844707574,11.780579383747593,25.9665198094062,3.597936695172363,23.916521486202797,6.647288018795186
8.908333333333333,track,-2.492598461810641,0.0,8.896416810289216,6.186127630577667,-4.225581978590148,13.0,-2.238599831044675,1.0,6.079265807869436,11.734983970904777,25.96702560049619,3.597936695172363,23.916521486202797,6.647288018795186
8.9125,track,-2.466767661748916,0.0,8.878795658844846,6.199392014813955,-4.229076346648669,13.0,-2.238599831044675,1.0,6.079265807869436,11.734983970904777,25.96738913760695,3.597936695172363,23.916521486202797,6.647288018795186
8.916666666666666,track,-2.4408815620459356,0.0,8.861160106673006,6.212663928715243,-4.232532521241418,13.0,-2.1947069888373703,1.0,6.119803152431017,11.689384070223799,25.96761042743747,3.597936695172363,23.916521486202797,6.647288018795186
8.920833333333333,track,-2.414940136973893,0.0,8.84351030047845,6.225942017290177,-4.235953486693656,13.0,-2.1947069888373703,1.0,6.119803152431017,11.689384070223799,25.967689483434793,3.597936695172363,23.916521486202797,6.647288018795186
8.925,track,-2.388943366882487,0.0,8.82584637349383,6.23922482193752,-4.239342476308516,13.0,-2.1947069888373703,1.0,6.118796756535585,11.643747977585317,25.967626315460762,3.597936695172363,23.916521486202797,6.647288018795186
8.929166666666667,track,-2.3628912368552517,0.0,8.808168448685203,6.252511206536415,-4.242701954070438,13.0,-2.1947069888373703,1.0,6.118796756535585,11.643747977585317,25.967420939838366,3.597936695172363,23.916521486202797,6.647288018795186
8.933333333333334,track,-2.3367837372129716,0.0,8.790476637542666,6.2657999141472125,-4.246034674209074,13.0,-1.4265595427442905,1.0,6.117793849431639,11.598078905318504,25.967073369471734,5.535287223342097,23.916521486202797,4.320737212216871
8.9375,track,-2.3106208622412434,0.0,8.772771043117007,6.279089993214789,-4.249342662158148,13.0,-1.4265595427442905,1.0,6.117793849431639,11.598078905318504,25.966583623454543,5.535287223342097,23.916521486202797,4.320737212216871
8.941666666666666,track,-2.2844026107537094,0.0,8.755051758666815,6.292380357008118,-4.252628268046321,13.0,-1.4265595427442905,1.0,6.116794796591904,11.552393336281023,25.96595171765587,5.535287223342097,23.916521486202797,4.320737212216871
8.945833333333333,track,-2.258128984880831,0.0,8.737318870550403,6.305670209490872,-4.255893147938739,13.0,-1.4265595427442905,1.0,6.116794796591904,11.552393336281023,25.96517767387278,5.535287223342097,23.916521486202797,4.320737212216871
8.95,track,-2.231799957331998,0.0,8.719572536592882,6.3189666117197865,-4.259120149805184,13.0,-1.3978170523694637,1.0,6.154445950974522,11.506705309946089,25.964261511040164,5.535287223342097,23.916521486202797,4.320737212216871
8.954166666666666,track,-2.2054155063821788,0.0,8.701812902367,6.332268227956638,-4.262312214211769,13.0,-1.3978170523694637,1.0,6.154445950974522,11.506705309946089,25.963203253856737,5.535287223342097,23.916521486202797,4.320737212216871
8.958333333333334,track,-2.1789756163007663,0.0,8.684040100158464,6.345573619538983,-4.265472530048574,13.0,-1.3978170523694637,1.0,6.1534483433501475,11.460986683901105,25.962002924310635,5.535287223342097,23.916521486202797,4.320737212216871
8.9625,track,-2.152480276023504,0.0,8.666254252138575,6.358881666543051,-4.268603524773495,13.0,-1.3978170523694637,1.0,6.1534483433501475,11.460986683901105,25.960660549873708,5.535287223342097,23.916521486202797,4.320737212216871
8.966666666666667,track,-2.1259294796518207,0.0,8.648455469160384,6.372191129203925,-4.2717079147661385,13.0,-2.41026989011566,1.0,6.152454401105112,11.415241552621142,25.959176155482016,3.210146258840382,24.372115213907882,7.592213328844385
8.970833333333333,track,-2.099323225195353,0.0,8.630643853764282,6.3855010695522045,-4.2747876950643775,13.0,-2.41026989011566,1.0,6.152454401105112,11.415241552621142,25.957549771289408,3.210146258840382,24.372115213907882,7.592213328844385
8.975,track,-2.0726615151300316,0.0,8.612819498833037,6.398810415677123,-4.277845183498832,13.0,-2.41026989011566,1.0,6.151464479176499,11.36948616925367,25.955781425114957,3.210146258840382,24.372115213907882,7.592213328844385
8.979166666666666,track,-2.0459443552012804,0.0,8.594982490454166,6.412118382900257,-4.280882010929246,13.0,-2.41026989011566,1.0,6.151464479176499,11.36948616925367,25.953871149738816,3.210146258840382,24.372115213907882,7.592213328844385
8.983333333333333,track,-2.0191717550308526,0.0,8.577132906457676,6.425424040902676,-4.283900159157763,13.0,-2.41026989011566,1.0,6.150478874696299,11.323734377749052,25.95181897582702,3.210146258840382,24.372115213907882,7.592213328844385
8.9875,track,-1.9923437269722573,0.0,8.559270819155506,6.438726734062859,-4.286900952520996,13.0,-2.41026989011566,1.0,6.150478874696299,11.323734377749052,25.949624938755424,3.210146258840382,24.372115213907882,7.592213328844385
8.991666666666667,track,-1.9654602558386438,0.0,8.541396368026549,6.452033072067206,-4.289868270949544,13.0,-2.3603699942303575,1.0,6.185403902993577,11.27799799110648,25.947289072586138,3.210146258840382,24.372115213907882,7.592213328844385
8.995833333333334,track,-1.9385213313200502,0.0,8.523509681918311,6.46534188446244,-4.292804665977055,13.0,-2.3603699942303575,1.0,6.185403902993577,11.27799799110648,25.944811415890747,3.210146258840382,24.372115213907882,7.592213328844385
9.0,track,-1.9115269484534267,0.0,8.505610877908314,6.478651887989617,-4.2957129623994,13.0,-1.5342404962497325,1.0,6.184421140693241,11.232249917436421,25.942192005632272,4.9386865520621255,24.372115213907882,4.93493866374885
9.004166666666666,track,-1.8844771063618264,0.0,8.487700064323585,6.491962101984061,-4.298595260335122,13.0,-1.5342404962497325,1.0,6.184421140693241,11.232249917436421,25.939430883017234,4.9386865520621255,24.372115213907882,4.93493866374885
9.008333333333333,track,-1.857371808785749,0.0,8.469777339454584,6.505271418258581,-4.301453968560043,13.0,-1.5342404962497325,1.0,6.183442446246762,11.186493134025149,25.936528087841737,4.9386865520621255,24.372115213907882,4.93493866374885
9.0125,track,-1.8302110628855466,0.0,8.45184279442557,6.518579016048558,-4.3042908069632935,13.0,-1.5342404962497325,1.0,6.183442446246762,11.186493134025149,25.933483663889486,4.9386865520621255,24.372115213907882,4.93493866374885
9.016666666666666,track,-1.8029948798236746,0.0,8.433896511785864,6.531883934849293,-4.3071078335292725,13.0,-1.5342404962497325,1.0,6.182468124554951,11.140742028838407,25.930297653752532,4.9386865520621255,24.372115213907882,4.93493866374885
9.020833333333334,track,-1.7757232736214985,0.0,8.415938568252225,6.545185488522244,-4.309906448073615,13.0,-1.5342404962497325,1.0,6.182468124554951,11.140742028838407,25.926970103760652,4.9386865520621255,24.372115213907882,4.93493866374885
9.025,track,-1.7483962331512246,0.0,8.397969102153871,6.55848971286575,-4.3126718636048835,13.0,-1.5016013853229324,1.0,6.214837448683367,11.095008871424211,25.92350106009552,4.9386865520621255,24.372115213907882,4.93493866374885
9.029166666666667,track,-1.7210137520799813,0.0,8.379988241363474,6.571795457098388,-4.315406589695094,13.0,-1.5016013853229324,1.0,6.214837448683367,11.095008871424211,25.919890572455156,4.9386865520621255,24.372115213907882,4.93493866374885
9.033333333333333,track,-1.6935758293337508,0.0,8.361996102168112,6.585101459095328,-4.31811340688702,13.0,-0.9760409004599061,1.0,6.21386666142552,11.049269704652545,25.91613868982506,7.597979310864808,24.372115213907882,3.2077101314367527
9.0375,track,-1.666082467855986,0.0,8.343992792249477,6.598406754663567,-4.320794380472237,13.0,-0.9760409004599061,1.0,6.21386666142552,11.049269704652545,25.912245464447082,7.597979310864808,24.372115213907882,3.2077101314367527
9.041666666666666,track,-1.6385336751316164,0.0,8.325978409410075,6.611710253848723,-4.32345188145628,13.0,-0.9760409004599061,1.0,6.2129000879854654,11.003528253517,25.908210948055434,7.597979310864808,24.372115213907882,3.2077101314367527
9.045833333333333,track,-1.6109294620081445,0.0,8.307953044406162,6.625011149633247,-4.3260876009391875,13.0,-0.9760409004599061,1.0,6.2129000879854654,11.003528253517,25.904035195389724,7.597979310864808,24.372115213907882,3.2077101314367527
9.05,track,-1.5832698432694743,0.0,8.289916779553607,6.6383084972808435,-4.328703564613093,13.0,-0.9760409004599061,1.0,6.211938022792224,10.957798667069149,25.899718260906056,7.597979310864808,24.372115213907882,3.2077101314367527
9.054166666666667,track,-1.555554836510794,0.0,8.271869691434402,6.651601622083259,-4.33130114860932,13.0,-0.9760409004599061,1.0,6.211938022792224,10.957798667069149,25.895260201820292,7.597979310864808,24.372115213907882,3.2077101314367527
9.058333333333334,track,-1.5277844627535089,0.0,8.253811849402942,6.664889701748435,-4.333882087550448,13.0,-0.9760409004599061,1.0,6.210980711501713,10.912093011669812,25.890661075302987,7.597979310864808,24.372115213907882,3.2077101314367527
9.0625,track,-1.4999587453665195,0.0,8.235743318183792,6.67817217287747,-4.336447492596027,13.0,-0.9760409004599061,1.0,6.210980711501713,10.912093011669812,25.885920941041658,7.597979310864808,24.372115213907882,3.2077101314367527
9.066666666666666,track,-1.4720776842534806,0.0,8.217664220299465,6.6914546671293085,-4.338983492238582,13.0,-0.6205567966432445,1.0,6.240942845527253,10.866421599074423,25.881039860039728,11.689198939792014,24.372115213907882,2.085011585433889
9.070833333333333,track,-1.4441412835065262,0.0,8.199574669233332,6.704736179269071,-4.341492255872068,13.0,-0.6205567966432445,1.0,6.240942845527253,10.866421599074423,25.876017895568655,11.689198939792014,24.372115213907882,2.085011585433889
9.075,track,-1.4161495519011675,0.0,8.181474768219713,6.718015585286064,-4.343976243268349,13.0,-0.6205567966432445,1.0,6.2399902437456625,10.820761435478504,25.870855111326033,11.689198939792014,24.372115213907882,2.085011585433889
9.079166666666666,track,-1.3881025017201796,0.0,8.163364613078546,6.731292043437102,-4.346437233880364,13.0,-0.6205567966432445,1.0,6.2399902437456625,10.820761435478504,25.865551573027624,11.689198939792014,24.372115213907882,2.085011585433889
9.083333333333334,track,-1.3600001493004086,0.0,8.145244290879846,6.744564580745037,-4.348877327688019,13.0,-0.6205567966432445,1.0,6.239042184452719,10.775115267333979,25.86010734703737,11.689198939792014,24.372115213907882,2.085011585433889
9.0875,track,-1.3318425139124987,0.0,8.127113882647027,6.757832493098368,-4.351297975876737,13.0,-0.6205567966432445,1.0,6.239042184452719,10.775115267333979,25.854522501493385,11.689198939792014,24.372115213907882,2.085011585433889
9.091666666666667,track,-1.3036296183505574,0.0,8.10897346191731,6.771094934865935,-4.353700975131821,13.0,-0.6205567966432445,1.0,6.238098918481766,10.72949559477488,25.8487971054187,11.689198939792014,24.372115213907882,2.085011585433889
9.095833333333333,track,-1.275361487860032,0.0,8.090823097332114,6.7843513177261014,-4.356087500446982,13.0,-0.6205567966432445,1.0,6.238098918481766,10.72949559477488,25.84293122936973,11.689198939792014,24.372115213907882,2.085011585433889
9.1,track,-1.24703812633031,0.0,8.072662910441865,6.797606767133228,-4.35844485365989,13.0,-4.5,1.0,6.265805602968113,10.683913092910378,25.836924946309686,1.4696259362485489,25.92296279363144,17.639157117629455
9.104166666666666,track,-1.218659541758513,0.0,8.054493013921807,6.810860297231272,-4.360775164813949,13.0,-4.5,1.0,6.265805602968113,10.683913092910378,25.83077833047223,1.4696259362485489,25.92296279363144,17.639157117629455
9.108333333333333,track,-1.190225746735393,0.0,8.036313510377697,6.824110805548847,-4.363080850586266,13.0,-4.5,1.0,6.264867625604542,10.638347513565027,25.824491457428653,1.4696259362485489,25.92296279363144,17.639157117629455
9.1125,track,-1.1617367572916237,0.0,8.01812449513621,6.8373574665045975,-4.3653636579569115,13.0,-4.5,1.0,6.264867625604542,10.638347513565027,25.81806440377603,1.4696259362485489,25.92296279363144,17.639157117629455
9.116666666666667,track,-1.1331925934343838,0.0,7.999926054927587,6.850599325737602,-4.367625650069329,13.0,-4.5,1.0,6.263934305130442,10.592802234512869,25.81149724767615,1.4696259362485489,25.92296279363144,17.639157117629455
9.120833333333334,track,-1.1045932780486896,0.0,7.9817182705465495,6.863835692566622,-4.369868251449091,13.0,-4.5,1.0,6.263934305130442,10.592802234512869,25.804790068077104,1.4696259362485489,25.92296279363144,17.639157117629455
9.125,track,-1.0759388374757777,0.0,7.963501215433095,6.877065737498834,-4.372093227229005,13.0,-4.5,1.0,6.263005882346526,10.54728951644245,25.797942945732263,1.4696259362485489,25.92296279363144,17.639157117629455
9.129166666666666,track,-1.0472293004619198,0.0,7.945274958222044,6.89028888332591,-4.374301730652235,13.0,-4.5,1.0,6.263005882346526,10.54728951644245,25.790955961944423,1.4696259362485489,25.92296279363144,17.639157117629455
9.133333333333333,track,-1.0184646987710655,0.0,7.927039561239949,6.903504405805012,-4.3764952757026965,13.0,-3.1361960207582893,1.0,6.262082557281554,10.5018198308876,25.783829200071857,2.260962978843921,25.92296279363144,11.465452126459146
9.1375,track,-0.989645066174719,0.0,7.908795082958644,6.916711823123139,-4.37867478751334,13.0,-3.1361960207582893,1.0,6.262082557281554,10.5018198308876,25.77656274378618,2.260962978843921,25.92296279363144,11.465452126459146
9.141666666666666,track,-0.9607704165897526,0.0,7.890541631375584,6.929915900391954,-4.380828379934391,13.0,-3.0637562959044526,1.0,6.287666752683922,10.456402142906315,25.769156680555056,2.260962978843921,25.92296279363144,11.465452126459146
9.145833333333334,track,-0.93184076751023,0.0,7.872279306847275,6.943115779085416,-4.38295788679407,13.0,-3.0637562959044526,1.0,6.287666752683922,10.456402142906315,25.761611097876038,2.260962978843921,25.92296279363144,11.465452126459146
9.15,track,-0.9028561405152014,0.0,7.85400820083437,6.956310478806878,-4.385065443097309,13.0,-3.0637562959044526,1.0,6.286749683022528,10.41101708573368,25.75392608574805,2.260962978843921,25.92296279363144,11.465452126459146
9.154166666666667,track,-0.8738165601779183,0.0,7.835728398554038,6.969499280947919,-4.3871525472795865,13.0,-3.0637562959044526,1.0,6.286749683022528,10.41101708573368,25.746101733962263,2.260962978843921,25.92296279363144,11.465452126459146
9.158333333333333,track,-0.8447220546171046,0.0,7.817439977618836,6.982681334595297,-4.389221024448619,13.0,-3.0637562959044526,1.0,6.285837529847307,10.365667186568773,25.738138135050118,2.260962978843921,25.92296279363144,11.465452126459146
9.1625,track,-0.815572654455283,0.0,7.799143010573672,6.995856038837164,-4.39127209083933,13.0,-3.0637562959044526,1.0,6.285837529847307,10.365667186568773,25.730035381100592,2.260962978843921,25.92296279363144,11.465452126459146
9.166666666666666,track,-0.7863683934057163,0.0,7.7808375634470845,7.0090226518960295,-4.3933073103809575,13.0,-1.9914415923378943,1.0,6.284930496368239,10.320363256907717,25.721793567191966,3.4784045828368018,25.92296279363144,7.452543882198445
9.170833333333333,track,-0.7571093072731836,0.0,7.762523698188787,7.022180671807848,-4.39532766199145,13.0,-1.9914415923378943,1.0,6.284930496368239,10.320363256907717,25.713412787726373,3.4784045828368018,25.92296279363144,7.452543882198445
9.175,track,-0.7277954138632312,0.0,7.7442015219685425,7.035334418388581,-4.397322292858676,13.0,-1.9441452358809945,1.0,6.308523700805538,10.275114545914183,25.704893141928693,3.4784045828368018,25.92296279363144,7.452543882198445
9.179166666666667,track,-0.6984267344800742,0.0,7.7258711344688695,7.0484830519576755,-4.399292999921541,13.0,-1.9441452358809945,1.0,6.308523700805538,10.275114545914183,25.69623472805606,3.4784045828368018,25.92296279363144,7.452543882198445
9.183333333333334,track,-0.6690032944229608,0.0,7.707532626650747,7.0616256137072195,-4.401241876349373,13.0,-1.9441452358809945,1.0,6.307623393311123,10.22990408470217,25.687437647787828,3.4784045828368018,25.92296279363144,7.452543882198445
9.1875,track,-0.6395251219200727,0.0,7.689186083357812,7.07476140069315,-4.40317039030438,13.0,-1.9441452358809945,1.0,6.307623393311123,10.22990408470217,25.678502001602688,3.4784045828368018,25.92296279363144,7.452543882198445
9.191666666666666,track,-0.6099922486671823,0.0,7.670831581978275,7.087889580693702,-4.405080331088839,13.0,-1.9441452358809945,1.0,6.306728085815236,10.1847349304487,25.669427893643974,3.4784045828368018,25.92296279363144,7.452543882198445
9.195833333333333,track,-0.5804047088098231,0.0,7.6524691949355645,7.101009565766191,-4.40697289025052,13.0,-1.9441452358809945,1.0,6.306728085815236,10.1847349304487,25.660215426623733,3.4784045828368018,25.92296279363144,7.452543882198445
9.2,track,-0.5507625395166045,0.0,7.634098988264725,7.114120630372468,-4.408849601001481,13.0,-2.4767052739350555,1.0,6.305837972119942,10.139617658089263,25.650864707170157,2.730451527421472,26.38181191654584,9.66206931403018
9.204166666666666,track,-0.5210657800031203,0.0,7.6157210240052,7.127222283236207,-4.410711422285949,13.0,-2.4767052739350555,1.0,6.305837972119942,10.139617658089263,25.64137584025004,2.730451527421472,26.38181191654584,9.66206931403018
9.208333333333334,track,-0.49131447213345497,0.0,7.597335358707179,7.140313888719686,-4.412559671525236,13.0,-2.4767052739350555,1.0,6.304953212260134,10.094561315671239,25.631748935004033,2.730451527421472,26.38181191654584,9.66206931403018
9.2125,track,-0.46150865948029657,0.0,7.5789420457398045,7.153395036758013,-4.4143951121698155,13.0,-2.4767052739350555,1.0,6.304953212260134,10.094561315671239,25.62198409868065,2.730451527421472,26.38181191654584,9.66206931403018
9.216666666666667,track,-0.43164836895439884,0.0,7.560541180681093,7.166469726215457,-4.416207614090824,13.0,-2.4162067308103565,1.0,6.326671947875768,10.04957366622017,25.61208144467317,2.730451527421472,26.38181191654584,9.66206931403018
9.220833333333333,track,-0.40173363050310734,0.0,7.542132852694249,7.179537228309962,-4.417998716842581,13.0,-2.4162067308103565,1.0,6.326671947875768,10.04957366622017,25.602041084176744,2.730451527421472,26.38181191654584,9.66206931403018
9.225,track,-0.3717644776207709,0.0,7.5237171432502326,7.192596691760737,-4.419770266563998,13.0,-2.4162067308103565,1.0,6.325794690272522,10.004638548925692,25.59186313298684,2.730451527421472,26.38181191654584,9.66206931403018
9.229166666666666,track,-0.34174094634300095,0.0,7.505294128601169,7.2056475066647945,-4.421523515775359,13.0,-2.4162067308103565,1.0,6.325794690272522,10.004638548925692,25.58154770447255,2.730451527421472,26.38181191654584,9.66206931403018
9.233333333333333,track,-0.3116630757930563,0.0,7.486863878413833,7.218688931986724,-4.423260044960584,13.0,-1.570534375026732,1.0,6.3249226290166884,9.959758286376381,25.571094916853287,4.2006946575714945,26.38181191654584,6.280345054119618
9.2375,track,-0.28153090721909374,0.0,7.468426458141965,7.231720457751014,-4.42498086524827,13.0,-1.570534375026732,1.0,6.3249226290166884,9.959758286376381,25.560504885694673,4.2006946575714945,26.38181191654584,6.280345054119618
9.241666666666667,track,-0.2513444845698522,0.0,7.449981927586689,7.244741435817974,-4.426687333266244,13.0,-1.570534375026732,1.0,6.324055925766134,9.91494218467564,25.549777731669028,4.2006946575714945,26.38181191654584,6.280345054119618
9.245833333333334,track,-0.22110385356916779,0.0,7.431530343181516,7.257751440164257,-4.428380257241796,13.0,-1.570534375026732,1.0,6.324055925766134,9.91494218467564,25.538913572566926,4.2006946575714945,26.38181191654584,6.280345054119618
9.25,track,-0.19080904490968822,0.0,7.413071799766636,7.270754078275097,-4.43005041957095,13.0,-1.5310635186466306,1.0,6.344012152792036,9.870198221809897,25.527912533293794,4.2006946575714945,26.38181191654584,6.280345054119618
9.254166666666666,track,-0.1604600922442993,0.0,7.394606385913495,7.283748639693343,-4.431699324753869,13.0,-1.5310635186466306,1.0,6.344012152792036,9.870198221809897,25.516774735563885,4.2006946575714945,26.38181191654584,6.280345054119618
9.258333333333333,track,-0.1300570326832202,0.0,7.376134182671837,7.296734294658986,-4.433328777997915,13.0,-1.5310635186466306,1.0,6.343153321561854,9.825512327444613,25.505500306616266,4.2006946575714945,26.38181191654584,6.280345054119618
9.2625,track,-0.09959990581463593,0.0,7.3576552659918475,7.309710448460223,-4.434940003197511,13.0,-1.5310635186466306,1.0,6.343153321561854,9.825512327444613,25.494089370274715,4.2006946575714945,26.38181191654584,6.280345054119618
9.266666666666666,track,-0.06908875423663041,0.0,7.339169705384452,7.322676378721326,-4.436534545774762,13.0,-2.1135209735366414,1.0,6.342299740938698,9.780887265318574,25.482542056139994,3.043040700192046,26.832815729997478,8.817764326419972
9.270833333333334,track,-0.038523622619930684,0.0,7.320677566244222,7.335631588007934,-4.438113393655339,13.0,-2.1135209735366414,1.0,6.342299740938698,9.780887265318574,25.47085849017382,3.043040700192046,26.832815729997478,8.817764326419972
9.275,track,-0.007904558268173833,0.0,7.302178908438573,7.348575444421645,-4.439677873355888,13.0,-2.1135209735366414,1.0,6.3414515638714555,9.73633210843097,25.459038804372614,3.043040700192046,26.832815729997478,8.817764326419972
9.279166666666667,track,0.02276838978283044,0.0,7.283673788544935,7.361507532241025,-4.441228774473032,13.0,-2.1135209735366414,1.0,6.3414515638714555,9.73633210843097,25.4470831268691,3.043040700192046,26.832815729997478,8.817764326419972
9.283333333333333,track,0.0534951701819969,0.0,7.265162258382094,7.37442729579995,-4.442767239081936,13.0,-2.1135209735366414,1.0,6.340608915623834,9.69185463656681,25.43499159209198,3.043040700192046,26.832815729997478,8.817764326419972
9.2875,track,0.08427573013191747,0.0,7.246644367173041,7.387334387980939,-4.4442938901725295,13.0,-2.1135209735366414,1.0,6.340608915623834,9.69185463656681,25.422764330379962,3.043040700192046,26.832815729997478,8.817764326419972
9.291666666666666,track,0.1151100306742369,0.0,7.228120199851662,7.400232130156663,-4.445800157131015,13.0,-2.0588493141043758,1.0,6.358903539474427,9.6474615416071,25.41040148044678,3.043040700192046,26.832815729997478,8.817764326419972
9.295833333333333,track,0.14599803029151126,0.0,7.20958983601413,7.413119908145842,-4.447287321007689,13.0,-2.0588493141043758,1.0,6.358903539474427,9.6474615416071,25.397903176597428,3.043040700192046,26.832815729997478,8.817764326419972
9.3,track,0.17693968440270796,0.0,7.191053348637617,7.425996986687211,-4.448756970363288,13.0,-2.808037814380422,1.0,6.358069368222389,9.603139497267147,25.385269559844804,2.231153094270017,27.459060435491963,12.307116219864755
9.304166666666667,track,0.20793494628493853,0.0,7.172510806378552,7.438862851735337,-4.450210142175523,13.0,-2.808037814380422,1.0,6.358069368222389,9.603139497267147,25.37250076657211,2.231153094270017,27.459060435491963,12.307116219864755
9.308333333333334,track,0.2389837665396299,0.0,7.153962272217432,7.4517168611259335,-4.45164819866898,13.0,-2.808037814380422,1.0,6.3572405869063155,9.558890636669506,25.359596940126643,2.231153094270017,27.459060435491963,12.307116219864755
9.3125,track,0.27008609397683114,0.0,7.135407805668847,7.464558584928291,-4.4530719716602265,13.0,-2.808037814380422,1.0,6.3572405869063155,9.558890636669506,25.346558219004276,2.231153094270017,27.459060435491963,12.307116219864755
9.316666666666666,track,0.3012418750577085,0.0,7.116847461366054,7.477387459410566,-4.454482632670437,13.0,-2.808037814380422,1.0,6.35641732118678,9.51472292476599,25.33338474892474,2.231153094270017,27.459060435491963,12.307116219864755
9.320833333333333,track,0.3324510547463047,0.0,7.098281291194585,7.49020312526309,-4.455880841152526,13.0,-2.808037814380422,1.0,6.35641732118678,9.51472292476599,25.32007667053309,2.231153094270017,27.459060435491963,12.307116219864755
9.325,track,0.3637135904122118,0.0,7.079709379379289,7.503008559817701,-4.457258835671045,13.0,-2.733241975575775,1.0,6.373144620399067,9.470643206903882,25.306634133768778,2.231153094270017,27.459060435491963,12.307116219864755
9.329166666666666,track,0.3950294369406514,0.0,7.061131804949087,7.5158031668255,-4.458617863248438,13.0,-2.733241975575775,1.0,6.373144620399067,9.470643206903882,25.293057283178253,2.231153094270017,27.459060435491963,12.307116219864755
9.333333333333334,track,0.42639854624263207,0.0,7.042548640482946,7.528586232475362,-4.459959471873953,13.0,-2.8229901482854394,1.0,6.37233010967939,9.426639976797313,25.27934627093878,2.1602205359797,27.92848008753788,12.928531889394247
9.3375,track,0.4578208681491309,0.0,7.023959954354429,7.541357257559722,-4.461284670844085,13.0,-2.8229901482854394,1.0,6.37233010967939,9.426639976797313,25.265501243617443,2.1602205359797,27.92848008753788,12.928531889394247
9.341666666666667,track,0.48929634989301474,0.0,7.005365809406021,7.554115618532122,-4.462594787618017,13.0,-2.8229901482854394,1.0,6.371521016072213,9.382715730346357,25.2515223556692,2.1602205359797,27.92848008753788,12.928531889394247
9.345833333333333,track,0.5208249369667114,0.0,6.986766265107349,7.566860897687192,-4.46389063168126,13.0,-2.8229901482854394,1.0,6.371521016072213,9.382715730346357,25.237409755720442,2.1602205359797,27.92848008753788,12.928531889394247
9.35,track,0.5524065725813762,0.0,6.968161376171162,7.579592547519534,-4.465173344684798,13.0,-2.8229901482854394,1.0,6.3707174572418666,9.338878202100618,25.223163600545444,2.1602205359797,27.92848008753788,12.928531889394247
9.354166666666666,track,0.5840411984927961,0.0,6.949551194636752,7.592310218740788,-4.466443568258464,13.0,-2.8229901482854394,1.0,6.3707174572418666,9.338878202100618,25.20878404086977,2.1602205359797,27.92848008753788,12.928531889394247
9.358333333333333,track,0.6157287544424278,0.0,6.930935768438816,7.605013427911606,-4.467702287504472,13.0,-2.8229901482854394,1.0,6.36991952841641,9.295134041465287,25.194271235828296,2.1602205359797,27.92848008753788,12.928531889394247
9.3625,track,0.6474691789555447,0.0,6.912315143425827,7.617701883148039,-4.468950003117319,13.0,-2.8229901482854394,1.0,6.36991952841641,9.295134041465287,25.179625338284882,2.1602205359797,27.92848008753788,12.928531889394247
9.366666666666667,track,0.6792624218983203,0.0,6.893689395353954,7.630378306266146,-4.470179537249476,13.0,-1.7845901310890318,1.0,6.385166451900939,9.251488985304844,25.16484651159922,3.323416209199538,27.92848008753788,8.40354572810626
9.370833333333334,track,0.7111084309998698,0.0,6.875058595591522,7.643042184371855,-4.471391942983798,13.0,-1.7845901310890318,1.0,6.385166451900939,9.251488985304844,25.14993491253661,3.323416209199538,27.92848008753788,8.40354572810626
9.375,track,0.7430071513605128,0.0,6.856422809849021,7.655692886554313,-4.472588578200212,13.0,-1.7845901310890318,1.0,6.384377730901105,9.207932215953399,25.13489070667282,3.323416209199538,27.92848008753788,8.40354572810626
9.379166666666666,track,0.7749585262911706,0.0,6.8377821003063755,7.668329983357862,-4.473770290234842,13.0,-1.7845901310890318,1.0,6.384377730901105,9.207932215953399,25.119714052773947,3.323416209199538,27.92848008753788,8.40354572810626
9.383333333333333,track,0.8069624967981714,0.0,6.819136524282517,7.6809529216801975,-4.474938245725909,13.0,-1.7845901310890318,1.0,6.383594515546268,9.164465691301197,25.104405118674674,3.323416209199538,27.92848008753788,8.40354572810626
9.3875,track,0.8390190023902888,0.0,6.800486136286055,7.693561342108175,-4.476093119151115,13.0,-1.7845901310890318,1.0,6.383594515546268,9.164465691301197,25.08896406518303,3.323416209199538,27.92848008753788,8.40354572810626
9.391666666666666,track,0.8711279805448201,0.0,6.7818309866359545,7.706154757087509,-4.477235916024015,13.0,-1.7845901310890318,1.0,6.382816900496682,9.121096180267994,25.073391062435228,3.323416209199538,27.92848008753788,8.40354572810626
9.395833333333334,track,0.9032893674863771,0.0,6.763171123445653,7.718732865973695,-4.478367165672348,13.0,-1.7845901310890318,1.0,6.382816900496682,9.121096180267994,25.05768627332166,3.323416209199538,27.92848008753788,8.40354572810626
9.4,track,0.9355031095198001,0.0,6.7445066217318725,7.731298088021515,-4.479480411307261,13.0,-2.092864265867223,1.0,6.396662381766756,9.077829517825782,25.04184987210117,2.7537242703398923,28.39013913315678,10.309724702267516
9.404166666666667,track,0.9677691508866183,0.0,6.72583755226442,7.743849928036383,-4.480576672188642,13.0,-2.092864265867223,1.0,6.396662381766756,9.077829517825782,25.025882025466917,2.7537242703398923,28.39013913315678,10.309724702267516
9.408333333333333,track,1.0000874332888006,0.0,6.7071639803252205,7.756387776523771,-4.481657265408007,13.0,-2.092864265867223,1.0,6.3958941701982726,9.034656468326975,25.009782909839092,2.7537242703398923,28.39013913315678,10.309724702267516
9.4125,track,1.0324578966998734,0.0,6.688485967779993,7.768911218657469,-4.482723010854536,13.0,-2.092864265867223,1.0,6.3958941701982726,9.034656468326975,24.99355269386027,2.7537242703398923,28.39013913315678,10.309724702267516
9.416666666666666,track,1.064880478866269,0.0,6.66980357177907,7.781419719934911,-4.483775040221485,13.0,-2.092864265867223,1.0,6.39513146680437,8.991579282874804,24.977191556157898,2.7537242703398923,28.39013913315678,10.309724702267516
9.420833333333333,track,1.0973551160870374,0.0,6.65111684675444,7.793912932984422,-4.484814005911223,13.0,-2.092864265867223,1.0,6.39513146680437,8.991579282874804,24.96069966736793,2.7537242703398923,28.39013913315678,10.309724702267516
9.425,track,1.1298817426973529,0.0,6.632425843073533,7.806390386475709,-4.485840883417605,13.0,-2.092864265867223,1.0,6.394374358946443,8.94860450152902,24.944077208369936,2.7537242703398923,28.39013913315678,10.309724702267516
9.429166666666667,track,1.1624602918207927,0.0,6.613730608971381,7.818851789625573,-4.486856184516557,13.0,-2.092864265867223,1.0,6.394374358946443,8.94860450152902,24.927324351835793,2.7537242703398923,28.39013913315678,10.309724702267516
9.433333333333334,track,1.195090694838842,0.0,6.5950311891668045,7.831296724331838,-4.487860753098325,13.0,-1.360361772813695,1.0,6.393622916057767,8.905737764586426,24.910441280939747,4.236498877445988,28.39013913315678,6.701321056473886
9.4375,track,1.2277728821190967,0.0,6.57632762673792,7.843724947261132,-4.48885498293226,13.0,-1.360361772813695,1.0,6.393622916057767,8.905737764586426,24.89342817042967,4.236498877445988,28.39013913315678,6.701321056473886
9.441666666666666,track,1.2605067931567477,0.0,6.55761998945456,7.85613864903622,-4.489832948006375,13.0,-1.320673355763951,1.0,6.406141928208244,8.862983955915993,24.876285207566614,4.236498877445988,28.39013913315678,6.701321056473886
9.445833333333333,track,1.293292365683532,0.0,6.53890834154086,7.86853740642823,-4.490795499288077,13.0,-1.320673355763951,1.0,6.406141928208244,8.862983955915993,24.859012570864166,4.236498877445988,28.39013913315678,6.701321056473886
9.45,track,1.3261295351940736,0.0,6.520192742428596,7.880920682529964,-4.4917437869433945,13.0,-1.320673355763951,1.0,6.405400207727144,8.820334480227531,24.8416104497315,4.236498877445988,28.39013913315678,6.701321056473886
9.454166666666666,track,1.3590182357051768,0.0,6.501473248717887,7.893288122664738,-4.492678490570059,13.0,-1.320673355763951,1.0,6.405400207727144,8.820334480227531,24.824079024619426,4.236498877445988,28.39013913315678,6.701321056473886
9.458333333333334,track,1.3919583992638875,0.0,6.482749912882089,7.905639254090583,-4.4936006005913995,13.0,-1.320673355763951,1.0,6.404664039159299,8.777791132819196,24.80641848713098,4.236498877445988,28.39013913315678,6.701321056473886
9.4625,track,1.4249499566790538,0.0,6.464022785162479,7.917973779639878,-4.494510652706521,13.0,-1.320673355763951,1.0,6.404664039159299,8.777791132819196,24.788629019697787,4.236498877445988,28.39013913315678,6.701321056473886
9.466666666666667,track,1.4579928370150073,0.0,6.445291912234339,7.930291280628822,-4.495409502753554,13.0,-3.8427526420441134,1.0,6.403933490619256,8.735359614043698,24.770710816160197,1.4559956651778097,29.93325909419153,20.55861827757297
9.470833333333333,track,1.4910869682988062,0.0,6.426557339044054,7.942591508111757,-4.496297565668328,13.0,-3.8427526420441134,1.0,6.403933490619256,8.735359614043698,24.75266406097165,1.4559956651778097,29.93325909419153,20.55861827757297
9.475,track,1.524232286576294,0.0,6.40781913253883,7.954876386597092,-4.497169561253948,13.0,-3.727042235652089,1.0,6.415192049470569,8.693044855764567,24.734488951927503,1.4559956651778097,29.93325909419153,20.55861827757297
9.479166666666666,track,1.557428726203235,0.0,6.389077356263335,7.967145510465784,-4.498026306118865,13.0,-3.727042235652089,1.0,6.415192049470569,8.693044855764567,24.71618567712124,1.4559956651778097,29.93325909419153,20.55861827757297
9.483333333333333,track,1.5906762193875115,0.0,6.3703320691429175,7.9793983642263475,-4.498868908900043,13.0,-3.727042235652089,1.0,6.414471345865205,8.65083963461337,24.69775443644769,1.4559956651778097,29.93325909419153,20.55861827757297
9.4875,track,1.6239746969198148,0.0,6.351583327387324,7.99163460775282,-4.499698021342483,13.0,-3.727042235652089,1.0,6.414471345865205,8.65083963461337,24.679195419892064,1.4559956651778097,29.93325909419153,20.55861827757297
9.491666666666667,track,1.6573240876985909,0.0,6.332831183227688,8.003853786906282,-4.500514598312729,13.0,-3.727042235652089,1.0,6.413756174598693,8.608745977054394,24.660508829496116,1.4559956651778097,29.93325909419153,20.55861827757297
9.495833333333334,track,1.690724319433985,0.0,6.31407568675629,8.016055616494567,-4.501319153135548,13.0,-3.727042235652089,1.0,6.413756174598693,8.608745977054394,24.641694857181797,1.4559956651778097,29.93325909419153,20.55861827757297
9.5,track,1.7241753181592627,0.0,6.295316884626603,8.028239694066665,-4.502112511124825,13.0,-2.422577453173858,1.0,6.4130465971575825,8.566769355083768,24.622753707182273,2.239993331042784,29.93325909419153,13.36310188042243
9.504166666666666,track,1.7576770089112868,0.0,6.276554821837214,8.040405780485777,-4.502895069453272,13.0,-2.422577453173858,1.0,6.4130465971575825,8.566769355083768,24.603685573398227,2.239993331042784,29.93325909419153,13.36310188042243
9.508333333333333,track,1.791229315231549,0.0,6.257789540402734,8.05255351686296,-4.5036675442751815,13.0,-2.422577453173858,1.0,6.412342660955276,8.524914506269337,24.58449066229508,2.239993331042784,29.93325909419153,13.36310188042243
9.5125,track,1.8248321598259434,0.0,6.239021081088743,8.06468270265466,-4.504430235357762,13.0,-2.422577453173858,1.0,6.412342660955276,8.524914506269337,24.5651691697906,2.239993331042784,29.93325909419153,13.36310188042243
9.516666666666666,track,1.8584854725655735,0.0,6.22024950463337,8.076795057511246,-4.505178349289578,13.0,-2.3472344616111314,1.0,6.422405767745012,8.483185550874,24.54572130623364,2.239993331042784,29.93325909419153,13.36310188042243
9.520833333333334,track,1.892189181889458,0.0,6.201474868980293,8.088890237732294,-4.505912556738407,13.0,-2.3472344616111314,1.0,6.422405767745012,8.483185550874,24.52614727111219,2.239993331042784,29.93325909419153,13.36310188042243
9.525,track,1.9259432143528938,0.0,6.182697228064687,8.10096779122457,-4.506633819745448,13.0,-2.3472344616111314,1.0,6.421711878500171,8.441575863103099,24.50644727686648,2.239993331042784,29.93325909419153,13.36310188042243
9.529166666666667,track,1.959747495309382,0.0,6.16391663361206,8.113027429557198,-4.507342668630584,13.0,-2.3472344616111314,1.0,6.421711878500171,8.441575863103099,24.486621524868795,2.239993331042784,29.93325909419153,13.36310188042243
9.533333333333333,track,1.9936019484452758,0.0,6.145133133886483,8.125068752614498,-4.508039934138503,13.0,-2.3453091220972935,1.0,6.421023526221636,8.400087086477159,24.466670229695595,2.2418322134444066,30.397368307141328,13.559162958247466
9.5375,track,2.0275064964382006,0.0,6.126346775433101,8.137091518301913,-4.508726028811766,13.0,-2.3453091220972935,1.0,6.421023526221636,8.400087086477159,24.446593594645865,2.2418322134444066,30.397368307141328,13.559162958247466
9.541666666666666,track,2.061461060481137,0.0,6.107557601796557,8.149095370304693,-4.509401672770439,13.0,-2.3453091220972935,1.0,6.420340756433784,8.358723964790146,24.426391836473552,2.2418322134444066,30.397368307141328,13.559162958247466
9.545833333333333,track,2.0954655609201245,0.0,6.088765655214135,8.161080105357009,-4.510067179781436,13.0,-2.3453091220972935,1.0,6.420340756433784,8.358723964790146,24.40606516044315,2.2418322134444066,30.397368307141328,13.559162958247466
9.55,track,2.1295199242918916,0.0,6.069970995473976,8.173047209224109,-4.51071833763819,13.0,-2.269913700363699,1.0,6.429263813238544,8.317490620947972,24.385613787036593,2.2418322134444066,30.397368307141328,13.559162958247466
9.554166666666667,track,2.163624075774508,0.0,6.05117367971773,8.184996355827892,-4.511355781499047,13.0,-2.269913700363699,1.0,6.429263813238544,8.317490620947972,24.365037924941504,2.2418322134444066,30.397368307141328,13.559162958247466
9.558333333333334,track,2.197777938751581,0.0,6.032373761256444,8.19692711449747,-4.511980430708361,13.0,-2.269913700363699,1.0,6.42859114858166,8.27638161453519,24.34433779668852,2.2418322134444066,30.397368307141328,13.559162958247466
9.5625,track,2.231981435465613,0.0,6.013571291311461,8.208839211367772,-4.512592786795914,13.0,-2.269913700363699,1.0,6.42859114858166,8.27638161453519,24.32351361280954,2.2418322134444066,30.397368307141328,13.559162958247466
9.566666666666666,track,2.2662344865694877,0.0,5.994766317794854,8.220732264929852,-4.513193643985642,13.0,-1.4754439052364043,1.0,6.427923981772343,8.235398764715931,24.302565597929032,3.448972636068318,30.397368307141328,8.813455922860854
9.570833333333333,track,2.300537011757342,0.0,5.975958886996165,8.232606045085074,-4.513783391685252,13.0,-1.4754439052364043,1.0,6.427923981772343,8.235398764715931,24.28149396446582,3.448972636068318,30.397368307141328,8.813455922860854
9.575,track,2.33488892930632,0.0,5.957149042334927,8.244460211754703,-4.514362718697043,13.0,-1.4754439052364043,1.0,6.427262352349453,8.194546586784215,24.260298939179368,3.448972636068318,30.397368307141328,8.813455922860854
9.579166666666666,track,2.3692901566876094,0.0,5.9383368259998806,8.256294571509372,-4.514931920411177,13.0,-1.4754439052364043,1.0,6.427262352349453,8.194546586784215,24.238980736414078,3.448972636068318,30.397368307141328,8.813455922860854
9.583333333333334,track,2.4037406101009586,0.0,5.919522277679917,8.2681088192038,-4.515491596791202,13.0,-1.4754439052364043,1.0,6.426606289059918,8.153829009174322,24.217539585101214,3.448972636068318,30.397368307141328,8.813455922860854
9.5875,track,2.4382402050681113,0.0,5.900705436161389,8.27990279211662,-4.516041964446598,13.0,-1.4754439052364043,1.0,6.426606289059918,8.153829009174322,24.19597570154531,3.448972636068318,30.397368307141328,8.813455922860854
9.591666666666667,track,2.4727888625364867,0.0,5.881886355906821,8.291677792410113,-4.516579261096379,13.0,-1.4263732411887045,1.0,6.434446192651202,8.11324946709605,24.174289318302378,3.448972636068318,30.397368307141328,8.813455922860854
9.595833333333333,track,2.5073865023157955,0.0,5.863065089258718,8.303433547034073,-4.517103995544545,13.0,-1.4263732411887045,1.0,6.434446192651202,8.11324946709605,24.15248065500147,3.448972636068318,30.397368307141328,8.813455922860854
9.6,track,2.5420330426511852,0.0,5.8442416852650485,8.315169680493511,-4.517616958480757,13.0,-3.3733141437156995,1.0,6.433800335262297,8.072803078730246,24.13054994624163,1.4583647025121331,31.937438845342623,21.89948700097321
9.604166666666666,track,2.5767284008309863,0.0,5.825416191321196,8.326885963152238,-4.518118546524557,13.0,-3.3733141437156995,1.0,6.433800335262297,8.072803078730246,24.108497413491015,1.4583647025121331,31.937438845342623,21.89948700097321
9.608333333333333,track,2.6114724927501545,0.0,5.806588651967379,8.338582060600372,-4.518609444916022,13.0,-3.3733141437156995,1.0,6.433159946568616,8.032491344841583,24.086323293432468,1.4583647025121331,31.937438845342623,21.89948700097321
9.6125,track,2.6462652334983834,0.0,5.787759110483204,8.350257779574939,-4.519089956201975,13.0,-3.3733141437156995,1.0,6.433159946568616,8.032491344841583,24.064027809411684,1.4583647025121331,31.937438845342623,21.89948700097321
9.616666666666667,track,2.6811065369163227,0.0,5.768927607663355,8.361912820305482,-4.5195606767638665,13.0,-3.3733141437156995,1.0,6.432525053014013,7.992318151624323,24.041611200231813,1.4583647025121331,31.937438845342623,21.89948700097321
9.620833333333334,track,2.715996316166277,0.0,5.75009418337036,8.373547019988958,-4.520021830318834,13.0,-3.3733141437156995,1.0,6.432525053014013,7.992318151624323,24.019073691150318,1.4583647025121331,31.937438845342623,21.89948700097321
9.625,track,2.750934488981502,0.0,5.731258890954573,8.385161475654067,-4.520470179788778,13.0,-3.257137378042678,1.0,6.439328665793128,7.9522868961106585,23.996415524421362,1.4583647025121331,31.937438845342623,21.89948700097321
9.629166666666666,track,2.7859209720312372,0.0,5.7124217818010425,8.396755931936514,-4.520906196847235,13.0,-3.257137378042678,1.0,6.439328665793128,7.9522868961106585,23.973636928463137,1.4583647025121331,31.937438845342623,21.89948700097321
9.633333333333333,track,2.8209556805093308,0.0,5.69358290418435,8.40833003474247,-4.5213306280062895,13.0,-2.117139295727741,1.0,6.438703980200906,7.912393715060087,23.95073814753585,2.2436380038648203,31.937438845342623,14.234666550632587
9.6375,track,2.856038528713774,0.0,5.674742304852061,8.419883569066343,-4.521743839749337,13.0,-2.117139295727741,1.0,6.438703980200906,7.912393715060087,23.92771941186214,2.2436380038648203,31.937438845342623,14.234666550632587
9.641666666666666,track,2.891169429626609,0.0,5.655900027853834,8.43141621908041,-4.5221464795744515,13.0,-2.117139295727741,1.0,6.438084707169293,7.872640235130611,23.904580967748018,2.2436380038648203,31.937438845342623,14.234666550632587
9.645833333333334,track,2.9263482954748854,0.0,5.637056116079765,8.442927803586343,-4.522538825776641,13.0,-2.117139295727741,1.0,6.438084707169293,7.872640235130611,23.881323047257993,2.2436380038648203,31.937438845342623,14.234666550632587
9.65,track,2.961575037304153,0.0,5.6182106100697,8.454418039024217,-4.522921442415604,13.0,-2.117139295727741,1.0,6.437470867772845,7.83303011372744,23.857945898779203,2.2436380038648203,31.937438845342623,14.234666550632587
9.654166666666667,track,2.996849565522911,0.0,5.59936354951176,8.46588677250188,-4.523294533905718,13.0,-2.117139295727741,1.0,6.437470867772845,7.83303011372744,23.83444975625117,2.2436380038648203,31.937438845342623,14.234666550632587
9.658333333333333,track,3.0321717894716183,0.0,5.580514972036856,8.477333747689821,-4.523658593976865,13.0,-2.117139295727741,1.0,6.436862475072002,7.793566553102469,23.81083487017296,2.2436380038648203,31.937438845342623,14.234666550632587
9.6625,track,3.067541617952386,0.0,5.561664914681852,8.488758835384264,-4.524013765200999,13.0,-2.117139295727741,1.0,6.436862475072002,7.793566553102469,23.78710147638804,2.2436380038648203,31.937438845342623,14.234666550632587
9.666666666666666,track,3.1029589636535446,0.0,5.542813426226975,8.500162968278064,-4.524357229170449,13.0,-1.999973712321839,1.0,6.442680243838723,7.754252372944918,23.763249828715306,2.2902875891899486,32.4037034920393,14.148312048226291
9.670833333333333,track,3.138423738387429,0.0,5.523960553941575,8.511545936132219,-4.524689348495973,13.0,-1.999973712321839,1.0,6.442680243838723,7.754252372944918,23.73928016603489,2.2902875891899486,32.4037034920393,14.148312048226291
9.675,track,3.1739358526900627,0.0,5.505106342454075,8.52290743263215,-4.525010756999825,13.0,-1.999973712321839,1.0,6.442082072971573,7.715084231939002,23.715192744166384,2.2902875891899486,32.4037034920393,14.148312048226291
9.679166666666667,track,3.2094952163583073,0.0,5.4862508352423305,8.534247280378729,-4.525321730818759,13.0,-1.999973712321839,1.0,6.442082072971573,7.715084231939002,23.690987803789408,2.2902875891899486,32.4037034920393,14.148312048226291
9.683333333333334,track,3.245101738043363,0.0,5.467394073484237,8.545565204413322,-4.525622821942463,13.0,-1.999973712321839,1.0,6.441489256717276,7.676063495501042,23.666665602758304,2.2902875891899486,32.4037034920393,14.148312048226291
9.6875,track,3.280755325771829,0.0,5.44853609750896,8.55686105483191,-4.525914234066589,13.0,-1.999973712321839,1.0,6.441489256717276,7.676063495501042,23.642226383584227,2.2902875891899486,32.4037034920393,14.148312048226291
9.691666666666666,track,3.3164558865349005,0.0,5.4296769456331,8.568134583137082,-4.526196450206237,13.0,-1.999973712321839,1.0,6.440901805555994,7.637193280450202,23.61767040618592,2.2902875891899486,32.4037034920393,14.148312048226291
9.695833333333333,track,3.3522033267950424,0.0,5.410816655577173,8.579385662434003,-4.526469613422724,13.0,-1.999973712321839,1.0,6.440901805555994,7.637193280450202,23.592997914933935,2.2902875891899486,32.4037034920393,14.148312048226291
9.7,track,3.3879975561541693,0.0,5.391955274821529,8.590615046190509,-4.526731381354289,13.0,-1.2518213169636052,1.0,6.445773854723161,7.598476331926555,23.568209172879342,3.5235193679845365,32.4037034920393,9.19640283134709
9.704166666666666,track,3.4238384834121542,0.0,5.373092849498468,8.601822541916343,-4.526982077534778,13.0,-1.2518213169636052,1.0,6.445773854723161,7.598476331926555,23.543304427253094,3.5235193679845365,32.4037034920393,9.19640283134709
9.708333333333334,track,3.459726016181375,0.0,5.354229423290418,8.613007864613081,-4.527222289931893,13.0,-1.2518213169636052,1.0,6.44519657905577,7.559910176933101,23.518283943075424,3.5235193679845365,32.4037034920393,9.19640283134709
9.7125,track,3.4956600613963005,0.0,5.335365038861605,8.624170851582011,-4.527452262915148,13.0,-1.2518213169636052,1.0,6.44519657905577,7.559910176933101,23.49314796934735,3.5235193679845365,32.4037034920393,9.19640283134709
9.716666666666667,track,3.531640524922819,0.0,5.316499736739311,8.63531124636443,-4.527672509350685,13.0,-1.2518213169636052,1.0,6.4446245873239905,7.521496262240276,23.46789677309006,3.5235193679845365,32.4037034920393,9.19640283134709
9.720833333333333,track,3.567667312052816,0.0,5.297633556708834,8.646428911199374,-4.527883207314396,13.0,-1.2518213169636052,1.0,6.4446245873239905,7.521496262240276,23.44253060510451,3.5235193679845365,32.4037034920393,9.19640283134709
9.725,track,3.603740327109991,0.0,5.278766536682311,8.65752361372194,-4.528084806365524,13.0,-1.2518213169636052,1.0,6.444057885231612,7.483237475953512,23.41704973444028,3.5235193679845365,32.4037034920393,9.19640283134709
9.729166666666666,track,3.639859473930974,0.0,5.259898714061001,8.668595237035998,-4.528277429114357,13.0,-1.2518213169636052,1.0,6.444057885231612,7.483237475953512,23.39145441372402,3.5235193679845365,32.4037034920393,9.19640283134709
9.733333333333333,track,3.676024655469052,0.0,5.2410301245954285,8.67964356913874,-4.5284614717375105,13.0,-2.2584948325874885,1.0,6.443496472804327,7.445136368421002,23.365744914056986,1.9529894830548868,33.46640106136302,17.135986318274753
9.7375,track,3.712235774263144,0.0,5.222160803718396,8.69066851058209,-4.5286370104877385,13.0,-2.2584948325874885,1.0,6.443496472804327,7.445136368421002,23.339921489913305,1.9529894830548868,33.46640106136302,17.135986318274753
9.741666666666667,track,3.7484927353807493,0.0,5.203290794990522,8.701670668225299,-4.528802094689737,13.0,-2.1715580966475887,1.0,6.44746821374865,7.407195205994137,23.313984415370996,1.9529894830548868,33.46640106136302,17.135986318274753
9.745833333333334,track,3.7847954432459328,0.0,5.184420141014623,8.712649887643993,-4.528956954215771,13.0,-2.1715580966475887,1.0,6.44746821374865,7.407195205994137,23.287933947618207,1.9529894830548868,33.46640106136302,17.135986318274753
9.75,track,3.821143801266467,0.0,5.165548882353435,8.723605924928274,-4.529102078685219,13.0,-2.1715580966475887,1.0,6.446916916956158,7.369412001988155,23.26177036269518,1.9529894830548868,33.46640106136302,17.135986318274753
9.754166666666666,track,3.8575377123043126,0.0,5.146677058873949,8.734538649082895,-4.529237635076767,13.0,-2.1715580966475887,1.0,6.446916916956158,7.369412001988155,23.2354939195538,1.9529894830548868,33.46640106136302,17.135986318274753
9.758333333333333,track,3.893977078299653,0.0,5.1278047086537075,8.745447838881692,-4.529364052857983,13.0,-2.1715580966475887,1.0,6.446370822012566,7.3317879925116225,23.20910489622168,1.9529894830548868,33.46640106136302,17.135986318274753
9.7625,track,3.9304618007285304,0.0,5.108931869293713,8.756333382930539,-4.529481446398783,13.0,-2.1715580966475887,1.0,6.446370822012566,7.3317879925116225,23.182603553438057,1.9529894830548868,33.46640106136302,17.135986318274753
9.766666666666666,track,3.9669917802251096,0.0,5.090058576816869,8.767195079179029,-4.529590194442611,13.0,-2.593088393374209,1.0,6.445829926206101,7.2943256045591935,23.155990171239157,1.6355131338491957,34.40930106817051,21.03884117835721
9.770833333333334,track,4.003566917027707,0.0,5.071184866952696,8.778032832623413,-4.529690367401415,13.0,-2.593088393374209,1.0,6.445829926206101,7.2943256045591935,23.12926501217141,1.6355131338491957,34.40930106817051,21.03884117835721
9.775,track,4.040187113254722,0.0,5.052310781757531,8.788847094483351,-4.529780446839645,13.0,-2.4892400939460044,1.0,6.448936268782071,7.257026998004449,23.102428359050595,1.6355131338491957,34.40930106817051,21.03884117835721
9.779166666666667,track,4.07685227045513,0.0,5.0334363625016225,8.799637728098073,-4.5298606214180985,13.0,-2.4892400939460044,1.0,6.448936268782071,7.257026998004449,23.07548047695227,1.6355131338491957,34.40930106817051,21.03884117835721
9.783333333333333,track,4.113562289249684,0.0,5.014561648613543,8.810404510692866,-4.529931333139187,13.0,-2.4892400939460044,1.0,6.4484054010872445,7.21989091817887,23.04842165062816,1.6355131338491957,34.40930106817051,21.03884117835721
9.7875,track,4.150317069774713,0.0,4.99568667896598,8.821147326007091,-4.529992715415053,13.0,-2.4892400939460044,1.0,6.4484054010872445,7.21989091817887,23.02125214689306,1.6355131338491957,34.40930106817051,21.03884117835721
9.791666666666666,track,4.1871165113211655,0.0,4.97681149081123,8.831865971148485,-4.530045157139947,13.0,-2.4892400939460044,1.0,6.447879652427244,7.182918642802565,22.99397225245639,1.6355131338491957,34.40930106817051,21.03884117835721
9.795833333333333,track,4.223960512766661,0.0,4.957936121038128,8.8425603469189,-4.53008874554465,13.0,-2.4892400939460044,1.0,6.447879652427244,7.182918642802565,22.96658223589258,1.6355131338491957,34.40930106817051,21.03884117835721
9.8,track,4.260848972213531,0.0,4.9390606051017585,8.85323026724879,-4.530123824728779,13.0,-1.6180060610649027,1.0,6.447359015885836,7.146112371056406,22.939082385886685,2.516174052075686,34.40930106817051,13.675246765932187
9.804166666666667,track,4.297781787410214,0.0,4.920184978254393,8.863875647203802,-4.530150443367728,13.0,-1.6180060610649027,1.0,6.447359015885836,7.146112371056406,22.911472972789653,2.516174052075686,34.40930106817051,13.675246765932187
9.808333333333334,track,4.334758855389256,0.0,4.901309274472058,8.874496314970155,-4.5301689077603955,13.0,-1.6180060610649027,1.0,6.446843480816722,7.109474068695039,22.883754287276634,2.516174052075686,34.40930106817051,13.675246765932187
9.8125,track,4.371780072878969,0.0,4.882433527661893,8.88509219753104,-4.5301792344397445,13.0,-1.6180060610649027,1.0,6.446843480816722,7.109474068695039,22.855926601488576,2.516174052075686,34.40930106817051,13.675246765932187
9.816666666666666,track,4.408845337945813,0.0,4.8635577765251865,8.895663616042558,-4.530180272809391,13.0,-1.550492610498754,1.0,6.449125976389923,7.073005505007708,22.82799020870347,2.516174052075686,34.40930106817051,13.675246765932187
9.820833333333333,track,4.445954548219036,0.0,4.844682059309695,8.906210465573505,-4.530172131718056,13.0,-1.550492610498754,1.0,6.449125976389923,7.073005505007708,22.79994538342566,2.516174052075686,34.40930106817051,13.675246765932187
9.825,track,4.483107600545518,0.0,4.825806412777062,8.916732558355557,-4.53015516783169,13.0,-1.550492610498754,1.0,6.448620347945462,7.036705876123932,22.771792420859057,2.516174052075686,34.40930106817051,13.675246765932187
9.829166666666666,track,4.520304391397788,0.0,4.806930873407032,8.927229804544854,-4.530129448807179,13.0,-1.550492610498754,1.0,6.448620347945462,7.036705876123932,22.743531597238015,2.516174052075686,34.40930106817051,13.675246765932187
9.833333333333334,track,4.557544816528441,0.0,4.788055476360652,8.937702031356807,-4.530095291131151,13.0,-2.7142434211839976,1.0,6.4481197366606775,7.000576293787537,22.715163209706898,1.4373468658055153,35.94440151122286,25.007465049905655
9.8375,track,4.594828771368267,0.0,4.769180256660245,8.948149161557994,-4.530052728097743,13.0,-2.7142434211839976,1.0,6.4481197366606775,7.000576293787537,22.68668753624374,1.4373468658055153,35.94440151122286,25.007465049905655
9.841666666666667,track,4.6321561506810776,0.0,4.750305248150749,8.958571035074694,-4.530002042279082,13.0,-2.7142434211839976,1.0,6.447624129099073,6.9646185677781265,22.658104875944723,1.4373468658055153,35.94440151122286,25.007465049905655
9.845833333333333,track,4.669526848952778,0.0,4.731430484657628,8.96896758520797,-4.529943238348956,13.0,-2.7142434211839976,1.0,6.447624129099073,6.9646185677781265,22.629415508542223,1.4373468658055153,35.94440151122286,25.007465049905655
9.85,track,4.706940761449212,0.0,4.712556003164888,8.979338999144172,-4.5298755582575785,13.0,-2.5960542812791862,1.0,6.449113732013252,6.928834333440358,22.600619735532117,1.4373468658055153,35.94440151122286,25.007465049905655
9.854166666666666,track,4.744397783072724,0.0,4.69368184038387,8.989685189643042,-4.529799067444382,13.0,-2.5960542812791862,1.0,6.449113732013252,6.928834333440358,22.571717838820106,1.4373468658055153,35.94440151122286,25.007465049905655
9.858333333333333,track,4.781897808030094,0.0,4.67480803174549,9.00000598976887,-4.52971407321098,13.0,-2.5960542812791862,1.0,6.448627909144173,6.893223394567824,22.542710121806657,1.4373468658055153,35.94440151122286,25.007465049905655
9.8625,track,4.819440730214998,0.0,4.65593461254638,9.010301324376812,-4.529620607786406,13.0,-2.5960542812791862,1.0,6.448627909144173,6.893223394567824,22.513596868107747,1.4373468658055153,35.94440151122286,25.007465049905655
9.866666666666667,track,4.857026442876438,0.0,4.637061616939508,9.02057103874565,-4.529518945649366,13.0,-1.6874352828314712,1.0,6.448147010814451,6.857786869264283,22.48437838303843,2.2113028704700235,35.94440151122286,16.254852282438677
9.870833333333334,track,4.8946548389924205,0.0,4.61818907905878,9.030815067835787,-4.52940909137457,13.0,-1.6874352828314712,1.0,6.448147010814451,6.857786869264283,22.4550549519343,2.2113028704700235,35.94440151122286,16.254852282438677
9.875,track,4.932325810939556,0.0,4.5993170320099575,9.041033267312518,-4.529291291717505,13.0,-1.6874352828314712,1.0,6.447671019934862,6.8225263415978805,22.42562688203225,2.2113028704700235,35.94440151122286,16.254852282438677
9.879166666666666,track,4.970039250858615,0.0,4.580445508975499,9.051225580574073,-4.529165528269904,13.0,-1.6874352828314712,1.0,6.447671019934862,6.8225263415978805,22.396094460394284,2.2113028704700235,35.94440151122286,16.254852282438677
9.883333333333333,track,5.0077950503258615,0.0,4.561574542207358,9.061391872139344,-4.529032024353775,13.0,-1.6874352828314712,1.0,6.447199917293432,6.787443254469827,22.366457996183694,2.2113028704700235,35.94440151122286,16.254852282438677
9.8875,track,5.04559310071106,0.0,4.542704164113587,9.071532092447736,-4.528890742504967,13.0,-1.6874352828314712,1.0,6.447199917293432,6.787443254469827,22.33671777819325,2.2113028704700235,35.94440151122286,16.254852282438677
9.891666666666666,track,5.083433321756993,0.0,4.523834494893877,9.081653051023805,-4.52872061273051,13.0,-1.6106226739760565,1.0,6.488333193348637,6.752538931660031,22.306874126974716,2.2113028704700235,35.94440151122286,16.254852282438677
9.895833333333334,track,5.121315630507095,0.0,4.504965647582196,9.091754100024469,-4.528523354803358,13.0,-1.6106226739760565,1.0,6.488333193348637,6.752538931660031,22.27692734191973,2.2113028704700235,35.94440151122286,16.254852282438677
9.9,track,5.159239913207491,0.0,4.486097641507733,9.101827848095256,-4.5283214578710345,13.0,-2.526875880463287,1.0,6.447473333697541,6.71777986103718,22.246877734932283,1.4094774380268988,37.469987990390386,26.584312014844254
9.904166666666667,track,5.197206056272158,0.0,4.467230497245758,9.111874335520076,-4.528114622874055,13.0,-2.526875880463287,1.0,6.447473333697541,6.71777986103718,22.21672559722887,1.4094774380268988,37.469987990390386,26.584312014844254
9.908333333333333,track,5.2352139459333795,0.0,4.4483642355407715,9.121893518693115,-4.527902809196716,13.0,-2.526875880463287,1.0,6.447016141872232,6.6831957237359525,22.186471242761986,1.4094774380268988,37.469987990390386,26.584312014844254
9.9125,track,5.2732634685547435,0.0,4.429498878273121,9.131885429127452,-4.527685744236174,13.0,-2.526875880463287,1.0,6.447016141872232,6.6831957237359525,22.156114964593915,1.4094774380268988,37.469987990390386,26.584312014844254
9.916666666666666,track,5.31135451028937,0.0,4.410634447401237,9.14185001631029,-4.527463409252091,13.0,-2.526875880463287,1.0,6.446563823893913,6.648799187521636,22.125657078710883,1.4094774380268988,37.469987990390386,26.584312014844254
9.920833333333333,track,5.349486957390966,0.0,4.391770965925643,9.151787304383237,-4.52723555414261,13.0,-2.526875880463287,1.0,6.446563823893913,6.648799187521636,22.095097880006946,1.4094774380268988,37.469987990390386,26.584312014844254
9.925,track,5.387660696166856,0.0,4.372908457744958,9.161697306213478,-4.527001963364201,13.0,-2.4064031636247543,1.0,6.446535479826099,6.614590383825066,22.064437686585546,1.4094774380268988,37.469987990390386,26.584312014844254
9.929166666666667,track,5.425875612973946,0.0,4.354046947645073,9.17158003370161,-4.526762423972392,13.0,-2.4064031636247543,1.0,6.446535479826099,6.614590383825066,22.033676795250297,1.4094774380268988,37.469987990390386,26.584312014844254
9.933333333333334,track,5.464131593893069,0.0,4.335186460281613,9.181435420589619,-4.526516967230415,13.0,-1.9924738621079088,1.0,6.446092763138815,6.58056918817544,22.002815526092142,1.7022913225759297,37.94733192202055,22.29191409176553
9.9375,track,5.502428525037015,0.0,4.3163270211411815,9.19126347454694,-4.526265393703618,13.0,-1.9924738621079088,1.0,6.446092763138815,6.58056918817544,21.97185417770299,1.7022913225759297,37.94733192202055,22.29191409176553
9.941666666666666,track,5.540766292230888,0.0,4.297468655538176,9.201064126529484,-4.526007744721264,13.0,-1.9924738621079088,1.0,6.445654804924268,6.546735845573454,21.9407930721459,1.7022913225759297,37.94733192202055,22.29191409176553
9.945833333333333,track,5.579144781316893,0.0,4.278611389569572,9.21083738064116,-4.525743832465032,13.0,-1.9924738621079088,1.0,6.445654804924268,6.546735845573454,21.909632509786658,1.7022913225759297,37.94733192202055,22.29191409176553
9.95,track,5.617563877840439,0.0,4.2597552491253605,9.220583165650977,-4.525473706610711,13.0,-1.9924738621079088,1.0,6.4452215714132555,6.513090779339929,21.878372814644553,1.7022913225759297,37.94733192202055,22.29191409176553
9.954166666666666,track,5.656023467351506,0.0,4.240900260836345,9.230301482656085,-4.52519718936361,13.0,-1.9924738621079088,1.0,6.4452215714132555,6.513090779339929,21.847014288844367,1.7022913225759297,37.94733192202055,22.29191409176553
9.958333333333334,track,5.694523435096257,0.0,4.2220464510975875,9.239992258740138,-4.5249143373018175,13.0,-1.9924738621079088,1.0,6.444793029471761,6.479634452415909,21.815557258345397,1.7022913225759297,37.94733192202055,22.29191409176553
9.9625,track,5.733063666314852,0.0,4.2031938470087775,9.249655492462775,-4.524624981314361,13.0,-1.9924738621079088,1.0,6.444793029471761,6.479634452415909,21.78400202701625,1.7022913225759297,37.94733192202055,22.29191409176553
9.966666666666667,track,5.7716442415776665,0.0,4.184343097840569,9.259338063075468,-4.524179800370115,13.0,-1.6303304073550904,1.0,6.737916517086213,6.446367360058564,21.752348989250567,1.9763150074129834,38.41874542459709,19.439585936701267
9.970833333333333,track,5.81026522467772,0.0,4.165494802496926,9.269035944012874,-4.523590882474326,13.0,-1.6303304073550904,1.0,6.737916517086213,6.446367360058564,21.72059851370259,1.9763150074129834,38.41874542459709,19.439585936701267
9.975,track,5.848926663682381,0.0,4.146649512619665,9.2787453611185,-4.522869570542527,13.0,-1.6303304073550904,1.0,6.737475054586462,6.4130548176922115,21.688750988800855,1.9763150074129834,38.41874542459709,19.439585936701267
9.979166666666666,track,5.8876285924886,0.0,4.127807737317494,9.288462913492527,-4.522026072521041,13.0,-1.6303304073550904,1.0,6.737475054586462,6.4130548176922115,21.656806777282114,1.9763150074129834,38.41874542459709,19.439585936701267
9.983333333333333,track,5.926371031673472,0.0,4.108969945665206,9.29818540436933,-4.521069996549261,13.0,-1.6303304073550904,1.0,6.737034875974257,6.3796623168948035,21.624766261986206,1.9763150074129834,38.41874542459709,19.439585936701267
9.9875,track,5.9651539898605,0.0,4.090136570870999,9.307909964886743,-4.52000995060969,13.0,-1.6303304073550904,1.0,6.737034875974257,6.3796623168948035,21.592629800174862,1.9763150074129834,38.41874542459709,19.439585936701267
9.991666666666667,track,6.0039774643970345,0.0,4.071308012255404,9.317633888768256,-4.518854067742724,13.0,-1.6303304073550904,1.0,6.736596591540381,6.346235297828925,21.560397769605988,1.9763150074129834,38.41874542459709,19.439585936701267
9.995833333333334,track,6.0428414425569565,0.0,4.052484638933603,9.327354758381258,-4.517609597232257,13.0,-1.6303304073550904,1.0,6.736596591540381,6.346235297828925,21.528070522603343,1.9763150074129834,38.41874542459709,19.439585936701267
10.0,track,6.0817457058192055,0.0,4.033666157745121,9.337023182939719,-4.516435485235598,13.0,-2.1939378316963767,1.0,6.440796950739473,6.312812159806752,21.49564835850636,1.3913268620621708,39.949968710876355,28.713575364788156
10.004166666666666,track,6.120690044421407,0.0,4.01485230310119,9.346641264528223,-4.515325114543526,13.0,-2.1939378316963767,1.0,6.440796950739473,6.312812159806752,21.463131556255913,1.3913268620621708,39.949968710876355,28.713575364788156
10.008333333333333,track,6.159674256306475,0.0,3.9960428337608347,9.35621085241637,-4.514272641685238,13.0,-2.1939378316963767,1.0,6.440385789582855,6.279661097693525,21.43052042178323,1.3913268620621708,39.949968710876355,28.713575364788156
10.0125,track,6.198698146711323,0.0,3.9772375316637354,9.365733697163602,-4.51327250330386,13.0,-2.1939378316963767,1.0,6.440385789582855,6.279661097693525,21.397815240061817,1.3913268620621708,39.949968710876355,28.713575364788156
10.016666666666666,track,6.2377615272487805,0.0,3.958436199098274,9.375211328989824,-4.512319815710734,13.0,-2.1939378316963767,1.0,6.439980940862589,6.246843623374174,21.36501632295562,1.3913268620621708,39.949968710876355,28.713575364788156
10.020833333333334,track,6.276864215607698,0.0,3.9396386578625786,9.384645206140195,-4.511409896566947,13.0,-2.1939378316963767,1.0,6.439980940862589,6.246843623374174,21.332123960870646,1.3913268620621708,39.949968710876355,28.713575364788156
10.025,track,6.316006034747431,0.0,3.9208447467600553,9.394036593536073,-4.5105386646055825,13.0,-2.1939378316963767,1.0,6.439582061304426,6.214337133916697,21.29913847104219,1.3913268620621708,39.949968710876355,28.713575364788156
10.029166666666667,track,6.355186812689469,0.0,3.9020543210320304,9.403386706089172,-4.509702174725947,13.0,-2.1939378316963767,1.0,6.439582061304426,6.214337133916697,21.2660601487952,1.3913268620621708,39.949968710876355,28.713575364788156
10.033333333333333,track,6.394406790044836,0.0,3.8832685935332885,9.41279456528794,-4.5085745996981155,13.0,-1.426059590602645,1.0,7.0748381055806755,6.1821228684520655,21.23288946180422,2.140502864711032,39.949968710876355,18.663823987112302
10.0375,track,6.433666177080085,0.0,3.864488682161229,9.422252888459814,-4.507178729294284,13.0,-1.426059590602645,1.0,7.0748381055806755,6.1821228684520655,21.19962684879458,2.140502864711032,39.949968710876355,18.663823987112302
10.041666666666666,track,6.472965288590235,0.0,3.845716054274187,9.431786762435847,-4.505430692890146,13.0,-1.3470052486580204,1.0,7.286207156490846,6.149694289691208,21.166272808248696,2.140502864711032,39.949968710876355,18.663823987112302
10.045833333333333,track,6.512304402905288,0.0,3.8269520625223055,9.441387435612908,-4.503358020451512,13.0,-1.3470052486580204,1.0,7.286207156490846,6.149694289691208,21.132827808859528,2.140502864711032,39.949968710876355,18.663823987112302
10.05,track,6.551683764368127,0.0,3.8081979526318683,9.451046751081174,-4.500986373704884,13.0,-1.3470052486580204,1.0,7.2857577298281635,6.116804425848218,21.099292335583158,2.140502864711032,39.949968710876355,18.663823987112302
10.054166666666667,track,6.591103586215565,0.0,3.7894548725292183,9.460757243385181,-4.498339224636055,13.0,-1.3470052486580204,1.0,7.2857577298281635,6.116804425848218,21.065666843076592,2.140502864711032,39.949968710876355,18.663823987112302
10.058333333333334,track,6.630564052694741,0.0,3.7707238789503386,9.470511955002129,-4.495438458931182,13.0,-1.3470052486580204,1.0,7.285305278839941,6.0835101787882895,21.031951802093193,2.140502864711032,39.949968710876355,18.663823987112302
10.0625,track,6.670065321603865,0.0,3.7520059454741044,9.480304538189635,-4.49230403429623,13.0,-1.3470052486580204,1.0,7.285305278839941,6.0835101787882895,20.9981476530466,2.140502864711032,39.949968710876355,18.663823987112302
10.066666666666666,track,6.709607133659941,0.0,3.7333006619664366,9.490034893458404,-4.489268041840245,13.0,-1.9550972129646202,1.0,6.673353508731007,6.049910853992493,20.964254698980156,1.474744362793721,41.47288270665544,28.122082547303446
10.070833333333333,track,6.749189241205882,0.0,3.7146076556149694,9.499705811025805,-4.486321524352119,13.0,-1.9550972129646202,1.0,6.673353508731007,6.049910853992493,20.930273221994018,1.474744362793721,41.47288270665544,28.122082547303446
10.075,track,6.788811563929285,0.0,3.6959271124051187,9.509357453616852,-4.483330370364179,13.0,-1.8407309931820868,1.0,6.916447355622305,6.016562522471663,20.896203597160152,1.474744362793721,41.47288270665544,28.122082547303446
10.079166666666666,track,6.828474017250358,0.0,3.677259205436763,9.518988797057574,-4.480297672405429,13.0,-1.8407309931820868,1.0,6.916447355622305,6.016562522471663,20.862046173449713,1.474744362793721,41.47288270665544,28.122082547303446
10.083333333333334,track,6.868176512396901,0.0,3.6586040950861154,9.528598835170119,-4.4772264841554685,13.0,-1.8407309931820868,1.0,6.9160268373076565,5.983417510990761,20.827801322284515,1.474744362793721,41.47288270665544,28.122082547303446
10.0875,track,6.907918957010337,0.0,3.6399619309578455,9.538186707224755,-4.474119390784769,13.0,-1.8407309931820868,1.0,6.9160268373076565,5.983417510990761,20.79346938918997,1.474744362793721,41.47288270665544,28.122082547303446
10.091666666666667,track,6.94770125516769,0.0,3.6213328518819323,9.547751557764638,-4.47097897821917,13.0,-1.8407309931820868,1.0,6.915610523976572,5.950418734149238,20.759050742637868,1.474744362793721,41.47288270665544,28.122082547303446
10.095833333333333,track,6.987523307931717,0.0,3.602716987697967,9.557292663366372,-4.467807404151731,13.0,-1.8407309931820868,1.0,6.915610523976572,5.950418734149238,20.72454572536146,1.474744362793721,41.47288270665544,28.122082547303446
10.1,track,7.027384808564583,0.0,3.584113764223859,9.566760151887863,-4.4647736337858515,13.0,-2.1591374102490803,1.0,6.595086311530726,5.917578014634937,20.689954613890432,1.2572648886213358,42.988370520409354,34.1919757001634
10.104166666666666,track,7.067285466183112,0.0,3.5655226587321094,9.576157828446991,-4.461865318019995,13.0,-2.1591374102490803,1.0,6.595086311530726,5.917578014634937,20.655277665861146,1.2572648886213358,42.988370520409354,34.1919757001634
10.108333333333333,track,7.107225004090713,0.0,3.546943194685068,9.585489097824434,-4.459071371289976,13.0,-2.1591374102490803,1.0,6.594700514356495,5.8851511844668245,20.620515170081653,1.2572648886213358,42.988370520409354,34.1919757001634
10.1125,track,7.147203158756406,0.0,3.52837493862226,9.594757119766443,-4.456381455073908,13.0,-2.1591374102490803,1.0,6.594700514356495,5.8851511844668245,20.585667395377726,1.2572648886213358,42.988370520409354,34.1919757001634
10.116666666666667,track,7.187219839840477,0.0,3.509818049768144,9.604003460176905,-4.453653324987775,13.0,-2.0257808976737905,1.0,6.850180102001238,5.853181357630658,20.55073471211395,1.2572648886213358,42.988370520409354,34.1919757001634
10.120833333333334,track,7.227274953540898,0.0,3.491272676737235,9.613227288101045,-4.450889527418179,13.0,-2.0257808976737905,1.0,6.850180102001238,5.853181357630658,20.515717464654568,1.2572648886213358,42.988370520409354,34.1919757001634
10.125,track,7.267368402628392,0.0,3.4727389575761927,9.622427780998615,-4.448092598650165,13.0,-2.0257808976737905,1.0,6.849792060666349,5.821433476856591,20.480616021895766,1.2572648886213358,42.988370520409354,34.1919757001634
10.129166666666666,track,7.307500086963287,0.0,3.4542170214712353,9.63160424037485,-4.445264665189709,13.0,-2.0257808976737905,1.0,6.849792060666349,5.821433476856591,20.44543072676889,1.2572648886213358,42.988370520409354,34.1919757001634
10.133333333333333,track,7.347669996733731,0.0,3.435707311663326,9.64077834490651,-4.442330353898254,13.0,-1.875642226538655,1.0,7.000316623737355,5.7898458226885205,20.410161986395995,1.3579045932364426,43.95452195167182,32.36937423336215
10.1375,track,7.3878781115858345,0.0,3.417210237395822,9.64994756450486,-4.439297824201038,13.0,-1.875642226538655,1.0,7.000316623737355,5.7898458226885205,20.37481017961423,1.3579045932364426,43.95452195167182,32.36937423336215
10.141666666666666,track,7.428124401242814,0.0,3.3987261758438048,9.659109517674985,-4.436174772484179,13.0,-1.875642226538655,1.0,6.999927095580344,5.75831597104182,20.339375707664754,1.3579045932364426,43.95452195167182,32.36937423336215
10.145833333333334,track,7.468408826553797,0.0,3.3802554755556478,9.668262074636058,-4.432968069157687,13.0,-1.875642226538655,1.0,6.999927095580344,5.75831597104182,20.303858943742274,1.3579045932364426,43.95452195167182,32.36937423336215
10.15,track,7.508731486037562,0.0,3.361798968297659,9.677438276103524,-4.429561741917351,13.0,-1.75288859571682,1.0,7.239955217689998,5.726835647010803,20.268260344146885,1.3579045932364426,43.95452195167182,32.36937423336215
10.154166666666667,track,7.5490924583211045,0.0,3.3433574204234455,9.686633348050107,-4.425971489811234,13.0,-1.75288859571682,1.0,7.239955217689998,5.726835647010803,20.232580334329043,1.3579045932364426,43.95452195167182,32.36937423336215
10.158333333333333,track,7.5894918034869345,0.0,3.324931537221564,9.69584283979915,-4.422211968451528,13.0,-1.75288859571682,1.0,7.239556175183607,5.695257754083626,20.196819359266904,1.3579045932364426,43.95452195167182,32.36937423336215
10.1625,track,7.629929564801781,0.0,3.3065219686270027,9.705062715563109,-4.418296462694697,13.0,-1.75288859571682,1.0,7.239556175183607,5.695257754083626,20.160977833425758,1.3579045932364426,43.95452195167182,32.36937423336215
10.166666666666666,track,7.670405657623103,0.0,3.288128917562894,9.714262277117392,-4.414332255386113,13.0,-1.9370599507093862,1.0,7.054083326892556,5.663580004755909,20.1250561429855,1.2287980424580847,45.47526800360829,37.00792679701839
10.170833333333333,track,7.7109199927963985,0.0,3.2697525725409005,9.72344044159093,-4.4103228052784145,13.0,-1.9370599507093862,1.0,7.054083326892556,5.663580004755909,20.089054646759074,1.2287980424580847,45.47526800360829,37.00792679701839
10.175,track,7.751472476787466,0.0,3.2513931080203635,9.732596157856301,-4.406271484928895,13.0,-1.9370599507093862,1.0,7.053698728772772,5.631991020602655,20.052973727590636,1.2287980424580847,45.47526800360829,37.00792679701839
10.179166666666667,track,7.792063012272023,0.0,3.233050686393686,9.741728516293684,-4.402181190402635,13.0,-1.9370599507093862,1.0,7.053698728772772,5.631991020602655,20.016813741126967,1.2287980424580847,45.47526800360829,37.00792679701839
10.183333333333334,track,7.832691498211289,0.0,3.2147254581616282,9.750836625423705,-4.398054775693818,13.0,-1.9370599507093862,1.0,7.053318176647165,5.600556135726021,19.98057506749134,1.2287980424580847,45.47526800360829,37.00792679701839
10.1875,track,7.873357830382856,0.0,3.196417563734054,9.759919721176098,-4.393894662617833,13.0,-1.9370599507093862,1.0,7.053318176647165,5.600556135726021,19.944258059740896,1.2287980424580847,45.47526800360829,37.00792679701839
10.191666666666666,track,7.914062049270042,0.0,3.17812766209182,9.76901253292461,-4.389576394136144,13.0,-1.8023510631017092,1.0,7.3001578471424855,5.569287757805417,19.90786316156034,1.2287980424580847,45.47526800360829,37.00792679701839
10.195833333333333,track,7.954804179902236,0.0,3.1598563604899716,9.778111351726688,-4.38511238444355,13.0,-1.8023510631017092,1.0,7.3001578471424855,5.569287757805417,19.87139078586733,1.2287980424580847,45.47526800360829,37.00792679701839
10.2,track,7.995584184658502,0.0,3.1416040446660496,9.787201141503697,-4.380555797741281,13.0,-1.8830901091233654,1.0,7.218652798586392,5.5380186482151155,19.834841344872988,1.176112309990651,46.98936049788292,39.95312360794561
10.204166666666666,track,8.036402017032325,0.0,3.1233710707987545,9.796279769717348,-4.375913728150783,13.0,-1.8830901091233654,1.0,7.218652798586392,5.5380186482151155,19.798215221634806,1.176112309990651,46.98936049788292,39.95312360794561
10.208333333333334,track,8.077257622132535,0.0,3.1051577671015,9.805345224050448,-4.371192887341151,13.0,-1.8830901091233654,1.0,7.218272402177181,5.506789438076284,19.761512822021732,1.176112309990651,46.98936049788292,39.95312360794561
10.2125,track,8.118150937596841,0.0,3.0869644369214493,9.814395711433319,-4.366399243212139,13.0,-1.8830901091233654,1.0,7.218272402177181,5.506789438076284,19.724734523068577,1.176112309990651,46.98936049788292,39.95312360794561
10.216666666666667,track,8.159081893980241,0.0,3.068791359962519,9.823429532015911,-4.361538470143245,13.0,-1.8830901091233654,1.0,7.2178952793064814,5.475650428009382,19.687880725182506,1.176112309990651,46.98936049788292,39.95312360794561
10.220833333333333,track,8.20005041555956,0.0,3.050638795031448,9.832445179036243,-4.3566155834570415,13.0,-1.8830901091233654,1.0,7.2178952793064814,5.475650428009382,19.650951800217975,1.176112309990651,46.98936049788292,39.95312360794561
10.225,track,8.241056564523317,0.0,3.03250750520197,9.841475751301923,-4.351509559074773,13.0,-1.7435739577011558,1.0,7.463109684350107,5.444625678526211,19.613948209609152,1.176112309990651,46.98936049788292,39.95312360794561
10.229166666666666,track,8.282100385414603,0.0,3.0143981932996913,9.850517013908723,-4.3462348565468805,13.0,-1.7435739577011558,1.0,7.463109684350107,5.444625678526211,19.57687038280119,1.176112309990651,46.98936049788292,39.95312360794561
10.233333333333333,track,8.323182137711214,0.0,2.9963123521382786,9.859620551186449,-4.340601878738998,13.0,-1.3425428008724891,1.0,7.865553052341862,5.413562482538698,19.539718869015008,1.5274289904938472,47.47630988187688,31.082498877101237
10.2375,track,8.364302046865332,0.0,2.978251356827965,9.86877819698838,-4.334638874475242,13.0,-1.3425428008724891,1.0,7.865553052341862,5.413562482538698,19.5024941819397,1.5274289904938472,47.47630988187688,31.082498877101237
10.241666666666667,track,8.405460306679261,0.0,2.9602164729214584,9.877982355343079,-4.328372137561652,13.0,-1.3425428008724891,1.0,7.86514590145313,5.382173820957296,19.465196850338355,1.5274289904938472,47.47630988187688,31.082498877101237
10.245833333333334,track,8.446657081987697,0.0,2.942208865706493,9.887226074024412,-4.321825731591704,13.0,-1.3425428008724891,1.0,7.86514590145313,5.382173820957296,19.427827367713615,1.5274289904938472,47.47630988187688,31.082498877101237
10.25,track,8.48789251068563,0.0,2.9242296071257927,9.896502887503958,-4.315022059368044,13.0,-1.3425428008724891,1.0,7.864737027428217,5.350464256103068,19.390386243158353,1.5274289904938472,47.47630988187688,31.082498877101237
10.254166666666666,track,8.529166706081957,0.0,2.9062796839265075,9.905806895118856,-4.307981567828446,13.0,-1.3425428008724891,1.0,7.864737027428217,5.350464256103068,19.35287395106343,1.5274289904938472,47.47630988187688,31.082498877101237
10.258333333333333,track,8.570479758612963,0.0,2.8883600034860146,9.91513260744132,-4.300723305718301,13.0,-1.3425428008724891,1.0,7.86432768458688,5.318526177245089,19.31529098216723,1.5274289904938472,47.47630988187688,31.082498877101237
10.2625,track,8.611831737899836,0.0,2.8704714009431562,9.924475028849344,-4.293264610286067,13.0,-1.3425428008724891,1.0,7.86432768458688,5.318526177245089,19.27763779321352,1.5274289904938472,47.47630988187688,31.082498877101237
10.266666666666666,track,8.653222721783292,0.0,2.8526147465673186,9.93383613202939,-4.285597050201049,13.0,-1.3913257515552275,1.0,7.912287917216017,5.286438019020807,19.239914870987878,1.3572378728527097,48.98979485566356,36.09521649487601
10.270833333333334,track,8.694652768185072,0.0,2.834790841262068,9.943211136427452,-4.277737273260166,13.0,-1.3913257515552275,1.0,7.912287917216017,5.286438019020807,19.202122668394356,1.3572378728527097,48.98979485566356,36.09521649487601
10.275,track,8.736121916475085,0.0,2.8170004212082063,9.952595589602906,-4.2697008129268506,13.0,-1.3913257515552275,1.0,7.911877680620906,5.254233022358945,19.16426165569584,1.3572378728527097,48.98979485566356,36.09521649487601
10.279166666666667,track,8.777630189203572,0.0,2.7992441639021104,9.961985454836796,-4.261501753463051,13.0,-1.3913257515552275,1.0,7.911877680620906,5.254233022358945,19.12633227006293,1.3572378728527097,48.98979485566356,36.09521649487601
10.283333333333333,track,8.819177593231874,0.0,2.781522691985631,9.97137696679234,-4.253153259955098,13.0,-1.3913257515552275,1.0,7.911469157099744,5.22196234611624,19.088334966978742,1.3572378728527097,48.98979485566356,36.09521649487601
10.2875,track,8.86076412124168,0.0,2.7638365785261008,9.980766722353119,-4.244667230287242,13.0,-1.3913257515552275,1.0,7.911469157099744,5.22196234611624,19.050270169607476,1.3572378728527097,48.98979485566356,36.09521649487601
10.291666666666666,track,8.902389752661145,0.0,2.746186350143674,9.990151540671782,-4.236054811782436,13.0,-1.3913257515552275,1.0,7.9110630354476825,5.189679725238498,19.012138320367253,1.3572378728527097,48.98979485566356,36.09521649487601
10.295833333333333,track,8.94405445498043,0.0,2.7285724916339933,9.999528556628473,-4.227326042323322,13.0,-1.3913257515552275,1.0,7.9110630354476825,5.189679725238498,18.973939830084035,1.3572378728527097,48.98979485566356,36.09521649487601
10.3,track,8.985758166748928,0.0,2.710995381289004,10.008890824439721,-4.218506482797481,13.0,-1.5074048278081524,1.0,7.879340002853506,5.157430507641446,18.935675120816313,1.1467208143066854,50.99019513592785,44.46609366444338
10.304166666666667,track,9.027500818021371,0.0,2.693455367668988,10.018236305386276,-4.209603268803885,13.0,-1.5074048278081524,1.0,7.879340002853506,5.157430507641446,18.897344584247918,1.1467208143066854,50.99019513592785,44.46609366444338
10.308333333333334,track,9.069282330832861,0.0,2.675952771172916,10.027563074757646,-4.200623159057273,13.0,-1.5074048278081524,1.0,7.878942130038892,5.12527425620105,18.858948633700727,1.1467208143066854,50.99019513592785,44.46609366444338
10.3125,track,9.111102620086198,0.0,2.6584878871966855,10.03686942080085,-4.191572154295302,13.0,-1.5074048278081524,1.0,7.878942130038892,5.12527425620105,18.820487652653725,1.1467208143066854,50.99019513592785,44.46609366444338
10.316666666666666,track,9.152961593918455,0.0,2.6410609873305684,10.046153719741648,-4.182455967868078,13.0,-1.5074048278081524,1.0,7.878548351096649,5.0932462900279925,18.78196204696392,1.1467208143066854,50.99019513592785,44.46609366444338
10.320833333333333,track,9.19485915448211,0.0,2.62367232215877,10.055414535277308,-4.17327964123167,13.0,-1.5074048278081524,1.0,7.878548351096649,5.0932462900279925,18.743372193103085,1.1467208143066854,50.99019513592785,44.46609366444338
10.325,track,9.236795198220298,0.0,2.606322122141679,10.06465049716492,-4.164048004101782,13.0,-1.5074048278081524,1.0,7.878158915167688,5.061369586325353,18.704718490597603,1.1467208143066854,50.99019513592785,44.46609366444338
10.329166666666666,track,9.278769616557248,0.0,2.589010600108764,10.073860400868199,-4.154765287899577,13.0,-1.5074048278081524,1.0,7.878158915167688,5.061369586325353,18.666001309976185,1.1467208143066854,50.99019513592785,44.46609366444338
10.333333333333334,track,9.320782315457745,0.0,2.571738026774816,10.083047736119292,-4.145417600147543,13.0,-1.4728405674918121,1.0,7.9124718868039405,5.029663478890643,18.627221055704453,1.173631776437067,52.49761899362675,44.730911387726735
10.3375,track,9.362833194972167,0.0,2.5545046518685353,10.092211083461438,-4.136009977507332,13.0,-1.4728405674918121,1.0,7.9124718868039405,5.029663478890643,18.58837810288879,1.173631776437067,52.49761899362675,44.730911387726735
10.341666666666667,track,9.404922263317372,0.0,2.5373111476721006,10.101376402849368,-4.126441007144279,13.0,-1.3392088202880186,1.0,8.118287923803763,4.99812097897734,18.549472909896473,1.173631776437067,52.49761899362675,44.730911387726735
10.345833333333333,track,9.447049513846117,0.0,2.5201581325956486,10.110540126898922,-4.116723618348447,13.0,-1.3392088202880186,1.0,8.118287923803763,4.99812097897734,18.510505902347635,1.173631776437067,52.49761899362675,44.730911387726735
10.35,track,9.489214926047397,0.0,2.503046174677601,10.11969892830735,-4.106869900331371,13.0,-1.3392088202880186,1.0,8.117898766732976,4.966615674032945,18.471477525674278,1.173631776437067,52.49761899362675,44.730911387726735
10.354166666666666,track,9.531418466895655,0.0,2.4859757964815166,10.128849803581849,-4.096890767060346,13.0,-1.3392088202880186,1.0,8.117898766732976,4.966615674032945,18.43238819325815,1.173631776437067,52.49761899362675,44.730911387726735
10.358333333333333,track,9.573660091667264,0.0,2.468947477944668,10.137989945186401,-4.086796448843704,13.0,-1.3392088202880186,1.0,8.117512508492304,4.935143658087522,18.3932383391601,1.173631776437067,52.49761899362675,44.730911387726735
10.3625,track,9.61593974511502,0.0,2.4519616606627506,10.147116827461115,-4.076596147660118,13.0,-1.3392088202880186,1.0,8.117512508492304,4.935143658087522,18.35402836603311,1.173631776437067,52.49761899362675,44.730911387726735
10.366666666666667,track,9.658257304579076,0.0,2.4350185227997985,10.156214271373585,-4.066353087108523,13.0,-1.4442143388342896,1.0,8.01173834602058,4.9037449569111216,18.31475866655847,1.088299696597292,54.49770637375485,50.076009893367505
10.370833333333334,track,9.700612643626236,0.0,2.418118229008182,10.16528137131874,-4.056070509987962,13.0,-1.4442143388342896,1.0,8.01173834602058,4.9037449569111216,18.27542960467397,1.088299696597292,54.49770637375485,50.076009893367505
10.375,track,9.743005741351991,0.0,2.4012613646783056,10.174343454181354,-4.045647439170332,13.0,-1.3030585540381108,1.0,8.212847762921584,4.872522405916457,18.236041628807627,1.088299696597292,54.49770637375485,50.076009893367505
10.379166666666666,track,9.785436564117855,0.0,2.3844484681796887,10.183397463807507,-4.035095159668096,13.0,-1.3030585540381108,1.0,8.212847762921584,4.872522405916457,18.196595154993418,1.088299696597292,54.49770637375485,50.076009893367505
10.383333333333333,track,9.827905066393718,0.0,2.3676800338466415,10.192440546207122,-4.024424239931285,13.0,-1.3030585540381108,1.0,8.212468489155835,4.841383136690206,18.157090619989347,1.088299696597292,54.49770637375485,50.076009893367505
10.3875,track,9.870411191941947,0.0,2.350956516360382,10.201470131574833,-4.013644196702307,13.0,-1.3030585540381108,1.0,8.212468489155835,4.841383136690206,18.117528428819618,1.088299696597292,54.49770637375485,50.076009893367505
10.391666666666666,track,9.912954874499734,0.0,2.3342783331589874,10.210483813868555,-4.002763968334718,13.0,-1.3030585540381108,1.0,8.212092576230114,4.810318509061909,18.077909008066445,1.088299696597292,54.49770637375485,50.076009893367505
10.395833333333334,track,9.955536038810283,0.0,2.3176458682760828,10.219479434531674,-3.991791571897122,13.0,-1.3030585540381108,1.0,8.212092576230114,4.810318509061909,18.038232753172515,1.088299696597292,54.49770637375485,50.076009893367505
10.4,track,9.998154643571587,0.0,2.301059645552658,10.228465142712938,-3.980693453621945,13.0,-1.2237218099663776,1.0,8.291333982320308,4.779362797519925,17.99850010569184,1.1588567086559858,56.0,48.323489506262995
10.404166666666667,track,10.040810636225405,0.0,2.2845201466650273,10.237438236916308,-3.96947973303136,13.0,-1.2237218099663776,1.0,8.291333982320308,4.779362797519925,17.9587114750312,1.1588567086559858,56.0,48.323489506262995
10.408333333333333,track,10.08350395368895,0.0,2.268027813742187,10.24639619125092,-3.9581599014817352,13.0,-1.2237218099663776,1.0,8.290961712093331,4.748493890067455,17.918867291941815,1.1588567086559858,56.0,48.323489506262995
10.4125,track,10.126234523423244,0.0,2.251583053380221,10.255336736230628,-3.946742486871839,13.0,-1.2237218099663776,1.0,8.290961712093331,4.748493890067455,17.87896795565851,1.1588567086559858,56.0,48.323489506262995
10.416666666666666,track,10.169002357340219,0.0,2.235186619930747,10.26428014007361,-3.935144027873771,13.0,-1.0942058705539317,1.0,8.468240325770983,4.717728635957605,17.839013940376958,1.1588567086559858,56.0,48.323489506262995
10.420833333333333,track,10.211807451306491,0.0,2.2188392067452476,10.273222551905308,-3.9233791645198113,13.0,-1.0942058705539317,1.0,8.468240325770983,4.717728635957605,17.79900568602296,1.1588567086559858,56.0,48.323489506262995
10.425,track,10.254649786258925,0.0,2.2025414502661835,10.282160388584217,-3.9114615549754252,13.0,-1.0942058705539317,1.0,8.46786657405252,4.686985183418362,17.75894365169519,1.1588567086559858,56.0,48.323489506262995
10.429166666666667,track,10.297529329624233,0.0,2.1862939354061575,10.291090407673641,-3.899403566406285,13.0,-1.0942058705539317,1.0,8.46786657405252,4.686985183418362,17.718828263058107,1.1588567086559858,56.0,48.323489506262995
10.433333333333334,track,10.340446009256453,0.0,2.1700970874936605,10.300003111733071,-3.8872434989992226,13.0,-1.145822030633606,1.0,8.415708588148268,4.656272601684144,17.67865995029535,1.106653371851303,58.0,52.410268179071025
10.4375,track,10.383399744009083,0.0,2.1539512975058326,10.30889634063096,-3.8749895970787462,13.0,-1.145822030633606,1.0,8.415708588148268,4.656272601684144,17.638439111936723,1.106653371851303,58.0,52.410268179071025
10.441666666666666,track,10.426390444292899,0.0,2.137856924078985,10.317768068115756,-3.8626496224434477,13.0,-1.145822030633606,1.0,8.415343662305608,4.625666457421724,17.59816616871315,1.106653371851303,58.0,52.410268179071025
10.445833333333333,track,10.46941801296858,0.0,2.121814296935417,10.32661648216344,-3.85023051445644,13.0,-1.145822030633606,1.0,8.415343662305608,4.625666457421724,17.557841510278912,1.106653371851303,58.0,52.410268179071025
10.45,track,10.512482432242662,0.0,2.1058240797151844,10.335460625779689,-3.8376521328557898,13.0,-1.0136997956810554,1.0,8.582820214117884,4.595207777756159,17.517465600263243,1.106653371851303,58.0,52.410268179071025
10.454166666666666,track,10.555583670425417,0.0,2.089886882149874,10.344297163861224,-3.8249274156745177,13.0,-1.0136997956810554,1.0,8.582820214117884,4.595207777756159,17.47703886840085,1.106653371851303,58.0,52.410268179071025
10.458333333333334,track,10.598721682887456,0.0,2.0740032636231187,10.353122990889506,-3.8120684464212955,13.0,-1.0136997956810554,1.0,8.58245553451118,4.564816924550241,17.436561764406775,1.106653371851303,58.0,52.410268179071025
10.4625,track,10.641896413314639,0.0,2.058173738022611,10.36193530252369,-3.799086144121822,13.0,-1.0136997956810554,1.0,8.58245553451118,4.564816924550241,17.396034704911283,1.106653371851303,58.0,52.410268179071025
10.466666666666667,track,10.685107696515823,0.0,2.0423983625018356,10.370707968284512,-3.786090124986152,13.0,-1.2043762159242548,1.0,8.390819040551689,4.534499197435465,17.355458067816645,0.9314483980194853,60.991802727907626,65.48060295942634
10.470833333333333,track,10.728355366185117,0.0,2.0266771901490452,10.379440720630491,-3.7730813646696766,13.0,-1.2043762159242548,1.0,8.390819040551689,4.534499197435465,17.31483220277695,0.9314483980194853,60.991802727907626,65.48060295942634
10.475,track,10.77163925481252,0.0,2.011010269561039,10.388133270576693,-3.760060941121515,13.0,-1.2043762159242548,1.0,8.39047073972898,4.504409600151518,17.27415748573147,0.9314483980194853,60.991802727907626,65.48060295942634
10.479166666666666,track,10.814959193959474,0.0,1.995397645969615,10.396785395269136,-3.7470296619417724,13.0,-1.2043762159242548,1.0,8.39047073972898,4.504409600151518,17.23343426447196,0.9314483980194853,60.991802727907626,65.48060295942634
10.483333333333333,track,10.858315014157732,0.0,1.9798393607688656,10.405396847581878,-3.7339884481798604,13.0,-1.2043762159242548,1.0,8.39012794778806,4.47459630053686,17.192662913427945,0.9314483980194853,60.991802727907626,65.48060295942634
10.4875,track,10.901706545166313,0.0,1.964335452575649,10.413967442059223,-3.7209379663719893,13.0,-1.2043762159242548,1.0,8.39012794778806,4.47459630053686,17.151843778946677,0.9314483980194853,60.991802727907626,65.48060295942634
10.491666666666667,track,10.945133704074776,0.0,1.9488863370723113,10.422518138031087,-3.707787720801044,13.0,-1.0519523817446814,1.0,8.565156587217771,4.445062537602812,17.110977289661385,0.9314483980194853,60.991802727907626,65.48060295942634
10.495833333333334,track,10.988596399468088,0.0,1.933492396106863,10.431046894394843,-3.694545831707583,13.0,-1.0519523817446814,1.0,8.565156587217771,4.445062537602812,17.070063842301973,0.9314483980194853,60.991802727907626,65.48060295942634
10.5,track,11.032094526513632,0.0,1.9181539560599012,10.43955049093064,-3.6812256112708397,13.0,-1.0628545761500414,1.0,8.553881913037461,4.4157051215460354,17.02910385324613,0.9218940979848059,63.49803146555018,68.877793668874
10.504166666666666,track,11.075627973732827,0.0,1.9028713167837739,10.44802733260677,-3.667833426270575,13.0,-1.0628545761500414,1.0,8.553881913037461,4.4157051215460354,16.988097707736337,0.9218940979848059,63.49803146555018,68.877793668874
10.508333333333333,track,11.119196623391003,0.0,1.887644753045487,10.456475917962448,-3.6543752971888552,13.0,-1.0628545761500414,1.0,8.553546546305265,4.386517898231252,16.947045815058093,0.9218940979848059,63.49803146555018,68.877793668874
10.5125,track,11.162800352188865,0.0,1.8724745173078952,10.464894911486837,-3.64085657702205,13.0,-1.0628545761500414,1.0,8.553546546305265,4.386517898231252,16.905948553793312,0.9218940979848059,63.49803146555018,68.877793668874
10.516666666666666,track,11.206439031565745,0.0,1.8573608408392213,10.47328305045094,-3.6272823524817475,13.0,-1.0628545761500414,1.0,8.553215632009039,4.357524665818296,16.864806327191864,0.9218940979848059,63.49803146555018,68.877793668874
10.520833333333334,track,11.250112528305294,0.0,1.8423039361697782,10.481639217491818,-3.613657120666347,13.0,-1.0628545761500414,1.0,8.553215632009039,4.357524665818296,16.823619508165393,0.9218940979848059,63.49803146555018,68.877793668874
10.525,track,11.293820783185058,0.0,1.8273043447730608,10.489981171143475,-3.5999019352121864,13.0,-0.9136666977378355,1.0,8.713231124256298,4.3287433238694675,16.78238854538545,0.9218940979848059,63.49803146555018,68.877793668874
10.529166666666667,track,11.337563726142543,0.0,1.812362563806534,10.498306309796424,-3.5860274319664684,13.0,-0.9136666977378355,1.0,8.713231124256298,4.3287433238694675,16.74111385404916,0.9218940979848059,63.49803146555018,68.877793668874
10.533333333333333,track,11.38134122306762,0.0,1.7974788088834404,10.506599262018769,-3.57210118154245,13.0,-1.0242409332784008,1.0,8.602016064247872,4.3000947024952,16.699795836231658,0.8223689454333007,66.9925368977769,81.46287292314884
10.5375,track,11.425153135545548,0.0,1.7826532780799695,10.514858994702578,-3.5581273928329757,13.0,-1.0242409332784008,1.0,8.602016064247872,4.3000947024952,16.65843486363757,0.8223689454333007,66.9925368977769,81.46287292314884
10.541666666666666,track,11.468999321063736,0.0,1.7678861526786722,10.523084524365006,-3.5441100963113645,13.0,-1.0242409332784008,1.0,8.601695946914791,4.271642732953225,16.61703133343723,0.8223689454333007,66.9925368977769,81.46287292314884
10.545833333333333,track,11.51287963351261,0.0,1.7531775992440195,10.531274987729782,-3.5300528243166363,13.0,-1.0242409332784008,1.0,8.601695946914791,4.271642732953225,16.57558561272418,0.8223689454333007,66.9925368977769,81.46287292314884
10.55,track,11.55679392333623,0.0,1.7385277701449346,10.539429557668724,-3.51595898378036,13.0,-1.0242409332784008,1.0,8.601380591392816,4.243425719443975,16.534098094558928,0.8223689454333007,66.9925368977769,81.46287292314884
10.554166666666667,track,11.600742037975206,0.0,1.7239368054078397,10.547547513354445,-3.5018315369028077,13.0,-1.0242409332784008,1.0,8.601380591392816,4.243425719443975,16.492569142164797,0.8223689454333007,66.9925368977769,81.46287292314884
10.558333333333334,track,11.64472382197062,0.0,1.7094048330542428,10.555628158899774,-3.487673364863238,13.0,-1.0242409332784008,1.0,8.601070073467126,4.215455308234625,16.45099914518492,0.8223689454333007,66.9925368977769,81.46287292314884
10.5625,track,11.688739117357638,0.0,1.6949319707638832,10.563670892884224,-3.4734869496863254,13.0,-1.0242409332784008,1.0,8.601070073467126,4.215455308234625,16.409388463616704,0.8223689454333007,66.9925368977769,81.46287292314884
10.566666666666666,track,11.732787843288657,0.0,1.6805186900035045,10.571694223444476,-3.4591873824909007,13.0,-0.856649203963943,1.0,8.768500450158292,4.187741260278307,16.367737538109058,0.8281159076219748,70.0,84.52922997338939
10.570833333333333,track,11.776869909725043,0.0,1.6661654234699719,10.579695944732714,-3.4447839680478243,13.0,-0.856649203963943,1.0,8.768500450158292,4.187741260278307,16.32604677606254,0.8281159076219748,70.0,84.52922997338939
10.575,track,11.82098521806152,0.0,1.651872567576573,10.587674000754383,-3.4302854144157084,13.0,-0.856649203963943,1.0,8.768192816249615,4.160196225156402,16.284316608028238,0.8281159076219748,70.0,84.52922997338939
10.579166666666666,track,11.865133661989729,0.0,1.6376404860743548,10.59562654277016,-3.4156995605323752,13.0,-0.856649203963943,1.0,8.768192816249615,4.160196225156402,16.24254743192507,0.8281159076219748,70.0,84.52922997338939
10.583333333333334,track,11.909315128003344,0.0,1.6234695120572191,10.603551843267466,-3.401033764112551,13.0,-0.856649203963943,1.0,8.767889025472652,4.13281354417645,16.200739669596864,0.8281159076219748,70.0,84.52922997338939
10.5875,track,11.953529496146627,0.0,1.6093599511247196,10.61144835438796,-3.386294623799859,13.0,-0.856649203963943,1.0,8.767889025472652,4.13281354417645,16.158893710791737,0.8281159076219748,70.0,84.52922997338939
10.591666666666667,track,11.997776640418735,0.0,1.5953120829789473,10.619314625306004,-3.3714883549853636,13.0,-0.856649203963943,1.0,8.767589312080398,4.105617853277921,16.117009969886738,0.8281159076219748,70.0,84.52922997338939
10.595833333333333,track,12.042056429424159,0.0,1.581326164195228,10.62714936130176,-3.356620508092619,13.0,-0.856649203963943,1.0,8.767589312080398,4.105617853277921,16.075088829624214,0.8281159076219748,70.0,84.52922997338939
10.6,track,12.08636878254768,0.0,1.5674026919942932,10.634964749645146,-3.3416333282243698,13.0,-0.7251016766655953,1.0,8.888411604594456,4.078629810369929,16.03313073700357,0.8017167562878577,73.49829930005184,91.67614213324757
10.604166666666666,track,12.13071360968892,0.0,1.5535421225071093,10.642758513897652,-3.326536676924102,13.0,-0.7251016766655953,1.0,8.888411604594456,4.078629810369929,15.991136105083735,0.8017167562878577,73.49829930005184,91.67614213324757
10.608333333333333,track,12.17509081192171,0.0,1.5397448734719772,10.650528535869624,-3.3113397684317314,13.0,-0.7251016766655953,1.0,8.888115797901657,4.051799653404319,15.949105369851791,0.8017167562878577,73.49829930005184,91.67614213324757
10.6125,track,12.219500282371314,0.0,1.52601132799947,10.65827290790505,-3.296050913401717,13.0,-0.7251016766655953,1.0,8.888115797901657,4.051799653404319,15.907038934035425,0.8017167562878577,73.49829930005184,91.67614213324757
10.616666666666667,track,12.263941906750606,0.0,1.512341836760796,10.665989851030194,-3.280677897281809,13.0,-0.7251016766655953,1.0,8.88782373763027,4.025132374454509,15.864937224117908,0.8017167562878577,73.49829930005184,91.67614213324757
10.620833333333334,track,12.308415564118876,0.0,1.4987367212690068,10.673677768384685,-3.2652277180293936,13.0,-0.7251016766655953,1.0,8.88782373763027,4.025132374454509,15.822800633917128,0.8017167562878577,73.49829930005184,91.67614213324757
10.625,track,12.35292112731377,0.0,1.4851962756353791,10.681335166774604,-3.249706952070631,13.0,-0.7251016766655953,1.0,8.88753566320569,3.9986533697703806,15.780629581756628,0.8017167562878577,73.49829930005184,91.67614213324757
10.629166666666666,track,12.397458463609047,0.0,1.4717207694368615,10.688960710866084,-3.2341214876442206,13.0,-0.7251016766655953,1.0,8.88753566320569,3.9986533697703806,15.738424453806296,0.8017167562878577,73.49829930005184,91.67614213324757
10.633333333333333,track,12.442027387952335,0.0,1.4583102214156174,10.696541842389063,-3.2185315250985567,13.0,-0.829239950095527,1.0,8.782862700457905,3.9723839266886203,15.696185626979625,0.7010349225556008,78.48566748139433,111.95685829070725
10.6375,track,12.486627714907316,0.0,1.4449646486661079,10.704078469195505,-3.2029374598822864,13.0,-0.829239950095527,1.0,8.782862700457905,3.9723839266886203,15.65391344896606,0.7010349225556008,78.48566748139433,111.95685829070725
10.641666666666666,track,12.53125932768926,0.0,1.4316844028470137,10.711587067666501,-3.1872589965825835,13.0,-0.6537623257695377,1.0,8.937102322473974,3.946398414249384,15.611608346785488,0.7010349225556008,78.48566748139433,111.95685829070725
10.645833333333334,track,12.57592210295801,0.0,1.4184698062626948,10.719066064500236,-3.1715031802365194,13.0,-0.6537623257695377,1.0,8.937102322473974,3.946398414249384,15.569270714583613,0.7010349225556008,78.48566748139433,111.95685829070725
10.65,track,12.6206159112509,0.0,1.4053211536606327,10.72651399029339,-3.155676624494915,13.0,-0.6537623257695377,1.0,8.936826020013575,3.9206366355690485,15.526900971284272,0.7010349225556008,78.48566748139433,111.95685829070725
10.654166666666667,track,12.665340617625334,0.0,1.3922387150860907,10.73392952986443,-3.1397852578901007,13.0,-0.6537623257695377,1.0,8.936826020013575,3.9206366355690485,15.48449950344384,0.7010349225556008,78.48566748139433,111.95685829070725
10.658333333333333,track,12.71009608200489,0.0,1.3792227373114831,10.741311451093315,-3.123834665905781,13.0,-0.6537623257695377,1.0,8.936553807034578,3.8950882205398334,15.442066723064675,0.7010349225556008,78.48566748139433,111.95685829070725
10.6625,track,12.754882159736976,0.0,1.3662734463357078,10.748658655700769,-3.107829834186093,13.0,-0.6537623257695377,1.0,8.936553807034578,3.8950882205398334,15.399603010213372,0.7010349225556008,78.48566748139433,111.95685829070725
10.666666666666666,track,12.799698686687568,0.0,1.353390972926175,10.755966468142157,-3.091793618287875,13.0,-0.6883379273955404,1.0,8.90163121019277,3.869770718149653,15.35710875952096,0.6658215437143246,83.4985029805924,125.4067306305397
10.670833333333333,track,12.844545496279954,0.0,1.340575436682934,10.763234302172563,-3.075728698377825,13.0,-0.6883379273955404,1.0,8.90163121019277,3.869770718149653,15.314584334876077,0.6658215437143246,83.4985029805924,125.4067306305397
10.675,track,12.889422482599354,0.0,1.327827262524743,10.770476716656086,-3.0595617979658787,13.0,-0.5115115903024315,1.0,9.046641616952455,3.8447170273543962,15.272030175536397,0.6658215437143246,83.4985029805924,125.4067306305397
10.679166666666667,track,12.934329532020968,0.0,1.3151468398048185,10.77769186118748,-3.0433014527818374,13.0,-0.5115115903024315,1.0,9.046641616952455,3.8447170273543962,15.229446686788783,0.6658215437143246,83.4985029805924,125.4067306305397
10.683333333333334,track,12.97926652374966,0.0,1.3025345246374642,10.784878014886253,-3.0269556401650477,13.0,-0.5115115903024315,1.0,9.04637878294668,3.8198663139459152,15.18683429812312,0.6658215437143246,83.4985029805924,125.4067306305397
10.6875,track,13.024233330541797,0.0,1.2899906431811212,10.792033630112881,-3.010531549522303,13.0,-0.5115115903024315,1.0,9.04637878294668,3.8198663139459152,15.144193405673905,0.6658215437143246,83.4985029805924,125.4067306305397
10.691666666666666,track,13.069229819143068,0.0,1.277515493521578,10.799157264304913,-2.9940359182903578,13.0,-0.5115115903024315,1.0,9.046119750366609,3.7952146290405944,15.101524430537111,0.6658215437143246,83.4985029805924,125.4067306305397
10.695833333333333,track,13.114255850911926,0.0,1.2651093485312506,10.806247624525946,-2.9774747976786053,13.0,-0.5115115903024315,1.0,9.046119750366609,3.7952146290405944,15.058827760983709,0.6658215437143246,83.4985029805924,125.4067306305397
10.7,track,13.159311265811732,0.0,1.2527723734215674,10.813299575953756,-2.960874026323951,13.0,-0.5499348972807104,1.0,9.007358023656185,3.7707825723438586,15.016103798121778,0.6193013725206272,89.49860334105779,144.51542869473752
10.704166666666666,track,13.204395900792969,0.0,1.240504719173807,10.820312395496687,-2.94423701946252,13.0,-0.5499348972807104,1.0,9.007358023656185,3.7707825723438586,14.973352911610586,0.6193013725206272,89.49860334105779,144.51542869473752
10.708333333333334,track,13.249509589947781,0.0,1.228306523161266,10.827285397154684,-2.9275670430098257,13.0,-0.5499348972807104,1.0,9.007108343864362,3.7466070118506116,14.930575498346384,0.6193013725206272,89.49860334105779,144.51542869473752
10.7125,track,13.294652164862883,0.0,1.216177910811748,10.834217979624787,-2.9108669638843123,13.0,-0.5499348972807104,1.0,9.007108343864362,3.7466070118506116,14.88777192402733,0.6193013725206272,89.49860334105779,144.51542869473752
10.716666666666667,track,13.339823512971812,0.0,1.2041192997072703,10.841123546142557,-2.894066665074699,13.0,-0.368651731275893,1.0,9.146280795993972,3.722705073384484,14.844942628350095,0.6193013725206272,89.49860334105779,144.51542869473752
10.720833333333333,track,13.385023514359247,0.0,1.1921310722328298,10.848000332984672,-2.877174593865747,13.0,-0.368651731275893,1.0,9.146280795993972,3.722705073384484,14.802088016695429,0.6193013725206272,89.49860334105779,144.51542869473752
10.725,track,13.430252042284383,0.0,1.1802135779115022,10.8548467020326,-2.860198637118631,13.0,-0.368651731275893,1.0,9.146035526727694,3.699014953006105,14.759208518963327,0.6193013725206272,89.49860334105779,144.51542869473752
10.729166666666666,track,13.475508963864687,0.0,1.1683671366197554,10.861661179272863,-2.843145910019233,13.0,-0.368651731275893,1.0,9.146035526727694,3.699014953006105,14.71630453136032,0.6193013725206272,89.49860334105779,144.51542869473752
10.733333333333333,track,13.520794137809943,0.0,1.1565920262305756,10.868441746861336,-2.8260264934031527,13.0,-0.3751831642833793,1.0,9.139249080348609,3.6755336878993954,14.673376473191594,0.6085201706674236,95.49869109050658,156.93595002079195
10.7375,track,13.566107417946903,0.0,1.1448885008428453,10.875187232870129,-2.8088460930552808,13.0,-0.3751831642833793,1.0,9.139249080348609,3.6755336878993954,14.630424730760595,0.6085201706674236,95.49869109050658,156.93595002079195
10.741666666666667,track,13.611448653542146,0.0,1.1332567922099483,10.881896542858305,-2.7916100718952817,13.0,-0.3751831642833793,1.0,9.139011608673268,3.652284114361663,14.587449716493458,0.6085201706674236,95.49869109050658,156.93595002079195
10.745833333333334,track,13.656817689792472,0.0,1.1216971120888368,10.888568700078448,-2.7743232290667774,13.0,-0.3751831642833793,1.0,9.139011608673268,3.652284114361663,14.54445181024928,0.6085201706674236,95.49869109050658,156.93595002079195
10.75,track,13.702214417853122,0.0,1.1102099212033445,10.89521473455623,-2.7569258125181544,13.0,-0.19998862479013588,1.0,9.261848704447802,3.6292830665197813,14.501431459574594,0.6085201706674236,95.49869109050658,156.93595002079195
10.754166666666666,track,13.747638720991308,0.0,1.0987956413163178,10.901832753164465,-2.739427172886428,13.0,-0.19998862479013588,1.0,9.261848704447802,3.6292830665197813,14.458389076889217,0.6085201706674236,95.49869109050658,156.93595002079195
10.758333333333333,track,13.793090475163988,0.0,1.0874546578932631,10.908421001443143,-2.721836021533108,13.0,-0.19998862479013588,1.0,9.261615681115176,3.6064838386877938,14.415325098733234,0.6085201706674236,95.49869109050658,156.93595002079195
10.7625,track,13.838569549735494,0.0,1.0761873235671537,10.914977897161542,-2.704160238266266,13.0,-0.19998862479013588,1.0,9.261615681115176,3.6064838386877938,14.37223992722581,0.6085201706674236,95.49869109050658,156.93595002079195
10.766666666666666,track,13.88407580254337,0.0,1.064993930754568,10.921500673890229,-2.6864142750205704,13.0,-0.21353667299507043,1.0,9.247811609685234,3.5838890005240662,14.329133984896988,0.5699119986366288,102.99514551666987,180.7211389882295
10.770833333333334,track,13.929609086412672,0.0,1.0538747466703922,10.927988128632514,-2.6686041802021867,13.0,-0.21353667299507043,1.0,9.247811609685234,3.5838890005240662,14.286007660791546,0.5699119986366288,102.99514551666987,180.7211389882295
10.775,track,13.975169249499299,0.0,1.0428300148986744,10.934439140790547,-2.650735625212245,13.0,-0.21353667299507043,1.0,9.247586248983634,3.5615260599108174,14.242861369988155,0.5699119986366288,102.99514551666987,180.7211389882295
10.779166666666667,track,14.020756135783413,0.0,1.0318599578199525,10.940852708187442,-2.632813698893231,13.0,-0.21353667299507043,1.0,9.247586248983634,3.5615260599108174,14.199695494557433,0.5699119986366288,102.99514551666987,180.7211389882295
10.783333333333333,track,14.066369585344757,0.0,1.0209647778650621,10.947227894722538,-2.614843189173714,13.0,-0.21353667299507043,1.0,9.247364807173025,3.5394134764995866,14.156510443223736,0.5699119986366288,102.99514551666987,180.7211389882295
10.7875,track,14.11200943478924,0.0,1.0101446596345671,10.953563866675758,-2.5968283753187835,13.0,-0.21353667299507043,1.0,9.247364807173025,3.5394134764995866,14.113306592106255,0.5699119986366288,102.99514551666987,180.7211389882295
10.791666666666666,track,14.157675561847928,0.0,0.999400019723093,10.95987049408508,-2.578713578753798,13.0,-0.03678599137272962,1.0,9.361321559124264,3.5175646044765156,14.070084382853567,0.5699119986366288,102.99514551666987,180.7211389882295
10.795833333333333,track,14.203367837329983,0.0,0.9887312391218938,10.966146115693538,-2.5605073442878123,13.0,-0.03678599137272962,1.0,9.361321559124264,3.5175646044765156,14.02684422208014,0.5699119986366288,102.99514551666987,180.7211389882295
10.8,track,14.249086124210084,0.0,0.97813865760704,10.972388851224158,-2.542219563564909,13.0,-0.04047301872259131,1.0,9.357411118585103,3.495937311511472,13.983586539926883,0.517993925996925,112.48999955551605,217.16470775022918
10.804166666666667,track,14.294830279815281,0.0,0.9676225856257362,10.978597345247497,-2.523857275512911,13.0,-0.04047301872259131,1.0,9.357411118585103,3.495937311511472,13.940311732254418,0.517993925996925,112.48999955551605,217.16470775022918
10.808333333333334,track,14.340600156231169,0.0,0.9571833062288883,10.984770339812963,-2.505427055243508,13.0,-0.04047301872259131,1.0,9.357198240979368,3.4745352244157606,13.897020220565798,0.517993925996925,112.48999955551605,217.16470775022918
10.8125,track,14.386395600837448,0.0,0.9468210777766106,10.990906705506886,-2.486934828546641,13.0,-0.04047301872259131,1.0,9.357198240979368,3.4745352244157606,13.853712392642967,0.517993925996925,112.48999955551605,217.16470775022918
10.816666666666666,track,14.432216456637347,0.0,0.9365361355026811,10.997005391975659,-2.4683861457430902,13.0,-0.04047301872259131,1.0,9.356989081742448,3.4533769926746896,13.810388662597456,0.517993925996925,112.48999955551605,217.16470775022918
10.820833333333333,track,14.478062562718636,0.0,0.9263286938658541,11.003065459509132,-2.4497859928384584,13.0,-0.04047301872259131,1.0,9.356989081742448,3.4533769926746896,13.767049411295574,0.517993925996925,112.48999955551605,217.16470775022918
10.825,track,14.523933795644345,0.0,0.9161991863817267,11.00909590217026,-2.4310817961905995,13.0,0.14222426641848923,1.0,9.466252053060495,3.4324776340206933,13.723695083397914,0.517993925996925,112.48999955551605,217.16470775022918
10.829166666666666,track,14.569830024976836,0.0,0.9061480093411953,11.015095039798172,-2.4122824897275303,13.0,0.14222426641848923,1.0,9.466252053060495,3.4324776340206933,13.680326088056416,0.517993925996925,112.48999955551605,217.16470775022918
10.833333333333334,track,14.615751115977028,0.0,0.8961755371138458,11.021061840046107,-2.3933933345638945,13.0,0.14805472171562614,1.0,9.471888575411961,3.4118003086244206,13.636942861047835,0.4975951140258052,122.49081598226049,246.16563251846588
10.8375,track,14.661696927868102,0.0,0.8862821116523657,11.026994853857431,-2.374422110755219,13.0,0.14805472171562614,1.0,9.471888575411961,3.4118003086244206,13.593545803206586,0.4975951140258052,122.49081598226049,246.16563251846588
10.841666666666667,track,14.707667314283327,0.0,0.8764680447006085,11.032892739654354,-2.3553760684217497,13.0,0.14805472171562614,1.0,9.471687591518014,3.3913460349468414,13.550135340696082,0.4975951140258052,122.49081598226049,246.16563251846588
10.845833333333333,track,14.753662123825533,0.0,0.8667336207007919,11.038754290129475,-2.3362617599559816,13.0,0.14805472171562614,1.0,9.471687591518014,3.3913460349468414,13.50671186536558,0.4975951140258052,122.49081598226049,246.16563251846588
10.85,track,14.79968120043272,0.0,0.8570790985955702,11.044578385724918,-2.3170853052532023,13.0,0.14805472171562614,1.0,9.471490172730718,3.371133052911606,13.463275795136829,0.4975951140258052,122.49081598226049,246.16563251846588
10.854166666666666,track,14.845724383858203,0.0,0.8475047143466472,11.050364022115524,-2.2978522197415177,13.0,0.14805472171562614,1.0,9.471490172730718,3.371133052911606,13.419827514154422,0.4975951140258052,122.49081598226049,246.16563251846588
10.858333333333333,track,14.891791509967113,0.0,0.8380106823935939,11.05611026613837,-2.278567668732797,13.0,0.14805472171562614,1.0,9.471296431590396,3.3511773935892477,13.376367433294982,0.4975951140258052,122.49081598226049,246.16563251846588
10.8625,track,14.937882411149248,0.0,0.8285971978412856,11.061816283712279,-2.2592362925539797,13.0,0.14805472171562614,1.0,9.471296431590396,3.3511773935892477,13.332895930113423,0.4975951140258052,122.49081598226049,246.16563251846588
10.866666666666667,track,14.983996958792126,0.0,0.8192646937352493,11.067491434290764,-2.2398009854487113,13.0,0.34956478363276605,1.0,9.588530830383718,3.3314924059280333,13.289413449203387,0.463402851748886,134.99629624548965,291.31520390090947
10.870833333333334,track,15.030135017534736,0.0,0.8100135656424693,11.07313409822627,-2.220270742267223,13.0,0.34956478363276605,1.0,9.588530830383718,3.3314924059280333,13.245920399327472,0.463402851748886,134.99629624548965,291.31520390090947
10.875,track,15.076296445783445,0.0,0.8008441742931935,11.078742779690181,-2.200653923826173,13.0,0.34956478363276605,1.0,9.588341872543223,3.3120385157791263,13.20241721403025,0.463402851748886,134.99629624548965,291.31520390090947
10.879166666666666,track,15.122481096320143,0.0,0.7917568488349748,11.084316128807453,-2.1809581099725004,13.0,0.34956478363276605,1.0,9.588341872543223,3.3120385157791263,13.158904291751755,0.463402851748886,134.99629624548965,291.31520390090947
10.883333333333333,track,15.168688816726439,0.0,0.7827518890071532,11.0898528975108,-2.161190358677175,13.0,0.34956478363276605,1.0,9.58815627453616,3.292818021018485,13.115382056540712,0.463402851748886,134.99629624548965,291.31520390090947
10.8875,track,15.214919449903984,0.0,0.7738295679503929,11.095351962610895,-2.1413570536224698,13.0,0.34956478363276605,1.0,9.58815627453616,3.292818021018485,13.071850897966002,0.463402851748886,134.99629624548965,291.31520390090947
10.891666666666666,track,15.261172834421362,0.0,0.7649901339851685,11.100812284170768,-2.12146415165386,13.0,0.34956478363276605,1.0,9.587974168015503,3.273848820008134,13.028311231937932,0.463402851748886,134.99629624548965,291.31520390090947
10.895833333333334,track,15.307448804959845,0.0,0.7562338130421774,11.106232929235961,-2.101517026317863,13.0,0.34956478363276605,1.0,9.587974168015503,3.273848820008134,12.984763440420151,0.463402851748886,134.99629624548965,291.31520390090947
10.9,track,15.353747238402617,0.0,0.747561098259672,11.111624026265083,-2.081451547801302,13.0,0.5769135891134473,1.0,9.719993131830718,3.2551458160689637,12.941207977117266,0.42253500620850715,150.99668870541498,357.3590033648078
10.904166666666667,track,15.400068004210112,0.0,0.7389724401017534,11.116983793798688,-2.0612779579004377,13.0,0.5769135891134473,1.0,9.719993131830718,3.2551458160689637,12.89764525898093,0.42253500620850715,150.99668870541498,357.3590033648078
10.908333333333333,track,15.44641096500015,0.0,0.7304682494410512,11.122310589608846,-2.0410057585685575,13.0,0.5769135891134473,1.0,9.719815342817954,3.236666441102133,12.854075727091319,0.42253500620850715,150.99668870541498,357.3590033648078
10.9125,track,15.492775977202534,0.0,0.7220489011702593,11.12760292857252,-2.020643584990048,13.0,0.5769135891134473,1.0,9.719815342817954,3.236666441102133,12.810499786611262,0.42253500620850715,150.99668870541498,357.3590033648078
10.916666666666666,track,15.53916289153859,0.0,0.7137147367553863,11.132859440653469,-2.0001994595695276,13.0,0.5769135891134473,1.0,9.719640731170594,3.2184134929634984,12.766917867752689,0.42253500620850715,150.99668870541498,357.3590033648078
10.920833333333333,track,15.585571553579964,0.0,0.7054660673459413,11.138078889929929,-1.9796806582667934,13.0,0.5769135891134473,1.0,9.719640731170594,3.2184134929634984,12.7233303655319,0.42253500620850715,150.99668870541498,357.3590033648078
10.925,track,15.632001804143137,0.0,0.6973031758786143,11.14326013516139,-1.9590939521584758,13.0,0.5769135891134473,1.0,9.719469446433758,3.200406641799848,12.679737700829268,0.42253500620850715,150.99668870541498,357.3590033648078
10.929166666666667,track,15.6784534797668,0.0,0.6892263197594519,11.148402149679193,-1.9384454685989705,13.0,0.5769135891134473,1.0,9.719469446433758,3.200406641799848,12.63614025994848,0.42253500620850715,150.99668870541498,357.3590033648078
10.933333333333334,track,15.724926429066036,0.0,0.681235837317875,11.153507831816555,-1.9177157859784613,13.0,0.6248074084033536,1.0,9.767269407744363,3.182662265366346,12.592538472097667,0.3901461213156035,170.493401631852,436.9988379147146
10.9375,track,15.771420495628796,0.0,0.6733320367047868,11.158575975062481,-1.8969121471411539,13.0,0.6248074084033536,1.0,9.767269407744363,3.182662265366346,12.54893273123357,0.3901461213156035,170.493401631852,436.9988379147146
10.941666666666666,track,15.817935546679125,0.0,0.6655153845079677,11.163612252079076,-1.875996527236584,13.0,0.8170378872593353,1.0,9.85268208026749,3.16517474768738,12.505323486289354,0.3901461213156035,170.493401631852,436.9988379147146
10.945833333333333,track,15.864471442666018,0.0,0.6577863064825512,11.168615036854113,-1.854978726099957,13.0,0.8170378872593353,1.0,9.85268208026749,3.16517474768738,12.461711149443559,0.3901461213156035,170.493401631852,436.9988379147146
10.95,track,15.911028037799788,0.0,0.6501451905182037,11.173582832104936,-1.8338678314433805,13.0,0.8170378872593353,1.0,9.852518438356181,3.1479188715594333,12.418096157317912,0.3901461213156035,170.493401631852,436.9988379147146
10.954166666666666,track,15.957605180651399,0.0,0.642592390082681,11.178514284386445,-1.8126721045254734,13.0,0.8170378872593353,1.0,9.852518438356181,3.1479188715594333,12.374478910602216,0.3901461213156035,170.493401631852,436.9988379147146
10.958333333333334,track,16.00420271459591,0.0,0.6351282266810342,11.183408146682433,-1.7913992163952306,13.0,0.8170378872593353,1.0,9.852357955868904,3.1309033184406965,12.330859835331028,0.3901461213156035,170.493401631852,436.9988379147146
10.9625,track,16.05082047832331,0.0,0.6277529928177182,11.18826329457619,-1.7700561271958257,13.0,0.8170378872593353,1.0,9.852357955868904,3.1309033184406965,12.287239322315388,0.3901461213156035,170.493401631852,436.9988379147146
10.966666666666667,track,16.097458332039054,0.0,0.6204671295395051,11.193084891778456,-1.7486071867711572,13.0,0.8974026137656147,1.0,9.93268434086249,3.1141460042916234,12.243617815854947,0.3552075264685829,195.9897956527329,551.7613818638149
10.970833333333333,track,16.1441161296773,0.0,0.6132710389481937,11.19787143317879,-1.727061741914749,13.0,0.8974026137656147,1.0,9.93268434086249,3.1141460042916234,12.199995723621791,0.3552075264685829,195.9897956527329,551.7613818638149
10.975,track,16.19079374249915,0.0,0.6061652455027565,11.202627077243498,-1.7053904269049127,13.0,1.0887408971780652,1.0,10.005333067804042,3.097630830564453,12.156373502674784,0.3552075264685829,195.9897956527329,551.7613818638149
10.979166666666666,track,16.237491034426423,0.0,0.5991502277715238,11.207350062545267,-1.683604255495851,13.0,1.0887408971780652,1.0,10.005333067804042,3.097630830564453,12.112751572445731,0.3552075264685829,195.9897956527329,551.7613818638149
10.983333333333333,track,16.28420786263231,0.0,0.5922264218263446,11.21203876941346,-1.6617134268430276,13.0,1.0887408971780652,1.0,10.005179507271823,3.0813382668164166,12.069130376085413,0.3552075264685829,195.9897956527329,551.7613818638149
10.9875,track,16.330944078180096,0.0,0.5853942250357185,11.216691731468666,-1.6397272297502559,13.0,1.0887408971780652,1.0,10.005179507271823,3.0813382668164166,12.025510320053334,0.3552075264685829,195.9897956527329,551.7613818638149
10.991666666666667,track,16.37769952651338,0.0,0.5786539988908382,11.221307599987677,-1.6176542747712694,13.0,1.0887408971780652,1.0,10.005028961752345,3.0652811207288373,11.981891835527682,0.3552075264685829,195.9897956527329,551.7613818638149
10.995833333333334,track,16.42447404799955,0.0,0.5720060722620249,11.225885156681217,-1.5955023909151944,13.0,1.0887408971780652,1.0,10.005028961752345,3.0652811207288373,11.938275317803633,0.3552075264685829,195.9897956527329,551.7613818638149
11.0,track,16.471267519366144,0.0,0.5654510339033796,11.230433127982959,-1.5732092060748781,13.0,1.2218345715474477,1.0,10.138163983531056,3.0494787868103868,11.894661232956668,0.31651499315657433,231.48650068632512,731.3603010641991
11.004166666666666,track,16.51807980934375,0.0,0.5589894211581047,11.234949594625354,-1.550787058865979,13.0,1.2218345715474477,1.0,10.138163983531056,3.0494787868103868,11.851050008562261,0.31651499315657433,231.48650068632512,731.3603010641991
11.008333333333333,track,16.564910779316307,0.0,0.5526217238079016,11.23943279341359,-1.5282473640487213,13.0,1.2218345715474477,1.0,10.138017489925637,3.0338981656746693,11.807442095100678,0.31651499315657433,231.48650068632512,731.3603010641991
11.0125,track,16.611760284007534,0.0,0.5463483882552399,11.243881125894294,-1.5056005326388078,13.0,1.2218345715474477,1.0,10.138017489925637,3.0338981656746693,11.763837905605522,0.31651499315657433,231.48650068632512,731.3603010641991
11.016666666666666,track,16.658628190289978,0.0,0.5401699525734955,11.248297507786335,-1.4828245636186372,13.0,1.4134505027090085,1.0,10.19846076806649,3.018545994285687,11.720237897645276,0.31651499315657433,231.48650068632512,731.3603010641991
11.020833333333334,track,16.70551435781301,0.0,0.5340869073964194,11.25268020552757,-1.4599308424982742,13.0,1.4134505027090085,1.0,10.19846076806649,3.018545994285687,11.676642490749362,0.31651499315657433,231.48650068632512,731.3603010641991
11.025,track,16.752418639592747,0.0,0.5280996994634849,11.257027627136901,-1.4369299039042749,13.0,1.4134505027090085,1.0,10.198319163927271,3.0034214904881003,11.633052127853297,0.31651499315657433,231.48650068632512,731.3603010641991
11.029166666666667,track,16.79934088263806,0.0,0.5222087355002033,11.261338330874997,-1.4138313511875753,13.0,1.4134505027090085,1.0,10.198319163927271,3.0034214904881003,11.589467214848293,0.31651499315657433,231.48650068632512,731.3603010641991
11.033333333333333,track,16.84628092383658,0.0,0.5164143512416639,11.265609887645242,-1.3906522220494448,13.0,1.3979155587477474,1.0,10.182624425126294,2.988539269261016,11.545888176783281,0.32003240352576073,265.10375327407195,828.3653478630724
11.0375,track,16.893238595520085,0.0,0.5107168515038972,11.269841204040754,-1.367399937064001,13.0,1.3979155587477474,1.0,10.182624425126294,2.988539269261016,11.502315402914913,0.32003240352576073,265.10375327407195,828.3653478630724
11.041666666666666,track,16.94021372583442,0.0,0.5051165124165958,11.274031275439706,-1.344081380952336,13.0,1.3979155587477474,1.0,10.182489152768737,2.973923906877029,11.458749308282853,0.32003240352576073,265.10375327407195,828.3653478630724
11.045833333333333,track,16.98720613915779,0.0,0.49961358406672635,11.278179197609541,-1.320702803968675,13.0,1.3979155587477474,1.0,10.182489152768737,2.973923906877029,11.41519027281526,0.32003240352576073,265.10375327407195,828.3653478630724
11.05,track,17.034215662555336,0.0,0.4942083386816325,11.282285615410771,-1.2972588924225221,13.0,1.5635492232054415,1.0,10.2035534040194,2.9595919516440667,11.371638710219868,0.32003240352576073,265.10375327407195,828.3653478630724
11.054166666666667,track,17.08124211940716,0.0,0.488901022708595,11.286349644437959,-1.2737558335290107,13.0,1.5635492232054415,1.0,10.2035534040194,2.9595919516440667,11.328094999128695,0.32003240352576073,265.10375327407195,828.3653478630724
11.058333333333334,track,17.12828532970775,0.0,0.4836918586441691,11.290370472141836,-1.2501993754622212,13.0,1.5635492232054415,1.0,10.203424407498709,2.9455479880439355,11.284559544806514,0.32003240352576073,265.10375327407195,828.3653478630724
11.0625,track,17.175345110414213,0.0,0.47858104727946993,11.294347369550874,-1.2265947275277942,13.0,1.5635492232054415,1.0,10.203424407498709,2.9455479880439355,11.241032718012487,0.32003240352576073,265.10375327407195,828.3653478630724
11.066666666666666,track,17.222421256893462,0.0,0.4735686242865656,11.298275155019384,-1.202981518297037,13.0,1.4975404255258327,1.0,10.137203426483412,2.931800911203661,11.197514894102001,0.3341388368581586,299.0652102802999,895.0327746763917
11.070833333333333,track,17.269513563800608,0.0,0.4686546191870855,11.302153657715268,-1.179361223875221,13.0,1.4975404255258327,1.0,10.137203426483412,2.931800911203661,11.154006416133235,0.3341388368581586,299.0652102802999,895.0327746763917
11.075,track,17.31662182512459,0.0,0.4638390555856131,11.305982717755388,-1.1557352643533698,13.0,1.4975404255258327,1.0,10.137082122288392,2.91838289023918,11.110507656802099,0.3341388368581586,299.0652102802999,895.0327746763917
11.079166666666666,track,17.363745834298367,0.0,0.4591219519168921,11.309762201706532,-1.132104880493043,13.0,1.4975404255258327,1.0,10.137082122288392,2.91838289023918,11.06701895665594,0.3341388368581586,299.0652102802999,895.0327746763917
11.083333333333334,track,17.410885384232618,0.0,0.45450332160579693,11.313491984219835,-1.108471274662834,13.0,1.4975404255258327,1.0,10.136964428693958,2.905304766471008,11.023540686139533,0.3341388368581586,299.0652102802999,895.0327746763917
11.0875,track,17.458040267412212,0.0,0.4499831737314226,11.317171963102565,-1.0848354898498374,13.0,1.4975404255258327,1.0,10.136964428693958,2.905304766471008,10.980073183666313,0.3341388368581586,299.0652102802999,895.0327746763917
11.091666666666667,track,17.50521026961497,0.0,0.44556146271743097,11.320800528661602,-1.061210643357996,13.0,1.6325449729920665,1.0,10.113920308582212,2.892568324815258,10.936616809880237,0.3341388368581586,299.0652102802999,895.0327746763917
11.095833333333333,track,17.55239517690641,0.0,0.4412381435707484,11.324377749944794,-1.037596595203816,13.0,1.6325449729920665,1.0,10.113920308582212,2.892568324815258,10.893171894091903,0.3341388368581586,299.0652102802999,895.0327746763917
11.1,track,17.59959480109938,0.0,0.43701337797083817,11.327909806313265,-1.0139437439784607,13.0,1.7264616344763506,1.0,10.2078455214461,2.8801824895913386,10.849738828841026,0.31596223599817,348.7922017476882,1103.9047139472336
11.104166666666666,track,17.646808951844566,0.0,0.43288731079231973,11.331396178845063,-0.9902561228444259,13.0,1.7264616344763506,1.0,10.2078455214461,2.8801824895913386,10.806317972840107,0.31596223599817,348.7922017476882,1103.9047139472336
11.108333333333333,track,17.694037436809406,0.0,0.4288600712468507,11.334836391561659,-0.96653749091256,13.0,1.7264616344763506,1.0,10.207737615758305,2.8681186989473972,10.762909713295944,0.31596223599817,348.7922017476882,1103.9047139472336
11.1125,track,17.74128006189953,0.0,0.42493177440461294,11.338230021629752,-0.9427912421370618,13.0,1.7264616344763506,1.0,10.207737615758305,2.8681186989473972,10.719514403930035,0.31596223599817,348.7922017476882,1103.9047139472336
11.116666666666667,track,17.78853663140452,0.0,0.4211025221244551,11.341576681197205,-0.9190205472378802,13.0,1.7264616344763506,1.0,10.207632985033781,2.85637218846484,10.676132427386321,0.31596223599817,348.7922017476882,1103.9047139472336
11.120833333333334,track,17.835806948186562,0.0,0.41737240436669987,11.344876027690225,-0.8952282618612575,13.0,1.7264616344763506,1.0,10.207632985033781,2.85637218846484,10.632764133109175,0.31596223599817,348.7922017476882,1103.9047139472336
11.125,track,17.88309080008181,0.0,0.41374138469172445,11.348124454859132,-0.871444721994103,13.0,1.8439785811513074,1.0,10.155058401635525,2.8449485455283363,10.589409881840163,0.31596223599817,348.7922017476882,1103.9047139472336
11.129166666666666,track,17.93038797509837,0.0,0.41020942632132296,11.351322003974264,-0.8476700088963617,13.0,1.8439785811513074,1.0,10.155058401635525,2.8449485455283363,10.546070002741137,0.31596223599817,348.7922017476882,1103.9047139472336
11.133333333333333,track,17.977698345408953,0.0,0.40677720689663255,11.354488874540435,-0.8237326619256945,13.0,2.1710815358555475,1.0,10.482464466389903,2.8338687284508293,10.502744967206231,0.2683582288417864,434.7413023856832,1620.0036207646526
11.1375,track,18.02502177540049,0.0,0.40344534446719327,11.357623197968417,-0.7996469830654218,13.0,2.1710815358555475,1.0,10.482464466389903,2.8338687284508293,10.459435206673195,0.2683582288417864,434.7413023856832,1620.0036207646526
11.141666666666666,track,18.072358122334382,0.0,0.40021440209652326,11.360723264134577,-0.7754261689607975,13.0,2.1710815358555475,1.0,10.482366565905577,2.823037773798085,10.416141175039437,0.2683582288417864,434.7413023856832,1620.0036207646526
11.145833333333334,track,18.11970723700229,0.0,0.39708489253081225,11.363787520298159,-0.7510822957706448,13.0,2.1710815358555475,1.0,10.482366565905577,2.823037773798085,10.372863287439273,0.2683582288417864,434.7413023856832,1620.0036207646526
11.15,track,18.167068964279125,0.0,0.3940572820768223,11.366814546439823,-0.726626508957591,13.0,2.1710815358555475,1.0,10.48227115619999,2.8124420842065114,10.329601982680096,0.2683582288417864,434.7413023856832,1620.0036207646526
11.154166666666667,track,18.21444314367797,0.0,0.3911319945871944,11.369803055722713,-0.7020689975106925,13.0,2.1710815358555475,1.0,10.48227115619999,2.8124420842065114,10.28635766184145,0.2683582288417864,434.7413023856832,1620.0036207646526
11.158333333333333,track,18.26182960981185,0.0,0.3883094147168868,11.37275187213205,-0.6774191688738226,13.0,2.1710815358555475,1.0,10.482178396654456,2.80210214046636,10.243130750739045,0.2683582288417864,434.7413023856832,1620.0036207646526
11.1625,track,18.309228192862747,0.0,0.3855898913234606,11.375659932214711,-0.6526856144222805,13.0,2.1710815358555475,1.0,10.482178396654456,2.80210214046636,10.19992163835412,0.2683582288417864,434.7413023856832,1620.0036207646526
11.166666666666666,track,18.35663862070145,0.0,0.3829728616454605,11.378502681288813,-0.6280871227200233,13.0,1.953696419872786,1.0,10.083195575161575,2.7920349113427325,10.156730602364108,0.3130939787067548,480.66620434559366,1535.2138240760858
11.170833333333333,track,18.404060627148375,0.0,0.38045780689944725,11.38128154726257,-0.6036131390431859,13.0,1.953696419872786,1.0,10.083195575161575,2.7920349113427325,10.113557895036832,0.3130939787067548,480.66620434559366,1535.2138240760858
11.175,track,18.451493951432106,0.0,0.3780442483498523,11.383997828095152,-0.5792540519027941,13.0,1.953696419872786,1.0,10.08311278712645,2.782372066854045,10.070403806082554,0.3130939787067548,480.66620434559366,1535.2138240760858
11.179166666666667,track,18.498938337738675,0.0,0.3757317440853444,11.386652713576497,-0.5550010234818986,13.0,1.953696419872786,1.0,10.08311278712645,2.782372066854045,10.027268598807353,0.3130939787067548,480.66620434559366,1535.2138240760858
11.183333333333334,track,18.546393534763435,0.0,0.37351988571450273,11.389247285942593,-0.5308460090019907,13.0,1.953696419872786,1.0,10.083033956555731,2.7731397120285206,9.984152573141557,0.3130939787067548,480.66620434559366,1535.2138240760858
11.1875,track,18.593859295342217,0.0,0.3714082956944367,11.391782538907462,-0.5067816048158587,13.0,1.953696419872786,1.0,10.083033956555731,2.7731397120285206,9.941056001761613,0.3130939787067548,480.66620434559366,1535.2138240760858
11.191666666666666,track,18.64133537607978,0.0,0.3693966245476095,11.394259377015214,-0.48280107523852184,13.0,1.953696419872786,1.0,10.082958913622113,2.7643221917954137,9.897979193277816,0.3130939787067548,480.66620434559366,1535.2138240760858
11.195833333333333,track,18.688821537047954,0.0,0.36748454864862057,11.396678632361604,-0.4588982157573481,13.0,1.953696419872786,1.0,10.082958913622113,2.7643221917954137,9.854922428318803,0.3130939787067548,480.66620434559366,1535.2138240760858
11.2,track,18.736317512184563,0.0,0.36567148967354346,11.399034032786009,-0.4351341540185109,13.0,2.02058537177545,1.0,9.95738700343797,2.755906427064693,9.81188597954424,0.31303574705957615,554.2562584220408,1770.5845534521532
11.204166666666666,track,18.783823041272544,0.0,0.36395691473627767,11.401326981115542,-0.411497984943787,13.0,2.02058537177545,1.0,9.95738700343797,2.755906427064693,9.768870094445125,0.31303574705957615,554.2562584220408,1770.5845534521532
11.208333333333334,track,18.83133786941109,0.0,0.3623403323666932,11.403558753251387,-0.3879797687002713,13.0,2.02058537177545,1.0,9.957320259803756,2.747916504105528,9.7258750589012,0.31303574705957615,554.2562584220408,1770.5845534521532
11.2125,track,18.87886174656684,0.0,0.36082128913267,11.405730517380276,-0.36457037616557264,13.0,2.02058537177545,1.0,9.957320259803756,2.747916504105528,9.682901132531608,0.31303574705957615,554.2562584220408,1770.5845534521532
11.216666666666667,track,18.926394427137275,0.0,0.3593993662656167,11.40784333690434,-0.34126148809279333,13.0,2.02058537177545,1.0,9.957257210755285,2.7403473828184666,9.63994861241749,0.31303574705957615,554.2562584220408,1770.5845534521532
11.220833333333333,track,18.925784415190382,4.697048324853129e-07,0.35833447491405673,-0.14640286725453677,-0.2555739243743921,13.0,2.02058537177545,1.0,9.957257210755285,2.7403473828184666,8.90621936350512,0.31303574705957615,554.2562584220408,1770.5845534521532
11.225,track,18.92521279814704,9.390761838484013e-07,0.3573235230099061,-0.13718809040201177,-0.24262845699615115,13.0,2.02058537177545,1.0,9.957257210755285,2.7403473828184666,8.173093301258909,0.31303574705957615,554.2562584220408,1770.5845534521532
11.229166666666666,track,18.924671044086235,1.4064513142936903e-06,0.3563311082647348,-0.1300209745928849,-0.2381795388411137,13.0,2.02058537177545,1.0,9.957257210755285,2.7403473828184666,7.440473654143555,0.31303574705957615,554.2562584220408,1770.5845534521532
11.233333333333333,track,18.92415236846588,1.8707043809620335e-06,0.3553274105176653,-0.12448214888546133,-0.2408874592966732,13.0,2.02058537177545,1.0,9.957257210755285,2.7403473828184666,6.708279233607639,nan,nan,nan
11.2375,track,18.923651393395488,2.3311176148419026e-06,0.35428731422022075,-0.12023401689412194,-0.24962311138669346,13.0,2.02058537177545,1.0,9.957257210755285,2.7403473828184666,5.976441907874135,nan,nan,nan
11.241666666666667,track,18.923163871257305,2.7872799573302433e-06,0.3531896683827262,-0.11700531316406561,-0.26343500099869116,13.0,2.02058537177545,1.0,9.957257210755285,2.7403473828184666,5.244904490217419,nan,nan,nan
11.245833333333334,track,18.922686460777857,3.2390076553543225e-06,0.3520166625238228,-0.1145785150671583,-0.281521406136816,13.0,2.02058537177545,1.0,9.957257210755285,2.7403473828184666,4.513618972275007,nan,nan,nan
11.25,track,18.922216545823513,3.6862823778502585e-06,0.35075330050336934,-0.11277958904265477,-0.3032068849088251,13.0,2.02058537177545,1.0,9.957257210755285,2.7403473828184666,3.782545044997403,nan,nan,nan
11.254166666666666,track,18.921752088970948,4.129203278246634e-06,0.3493869569400104,-0.1114696446153588,-0.3279224552061465,13.0,2.02058537177545,1.0,9.957257210755285,2.7403473828184666,3.0516488596831848,nan,nan,nan
11.258333333333333,track,18.921291513358415,4.567950125627813e-06,0.3479070032979051,-0.11053814700803295,-0.35518887410526645,13.0,2.02058537177545,1.0,9.957257210755285,2.7403473828184666,2.320901989617788,nan,nan,nan
11.2625,track,18.920833607514655,5.002755192358708e-06,0.34630449274022224,-0.10989740250213341,-0.38460253384387777,13.0,2.02058537177545,1.0,9.957257210755285,2.7403473828184666,1.590280559475334,nan,nan,nan
11.266666666666666,track,18.920377448837293,5.433882043180869e-06,0.34457189454729614,-0.1094780825670636,-0.415823566302256,13.0,2.02058537177545,1.0,9.957257210755285,2.7403473828184666,0.8597645151243113,nan,nan,nan
11.270833333333334,track,18.91992234219035,5.861609740449916e-06,0.3427028703332688,-0.10922559526599962,-0.4485658113665694,13.0,2.02058537177545,1.0,9.957257210755285,2.7403473828184666,0.1293370110139096,nan,nan,nan
11.275,track,18.919467770743434,6.28622127876652e-06,0.34069208550759866,-0.10909714725983606,-0.482588358160836,13.0,2.02058537177545,1.0,9.957257210755285,2.7403473828184666,-0.6010161039196023,nan,nan,nan
11.279166666666667,track,18.91901335670902,6.707995303154889e-06,0.33853505045164956,-0.10905936825952264,-0.5176884134277823,13.0,2.02058537177545,1.0,9.957257210755285,2.7403473828184666,-1.3313067177600952,nan,nan,nan
11.283333333333333,track,18.918558830070868,7.127200359054341e-06,0.3362279867449734,-0.1090863931559321,-0.5536952896022755,13.0,2.02058537177545,1.0,9.957257210755285,2.7403473828184666,-2.0615448178628206,nan,nan,nan
11.2875,track,18.91810400375331,7.544091078565664e-06,0.3337677145056294,-0.10915831621349029,-0.5904653374425557,13.0,2.02058537177545,1.0,9.957257210755285,2.7403473828184666,-2.7917387950098504,nan,nan,nan
11.291666666666666,track,18.91764875397244,7.958905832835226e-06,0.33115155752486025,-0.10925994740882193,-0.6278776753845975,13.0,2.02058537177545,1.0,9.957257210755285,2.7403473828184666,-3.521895698818411,nan,nan,nan
11.295833333333333,track,18.91719300474806,8.371865481021301e-06,0.3283772633963526,-0.10937981385103628,-0.6658305908418425,13.0,2.02058537177545,1.0,9.957257210755285,2.7403473828184666,-4.2520214522371145,nan,nan,nan
11.3,track,18.916736715749117,8.78317292672885e-06,0.32544293627908516,-0.10950935974628212,-0.7042385081441798,13.0,2.02058537177545,1.0,9.957257210755285,2.7403473828184666,-4.982121031699305,nan,nan,nan
11.304166666666667,track,18.916279872803347,9.193013256989451e-06,0.32234698030303277,-0.10964230698442548,-0.7430294342525703,13.0,2.02058537177545,1.0,9.957257210755285,2.7403473828184666,-5.71219861844324,nan,nan,nan
11.308333333333334,track,18.91582248053054,9.60155428994442e-06,0.31908805193941137,-0.10977414547364142,-0.7821428072691428,13.0,2.02058537177545,1.0,9.957257210755285,2.7403473828184666,-6.442257725621665,nan,nan,nan
11.3125,track,18.91536455666341,1.0008947397912093e-05,0.3156650199207272,-0.10990172811132887,-0.8215276844841946,13.0,2.02058537177545,1.0,9.957257210755285,2.7403473828184666,-7.1723013050799445,nan,nan,nan
11.316666666666666,track,18.914906127705123,1.0415328504553695e-05,0.3120769315182396,-0.11002294998854714,-0.8611412165970161,13.0,2.02058537177545,1.0,9.957257210755285,2.7403473828184666,-7.902331837058654,nan,nan,nan
11.320833333333333,track,18.914447225641496,1.0820819180072691e-05,0.30832298417198756,-0.11013649527020929,-0.9009473631004986,13.0,2.02058537177545,1.0,9.957257210755285,2.7403473828184666,-8.632351405554148,nan,nan,nan
11.325,track,18.913987885481784,1.1225527778147354e-05,0.30440250162669674,-0.11024163833061364,-0.9409158108697968,13.0,2.02058537177545,1.0,9.957257210755285,2.7403473828184666,-9.362361761632025,nan,nan,nan
11.329166666666666,track,18.913528143447277,1.1629550573702718e-05,0.30031491386025744,-0.11033808828167965,-0.981021063945437,13.0,2.02058537177545,1.0,9.957257210755285,2.7403473828184666,-10.092364376620798,nan,nan,nan
11.333333333333334,track,18.913068035663464,1.2032972872562188e-05,0.2960597402039145,-0.11042586811465101,-1.0212416775223077,13.0,2.02058537177545,1.0,9.957257210755285,2.7403473828184666,-10.822360486804136,nan,nan,nan
11.3375,track,18.912607597241085,1.2435870073195209e-05,0.2916365751481123,-0.11050522137135285,-1.0615596133925336,13.0,2.02058537177545,1.0,9.957257210755285,2.7403473828184666,-11.552351130971196,nan,nan,nan
11.341666666666667,track,18.91214686165509,1.2838308667770292e-05,0.2870450764078438,-0.11057654063915336,-1.101959697664438,13.0,2.02058537177545,1.0,9.957257210755285,2.7403473828184666,-12.282337181966716,nan,nan,nan
11.345833333333333,track,18.911685860349746,1.3240347174994401e-05,0.28228495488869865,-0.11064031328265836,-1.1424291645948363,13.0,2.02058537177545,1.0,9.957257210755285,2.7403473828184666,-13.012319373200048,nan,nan,nan
11.35,track,18.91122462251336,1.3642037001140112e-05,0.2773559662515532,-0.11069708073246931,-1.182957272914919,13.0,2.02058537177545,1.0,9.957257210755285,2.7403473828184666,-13.742298320918811,nan,nan,nan
11.354166666666666,track,18.910763174978417,1.4043423228527268e-05,0.27225790382165904,-0.1107474083860681,-1.22353498317459,13.0,2.02058537177545,1.0,9.957257210755285,2.7403473828184666,-14.472274542924037,nan,nan,nan
11.358333333333333,track,18.910301542212707,1.4444545332772164e-05,0.26699059262816527,-0.1107918637700024,-1.264154686438506,13.0,2.02058537177545,1.0,9.957257210755285,2.7403473828184666,-15.202248474295397,nan,nan,nan
11.3625,track,18.909839746374825,1.4845437831532195e-05,0.2615538843940332,-0.11083100109217649,-1.3048099761916967,13.0,2.02058537177545,1.0,9.957257210755285,2.7403473828184666,-15.932220480604322,nan,nan,nan
11.366666666666667,track,18.909377807413577,1.524613086840638e-05,0.2559476533248753,-0.11086535069958797,-1.3454954565978987,13.0,2.02058537177545,1.0,9.957257210755285,2.7403473828184666,-16.662190869016374,nan,nan,nan
11.370833333333334,track,18.908915743195795,1.5646650736219595e-05,0.25017179256930444,-0.11089541226776777,-1.386206581337007,13.0,2.02058537177545,1.0,9.957257210755285,2.7403473828184666,-17.39215989762,nan,nan,nan
11.375,track,18.908453569650803,1.6047020344213074e-05,0.24422621124363378,-0.11092165079775002,-1.4269395181609605,13.0,2.02058537177545,1.0,9.957257210755285,2.7403473828184666,-18.122127783265146,nan,nan,nan
11.379166666666666,track,18.9079913009229,1.6447259633758127e-05,0.2381108319308146,-0.11094449469626648,-1.4676910350766075,13.0,2.02058537177545,1.0,9.957257210755285,2.7403473828184666,-18.852094708149714,nan,nan,nan
11.383333333333333,track,18.907528949525506,1.6847385947160078e-05,0.23182558857784732,-0.11096433537451979,-1.508458404712143,13.0,2.02058537177545,1.0,9.957257210755285,2.7403473828184666,-19.58206082535391,nan,nan,nan
11.3875,track,18.90706652649247,1.724741435396881e-05,0.225370424727974,-0.11098152792807327,-1.549239323969597,13.0,2.02058537177545,1.0,9.957257210755285,2.7403473828184666,-20.31202626349053,nan,nan,nan
11.391666666666666,track,18.906604041523465,1.7647357938994026e-05,0.21874529203411736,-0.11099639256139147,-1.5900318465255951,13.0,2.02058537177545,1.0,9.957257210755285,2.7403473828184666,-21.04199113061243,nan,nan,nan
11.395833333333334,track,18.90614150312138,1.8047228055962896e-05,0.2119501490085767,-0.11100921650048756,-1.6308343261297582,13.0,2.02058537177545,1.0,9.957257210755285,2.7403473828184666,-21.77195551749583,nan,nan,nan
11.4,track,18.905678918720547,1.844703455047383e-05,0.2049849599711765,-0.11102025620012754,-1.6716453689760504,13.0,2.02058537177545,1.0,9.957257210755285,2.7403473828184666,-22.50191950039907,nan,nan,nan
11.404166666666667,track,18.905216294805125,1.8846785955607036e-05,0.1978496941641066,-0.11102973970147208,-1.7124637936967744,13.0,2.02058537177545,1.0,9.957257210755285,2.7403473828184666,-23.231883143380823,nan,nan,nan
11.408333333333333,track,18.904753637017482,1.9246489663260116e-05,0.19054432500677396,-0.11103786903462291,-1.753288597759839,13.0,2.02058537177545,1.0,9.957257210755285,2.7403473828184666,-23.96184650024782,nan,nan,nan
11.4125,track,18.904290950256687,1.964615207399242e-05,0.18306882946825617,-0.11104482259048398,-1.7941189292442692,13.0,2.02058537177545,1.0,9.957257210755285,2.7403473828184666,-24.691809616191517,nan,nan,nan
11.416666666666666,track,18.90382823876748,2.004577872789045e-05,0.1754231875385377,-0.1110507574094199,-1.8349540631324326,13.0,2.02058537177545,1.0,9.957257210755285,2.7403473828184666,-25.42177252916327,nan,nan,nan
11.420833333333333,track,18.903365506220183,2.0445374418710756e-05,0.1676073817827252,-0.11105581135182566,-1.8757933813950036,13.0,2.02058537177545,1.0,9.957257210755285,2.7403473828184666,-26.151735271029814,nan,nan,nan
11.425,track,18.902902755782144,2.0844943293318997e-05,0.1596213969649736,-0.11106010512905969,-1.9166363562603814,13.0,2.02058537177545,1.0,9.957257210755285,2.7403473828184666,-26.88169786854411,nan,nan,nan
11.429166666666667,track,18.90243999018138,2.1244488938224325e-05,0.15146521973098376,-0.11106374418315698,-1.9574825361575587,13.0,2.02058537177545,1.0,9.957257210755285,2.7403473828184666,-27.611660344161056,nan,nan,nan
11.433333333333334,track,18.901977211763,2.1644014454807683e-05,0.14313883833972024,-0.1110668204110678,-1.998331533903241,13.0,2.02058537177545,1.0,9.957257210755285,2.7403473828184666,-28.34162271672283,nan,nan,nan
11.4375,track,18.90151442253911,2.2043522524660217e-05,0.13464224243650033,-0.1110694137344471,-2.0391830167727765,13.0,2.02058537177545,1.0,9.957257210755285,2.7403473828184666,-29.07158500203479,nan,nan,nan
11.441666666666666,track,18.901051624232775,2.244301546628313e-05,0.12597542286086597,-0.11107159351971757,-2.080036698152251,13.0,2.02058537177545,1.0,9.957257210755285,2.7403473828184666,-29.801547213349142,nan,nan,nan
11.445833333333333,track,18.90058881831671,2.2842495284252117e-05,0.11713837148370901,-0.1110734198556156,-2.120892330517669,13.0,2.02058537177545,1.0,9.957257210755285,2.7403473828184666,-30.53150936177142,nan,nan,nan
11.45,track,18.900126006047138,2.3241963711816803e-05,0.10813108106900922,-0.11107494469699748,-2.1617496995279497,13.0,2.02058537177545,1.0,9.957257210755285,2.7403473828184666,-31.261471456601853,nan,nan,nan
11.454166666666666,track,18.899663188493452,2.3641422247787085e-05,0.09895354515628946,-0.11107621288456213,-2.2026086190527416,13.0,2.02058537177545,1.0,9.957257210755285,2.7403473828184666,-31.991433505622197,nan,nan,nan
11.458333333333334,track,18.899200366564074,2.4040872188453097e-05,0.08960575796051926,-0.11107726305051738,-2.243468926984848,13.0,2.02058537177545,1.0,9.957257210755285,2.7403473828184666,-32.721395515336525,nan,nan,nan
11.4625,track,18.89873754102899,2.4440314655192065e-05,0.08008771428672243,-0.11107812842021927,-2.284330481711238,13.0,2.02058537177545,1.0,9.957257210755285,2.7403473828184666,-33.451357491173574,nan,nan,nan
11.466666666666667,track,18.898274712539326,2.4839750618332837e-05,0.0703994094569853,-0.11107883751955584,-2.3251931591369095,13.0,2.02058537177545,1.0,9.957257210755285,2.7403473828184666,-34.181319437656555,nan,nan,nan
11.470833333333333,track,18.897811881644337,2.5239180917776007e-05,0.060540839247931535,-0.11107941479741278,-2.3660568501729053,13.0,2.02058537177545,1.0,9.957257210755285,2.7403473828184666,-34.91128135854573,nan,nan,nan
11.475,track,18.900163152648055,2.978294391088161e-05,0.05918027623737424,0.5643050408924704,-0.32653512253375006,13.0,2.02058537177545,1.0,9.957257210755285,2.7403473828184666,-32.87902031009885,nan,nan,nan
11.479166666666666,track,18.90250157178654,3.421319155205594e-05,0.057675091908172174,0.5612205932368657,-0.36124423900849706,13.0,2.02058537177545,1.0,9.957257210755285,2.7403473828184666,-30.823170827925527,nan,nan,nan
11.483333333333333,track,18.90482641422625,3.857721395024168e-05,0.05602673743291921,0.5579621855301118,-0.39560507406071116,13.0,2.02058537177545,1.0,9.957257210755285,2.7403473828184666,-28.74202348173032,nan,nan,nan
11.4875,track,18.907137096767222,4.289646786932743e-05,0.05423638088208128,0.5545638098330962,-0.42968557220110354,13.0,2.02058537177545,1.0,9.957257210755285,2.7403473828184666,-26.634126451987928,nan,nan,nan
11.491666666666667,track,18.90943308248567,4.718225920637123e-05,0.05230509760848003,0.5510365724275798,-0.4635079856642991,13.0,2.02058537177545,1.0,9.957257210755285,2.7403473828184666,-24.498119400131895,nan,nan,nan
11.495833333333334,track,18.911713861200262,5.144178725864075e-05,0.05023390927736279,0.5473868915021615,-0.4970851994681381,13.0,2.02058537177545,1.0,9.957257210755285,2.7403473828184666,-22.33270428606975,nan,nan,nan
11.5,track,18.91397893272753,5.5680112146880265e-05,0.04802381737147413,0.5436171665442437,-0.5304220574132777,13.0,2.02058537177545,1.0,9.957257210755285,2.7403473828184666,-20.136619858339596,nan,nan,nan
11.504166666666666,track,18.91622779184396,5.990094698097166e-05,0.04567583329021903,0.5397261879425589,-0.5635161795012245,13.0,2.02058537177545,1.0,9.957257210755285,2.7403473828184666,-17.90861839114045,nan,nan,nan
11.508333333333333,track,18.91620092539255,6.349910037576816e-05,0.04382610806092166,-0.006447948338880849,-0.44393405503136785,13.0,2.02058537177545,1.0,9.957257210755285,2.7403473828184666,-16.179046896114038,nan,nan,nan
11.5125,track,18.916207698131494,6.701443996630695e-05,0.04187335423053556,0.0016254573466964652,-0.468660919292664,13.0,2.02058537177545,1.0,9.957257210755285,2.7403473828184666,-14.415840027422387,nan,nan,nan
11.516666666666666,track,18.916247701607222,7.044210269019103e-05,0.03981675452803423,0.009600834174906864,-0.4935839286003189,13.0,2.02058537177545,1.0,9.957257210755285,2.7403473828184666,-12.617644105274259,nan,nan,nan
11.520833333333334,track,18.91632058997546,7.377707069681252e-05,0.03765561695079701,0.017493208376835975,-0.518673018536932,13.0,2.02058537177545,1.0,9.957257210755285,2.7403473828184666,-10.783078740108227,nan,nan,nan
11.525,track,18.916426038119543,7.701409327629831e-05,0.03538929099390334,0.025307554579859472,-0.5439182296544823,13.0,2.02058537177545,1.0,9.957257210755285,2.7403473828184666,-8.910777827984251,nan,nan,nan
11.529166666666667,track,18.916563753323718,8.014744076030799e-05,0.03301719099174381,0.033051649001808306,-0.5693040005182873,13.0,2.02058537177545,1.0,9.957257210755285,2.7403473828184666,-6.999374811352656,nan,nan,nan
11.533333333333333,track,18.91673348620931,8.317058369565849e-05,0.03053881798753906,0.040735892541903754,-0.5948095210091394,13.0,2.02058537177545,1.0,9.957257210755285,2.7403473828184666,-5.047486660672983,nan,nan,nan
11.5375,track,18.916935041086713,8.607575035935919e-05,0.027953780437018832,0.048373170576659845,-0.6204090121248548,13.0,2.02058537177545,1.0,9.957257210755285,2.7403473828184666,-3.053696617211198,nan,nan,nan
11.541666666666666,track,18.917168285921345,8.885327458551491e-05,0.025261814143595785,0.055978760311712415,-0.6460719104215312,13.0,2.02058537177545,1.0,9.957257210755285,2.7403473828184666,-1.0165356542218293,nan,nan,nan
11.545833333333333,track,18.917433162133076,9.149055650669338e-05,0.022462801866571746,0.06357029081498967,-0.6717629464857691,13.0,2.02058537177545,1.0,9.957257210755285,2.7403473828184666,1.0655374487561458,nan,nan,nan
11.55,track,18.917393630337774,9.074827216792122e-05,0.022665341993393564,-0.009487630872832123,0.048609630437236206,13.0,2.02058537177545,1.0,9.957257210755285,2.7403473828184666,0.9803002292967292,nan,nan,nan
11.554166666666667,track,18.91735844838314,9.063641291934595e-05,0.02285160278177438,-0.00844366911220677,0.04470258921139601,13.0,2.02058537177545,1.0,9.957257210755285,2.7403473828184666,0.9019429968189997,nan,nan,nan
11.558333333333334,track,18.917326504247445,9.071305528937326e-05,0.023022920533717482,-0.007666592566678537,0.041116260466344284,13.0,2.02058537177545,1.0,9.957257210755285,2.7403473828184666,0.8297899259064688,nan,nan,nan
11.5625,track,18.9172975767804,9.092498111543764e-05,0.023180496328649738,-0.006942592090635141,0.03781819078374123,13.0,2.02058537177545,1.0,9.957257210755285,2.7403473828184666,0.7634020870492283,nan,nan,nan
11.566666666666666,track,18.917271190974134,9.114669991466756e-05,0.023325434354404737,-0.006332593503663192,0.0347851261811998,13.0,2.02058537177545,1.0,9.957257210755285,2.7403473828184666,0.7022401863864948,nan,nan,nan
11.570833333333333,track,18.917246442769265,9.127867314695368e-05,0.02345875415846202,-0.005939569168205159,0.03199675297374804,13.0,2.02058537177545,1.0,9.957257210755285,2.7403473828184666,0.6460663469353455,nan,nan,nan
11.575,track,18.917223665602904,9.138414152466736e-05,0.023581387143205127,-0.0054665199268325824,0.02943191633834607,13.0,2.02058537177545,1.0,9.957257210755285,2.7403473828184666,0.5943924507821137,nan,nan,nan
11.579166666666666,track,18.917202717702885,9.14797287500291e-05,0.02369418873025517,-0.005027496004784391,0.027072380892010257,13.0,2.02058537177545,1.0,9.957257210755285,2.7403473828184666,0.5468420901833597,nan,nan,nan
11.583333333333334,track,18.91718345930616,9.157263224978567e-05,0.023797949177373445,-0.004622015214195568,0.02490250730838558,13.0,2.02058537177545,1.0,9.957257210755285,2.7403473828184666,0.503098308495528,nan,nan,nan
11.5875,track,18.917165450557015,9.157425331438146e-05,0.02389338987329995,-0.004322099794556836,0.022905767022361426,13.0,2.02058537177545,1.0,9.957257210755285,2.7403473828184666,0.46283730163358566,nan,nan,nan
11.591666666666667,track,18.91714885306794,9.156824151335879e-05,0.02398119018037677,-0.003983397377763102,0.021072073698435972,13.0,2.02058537177545,1.0,9.957257210755285,2.7403473828184666,0.42582842521567216,nan,nan,nan
11.595833333333333,track,18.91713362086731,9.162053792840482e-05,0.024061937841489165,-0.0036557281504172984,0.019379438666974842,13.0,2.02058537177545,1.0,9.957257210755285,2.7403473828184666,0.3917484517780594,nan,nan,nan
11.6,track,18.917119636914617,9.167848331802988e-05,0.0241362171085783,-0.0033561486464650635,0.017827024101392246,13.0,2.02058537177545,1.0,9.957257210755285,2.7403473828184666,0.36039285887076317,nan,nan,nan
11.604166666666666,track,18.917106797275036,9.1740720025291e-05,0.024204546813123187,-0.00308151349976656,0.016399129090772818,13.0,2.02058537177545,1.0,9.957257210755285,2.7403473828184666,0.3315441607819217,nan,nan,nan
11.608333333333333,track,18.917095006833804,9.180605272167048e-05,0.024267404019609688,-0.002829705895593836,0.015085729556760089,13.0,2.02058537177545,1.0,9.957257210755285,2.7403473828184666,0.30500210341272843,nan,nan,nan
11.6125,track,18.917084178626112,9.187351028076387e-05,0.024325227460003762,-0.0025987698465257747,0.013877625694577657,13.0,2.02058537177545,1.0,9.957257210755285,2.7403473828184666,0.280582391388391,nan,nan,nan
11.616666666666667,track,18.917074233103616,9.194230867849388e-05,0.02437842062562209,-0.002386925399281136,0.012766359748399,13.0,2.02058537177545,1.0,9.957257210755285,2.7403473828184666,0.2581154241823045,nan,nan,nan
11.620833333333334,track,18.91706509747204,9.201181951151924e-05,0.02442735460802571,-0.0021925515778134226,0.011744155776868694,13.0,2.02058537177545,1.0,9.957257210755285,2.7403473828184666,0.2374451310370218,nan,nan,nan
11.625,track,18.91705670509204,9.208154351203196e-05,0.02447237070935522,-0.002014171200276175,0.01080386431908261,13.0,2.02058537177545,1.0,9.957257210755285,2.7403473828184666,0.21842789679122313,nan,nan,nan
11.629166666666666,track,18.91704899493675,9.215108829037134e-05,0.024513782841048475,-0.0018504372702358868,0.009938911606381037,13.0,2.02058537177545,1.0,9.957257210755285,2.7403473828184666,0.20093157184734448,nan,nan,nan
11.633333333333333,track,18.917041911100227,9.222014965372185e-05,0.024551879728292453,-0.0017001207653745006,0.009143252938554287,13.0,2.02058537177545,1.0,9.957257210755285,2.7403473828184666,0.18483455994273063,nan,nan,nan
11.6375,track,18.917035402351612,9.228849594695059e-05,0.02458692693611037,-0.001562099667808789,0.008411329876299736,13.0,2.02058537177545,1.0,9.957257210755285,2.7403473828184666,0.17002497780762788,nan,nan,nan
11.641666666666666,track,18.91702942173037,9.235595494541378e-05,0.024619168731657176,-0.0014353490985964743,0.007738030931234291,13.0,2.02058537177545,1.0,9.957257210755285,2.7403473828184666,0.1563998811992515,nan,nan,nan
11.645833333333334,track,18.917023926178555,9.242240290056129e-05,0.024648829796085986,-0.0013189324354297733,0.0071186554629144305,13.0,2.02058537177545,1.0,9.957257210755285,2.7403473828184666,0.14386455218773037,nan,nan,nan
11.65,track,18.917018876206445,9.248775540033396e-05,0.02467611679823983,-0.0012119933063740266,0.0065488805169223036,13.0,2.02058537177545,1.0,9.957257210755285,2.7403473828184666,0.13233184294076167,nan,nan,nan
11.654166666666667,track,18.917014235588255,9.255195975772764e-05,0.024701219841408585,-0.0011137483655679174,0.006024730360501024,13.0,2.02058537177545,1.0,9.957257210755285,2.7403473828184666,0.12172157159952142,nan,nan,nan
11.658333333333333,track,18.917009971085058,9.261498868515225e-05,0.024724313793464618,-0.0010234807672974623,0.005542548493447853,13.0,2.02058537177545,1.0,9.957257210755285,2.7403473828184666,0.11195996616806961,nan,nan,nan
11.6625,track,18.91700605219229,9.267683504932593e-05,0.024745559509840885,-0.0009405342649234233,0.005098971930304071,13.0,2.02058537177545,1.0,9.957257210755285,2.7403473828184666,0.10297915264362652,nan,nan,nan
11.666666666666666,track,18.9170024509095,9.27375075336071e-05,0.024765104958038155,-0.000864307869315326,0.004690907567345262,13.0,2.02058537177545,1.0,9.957257210755285,2.7403473828184666,0.09471668390281066,nan,nan,nan
11.670833333333333,track,18.916999141530294,9.279702706105914e-05,0.024783086251634615,-0.000794251009073479,0.004315510463150776,13.0,2.02058537177545,1.0,9.957257210755285,2.7403473828184666,0.087115106125254,nan,nan,nan
11.675,track,18.91699610045054,9.28554238547914e-05,0.02479962860112119,-0.000729859141284996,0.003970163876778406,13.0,2.02058537177545,1.0,9.957257210755285,2.7403473828184666,0.08012155978420825,nan,nan,nan
11.679166666666667,track,18.916993305993177,9.291273503139115e-05,0.02481484718828401,-0.0006706697672068907,0.0036524609190762627,13.0,2.02058537177545,1.0,9.957257210755285,2.7403473828184666,0.07368741246494653,nan,nan,nan
11.683333333333334,track,18.916990738248124,9.29690026394096e-05,0.024828847970310798,-0.0006162588125226022,0.0033601876864286784,13.0,2.02058537177545,1.0,9.957257210755285,2.7403473828184666,0.06776792098414107,nan,nan,nan
11.6875,track,18.91698837892589,9.302427206905778e-05,0.02484172841929165,-0.0005662373359891638,0.0030913077554043655,13.0,2.02058537177545,1.0,9.957257210755285,2.7403473828184666,0.062321920482414916,nan,nan,nan
11.691666666666666,track,18.916986211223662,9.30785907708561e-05,0.024853578202325952,-0.000520248534481685,0.0028439479282328026,13.0,2.02058537177545,1.0,9.957257210755285,2.7403473828184666,0.05731153834378143,nan,nan,nan
11.695833333333333,track,18.916984219702766,9.313200723079215e-05,0.024864479807021927,-0.0004779650155971634,0.0026163851270336533,13.0,2.02058537177545,1.0,9.957257210755285,2.7403473828184666,0.05270193096605666,nan,nan,nan
11.7,track,18.916982390176464,9.318457015812847e-05,0.02487450911678872,-0.00043908631231574883,0.0024070343440301123,13.0,2.02058537177545,1.0,9.957257210755285,2.7403473828184666,0.048461041560979135,nan,nan,nan
11.704166666666666,track,18.916980709607227,9.323632784893482e-05,0.024883735939962036,-0.0004033366166100247,0.002214437561595624,13.0,2.02058537177545,1.0,9.957257210755285,2.7403473828184666,0.04455937730819109,nan,nan,nan
11.708333333333334,track,18.916979166012595,9.328732769447183e-05,0.024892224496479588,-0.0003704627115404939,0.0020372535642121034,13.0,2.02058537177545,1.0,9.957257210755285,2.7403473828184666,0.04096980431894073,nan,nan,nan
11.7125,track,18.916977748378915,9.333761580842222e-05,0.02490003386552005,-0.00034023208330689615,0.0018742485697107875,13.0,2.02058537177545,1.0,9.957257210755285,2.7403473828184666,0.03766735898838924,nan,nan,nan
11.716666666666667,track,18.916976446582265,9.338723675156072e-05,0.024907218397244458,-0.0003124311966316913,0.0017242876138581845,13.0,2.02058537177545,1.0,9.957257210755285,2.7403473828184666,0.0346290744285042,nan,nan,nan
11.720833333333333,track,18.916975251315936,9.343623333561485e-05,0.02491382809152492,-0.00028686391859816796,0.0015863266273104942,13.0,2.02058537177545,1.0,9.957257210755285,2.7403473828184666,0.031833820776957136,nan,nan,nan
11.725,track,18.916974154023947,9.348464649131872e-05,0.024919908946312855,-0.00026335007738568573,0.0014594051491052737,13.0,2.02058537177545,1.0,9.957257210755285,2.7403473828184666,0.029262158274195,nan,nan,nan
11.729166666666666,track,18.916973146840014,9.35325151881879e-05,0.024925503278085296,-0.00024172414384869526,0.0013426396253861175,13.0,2.02058537177545,1.0,9.957257210755285,2.7403473828184666,0.0268962020882757,nan,nan,nan
11.733333333333333,track,18.916972222531577,9.357987639559102e-05,0.02493065001661074,-0.00022183402492829192,0.0012352172461063751,13.0,2.02058537177545,1.0,9.957257210755285,2.7403473828184666,0.024719497948770913,nan,nan,nan
11.7375,track,18.916971374448416,9.362676507649561e-05,0.024935384976096184,-0.00020353995897150505,0.001136390276506534,13.0,2.02058537177545,1.0,9.957257210755285,2.7403473828184666,0.022716907725977935,nan,nan,nan
11.741666666666667,track,18.916970596475483,9.367321420677508e-05,0.024939741104609926,-0.00018671350397505795,0.0010454708432980006,13.0,2.02058537177545,1.0,9.957257210755285,2.7403473828184666,0.02087450416067384,nan,nan,nan
11.745833333333334,track,18.916969882989605,9.371925481435367e-05,0.024943748713524113,-0.0001712366106825924,0.0009618261394050628,13.0,2.02058537177545,1.0,9.957257210755285,2.7403473828184666,0.019179474012506567,nan,nan,nan
11.75,track,18.916969228819717,9.376491603311277e-05,0.024947435688578223,-0.0001570007730617235,0.0008848740129866889,13.0,2.02058537177545,1.0,9.957257210755285,2.7403473828184666,0.017620028954454865,nan,nan,nan
11.754166666666666,track,18.916968629210345,9.381022516786635e-05,0.02495082768403866,-0.00014390624955573628,0.0008140789105050353,13.0,2.02058537177545,1.0,9.957257210755285,2.7403473828184666,0.01618532359367673,nan,nan,nan
11.758333333333333,track,18.916968079788056,9.385520776712427e-05,0.024953948301308513,-0.00013186134896006342,0.0007489481447646093,13.0,2.02058537177545,1.0,9.957257210755285,2.7403473828184666,0.014865380049176948,nan,nan,nan
11.7625,track,18.91696757653066,9.389988770102817e-05,0.02495681925323481,-0.00012078177543755605,0.0006890284623114751,13.0,2.02058537177545,1.0,9.957257210755285,2.7403473828184666,0.013651018561812316,nan,nan,nan
11.766666666666666,track,18.916967115738878,9.394428724238973e-05,0.02495946051525958,-0.00011059002761809548,0.0006339028859453574,13.0,2.02058537177545,1.0,9.957257210755285,2.7403473828184666,0.012533793654243792,nan,nan,nan
11.770833333333334,track,18.91696669401035,9.398842714923357e-05,0.024961890464468284,-0.00010121484716655977,0.0005831878100886687,13.0,2.02058537177545,1.0,9.957257210755285,2.7403473828184666,0.011505935397295173,nan,nan,nan
11.775,track,18.916966308215713,9.403232674743917e-05,0.024964126007506266,-9.259071271936046e-05,0.0005365303291153742,13.0,2.02058537177545,1.0,9.957257210755285,2.7403473828184666,0.010560295373903123,nan,nan,nan
11.779166666666667,track,18.91696595547665,9.407600401244034e-05,0.02496618269825452,-8.465737529774331e-05,0.0004936057795809773,13.0,2.02058537177545,1.0,9.957257210755285,2.7403473828184666,0.009690296965260739,nan,nan,nan
11.783333333333333,track,18.916965633145683,9.41194756493386e-05,0.024968074846085188,-7.735943176615106e-05,0.00045411547935998026,13.0,2.02058537177545,1.0,9.957257210755285,2.7403473828184666,0.008889889613354114,nan,nan,nan
11.7875,track,18.916965338787627,9.416275717068615e-05,0.024969815615451668,-7.06459331360382e-05,0.000417784647955069,13.0,2.02058537177545,1.0,9.957257210755285,2.7403473828184666,0.008153506741964009,nan,nan,nan
11.791666666666666,track,18.916965070162522,9.420586297156648e-05,0.024971417117507,-6.447002483981958e-05,0.00038436049327941757,13.0,2.02058537177545,1.0,9.957257210755285,2.7403473828184666,0.007476027043386164,nan,nan,nan
11.795833333333333,track,18.916964825209956,9.424880640162233e-05,0.024972890494388895,-5.878861630234017e-05,0.00035361045165480803,13.0,2.02058537177545,1.0,9.957257210755285,2.7403473828184666,0.006852738861723652,nan,nan,nan
11.8,track,18.916964602034632,9.429159983387517e-05,0.024974245996758897,-5.356207738018175e-05,0.00032532056880071186,13.0,2.02058537177545,1.0,9.957257210755285,2.7403473828184666,0.006279307425176505,nan,nan,nan
11.804166666666667,track,18.916964398893136,9.433425473021463e-05,0.02497549305513613,-4.875395948450812e-05,0.000299294010535911,13.0,2.02058537177545,1.0,9.957257210755285,2.7403473828184666,0.0057517446992344035,nan,nan,nan
11.808333333333334,track,18.91696421418172,9.437678170344498e-05,0.02497664034552126,-4.433073930416617e-05,0.00027534969243094704,13.0,2.02058537177545,1.0,9.957257210755285,2.7403473828184666,0.0052663816514054084,nan,nan,nan
11.8125,track,18.916964046425125,9.441919057595315e-05,0.024977695849769232,-4.026158332653094e-05,0.0002533210195133223,13.0,2.02058537177545,1.0,9.957257210755285,2.7403473828184666,0.004819842734336128,nan,nan,nan
11.816666666666666,track,18.916963894266246,9.446149043503364e-05,0.024978666911130303,-3.651813140055193e-05,0.00023305472665728633,13.0,2.02058537177545,1.0,9.957257210755285,2.7403473828184666,0.004409022410109221,nan,nan,nan
11.820833333333333,track,18.91696375645667,9.450368968483184e-05,0.024979560285346526,-3.3074297824357395e-05,0.00021440981189309316,13.0,2.02058537177545,1.0,9.957257210755285,2.7403473828184666,0.004031063552286651,nan,nan,nan
11.825,track,18.916963631847967,9.454579609521745e-05,0.024980382187659363,-2.9906088508729508e-05,0.000197256555080981,13.0,2.02058537177545,1.0,9.957257210755285,2.7403473828184666,0.00368333757550059,nan,nan,nan
11.829166666666666,track,18.916963519383664,9.458781684748646e-05,0.024981138336055177,-2.6991432890845057e-05,0.000181475614994972,13.0,2.02058537177545,1.0,9.957257210755285,2.7403473828184666,0.0033634261545481075,nan,nan,nan
11.833333333333334,track,18.916963418091875,9.4629758577152e-05,0.02498183399105102,-2.4310029422686848e-05,0.0001669571990030247,13.0,2.02058537177545,1.0,9.957257210755285,2.7403473828184666,0.003069104405737559,nan,nan,nan
11.8375,track,18.916963327078527,9.467162741389772e-05,0.024982473992296254,-2.1843203520583762e-05,0.000153600298855798,13.0,2.02058537177545,1.0,9.957257210755285,2.7403473828184666,0.002798325413508353,nan,nan,nan
11.841666666666667,track,18.916963245521124,9.471342901884753e-05,0.024983062792245624,-1.957377694134177e-05,0.00014131198784895355,13.0,2.02058537177545,1.0,9.957257210755285,2.7403473828184666,0.0025492059949139855,nan,nan,nan
11.845833333333333,track,18.91696317266301,9.475516861929059e-05,0.024983604487137982,-1.7485947726766507e-05,0.00013000677416637185,13.0,2.02058537177545,1.0,9.957257210755285,2.7403473828184666,0.0023200136024932073,nan,nan,nan
11.85,track,18.916963107808094,9.479685104102216e-05,0.02498410284549625,-1.556517973958033e-05,0.00011960600598415194,13.0,2.02058537177545,1.0,9.957257210755285,2.7403473828184666,0.002109154275164039,nan,nan,nan
11.854166666666666,track,18.916963050316006,9.483848073837412e-05,0.024984561334346796,-1.3798101163694122e-05,0.00011003732413108341,13.0,2.02058537177545,1.0,9.957257210755285,2.7403473828184666,0.001915161552574187,nan,nan,nan
11.858333333333333,track,18.916962999597626,9.488006182220266e-05,0.024984983143341397,-1.2172411110391272e-05,0.00010123415870452734,13.0,2.02058537177545,1.0,9.957257210755285,2.7403473828184666,0.0017366862763812298,nan,nan,nan
11.8625,track,18.916962955110986,9.492159808575977e-05,0.024985371206948544,-1.0676793757042256e-05,9.31352657155965e-05,13.0,2.02058537177545,1.0,9.957257210755285,2.7403473828184666,0.0015724872072789802,nan,nan,nan
11.866666666666667,track,18.916962916357488,9.496309302881327e-05,0.02498572822486986,-9.300839371995977e-06,8.568430111610681e-05,13.0,2.02058537177545,1.0,9.957257210755285,2.7403473828184666,0.0014214223926404237,nan,nan,nan
11.870833333333334,track,18.91696288287844,9.500454987989879e-05,0.024986056680822533,-8.034971710005096e-06,7.882942864101405e-05,13.0,2.02058537177545,1.0,9.957257210755285,2.7403473828184666,0.0012824412244813422,nan,nan,nan
11.875,track,18.916962854251853,9.504597161704422e-05,0.02498635885981904,-6.870381204054432e-06,7.252295916170687e-05,13.0,2.02058537177545,1.0,9.957257210755285,2.7403473828184666,0.0011545771328441334,nan,nan,nan
11.879166666666666,track,18.916962830089506,9.508736098693522e-05,0.024986636864064757,-5.798963531504376e-06,6.672101897213512e-05,13.0,2.02058537177545,1.0,9.957257210755285,2.7403473828184666,0.0010369408636672812,nan,nan,nan
11.883333333333333,track,18.916962810034242,9.51287205226102e-05,0.024986892627583013,-4.813263132391989e-06,6.138324438170056e-05,13.0,2.02058537177545,1.0,9.957257210755285,2.7403473828184666,0.000928714294176331,nan,nan,nan
11.8875,track,18.916962793757488,9.517005255988938e-05,0.024987127929670547,-3.906421216414199e-06,5.647250100788287e-05,13.0,2.02058537177545,1.0,9.957257210755285,2.7403473828184666,0.0008291447432086289,nan,nan,nan
11.891666666666666,track,18.916962780956954,9.5211359252548e-05,0.024987344407275954,-3.0721279773578375e-06,5.195462529740402e-05,13.0,2.02058537177545,1.0,9.957257210755285,2.7403473828184666,0.0007375397365289609,nan,nan,nan
11.895833333333334,track,18.916962771354545,9.525264258638267e-05,0.024987543566388427,-2.304578632890876e-06,4.779818699363059e-05,13.0,2.02058537177545,1.0,9.957257210755285,2.7403473828184666,0.0006532621908045878,nan,nan,nan
11.9,track,18.916962764694407,9.529390439214146e-05,0.024987726792514677,-1.5984329613991141e-06,4.397427030018025e-05,13.0,2.02058537177545,1.0,9.957257210755285,2.7403473828184666,0.0005757259830160871,nan,nan,nan
11.904166666666667,track,18.916962760741164,9.533514635758926e-05,0.024987895360318008,-9.487781306481886e-07,4.045627279961744e-05,13.0,2.02058537177545,1.0,9.957257210755285,2.7403473828184666,0.0005043918740092483,nan,nan,nan
11.908333333333333,track,18.91696275927827,9.537637003854935e-05,0.02498805044248616,-3.5109445417130936e-07,3.7219720356175545e-05,13.0,2.02058537177545,1.0,9.957257210755285,2.7403473828184666,0.0004387637583559876,nan,nan,nan
11.9125,track,18.916962760106504,9.541757686910795e-05,0.024988193117889444,1.987760711387105e-07,3.4242096788449083e-05,13.0,2.02058537177545,1.0,9.957257210755285,2.7403473828184666,0.00037838521406574757,nan,nan,nan
11.916666666666666,track,18.91696276304258,9.545876817114314e-05,0.024988324379086768,7.046587245132933e-07,3.150268735777062e-05,13.0,2.02058537177545,1.0,9.957257210755285,2.7403473828184666,0.00032283632833444504,nan,nan,nan
11.920833333333333,track,18.916962767917884,9.549994516300768e-05,0.024988445139230462,1.1700726841760512e-06,2.8982434486811426e-05,13.0,2.02058537177545,1.0,9.957257210755285,2.7403473828184666,0.00027173077709441657,nan,nan,nan
11.925,track,18.916962774577282,9.554110896757797e-05,0.024988556238419054,1.5982555499008047e-06,2.6663805262276685e-05,13.0,2.02058537177545,1.0,9.957257210755285,2.7403473828184666,0.0002247131383697653,nan,nan,nan
11.929166666666667,track,18.916962782878056,9.55822606197699e-05,0.024988658449541887,1.992185856369617e-06,2.4530669480035683e-05,13.0,2.02058537177545,1.0,9.957257210755285,2.7403473828184666,0.00018145642030459896,nan,nan,nan
11.933333333333334,track,18.916962792688906,9.562340107328746e-05,0.02498875248365595,2.3546038283561767e-06,2.2568187375400506e-05,13.0,2.02058537177545,1.0,9.957257210755285,2.7403473828184666,0.00014165978712358724,nan,nan,nan
11.9375,track,18.91696280388903,9.566453120706694e-05,0.02498883899493231,2.688030443448155e-06,2.076270632605376e-05,13.0,2.02058537177545,1.0,9.957257210755285,2.7403473828184666,0.00010504646689671045,nan,nan,nan
11.941666666666666,track,18.916962816367302,9.570565183107232e-05,0.024988918585207655,2.994784977275647e-06,1.9101666082821378e-05,13.0,2.02058537177545,1.0,9.957257210755285,2.7403473828184666,7.136182665523017e-05,nan,nan,nan
11.945833333333333,track,18.916962830021475,9.574676369165972e-05,0.02498899180817069,3.2770011448085675e-06,1.7573511127841335e-05,13.0,2.02058537177545,1.0,9.957257210755285,2.7403473828184666,4.037160147801196e-05,nan,nan,nan
11.95,track,18.916962844757485,9.578786747659348e-05,0.024989059173214173,3.5366419551560844e-06,1.616761043635867e-05,13.0,2.02058537177545,1.0,9.957257210755285,2.7403473828184666,1.18602652867165e-05,nan,nan,nan
11.954166666666666,track,18.91696286048879,9.582896381962022e-05,0.02498912114897874,3.7755133702263976e-06,1.4874183495890148e-05,13.0,2.02058537177545,1.0,9.957257210755285,2.7403473828184666,-1.4370468050369966e-05,nan,nan,nan
11.958333333333334,track,18.916962877135777,9.587005330470705e-05,0.024989178166613304,3.995276864255835e-06,1.3684232295807508e-05,13.0,2.02058537177545,1.0,9.957257210755285,2.7403473828184666,-3.850302378580451e-05,nan,nan,nan
11.9625,track,18.916962899863293,9.590209815702934e-05,0.024989208784241553,5.454604156932864e-06,7.348230779961884e-06,13.0,2.02058537177545,1.0,9.957257210755285,2.7403473828184666,-4.862776779529447e-05,nan,nan,nan
11.966666666666667,track,18.916962924134136,9.593292416804942e-05,0.024989232142205883,5.825002028637679e-06,5.605911439554578e-06,13.0,2.02058537177545,1.0,9.957257210755285,2.7403473828184666,-5.5281253861852785e-05,nan,nan,nan
11.970833333333333,track,18.916962948650305,9.596456715162364e-05,0.02498925360788456,5.8838800906233655e-06,5.151762883154332e-06,13.0,2.02058537177545,1.0,9.957257210755285,2.7403473828184666,-6.138971184894309e-05,nan,nan,nan
11.975,track,18.916962973380986,9.599695656209331e-05,0.02498927334923208,5.935363406379762e-06,4.737923404052324e-06,13.0,2.02058537177545,1.0,9.957257210755285,2.7403473828184666,-6.700598640816076e-05,nan,nan,nan
11.979166666666666,track,18.916962998307376,9.603003552450295e-05,0.024989291511169593,5.982333854173714e-06,4.358865003363521e-06,13.0,2.02058537177545,1.0,9.957257210755285,2.7403473828184666,-7.21732265548498e-05,nan,nan,nan
11.983333333333333,track,18.91696302341382,9.606374886320286e-05,0.024989308220058362,6.025546544495819e-06,4.010133304359342e-06,13.0,2.02058537177545,1.0,9.957257210755285,2.7403473828184666,-7.69273354976203e-05,nan,nan,nan
11.9875,track,18.916963048685922,9.609804583682133e-05,0.024989323592158642,6.06530398036311e-06,3.689304067563959e-06,13.0,2.02058537177545,1.0,9.957257210755285,2.7403473828184666,-8.130134990664642e-05,nan,nan,nan
11.991666666666667,track,18.916963074110434,9.613287975887805e-05,0.024989337734419834,6.101882916286851e-06,3.3941426862693636e-06,13.0,2.02058537177545,1.0,9.957257210755285,2.7403473828184666,-8.53256599819504e-05,nan,nan,nan
11.995833333333334,track,18.916963099675172,9.61682076774371e-05,0.024989350745235145,6.13553745831957e-06,3.122595674837081e-06,13.0,2.02058537177545,1.0,9.957257210755285,2.7403473828184666,-8.902822620590075e-05,nan,nan,nan
12.0,track,18.916963125368927,9.620399007565921e-05,0.02498936271512433,6.166501483392238e-06,2.872773404549722e-06,13.0,2.02058537177545,1.0,9.957257210755285,2.7403473828184666,-9.243477276003717e-05,nan,nan,nan
12.004166666666666,track,18.916963151181385,9.624019059834143e-05,0.024989373727366794,6.194990011148045e-06,2.642938191216304e-06,13.0,2.02058537177545,1.0,9.957257210755285,2.7403473828184666,-9.556896787333674e-05,nan,nan,nan
12.008333333333333,track,18.916963177103057,9.627677579798493e-05,0.024989383858578358,6.22120100167623e-06,2.4314907753411608e-06,13.0,2.02058537177545,1.0,9.957257210755285,2.7403473828184666,-9.845258694319493e-05,nan,nan,nan
12.0125,track,18.91696320312521,9.631371490251185e-05,0.024989393179245176,6.245316530162848e-06,2.2369600362753816e-06,13.0,2.02058537177545,1.0,9.957257210755285,2.7403473828184666,-0.00010110566444929588,nan,nan,nan
12.016666666666666,track,18.916963229239812,9.635097960144615e-05,0.024989401754214536,6.267504119469379e-06,2.0579926465064124e-06,13.0,2.02058537177545,1.0,9.957257210755285,2.7403473828184666,-0.00010354663310917561,nan,nan,nan
12.020833333333334,track,18.91696325543947,9.638854384901899e-05,0.02498940964314597,6.287917887854414e-06,1.8933435446469304e-06,13.0,2.02058537177545,1.0,9.957257210755285,2.7403473828184666,-0.0001057924520571706,nan,nan,nan
12.025,track,18.916963281717386,9.642638368239718e-05,0.02498941690092493,6.306699705500427e-06,1.741866950219495e-06,13.0,2.02058537177545,1.0,9.957257210755285,2.7403473828184666,-0.00010785872395965452,nan,nan,nan
12.029166666666667,track,18.916963308067302,9.646447705582558e-05,0.024989423578046333,6.32398001584521e-06,1.6025091372218192e-06,13.0,2.02058537177545,1.0,9.957257210755285,2.7403473828184666,-0.00010975980428897943,nan,nan,nan
12.033333333333333,track,18.916963334483462,9.650280368732683e-05,0.024989429720966374,6.339878805132389e-06,1.4743008099546429e-06,13.0,2.02058537177545,1.0,9.957257210755285,2.7403473828184666,-0.00011150890130912658,nan,nan,nan
12.0375,track,18.916963360960573,9.654134491633456e-05,0.024989435372422042,6.3545066668539195e-06,1.3563493599377807e-06,13.0,2.02058537177545,1.0,9.957257210755285,2.7403473828184666,-0.0001131181658791089,nan,nan,nan
12.041666666666666,track,18.91696338749376,9.658008357589673e-05,0.024989440571733502,6.367965080090166e-06,1.2478347507366427e-06,13.0,2.02058537177545,1.0,9.957257210755285,2.7403473828184666,-0.00011459877862692929,nan,nan,nan
12.045833333333333,track,18.91696341407854,9.661900387172163e-05,0.02498944535507398,6.380347612996056e-06,1.148001714468272e-06,13.0,2.02058537177545,1.0,9.957257210755285,2.7403473828184666,-0.00011596102556471787,nan,nan,nan
12.05,track,18.91696344071079,9.665809127320256e-05,0.02498944975572329,6.3917402387860785e-06,1.056155834511241e-06,13.0,2.02058537177545,1.0,9.957257210755285,2.7403473828184666,-0.00011721437072685409,nan,nan,nan
12.054166666666667,track,18.91696346738672,9.669733241186323e-05,0.024989453804298456,6.402222128293746e-06,9.71658039784773e-07,13.0,2.02058537177545,1.0,9.957257210755285,2.7403473828184666,-0.0001183675212006562,nan,nan,nan
12.058333333333334,track,18.916963494102827,9.67367149884189e-05,0.024989457528966464,6.411866111738499e-06,8.939203217719904e-07,13.0,2.02058537177545,1.0,9.957257210755285,2.7403473828184666,-0.00011942848775592499,nan,nan,nan
12.0625,track,18.91696352085591,9.67762276875991e-05,0.024989460955641325,6.420739164741075e-06,8.22401966478481e-07,13.0,2.02058537177545,1.0,9.957257210755285,2.7403473828184666,-0.00012040464082484109,nan,nan,nan
12.066666666666666,track,18.916963547643004,9.681586009928417e-05,0.024989464108164026,6.428902904519171e-06,7.566054486818352e-07,13.0,2.02058537177545,1.0,9.957257210755285,2.7403473828184666,-0.00012130276173120932,nan,nan,nan
12.070833333333333,track,18.916963574461395,9.685560264619032e-05,0.024989467008468328,6.436414033029662e-06,6.960730322413955e-07,13.0,2.02058537177545,1.0,9.957257210755285,2.7403473828184666,-0.00012212908968783364,nan,nan,nan
12.075,track,18.91696360130858,9.689544651649019e-05,0.024989469676731796,6.4433248165340255e-06,6.403832321921765e-07,13.0,2.02058537177545,1.0,9.957257210755285,2.7403473828184666,-0.00012288936420163767,nan,nan,nan
12.079166666666666,track,18.91696362818226,9.6935383603963e-05,0.024989472131519478,6.449683136506902e-06,5.891490433493352e-07,13.0,2.02058537177545,1.0,9.957257210755285,2.7403473828184666,-0.00012358886701239102,nan,nan,nan
12.083333333333334,track,18.916963655080313,9.697540645036379e-05,0.024989474389910036,6.455533242156408e-06,5.420137341172193e-07,13.0,2.02058537177545,1.0,9.957257210755285,2.7403473828184666,-0.00012423245680080055,nan,nan,nan
12.0875,track,18.916963682000794,9.701550819409114e-05,0.024989476467615894,6.460915743152897e-06,4.98649406273366e-07,13.0,2.02058537177545,1.0,9.957257210755285,2.7403473828184666,-0.00012482460400038426,nan,nan,nan
12.091666666666667,track,18.91696370894191,9.705568252273042e-05,0.024989478379093263,6.465867984008622e-06,4.5875456883281984e-07,13.0,2.02058537177545,1.0,9.957257210755285,2.7403473828184666,-0.00012536942201223124,nan,nan,nan
12.095833333333333,track,18.916963735902012,9.709592362845577e-05,0.024989480137640963,6.470424421204071e-06,4.2205144821366725e-07,13.0,2.02058537177545,1.0,9.957257210755285,2.7403473828184666,-0.00012587069481063797,nan,nan,nan
12.1,track,18.916963762879583,9.713622616784403e-05,0.024989481755493405,6.474616709500964e-06,3.8828458627515605e-07,13.0,2.02058537177545,1.0,9.957257210755285,2.7403473828184666,-0.00012633190373712114,nan,nan,nan
12.104166666666666,track,18.916963789873225,9.717658522545411e-05,0.024989483243907675,6.478473895482836e-06,3.572194244919058e-07,13.0,2.02058537177545,1.0,9.957257210755285,2.7403473828184666,-0.00012675625243958692,nan,nan,nan
12.108333333333333,track,18.916963816881655,9.721699627822177e-05,0.02498948461323808,6.482022878266287e-06,3.2863929710219564e-07,13.0,2.02058537177545,1.0,9.957257210755285,2.7403473828184666,-0.00012714668738843355,nan,nan,nan
12.1125,track,18.916963843903687,9.725745516611618e-05,0.0249894858730137,6.4852881288266225e-06,3.023461484438772e-07,13.0,2.02058537177545,1.0,9.957257210755285,2.7403473828184666,-0.000127505921117009,nan,nan,nan
12.116666666666667,track,18.91696387093824,9.729795806038539e-05,0.024989487031997534,6.488292540490242e-06,2.7815612051868e-07,13.0,2.02058537177545,1.0,9.957257210755285,2.7403473828184666,-0.00012783644726887543,nan,nan,nan
12.120833333333334,track,18.91696389798431,9.733850143987135e-05,0.024989488098254818,6.491056776632823e-06,2.5590174812517574e-07,13.0,2.02058537177545,1.0,9.957257210755285,2.7403473828184666,-0.0001281405619605013,nan,nan,nan
12.125,track,18.916963925040978,9.737908206417741e-05,0.02498948907920336,6.493600174578082e-06,2.3542764986117515e-07,13.0,2.02058537177545,1.0,9.957257210755285,2.7403473828184666,-0.00012842037641909958,nan,nan,nan
12.129166666666666,track,18.916963952107395,9.741969695241671e-05,0.024989489981668184,6.495940337080906e-06,2.1659155784864437e-07,13.0,2.02058537177545,1.0,9.957257210755285,2.7403473828184666,-0.00012867783359429721,nan,nan,nan
12.133333333333333,track,18.916963979182785,9.746034336238063e-05,0.024989490811928885,6.498093486884859e-06,1.9926256784874585e-07,13.0,2.02058537177545,1.0,9.957257210755285,2.7403473828184666,-0.00012891472134021254,nan,nan,nan
12.1375,track,18.91696400626643,9.750101877072025e-05,0.02498949157576159,6.500074640127355e-06,1.8331984905778365e-07,13.0,2.02058537177545,1.0,9.957257210755285,2.7403473828184666,-0.00012913268394748178,nan,nan,nan
12.141666666666666,track,18.91696403335767,9.754172085593777e-05,0.024989492278480106,6.501897550273352e-06,1.6865244357316955e-07,13.0,2.02058537177545,1.0,9.957257210755285,2.7403473828184666,-0.00012933323422447345,nan,nan,nan
12.145833333333334,track,18.916964060455896,9.758244748322777e-05,0.024989492924975813,6.503574726743122e-06,1.551589701512257e-07,13.0,2.02058537177545,1.0,9.957257210755285,2.7403473828184666,-0.000129517765393327,nan,nan,nan
12.15,track,18.916964087560554,9.76231966869857e-05,0.024989493519744704,6.505118044100807e-06,1.4274453374180096e-07,13.0,2.02058537177545,1.0,9.957257210755285,2.7403473828184666,-0.00012968755713345267,nan,nan,nan
12.154166666666667,track,18.916964114671128,9.766396666015187e-05,0.024989494066926514,6.5065380202059516e-06,1.3132363426565652e-07,13.0,2.02058537177545,1.0,9.957257210755285,2.7403473828184666,-0.0001298437885944932,nan,nan,nan
12.158333333333333,track,18.916964141787147,9.770475573956454e-05,0.02498949457032796,6.507844603959034e-06,1.2081634721133883e-07,13.0,2.02058537177545,1.0,9.957257210755285,2.7403473828184666,-0.00012998754379661725,nan,nan,nan
12.1625,track,18.916964168908176,9.774556239519437e-05,0.02498949503345153,6.509046851965648e-06,1.111496567285375e-07,13.0,2.02058537177545,1.0,9.957257210755285,2.7403473828184666,-0.00013011982018408576,nan,nan,nan
12.166666666666666,track,18.916964196033813,9.778638521959176e-05,0.024989495459520117,6.510153070662401e-06,1.0225646061845506e-07,13.0,2.02058537177545,1.0,9.957257210755285,2.7403473828184666,-0.00013024153579098364,nan,nan,nan
12.170833333333333,track,18.916964223163692,9.782722291745759e-05,0.024989495851497526,6.511171003652259e-06,9.407457825238996e-08,13.0,2.02058537177545,1.0,9.957257210755285,2.7403473828184666,-0.0001303535346168717,nan,nan,nan
12.175,track,18.916964250297475,9.786807429766667e-05,0.024989496212111904,6.512107635214131e-06,8.654745069919256e-08,13.0,2.02058537177545,1.0,9.957257210755285,2.7403473828184666,-0.00013045659389871616,nan,nan,nan
12.179166666666667,track,18.916964277434847,9.790893826392453e-05,0.024989496543871965,6.512969527396856e-06,7.962241445336193e-08,13.0,2.02058537177545,1.0,9.957257210755285,2.7403473828184666,-0.00013055142813175668,nan,nan,nan
12.183333333333334,track,18.916964304575526,9.794981380770663e-05,0.02498949684908601,6.513762640179266e-06,7.325137070524068e-08,13.0,2.02058537177545,1.0,9.957257210755285,2.7403473828184666,-0.00013063869483806917,nan,nan,nan
12.1875,track,18.916964331719242,9.799070000163439e-05,0.02498949712987871,6.514492403302055e-06,6.739024818736006e-08,13.0,2.02058537177545,1.0,9.957257210755285,2.7403473828184666,-0.0001307189996334703,nan,nan,nan
12.191666666666666,track,18.91696435886576,9.803159599182562e-05,0.024989497388203243,6.515163988907014e-06,6.199788751132251e-08,13.0,2.02058537177545,1.0,9.957257210755285,2.7403473828184666,-0.00013079289867928061,nan,nan,nan
12.195833333333333,track,18.91696438601485,9.807250099292121e-05,0.024989497625856838,6.515782006161508e-06,5.703686303815125e-08,13.0,2.02058537177545,1.0,9.957257210755285,2.7403473828184666,-0.00013086090408072682,nan,nan,nan
12.2,track,18.916964413166312,9.811341428283059e-05,0.02498949784449424,6.516350682699007e-06,5.247297666516326e-08,13.0,2.02058537177545,1.0,9.957257210755285,2.7403473828184666,-0.00013092348752789484,nan,nan,nan
12.204166666666666,track,18.916964440319955,9.8154335196312e-05,0.024989498045635477,6.516874087643326e-06,4.8273896276207484e-08,13.0,2.02058537177545,1.0,9.957257210755285,2.7403473828184666,-0.0001309810818000745,nan,nan,nan
12.208333333333334,track,18.916964467475605,9.819526312246962e-05,0.024989498230681775,6.517355681953456e-06,4.441111167013956e-08,13.0,2.02058537177545,1.0,9.957257210755285,2.7403473828184666,-0.00013103408660562597,nan,nan,nan
12.2125,track,18.9169644946331,9.823619749825924e-05,0.024989498400919706,6.5177989484766226e-06,4.08571036378258e-08,13.0,2.02058537177545,1.0,9.957257210755285,2.7403473828184666,-0.0001310828683401648,nan,nan,nan
12.216666666666667,track,18.916964521792295,9.827713780632929e-05,0.024989498557534746,6.518206866554681e-06,3.758761010774769e-08,13.0,2.02058537177545,1.0,9.957257210755285,2.7403473828184666,-0.00013112776493055228,nan,nan,nan
12.220833333333333,track,18.916964548953054,9.831808357040304e-05,0.024989498701616427,6.518582295966959e-06,3.457960354863454e-08,13.0,2.02058537177545,1.0,9.957257210755285,2.7403473828184666,-0.00013116908695635064,nan,nan,nan
12.225,track,18.91696457611525,9.835903435217476e-05,0.024989498834166964,6.518927864547041e-06,3.181212871600225e-08,13.0,2.02058537177545,1.0,9.957257210755285,2.7403473828184666,-0.00013120711987732198,nan,nan,nan
12.229166666666666,track,18.916964603278775,9.839998974905507e-05,0.02498949895611014,6.51924585936108e-06,2.926636293726359e-08,13.0,2.02058537177545,1.0,9.957257210755285,2.7403473828184666,-0.0001312421272947743,nan,nan,nan
12.233333333333333,track,18.91696463044352,9.84409493897688e-05,0.02498949906829345,6.519538604245295e-06,2.6923993520777678e-08,13.0,2.02058537177545,1.0,9.957257210755285,2.7403473828184666,-0.00013127435058245314,nan,nan,nan
12.2375,track,18.916964657609388,9.848191293343366e-05,0.024989499171498303,6.519808035834701e-06,2.476916514948524e-08,13.0,2.02058537177545,1.0,9.957257210755285,2.7403473828184666,-0.0001313040126127864,nan,nan,nan
12.241666666666667,track,18.91696468477629,9.852288006594532e-05,0.024989499266442464,6.5200560712646555e-06,2.278659859411558e-08,13.0,2.02058537177545,1.0,9.957257210755285,2.7403473828184666,-0.00013133131792142515,nan,nan,nan
12.245833333333334,track,18.91696471194414,9.856385049879675e-05,0.024989499353787473,6.520284368657151e-06,2.096280196650646e-08,13.0,2.02058537177545,1.0,9.957257210755285,2.7403473828184666,-0.0001313564551999939,nan,nan,nan
12.25,track,18.916964739112867,9.860482396632823e-05,0.02498949943414133,6.5204945274807384e-06,1.928492544128746e-08,13.0,2.02058537177545,1.0,9.957257210755285,2.7403473828184666,-0.00013137959784387585,nan,nan,nan
12.254166666666666,track,18.9169647662824,9.864580022390972e-05,0.024989499508062753,6.520688031122318e-06,1.7741142131766363e-08,13.0,2.02058537177545,1.0,9.957257210755285,2.7403473828184666,-0.0001314009050681075,nan,nan,nan
12.258333333333333,track,18.916964793452678,9.868677904680257e-05,0.02498949957606671,6.520866169472395e-06,1.6320949584869293e-08,13.0,2.02058537177545,1.0,9.957257210755285,2.7403473828184666,-0.0001314205237608876,nan,nan,nan
12.2625,track,18.916964820623637,9.872776022827227e-05,0.02498949963862694,6.521030171365524e-06,1.501445557466896e-08,13.0,2.02058537177545,1.0,9.957257210755285,2.7403473828184666,-0.0001314385890602597,nan,nan,nan
12.266666666666666,track,18.916964847795224,9.876874357762131e-05,0.024989499696178117,6.521181220191551e-06,1.3812282519121144e-08,13.0,2.02058537177545,1.0,9.957257210755285,2.7403473828184666,-0.00013145522478794381,nan,nan,nan
12.270833333333334,track,18.91696487496739,9.880972892002278e-05,0.024989499749121555,6.521320288530366e-06,1.2706425037145586e-08,13.0,2.02058537177545,1.0,9.957257210755285,2.7403473828184666,-0.00013147054547638738,nan,nan,nan
12.275,track,18.91696490214009,9.885071609447991e-05,0.024989499797826255,6.521448338100114e-06,1.168912783233722e-08,13.0,2.02058537177545,1.0,9.957257210755285,2.7403473828184666,-0.00013148465645809206,nan,nan,nan
12.279166666666667,track,18.916964929313284,9.88917049525457e-05,0.02498949984263079,6.5215662979524085e-06,1.0753088600101712e-08,13.0,2.02058537177545,1.0,9.957257210755285,2.7403473828184666,-0.00013149765418302639,nan,nan,nan
12.283333333333333,track,18.91696495648693,9.893269535776355e-05,0.024989499883846855,6.521674961893433e-06,9.891856000976418e-09,13.0,2.02058537177545,1.0,9.957257210755285,2.7403473828184666,-0.0001315096275163813,nan,nan,nan
12.2875,track,18.916964983660993,9.897368718506042e-05,0.024989499921762404,6.521775013825537e-06,9.099732037332053e-09,13.0,2.02058537177545,1.0,9.957257210755285,2.7403473828184666,-0.00013152065878760394,nan,nan,nan
12.291666666666666,track,18.91696501083544,9.901468031889155e-05,0.024989499956641237,6.521867195183468e-06,8.370920033529128e-09,13.0,2.02058537177545,1.0,9.957257210755285,2.7403473828184666,-0.00013153082323100386,nan,nan,nan
12.295833333333333,track,18.91696503801024,9.905567465284079e-05,0.02498949998872578,6.521952160320772e-06,7.700290412249178e-09,13.0,2.02058537177545,1.0,9.957257210755285,2.7403473828184666,-0.0001315401898288822,nan,nan,nan
12.3,track,18.916965065185366,9.909667008948046e-05,0.024989500018240123,6.522030422870177e-06,7.083442270239271e-09,13.0,2.02058537177545,1.0,9.957257210755285,2.7403473828184666,-0.0001315488226576266,nan,nan,nan
12.304166666666667,track,18.916965092360794,9.913766653879956e-05,0.02498950004538965,6.522102560198546e-06,6.5158868023385e-09,13.0,2.02058537177545,1.0,9.957257210755285,2.7403473828184666,-0.0001315567802675686,nan,nan,nan
12.308333333333334,track,18.9169651195365,9.91786639181375e-05,0.024989500070363532,6.52216905221179e-06,5.993731344577924e-09,13.0,2.02058537177545,1.0,9.957257210755285,2.7403473828184666,-0.00013156411662551304,nan,nan,nan
12.3125,track,18.91696514671246,9.92196621515355e-05,0.02498950009333613,6.522230330649227e-06,5.513422732250639e-09,13.0,2.02058537177545,1.0,9.957257210755285,2.7403473828184666,-0.00013157088157047782,nan,nan,nan
12.316666666666666,track,18.916965173888656,9.926066116876802e-05,0.02498950011446701,6.5222868612813554e-06,5.0714116656136454e-09,13.0,2.02058537177545,1.0,9.957257210755285,2.7403473828184666,-0.00013157712048571523,nan,nan,nan
12.320833333333333,track,18.916965201065068,9.930166090582095e-05,0.024989500133904354,6.5223389461043035e-06,4.664962624523206e-09,13.0,2.02058537177545,1.0,9.957257210755285,2.7403473828184666,-0.00013158287587455928,nan,nan,nan
12.325,track,18.91696522824168,9.934266130297161e-05,0.024989500151782546,6.522387047672253e-06,4.290765756587156e-09,13.0,2.02058537177545,1.0,9.957257210755285,2.7403473828184666,-0.00013158818580778287,nan,nan,nan
12.329166666666666,track,18.916965255418475,9.93836623061969e-05,0.024989500168227423,6.522431358863629e-06,3.946770764373664e-09,13.0,2.02058537177545,1.0,9.957257210755285,2.7403473828184666,-0.00013159308652582643,nan,nan,nan
12.333333333333334,track,18.91696528259544,9.94246638651411e-05,0.024989500183353153,6.522472284006763e-06,3.630175472724151e-09,13.0,2.02058537177545,1.0,9.957257210755285,2.7403473828184666,-0.0001315976103912923,nan,nan,nan
12.3375,track,18.916965309772568,9.946566593364476e-05,0.02498950019726526,6.5225100488275485e-06,3.3389058878841027e-09,13.0,2.02058537177545,1.0,9.957257210755285,2.7403473828184666,-0.00013160178761619767,nan,nan,nan
12.341666666666667,track,18.91696533694984,9.950666846941e-05,0.024989500210061154,6.522544903854223e-06,3.071013950084467e-09,13.0,2.02058537177545,1.0,9.957257210755285,2.7403473828184666,-0.0001316056460168736,nan,nan,nan
12.345833333333333,track,18.916965364127243,9.954767143303038e-05,0.02498950022182929,6.522577138595593e-06,2.824352425545573e-09,13.0,2.02058537177545,1.0,9.957257210755285,2.7403473828184666,-0.00013160921063762708,nan,nan,nan
12.35,track,18.91696539130477,9.958867478906545e-05,0.024989500232653013,6.522606854595024e-06,2.5976937476079875e-09,13.0,2.02058537177545,1.0,9.957257210755285,2.7403473828184666,-0.00013161250556177208,nan,nan,nan
12.354166666666666,track,18.916965418482413,9.962967850410193e-05,0.024989500242607002,6.522634354370122e-06,2.3889571293400635e-09,13.0,2.02058537177545,1.0,9.957257210755285,2.7403473828184666,-0.00013161555196805472,nan,nan,nan
12.358333333333333,track,18.91696544566016,9.967068254798673e-05,0.024989500251761422,6.522659748891083e-06,2.1970609706545297e-09,13.0,2.02058537177545,1.0,9.957257210755285,2.7403473828184666,-0.0001316183699855192,nan,nan,nan
12.3625,track,18.916965472838008,9.971168689239192e-05,0.02498950026017944,6.5226832839356816e-06,2.0203237416360764e-09,13.0,2.02058537177545,1.0,9.957257210755285,2.7403473828184666,-0.00013162097738465128,nan,nan,nan
12.366666666666667,track,18.916965500015944,9.975269151217749e-05,0.024989500267921277,6.522704971461303e-06,1.8580416163982427e-09,13.0,2.02058537177545,1.0,9.957257210755285,2.7403473828184666,-0.00013162339183304828,nan,nan,nan
12.370833333333334,track,18.916965527193966,9.979369638305781e-05,0.02498950027503977,6.5227251274834775e-06,1.7084382936127795e-09,13.0,2.02058537177545,1.0,9.957257210755285,2.7403473828184666,-0.00013162562796131767,nan,nan,nan
12.375,track,18.916965554372066,9.983470148362818e-05,0.024989500281585524,6.52274374323498e-06,1.5709807690833522e-09,13.0,2.02058537177545,1.0,9.957257210755285,2.7403473828184666,-0.00013162770050052043,nan,nan,nan
12.379166666666666,track,18.916965581550237,9.987570679361754e-05,0.02498950028760384,6.522761026955583e-06,1.4443964288513023e-09,13.0,2.02058537177545,1.0,9.957257210755285,2.7403473828184666,-0.00013162962217886872,nan,nan,nan
12.383333333333333,track,18.916965608728475,9.991671229468664e-05,0.0249895002931372,6.522777029174227e-06,1.3280064478649045e-09,13.0,2.02058537177545,1.0,9.957257210755285,2.7403473828184666,-0.00013163140524889542,nan,nan,nan
12.3875,track,18.916965635906774,9.995771797000234e-05,0.024989500298224665,6.522791856237054e-06,1.2209912247929111e-09,13.0,2.02058537177545,1.0,9.957257210755285,2.7403473828184666,-0.0001316330609437668,nan,nan,nan
12.391666666666666,track,18.91696566308513,9.999872380395553e-05,0.024989500302901906,6.522805613590333e-06,1.122537680864344e-09,13.0,2.02058537177545,1.0,9.957257210755285,2.7403473828184666,-0.00013163459948769833,nan,nan,nan
12.395833333333334,track,18.916965690263538,0.0001000397297818296,0.02498950030720096,6.5228184429092986e-06,1.0317729726150304e-09,13.0,2.02058537177545,1.0,9.957257210755285,2.7403473828184666,-0.000131636029749201,nan,nan,nan
12.4,track,18.916965717441997,0.0001000807358907889,0.024989500311152893,6.522830322263094e-06,9.484641821932982e-10,13.0,2.02058537177545,1.0,9.957257210755285,2.7403473828184666,-0.00013163736081439219,nan,nan,nan
12.404166666666667,track,18.9169657446205,0.00010012174211842304,0.024989500314784894,6.5228413962901175e-06,8.716798741148502e-10,13.0,2.02058537177545,1.0,9.957257210755285,2.7403473828184666,-0.0001316386003764581,nan,nan,nan
12.408333333333333,track,18.91696577179905,0.00010016274845380503,0.024989500318123137,6.522851679372541e-06,8.011785887496181e-10,13.0,2.02058537177545,1.0,9.957257210755285,2.7403473828184666,-0.00013163975599959812,nan,nan,nan
12.4125,track,18.91696579897764,0.00010020375488652336,0.024989500321190815,6.52286126949724e-06,7.362428791624076e-10,13.0,2.02058537177545,1.0,9.957257210755285,2.7403473828184666,-0.0001316408343047585,nan,nan,nan
12.416666666666666,track,18.916965826156265,0.00010024476140711852,0.02498950032400967,6.52287022140608e-06,6.765251345242085e-10,13.0,2.02058537177545,1.0,9.957257210755285,2.7403473828184666,-0.00013164184139345528,nan,nan,nan
12.420833333333333,track,18.916965853334926,0.00010028576800675561,0.024989500326599263,6.522878587174844e-06,6.215023704014833e-10,13.0,2.02058537177545,1.0,9.957257210755285,2.7403473828184666,-0.0001316427828675824,nan,nan,nan
12.425,track,18.91696588051362,0.00010032677467768336,0.024989500328978457,6.522886374556583e-06,5.710068598507867e-10,13.0,2.02058537177545,1.0,9.957257210755285,2.7403473828184666,-0.0001316436642584371,nan,nan,nan
12.429166666666667,track,18.916965907692344,0.00010036778141239639,0.02498950033116383,6.5228936714680275e-06,5.244893963585184e-10,13.0,2.02058537177545,1.0,9.957257210755285,2.7403473828184666,-0.00013164449025122939,nan,nan,nan
12.433333333333334,track,18.916965934871097,0.00010040878820412422,0.024989500333170944,6.522900510779542e-06,4.81707528032782e-10,13.0,2.02058537177545,1.0,9.957257210755285,2.7403473828184666,-0.000131645265221045,nan,nan,nan
12.4375,track,18.916965962049876,0.00010044979504649577,0.024989500335013747,6.522906934294461e-06,4.4227319723200154e-10,13.0,2.02058537177545,1.0,9.957257210755285,2.7403473828184666,-0.00013164599314137318,nan,nan,nan
12.441666666666666,track,18.91696598922868,0.00010049080193391411,0.02498950033670565,6.522912954388165e-06,4.0605688950146046e-10,13.0,2.02058537177545,1.0,9.957257210755285,2.7403473828184666,-0.00013164667787023617,nan,nan,nan
12.445833333333333,track,18.916966016407507,0.00010053180886120394,0.024989500338259,6.522918591884764e-06,3.7280364906244756e-10,13.0,2.02058537177545,1.0,9.957257210755285,2.7403473828184666,-0.00013164732306430242,nan,nan,nan
12.45,track,18.916966043586356,0.0001005728158233919,0.02498950033968461,6.5229239146950125e-06,3.4214709537794263e-10,13.0,2.02058537177545,1.0,9.957257210755285,2.7403473828184666,-0.00013164793172966712,nan,nan,nan
12.454166666666666,track,18.916966070765227,0.00010061382281588417,0.024989500340992458,6.522928949446302e-06,3.1388330129500375e-10,13.0,2.02058537177545,1.0,9.957257210755285,2.7403473828184666,-0.0001316485066198046,nan,nan,nan
12.458333333333334,track,18.91696609794412,0.00010065482983481565,0.024989500342192522,6.522933671769295e-06,2.880150840045559e-10,13.0,2.02058537177545,1.0,9.957257210755285,2.7403473828184666,-0.00013164905072367305,nan,nan,nan
12.4625,track,18.91696612512303,0.00010069583687627779,0.024989500343293135,6.522938148422252e-06,2.641466698150019e-10,13.0,2.02058537177545,1.0,9.957257210755285,2.7403473828184666,-0.00013164956638650919,nan,nan,nan
12.466666666666667,track,18.916966152301956,0.00010073684393680739,0.024989500344302255,6.522942391072663e-06,2.421884498504667e-10,13.0,2.02058537177545,1.0,9.957257210755285,2.7403473828184666,-0.00013165005584601068,nan,nan,nan
12.470833333333333,track,18.916966179480898,0.00010077785101307534,0.024989500345226862,6.522946425434983e-06,2.219062295027996e-10,13.0,2.02058537177545,1.0,9.957257210755285,2.7403473828184666,-0.00013165052109203302,nan,nan,nan
12.475,track,18.916966206659858,0.00010081885810226074,0.02498950034607405,6.522950247801687e-06,2.033248916455399e-10,13.0,2.02058537177545,1.0,9.957257210755285,2.7403473828184666,-0.0001316509641526543,nan,nan,nan
12.479166666666666,track,18.91696623383883,0.00010085986520174085,0.02498950034685033,6.522953863296519e-06,1.8630749026860016e-10,13.0,2.02058537177545,1.0,9.957257210755285,2.7403473828184666,-0.00013165138700479338,nan,nan,nan
12.483333333333333,track,18.91696626101782,0.00010090087230883191,0.02498950034756072,6.522957344122733e-06,1.704939592284127e-10,13.0,2.02058537177545,1.0,9.957257210755285,2.7403473828184666,-0.00013165179093323472,nan,nan,nan
12.4875,track,18.91696628819682,0.00010094187942144461,0.024989500348211152,6.522960635067521e-06,1.561033871610995e-10,13.0,2.02058537177545,1.0,9.957257210755285,2.7403473828184666,-0.0001316521777560734,nan,nan,nan
12.491666666666667,track,18.916966315375838,0.00010098288653711668,0.024989500348805517,6.522963827892253e-06,1.4264749798043042e-10,13.0,2.02058537177545,1.0,9.957257210755285,2.7403473828184666,-0.00013165254840673157,nan,nan,nan
12.495833333333334,track,18.916966342554865,0.00010102389365440246,0.024989500349349426,6.522966826913847e-06,1.3053817748964747e-10,13.0,2.02058537177545,1.0,9.957257210755285,2.7403473828184666,-0.00013165290474383986,nan,nan,nan
12.5,track,18.916966369733906,0.00010106490077125756,0.024989500349846396,6.522969733750627e-06,1.192729248700175e-10,13.0,2.02058537177545,1.0,9.957257210755285,2.7403473828184666,-0.00013165324764259748,nan,nan,nan
12.504166666666666,track,18.916966396912958,0.00010110590788579881,0.024989500350299596,6.522972559499333e-06,1.0876759909406175e-10,13.0,2.02058537177545,1.0,9.957257210755285,2.7403473828184666,-0.00013165357787830946,nan,nan,nan
12.508333333333333,track,18.91696642409202,0.00010114691499700134,0.024989500350713637,6.522975217998652e-06,9.936965139623055e-11,13.0,2.02058537177545,1.0,9.957257210755285,2.7403473828184666,-0.00013165389705477662,nan,nan,nan
12.5125,track,18.916966451271094,0.00010118792210311116,0.02498950035109085,6.52297783142643e-06,9.053092997479695e-11,13.0,2.02058537177545,1.0,9.957257210755285,2.7403473828184666,-0.0001316542055961118,nan,nan,nan
12.516666666666666,track,18.916966478450178,0.00010122892920297567,0.024989500351434414,6.522980339285031e-06,8.245593791089689e-11,13.0,2.02058537177545,1.0,9.957257210755285,2.7403473828184666,-0.00013165450451510136,nan,nan,nan
12.520833333333334,track,18.916966505629272,0.00010126993629541618,0.024989500351747032,6.522982767332611e-06,7.502839322048871e-11,13.0,2.02058537177545,1.0,9.957257210755285,2.7403473828184666,-0.00013165479457335984,nan,nan,nan
12.525,track,18.916966532808377,0.000101310943379344,0.024989500352031187,6.522985120942987e-06,6.81975170779836e-11,13.0,2.02058537177545,1.0,9.957257210755285,2.7403473828184666,-0.00013165507648219593,nan,nan,nan
12.529166666666667,track,18.916966559987493,0.00010135195045375978,0.024989500352289154,6.522987405382331e-06,6.19123849410208e-11,13.0,2.02058537177545,1.0,9.957257210755285,2.7403473828184666,-0.00013165535090260192,nan,nan,nan
12.533333333333333,track,18.916966587166616,0.0001013929575178634,0.024989500352523335,6.522989610608333e-06,5.620302140352251e-11,13.0,2.02058537177545,1.0,9.957257210755285,2.7403473828184666,-0.0001316556185923588,nan,nan,nan
12.5375,track,18.91696661434575,0.00010143396457045872,0.024989500352734777,6.5229918082577386e-06,5.074620584855083e-11,13.0,2.02058537177545,1.0,9.957257210755285,2.7403473828184666,-0.00013165587962026944,nan,nan,nan
12.541666666666666,track,18.91696664152489,0.0001014749716111438,0.024989500352926124,6.522993907329106e-06,4.5923445601836477e-11,13.0,2.02058537177545,1.0,9.957257210755285,2.7403473828184666,-0.00013165613493389624,nan,nan,nan
12.545833333333333,track,18.916966668704042,0.00010151597863905161,0.024989500353098746,6.522995968051642e-06,4.142933218709288e-11,13.0,2.02058537177545,1.0,9.957257210755285,2.7403473828184666,-0.00013165638489559095,nan,nan,nan
12.55,track,18.9169666958832,0.00010155698565342914,0.0249895003532538,6.522998001597451e-06,3.721295493974708e-11,13.0,2.02058537177545,1.0,9.957257210755285,2.7403473828184666,-0.0001316566297653083,nan,nan,nan
12.554166666666667,track,18.916966723062366,0.0001015979926540284,0.02498950035339357,6.5229999469650175e-06,3.354521521670151e-11,13.0,2.02058537177545,1.0,9.957257210755285,2.7403473828184666,-0.00013165687038906818,nan,nan,nan
12.558333333333334,track,18.916966750241542,0.00010163899963980904,0.024989500353518136,6.523001915653743e-06,2.989620356830258e-11,13.0,2.02058537177545,1.0,9.957257210755285,2.7403473828184666,-0.00013165710653745367,nan,nan,nan
12.5625,track,18.916966777420726,0.00010168000661074541,0.024989500353629835,6.5230037866824875e-06,2.6808097408625997e-11,13.0,2.02058537177545,1.0,9.957257210755285,2.7403473828184666,-0.0001316573391510723,nan,nan,nan
12.566666666666666,track,18.916966804599916,0.00010172101356588615,0.024989500353728607,6.5230056914611845e-06,2.3705128138207243e-11,13.0,2.02058537177545,1.0,9.957257210755285,2.7403473828184666,-0.00013165756789980732,nan,nan,nan
12.570833333333333,track,18.916966831779114,0.00010176202050503034,0.024989500353816044,6.523007534379462e-06,2.098460294419624e-11,13.0,2.02058537177545,1.0,9.957257210755285,2.7403473828184666,-0.00013165779338037757,nan,nan,nan
12.575,track,18.916966858958318,0.0001018030274280193,0.0249895003538936,6.523009314539209e-06,1.8613680041745795e-11,13.0,2.02058537177545,1.0,9.957257210755285,2.7403473828184666,-0.00013165801619214744,nan,nan,nan
12.579166666666666,track,18.91696688613753,0.00010184403433401246,0.024989500353960928,6.523011134242872e-06,1.615858141734705e-11,13.0,2.02058537177545,1.0,9.957257210755285,2.7403473828184666,-0.0001316582359516249,nan,nan,nan
12.583333333333334,track,18.91696691331675,0.00010188504122302988,0.024989500354019742,6.523012887432144e-06,1.4115562885219646e-11,13.0,2.02058537177545,1.0,9.957257210755285,2.7403473828184666,-0.0001316584533008323,nan,nan,nan
12.5875,track,18.91696694049598,0.0001019260480944078,0.02498950035406982,6.523014664650116e-06,1.2018656903034497e-11,13.0,2.02058537177545,1.0,9.957257210755285,2.7403473828184666,-0.00013165866800448795,nan,nan,nan
12.591666666666667,track,18.91696696767521,0.00010196705494845182,0.024989500354113264,6.523016339412425e-06,1.0427013419356257e-11,13.0,2.02058537177545,1.0,9.957257210755285,2.7403473828184666,-0.00013165888104872984,nan,nan,nan
12.595833333333333,track,18.916966994854455,0.00010200806178429922,0.024989500354149253,6.5230180791685e-06,8.637021653434829e-12,13.0,2.02058537177545,1.0,9.957257210755285,2.7403473828184666,-0.0001316590918030331,nan,nan,nan
12.6,track,18.916967022033703,0.00010204906860206016,0.024989500354179215,6.523019752445768e-06,7.191226780722815e-12,13.0,2.02058537177545,1.0,9.957257210755285,2.7403473828184666,-0.0001316593009100639,nan,nan,nan
12.604166666666666,track,18.916967049212957,0.00010209007540129094,0.02498950035420305,6.523021445255934e-06,5.720701690137275e-12,13.0,2.02058537177545,1.0,9.957257210755285,2.7403473828184666,-0.00013165950817838932,nan,nan,nan
12.608333333333333,track,18.91696707639222,0.00010213108218190205,0.02498950035422152,6.523023107112138e-06,4.43283604267819e-12,13.0,2.02058537177545,1.0,9.957257210755285,2.7403473828184666,-0.00013165971390640375,nan,nan,nan
12.6125,track,18.916967103571487,0.00010217208894382539,0.02498950035423532,6.523024737548905e-06,3.311337315459184e-12,13.0,2.02058537177545,1.0,9.957257210755285,2.7403473828184666,-0.0001316599183940781,nan,nan,nan
12.616666666666667,track,18.916967130750763,0.00010221309568664039,0.02498950035424434,6.52302639307766e-06,2.16487244797392e-12,13.0,2.02058537177545,1.0,9.957257210755285,2.7403473828184666,-0.0001316601213986546,nan,nan,nan
12.620833333333334,track,18.916967157930046,0.0001022541024104344,0.024989500354249468,6.52302800239754e-06,1.2307446728421212e-12,13.0,2.02058537177545,1.0,9.957257210755285,2.7403473828184666,-0.00013166032336537405,nan,nan,nan
12.625,track,18.916967185109336,0.00010229510911480876,0.02498950035425046,6.523029631294116e-06,2.377611996173812e-13,13.0,2.02058537177545,1.0,9.957257210755285,2.7403473828184666,-0.00013166052410313632,nan,nan,nan
12.629166666666666,track,18.916967212288633,0.00010233611579976323,0.024989500354247934,6.523031239868934e-06,-6.063483048990292e-13,13.0,2.02058537177545,1.0,9.957257210755285,2.7403473828184666,-0.00013166072380892067,nan,nan,nan
12.633333333333333,track,18.916967239467937,0.0001023771224652954,0.02498950035424244,6.523032822461356e-06,-1.3187367864375688e-12,13.0,2.02058537177545,1.0,9.957257210755285,2.7403473828184666,-0.00013166092273068515,nan,nan,nan
12.6375,track,18.916967266647248,0.00010241812911091961,0.024989500354233394,6.523034445360968e-06,-2.1708052022617608e-12,13.0,2.02058537177545,1.0,9.957257210755285,2.7403473828184666,-0.00013166112047939378,nan,nan,nan
12.641666666666666,track,18.916967293826566,0.00010245913573690044,0.02498950035422188,6.52303601218542e-06,-2.7637267474567295e-12,13.0,2.02058537177545,1.0,9.957257210755285,2.7403473828184666,-0.00013166131759641703,nan,nan,nan
12.645833333333334,track,18.916967321005888,0.00010250014234312436,0.024989500354208105,6.523037568037528e-06,-3.305584972412845e-12,13.0,2.02058537177545,1.0,9.957257210755285,2.7403473828184666,-0.0001316615141832912,nan,nan,nan
12.65,track,18.916967348185217,0.0001025411489292831,0.024989500354191688,6.523039154356812e-06,-3.940361925636182e-12,13.0,2.02058537177545,1.0,9.957257210755285,2.7403473828184666,-0.00013166170994709136,nan,nan,nan
12.654166666666667,track,18.916967375364553,0.00010258215549539866,0.024989500354173175,6.52304072032633e-06,-4.443320711366994e-12,13.0,2.02058537177545,1.0,9.957257210755285,2.7403473828184666,-0.0001316619050848224,nan,nan,nan
12.658333333333333,track,18.916967402543897,0.00010262316204140339,0.02498950035415271,6.523042280862833e-06,-4.912181772454005e-12,13.0,2.02058537177545,1.0,9.957257210755285,2.7403473828184666,-0.00013166209964732961,nan,nan,nan
12.6625,track,18.916967429723247,0.00010266416856723133,0.02498950035413043,6.523043835969202e-06,-5.346292852870249e-12,13.0,2.02058537177545,1.0,9.957257210755285,2.7403473828184666,-0.00013166229368627522,nan,nan,nan
12.666666666666666,track,18.916967456902604,0.00010270517507281466,0.024989500354106485,6.523045385843933e-06,-5.746916831306237e-12,13.0,2.02058537177545,1.0,9.957257210755285,2.7403473828184666,-0.00013166248725143085,nan,nan,nan
12.670833333333333,track,18.916967484081965,0.00010274618155808658,0.024989500354081012,6.5230469303993115e-06,-6.113450023992328e-12,13.0,2.02058537177545,1.0,9.957257210755285,2.7403473828184666,-0.00013166268039341918,nan,nan,nan
12.675,track,18.916967511261333,0.00010278718802289278,0.02498950035405382,6.523048490197409e-06,-6.526397478001655e-12,13.0,2.02058537177545,1.0,9.957257210755285,2.7403473828184666,-0.00013166287296562874,nan,nan,nan
12.679166666666667,track,18.91696753844071,0.00010282819446740847,0.024989500354025647,6.523050014294803e-06,-6.761126380983029e-12,13.0,2.02058537177545,1.0,9.957257210755285,2.7403473828184666,-0.00013166306531161036,nan,nan,nan
12.683333333333334,track,18.91696756562009,0.00010286920089145527,0.024989500353996302,6.523051548160624e-06,-7.042602612195026e-12,13.0,2.02058537177545,1.0,9.957257210755285,2.7403473828184666,-0.00013166325733497426,nan,nan,nan
12.6875,track,18.91696759279948,0.00010291020729501196,0.024989500353965858,6.523053082078231e-06,-7.30675936422287e-12,13.0,2.02058537177545,1.0,9.957257210755285,2.7403473828184666,-0.0001316634490361624,nan,nan,nan
12.691666666666666,track,18.916967619978873,0.00010295121367803423,0.024989500353934387,6.523054610578565e-06,-7.55354112591533e-12,13.0,2.02058537177545,1.0,9.957257210755285,2.7403473828184666,-0.00013166364046664556,nan,nan,nan
12.695833333333333,track,18.916967647158273,0.00010299222004047651,0.024989500353902024,6.523056139213408e-06,-7.766780274476304e-12,13.0,2.02058537177545,1.0,9.957257210755285,2.7403473828184666,-0.0001316638316248875,nan,nan,nan
12.7,track,18.91696767433768,0.00010303322638220724,0.02498950035386851,6.523057683025513e-06,-8.043218868714064e-12,13.0,2.02058537177545,1.0,9.957257210755285,2.7403473828184666,-0.00013166402236497161,nan,nan,nan
12.704166666666666,track,18.916967701517095,0.0001030742327035334,0.02498950035383478,6.523059170577134e-06,-8.094989956131116e-12,13.0,2.02058537177545,1.0,9.957257210755285,2.7403473828184666,-0.0001316642132277296,nan,nan,nan
12.708333333333334,track,18.916967728696516,0.00010311523900383744,0.02498950035379951,6.5230607446875106e-06,-8.46465258996787e-12,13.0,2.02058537177545,1.0,9.957257210755285,2.7403473828184666,-0.00013166440337856257,nan,nan,nan
12.7125,track,18.91696775587594,0.00010315624528369349,0.024989500353764096,6.523062227111927e-06,-8.49928460944227e-12,13.0,2.02058537177545,1.0,9.957257210755285,2.7403473828184666,-0.0001316645937027892,nan,nan,nan
12.716666666666667,track,18.916967783055373,0.00010319725154272477,0.024989500353727816,6.523063765314545e-06,-8.707271015317986e-12,13.0,2.02058537177545,1.0,9.957257210755285,2.7403473828184666,-0.00013166478365954487,nan,nan,nan
12.720833333333333,track,18.916967810234812,0.00010323825778112983,0.02498950035369127,6.523065262748314e-06,-8.771365578308377e-12,13.0,2.02058537177545,1.0,9.957257210755285,2.7403473828184666,-0.00013166497364290383,nan,nan,nan
12.725,track,18.91696783741426,0.0001032792639987973,0.02498950035365419,6.523066780572153e-06,-8.898985714989038e-12,13.0,2.02058537177545,1.0,9.957257210755285,2.7403473828184666,-0.00013166516345512123,nan,nan,nan
12.729166666666666,track,18.91696786459371,0.00010332027019568274,0.02498950035361665,6.523068293189721e-06,-9.009799850634437e-12,13.0,2.02058537177545,1.0,9.957257210755285,2.7403473828184666,-0.00013166535314654534,nan,nan,nan
12.733333333333333,track,18.916967891773165,0.00010336127637154584,0.024989500353578123,6.5230698414265e-06,-9.246721444089445e-12,13.0,2.02058537177545,1.0,9.957257210755285,2.7403473828184666,-0.000131665542375014,nan,nan,nan
12.7375,track,18.91696791895263,0.00010340228252695712,0.02498950035354007,6.523071303179406e-06,-9.13255582268846e-12,13.0,2.02058537177545,1.0,9.957257210755285,2.7403473828184666,-0.00013166573197301575,nan,nan,nan
12.741666666666667,track,18.9169679461321,0.000103443288661298,0.024989500353501098,6.523072845885145e-06,-9.353122443211959e-12,13.0,2.02058537177545,1.0,9.957257210755285,2.7403473828184666,-0.0001316659211574191,nan,nan,nan
12.745833333333334,track,18.91696797331158,0.00010348429477481336,0.024989500353461737,6.523074353324062e-06,-9.446492199582934e-12,13.0,2.02058537177545,1.0,9.957257210755285,2.7403473828184666,-0.0001316661102718953,nan,nan,nan
12.75,track,18.91696800049106,0.00010352530086761097,0.024989500353422393,6.523075850667193e-06,-9.442308046558878e-12,13.0,2.02058537177545,1.0,9.957257210755285,2.7403473828184666,-0.00013166629941148287,nan,nan,nan
12.754166666666666,track,18.91696802767055,0.00010356630693942633,0.024989500353382467,6.5230773730086315e-06,-9.58221696434336e-12,13.0,2.02058537177545,1.0,9.957257210755285,2.7403473828184666,-0.00013166648833435986,nan,nan,nan
12.758333333333333,track,18.916968054850045,0.00010360731299037008,0.024989500353342294,6.523078880319901e-06,-9.641488996070535e-12,13.0,2.02058537177545,1.0,9.957257210755285,2.7403473828184666,-0.00013166667718683185,nan,nan,nan
12.7625,track,18.91696808202955,0.00010364831902044088,0.02498950035330187,6.523080387611039e-06,-9.701052461341675e-12,13.0,2.02058537177545,1.0,9.957257210755285,2.7403473828184666,-0.00013166686596793474,nan,nan,nan
12.766666666666666,track,18.916968109209055,0.00010368932502974841,0.02498950035326154,6.523081879602775e-06,-9.679763934844487e-12,13.0,2.02058537177545,1.0,9.957257210755285,2.7403473828184666,-0.00013166705482449368,nan,nan,nan
12.770833333333334,track,18.91696813638857,0.00010373033101805083,0.024989500353220697,6.5230834018695645e-06,-9.802325617869201e-12,13.0,2.02058537177545,1.0,9.957257210755285,2.7403473828184666,-0.00013166724346431953,nan,nan,nan
12.775,track,18.91696816356809,0.00010377133698556754,0.02498950035317994,6.523084888687051e-06,-9.781238319295227e-12,13.0,2.02058537177545,1.0,9.957257210755285,2.7403473828184666,-0.00013166743222959115,nan,nan,nan
12.779166666666667,track,18.916968190747617,0.00010381234293205585,0.024989500353138745,6.52308641101525e-06,-9.886987062390773e-12,13.0,2.02058537177545,1.0,9.957257210755285,2.7403473828184666,-0.00013166762077711095,nan,nan,nan
12.783333333333333,track,18.91696821792715,0.00010385334885762666,0.024989500353097376,6.5230879129944316e-06,-9.929126965069202e-12,13.0,2.02058537177545,1.0,9.957257210755285,2.7403473828184666,-0.00013166780930397797,nan,nan,nan
12.7875,track,18.916968245106688,0.00010389435476227879,0.0249895003530559,6.523089420186099e-06,-9.954231883213538e-12,13.0,2.02058537177545,1.0,9.957257210755285,2.7403473828184666,-0.00013166799775919476,nan,nan,nan
12.791666666666666,track,18.916968272286233,0.00010393536064598988,0.024989500353014317,6.523090922030943e-06,-9.979378434721298e-12,13.0,2.02058537177545,1.0,9.957257210755285,2.7403473828184666,-0.00013166818619359197,nan,nan,nan
12.795833333333333,track,18.916968299465786,0.0001039763665087814,0.02498950035297256,6.523092423979645e-06,-1.0021761198686363e-11,13.0,2.02058537177545,1.0,9.957257210755285,2.7403473828184666,-0.00013166837460613397,nan,nan,nan
12.8,track,18.916968326645343,0.0001040173723506313,0.024989500352930696,6.523093925828414e-06,-1.00468661168307e-11,13.0,2.02058537177545,1.0,9.957257210755285,2.7403473828184666,-0.00013166856299738963,nan,nan,nan
12.804166666666667,track,18.916968353824906,0.00010405837817153929,0.0249895003528888,6.523095433013849e-06,-1.005489441707752e-11,13.0,2.02058537177545,1.0,9.957257210755285,2.7403473828184666,-0.0001316687513162519,nan,nan,nan
12.808333333333334,track,18.916968381004477,0.00010409938397150559,0.0249895003528468,6.523096934788461e-06,-1.0079680146102277e-11,13.0,2.02058537177545,1.0,9.957257210755285,2.7403473828184666,-0.00013166893961426748,nan,nan,nan
12.8125,track,18.916968408184054,0.00010414038975052942,0.0249895003528047,6.523098436656465e-06,-1.0104646286368535e-11,13.0,2.02058537177545,1.0,9.957257210755285,2.7403473828184666,-0.0001316691278902958,nan,nan,nan
12.816666666666666,track,18.91696843536364,0.00010418139550861056,0.024989500352762494,6.523099938495333e-06,-1.012969569336164e-11,13.0,2.02058537177545,1.0,9.957257210755285,2.7403473828184666,-0.00013166931614442209,nan,nan,nan
12.820833333333333,track,18.916968462543228,0.00010422240124572646,0.024989500352720254,6.523101440316565e-06,-1.0137682360245037e-11,13.0,2.02058537177545,1.0,9.957257210755285,2.7403473828184666,-0.000131669504376501,nan,nan,nan
12.825,track,18.916968489722823,0.00010426340696198699,0.024989500352678246,6.523102921523787e-06,-1.0081893653257623e-11,13.0,2.02058537177545,1.0,9.957257210755285,2.7403473828184666,-0.00013166969278427277,nan,nan,nan
12.829166666666666,track,18.916968516902426,0.00010430441265706136,0.024989500352635603,6.523104459115077e-06,-1.0234202374448387e-11,13.0,2.02058537177545,1.0,9.957257210755285,2.7403473828184666,-0.00013166988082524174,nan,nan,nan
12.833333333333334,track,18.916968544082035,0.00010434541833141263,0.024989500352593456,6.523105925359775e-06,-1.0115054627224396e-11,13.0,2.02058537177545,1.0,9.957257210755285,2.7403473828184666,-0.00013167006918733332,nan,nan,nan
12.8375,track,18.91696857126165,0.0001043864239845548,0.024989500352550677,6.52310745742417e-06,-1.0267162120491946e-11,13.0,2.02058537177545,1.0,9.957257210755285,2.7403473828184666,-0.00013167025723388834,nan,nan,nan
12.841666666666667,track,18.91696859844127,0.00010442742961686367,0.024989500352508128,6.523108944230346e-06,-1.021151219138261e-11,13.0,2.02058537177545,1.0,9.957257210755285,2.7403473828184666,-0.00013167044540391649,nan,nan,nan
12.845833333333333,track,18.916968625620896,0.00010446843522807312,0.024989500352465284,6.523110461140951e-06,-1.0282982798592855e-11,13.0,2.02058537177545,1.0,9.957257210755285,2.7403473828184666,-0.00013167063340462556,nan,nan,nan
12.85,track,18.91696865280053,0.00010450944081866678,0.02498950035242327,6.523111912128628e-06,-1.0083531232218945e-11,13.0,2.02058537177545,1.0,9.957257210755285,2.7403473828184666,-0.0001316708218713815,nan,nan,nan
12.854166666666666,track,18.91696867998017,0.00010455044638780804,0.02498950035238009,6.523113479858133e-06,-1.036260660614019e-11,13.0,2.02058537177545,1.0,9.957257210755285,2.7403473828184666,-0.00013167100967828956,nan,nan,nan
12.858333333333333,track,18.916968707159814,0.00010459145193633605,0.024989500352337747,6.523114930986228e-06,-1.0162516661527121e-11,13.0,2.02058537177545,1.0,9.957257210755285,2.7403473828184666,-0.00013167119795249582,nan,nan,nan
12.862499999999999,track,18.916968734339466,0.00010463245746365255,0.02498950035229477,6.52311646292499e-06,-1.0314582521431248e-11,13.0,2.02058537177545,1.0,9.957257210755285,2.7403473828184666,-0.00013167138591020235,nan,nan,nan
12.866666666666667,track,18.916968761519126,0.00010467346297022152,0.02498950035225236,6.5231179291439986e-06,-1.0178295706264606e-11,13.0,2.02058537177545,1.0,9.957257210755285,2.7403473828184666,-0.00013167157418763465,nan,nan,nan
12.870833333333334,track,18.91696878869879,0.00010471446845557872,0.024989500352209315,6.523119461256715e-06,-1.0330541977410235e-11,13.0,2.02058537177545,1.0,9.957257210755285,2.7403473828184666,-0.00013167176214755896,nan,nan,nan
12.875,track,18.91696881587846,0.00010475547391994639,0.02498950035216631,6.523120963224805e-06,-1.0321292431836326e-11,13.0,2.02058537177545,1.0,9.957257210755285,2.7403473828184666,-0.00013167195008341557,nan,nan,nan
12.879166666666666,track,18.916968843058136,0.00010479647936345472,0.024989500352123536,6.52312244446673e-06,-1.0265614747151375e-11,13.0,2.02058537177545,1.0,9.957257210755285,2.7403473828184666,-0.0001316721381921008,nan,nan,nan
12.883333333333333,track,18.91696887023782,0.00010483748478586118,0.024989500352080467,6.523123961357275e-06,-1.033698127095306e-11,13.0,2.02058537177545,1.0,9.957257210755285,2.7403473828184666,-0.0001316723261299234,nan,nan,nan
12.8875,track,18.916968897417508,0.00010487849018751798,0.024989500352037963,6.523125427441799e-06,-1.0200694455786419e-11,13.0,2.02058537177545,1.0,9.957257210755285,2.7403473828184666,-0.0001316725143867975,nan,nan,nan
12.891666666666666,track,18.916968924597203,0.00010491949556807168,0.024989500351995163,6.523126944244947e-06,-1.0272040162906393e-11,13.0,2.02058537177545,1.0,9.957257210755285,2.7403473828184666,-0.00013167270247228338,nan,nan,nan
12.895833333333334,track,18.916968951776905,0.00010496050092752504,0.02498950035195207,6.5231284612053175e-06,-1.0342705858423784e-11,13.0,2.02058537177545,1.0,9.957257210755285,2.7403473828184666,-0.00013167289038765702,nan,nan,nan
12.9,track,18.916968978956614,0.0001050015062659866,0.024989500351908944,6.5231299577297955e-06,-1.0350456602914448e-11,13.0,2.02058537177545,1.0,9.957257210755285,2.7403473828184666,-0.00013167307832882407,nan,nan,nan
12.904166666666667,track,18.916969006136327,0.00010504251158358657,0.02498950035186612,6.523131444332269e-06,-1.027793128383081e-11,13.0,2.02058537177545,1.0,9.957257210755285,2.7403473828184666,-0.00013167326639034052,nan,nan,nan
12.908333333333333,track,18.916969033316047,0.0001050835168800836,0.024989500351823,6.523132961151141e-06,-1.0348964740725108e-11,13.0,2.02058537177545,1.0,9.957257210755285,2.7403473828184666,-0.00013167345428050274,nan,nan,nan
12.9125,track,18.916969060495774,0.00010512452215569705,0.02498950035178018,6.5231344424891375e-06,-1.0276376971596335e-11,13.0,2.02058537177545,1.0,9.957257210755285,2.7403473828184666,-0.00013167364234181286,nan,nan,nan
12.916666666666666,track,18.916969087675508,0.00010516552741020652,0.024989500351737064,6.523135959372401e-06,-1.0347660228671174e-11,13.0,2.02058537177545,1.0,9.957257210755285,2.7403473828184666,-0.00013167383023080206,nan,nan,nan
12.920833333333333,track,18.916969114855245,0.00010520653264396463,0.02498950035169452,6.523137425360991e-06,-1.021103340770324e-11,13.0,2.02058537177545,1.0,9.957257210755285,2.7403473828184666,-0.00013167401843815354,nan,nan,nan
12.924999999999999,track,18.91696914203499,0.00010524753785637558,0.024989500351651074,6.523138972638504e-06,-1.042664565797935e-11,13.0,2.02058537177545,1.0,9.957257210755285,2.7403473828184666,-0.0001316742061795244,nan,nan,nan
12.929166666666667,track,18.91696916921474,0.00010528854304803564,0.0249895003516082,6.523140438888717e-06,-1.0290192309359014e-11,13.0,2.02058537177545,1.0,9.957257210755285,2.7403473828184666,-0.00013167439423834284,nan,nan,nan
12.933333333333334,track,18.9169691963945,0.00010532954821869987,0.02498950035156536,6.5231419403434815e-06,-1.0280637452453334e-11,13.0,2.02058537177545,1.0,9.957257210755285,2.7403473828184666,-0.00013167458227125048,nan,nan,nan
12.9375,track,18.916969223574267,0.00010537055336823687,0.02498950035152223,6.523143452020595e-06,-1.035212887634529e-11,13.0,2.02058537177545,1.0,9.957257210755285,2.7403473828184666,-0.0001316747701814738,nan,nan,nan
12.941666666666666,track,18.916969250754036,0.00010541155849680144,0.024989500351479062,6.523144953855753e-06,-1.0359740842957876e-11,13.0,2.02058537177545,1.0,9.957257210755285,2.7403473828184666,-0.00013167495806489066,nan,nan,nan
12.945833333333333,track,18.916969277933813,0.00010545256360447997,0.0249895003514362,6.523146434989843e-06,-1.0286854701391235e-11,13.0,2.02058537177545,1.0,9.957257210755285,2.7403473828184666,-0.00013167514611874383,nan,nan,nan
12.95,track,18.916969305113597,0.00010549356869105231,0.02498950035139304,6.523147951835494e-06,-1.0358047752845323e-11,13.0,2.02058537177545,1.0,9.957257210755285,2.7403473828184666,-0.00013167533399903374,nan,nan,nan
12.954166666666666,track,18.916969332293387,0.00010553457375673887,0.024989500351350186,6.523149433083603e-06,-1.0285099161233546e-11,13.0,2.02058537177545,1.0,9.957257210755285,2.7403473828184666,-0.00013167552204930522,nan,nan,nan
12.958333333333334,track,18.916969359473182,0.00010557557880131863,0.024989500351307037,6.52315094991327e-06,-1.0356271396005923e-11,13.0,2.02058537177545,1.0,9.957257210755285,2.7403473828184666,-0.00013167570992576842,nan,nan,nan
12.9625,track,18.916969386652983,0.00010561658382501207,0.02498950035126419,6.5231524311493205e-06,-1.0283308926606338e-11,13.0,2.02058537177545,1.0,9.957257210755285,2.7403473828184666,-0.00013167589797193326,nan,nan,nan
12.966666666666667,track,18.916969413832792,0.00010565758882746641,0.02498950035122078,6.5231539631924896e-06,-1.041797897949337e-11,13.0,2.02058537177545,1.0,9.957257210755285,2.7403473828184666,-0.00013167608569755458,nan,nan,nan
12.970833333333333,track,18.916969441012608,0.00010569859380916592,0.02498950035117794,6.52315542937154e-06,-1.0281706042114536e-11,13.0,2.02058537177545,1.0,9.957257210755285,2.7403473828184666,-0.00013167627373833043,nan,nan,nan
12.975,track,18.916969468192427,0.00010573959876986645,0.024989500351135067,6.523156925525537e-06,-1.0289352703196641e-11,13.0,2.02058537177545,1.0,9.957257210755285,2.7403473828184666,-0.000131676461801845,nan,nan,nan
12.979166666666666,track,18.916969495372253,0.0001057806037093287,0.024989500351091636,6.523158457517931e-06,-1.042343295010184e-11,13.0,2.02058537177545,1.0,9.957257210755285,2.7403473828184666,-0.00013167664954565118,nan,nan,nan
12.983333333333333,track,18.916969522552087,0.0001058216086280353,0.024989500351048775,6.523159923694911e-06,-1.0287097562677872e-11,13.0,2.02058537177545,1.0,9.957257210755285,2.7403473828184666,-0.00013167683760403656,nan,nan,nan
12.987499999999999,track,18.916969549731927,0.00010586261352563248,0.024989500351005615,6.5231614403910535e-06,-1.035822122519292e-11,13.0,2.02058537177545,1.0,9.957257210755285,2.7403473828184666,-0.0001316770254874131,nan,nan,nan
12.991666666666667,track,18.91696957691177,0.00010590361840234137,0.02498950035096276,6.523162921593663e-06,-1.0285189366854297e-11,13.0,2.02058537177545,1.0,9.957257210755285,2.7403473828184666,-0.00013167721353940387,nan,nan,nan
12.995833333333334,track,18.916969604091623,0.00010594462325780924,0.024989500350919343,6.523164453601934e-06,-1.0419783091908386e-11,13.0,2.02058537177545,1.0,9.957257210755285,2.7403473828184666,-0.00013167740126977898,nan,nan,nan
13.0,track,18.91696963127148,0.00010598562809252083,0.024989500350876496,6.523165919681777e-06,-1.0283190965409972e-11,13.0,2.02058537177545,1.0,9.957257210755285,2.7403473828184666,-0.0001316775893148487,nan,nan,nan
13.004166666666666,track,18.916969658451347,0.00010602663290623158,0.024989500350833617,6.523167415817564e-06,-1.0290761298659135e-11,13.0,2.02058537177545,1.0,9.957257210755285,2.7403473828184666,-0.0001316777773814143,nan,nan,nan
13.008333333333333,track,18.916969685631216,0.00010606763769881071,0.024989500350790513,6.523168932670534e-06,-1.0344738954337629e-11,13.0,2.02058537177545,1.0,9.957257210755285,2.7403473828184666,-0.00013167796527235523,nan,nan,nan
13.0125,track,18.916969712811092,0.00010610864247039021,0.024989500350747377,6.523170429157541e-06,-1.0352475821040485e-11,13.0,2.02058537177545,1.0,9.957257210755285,2.7403473828184666,-0.00013167815318410368,nan,nan,nan
13.016666666666666,track,18.916969739990975,0.00010614964722096991,0.024989500350704283,6.523171930746802e-06,-1.0342629530590841e-11,13.0,2.02058537177545,1.0,9.957257210755285,2.7403473828184666,-0.00013167834106662824,nan,nan,nan
13.020833333333334,track,18.916969767170865,0.00010619065195054913,0.024989500350661158,6.523173427048875e-06,-1.0350123536007061e-11,13.0,2.02058537177545,1.0,9.957257210755285,2.7403473828184666,-0.00013167852897028162,nan,nan,nan
13.025,track,18.91696979435076,0.00010623165665912748,0.02498950035061807,6.5231749286788564e-06,-1.0340547862419669e-11,13.0,2.02058537177545,1.0,9.957257210755285,2.7403473828184666,-0.0001316787168439152,nan,nan,nan
13.029166666666667,track,18.91696982153066,0.00010627266134670434,0.024989500350574952,6.5231764250454535e-06,-1.0348250034653006e-11,13.0,2.02058537177545,1.0,9.957257210755285,2.7403473828184666,-0.00013167890473764985,nan,nan,nan
13.033333333333333,track,18.91696984871057,0.00010631366601338947,0.02498950035053214,6.523177906118633e-06,-1.027514184848144e-11,13.0,2.02058537177545,1.0,9.957257210755285,2.7403473828184666,-0.00013167909279824077,nan,nan,nan
13.0375,track,18.916969875890484,0.00010635467065896264,0.02498950035048903,6.523179422875967e-06,-1.0346112855330603e-11,13.0,2.02058537177545,1.0,9.957257210755285,2.7403473828184666,-0.000131679280681867,nan,nan,nan
13.041666666666666,track,18.916969903070402,0.00010639567528364422,0.02498950035044623,6.523180904017936e-06,-1.0272949158007805e-11,13.0,2.02058537177545,1.0,9.957257210755285,2.7403473828184666,-0.0001316794687322614,nan,nan,nan
13.045833333333333,track,18.91696993025033,0.00010643667988708151,0.024989500350402864,6.5231824359893484e-06,-1.0407411044077719e-11,13.0,2.02058537177545,1.0,9.957257210755285,2.7403473828184666,-0.00013167965645896601,nan,nan,nan
13.049999999999999,track,18.91696995743026,0.00010647768446975925,0.02498950035036007,6.523183902019212e-06,-1.0270700956382939e-11,13.0,2.02058537177545,1.0,9.957257210755285,2.7403473828184666,-0.0001316798444984272,nan,nan,nan
13.054166666666667,track,18.9169699846102,0.00010651868903119134,0.024989500350316714,6.523185433854552e-06,-1.0405169781346757e-11,13.0,2.02058537177545,1.0,9.957257210755285,2.7403473828184666,-0.00013168003221404533,nan,nan,nan
13.058333333333334,track,18.91697001179015,0.00010655969357186337,0.02498950035027393,6.5231868998952805e-06,-1.026841112139465e-11,13.0,2.02058537177545,1.0,9.957257210755285,2.7403473828184666,-0.00013168022024192123,nan,nan,nan
13.0625,track,18.9169700389701,0.00010660069809139971,0.024989500350230853,6.5231884110477795e-06,-1.0338736811110749e-11,13.0,2.02058537177545,1.0,9.957257210755285,2.7403473828184666,-0.0001316804081440286,nan,nan,nan
13.066666666666666,track,18.916970066150057,0.0001066417025898236,0.02498950035018748,6.5231899279719e-06,-1.040956210118793e-11,13.0,2.02058537177545,1.0,9.957257210755285,2.7403473828184666,-0.00013168059586815838,nan,nan,nan
13.070833333333333,track,18.916970093330022,0.00010668270706748587,0.02498950035014468,6.523191393882852e-06,-1.0272824257917534e-11,13.0,2.02058537177545,1.0,9.957257210755285,2.7403473828184666,-0.00013168078390412866,nan,nan,nan
13.075,track,18.916970120509994,0.0001067237115240103,0.024989500350101577,6.523192905212644e-06,-1.0344003431583815e-11,13.0,2.02058537177545,1.0,9.957257210755285,2.7403473828184666,-0.00013168097181203003,nan,nan,nan
13.079166666666666,track,18.91697014768997,0.00010676471595953154,0.024989500350058518,6.523194406832214e-06,-1.0333990607680477e-11,13.0,2.02058537177545,1.0,9.957257210755285,2.7403473828184666,-0.00013168115968845018,nan,nan,nan
13.083333333333334,track,18.916970174869952,0.0001068057203740482,0.024989500350015428,6.523195903076438e-06,-1.0341318079643003e-11,13.0,2.02058537177545,1.0,9.957257210755285,2.7403473828184666,-0.00013168134758351257,nan,nan,nan
13.0875,track,18.916970202049942,0.00010684672476755943,0.02498950034997238,6.5231974047147975e-06,-1.033181179499465e-11,13.0,2.02058537177545,1.0,9.957257210755285,2.7403473828184666,-0.00013168153544543796,nan,nan,nan
13.091666666666667,track,18.91697022922994,0.00010688772914006557,0.0249895003499293,6.523198900955334e-06,-1.0339125389169368e-11,13.0,2.02058537177545,1.0,9.957257210755285,2.7403473828184666,-0.00013168172332565285,nan,nan,nan
13.095833333333333,track,18.91697025640994,0.00010692873349167578,0.024989500349886524,6.523200381943414e-06,-1.026587148622582e-11,13.0,2.02058537177545,1.0,9.957257210755285,2.7403473828184666,-0.000131681911370504,nan,nan,nan
13.1,track,18.916970283589947,0.00010696973782203811,0.02498950034984319,6.523201913854128e-06,-1.0400180716629848e-11,13.0,2.02058537177545,1.0,9.957257210755285,2.7403473828184666,-0.0001316820990896229,nan,nan,nan
13.104166666666666,track,18.916970310769962,0.00010701074213163736,0.024989500349800426,6.523203379842117e-06,-1.0263324912163085e-11,13.0,2.02058537177545,1.0,9.957257210755285,2.7403473828184666,-0.0001316822871192775,nan,nan,nan
13.108333333333333,track,18.916970337949984,0.00010705174641998745,0.024989500349757103,6.523204911627561e-06,-1.0397675775930537e-11,13.0,2.02058537177545,1.0,9.957257210755285,2.7403473828184666,-0.0001316824748229457,nan,nan,nan
13.112499999999999,track,18.91697036513001,0.00010709275068744208,0.024989500349714085,6.523206392820463e-06,-1.0324290034002814e-11,13.0,2.02058537177545,1.0,9.957257210755285,2.7403473828184666,-0.0001316826626905205,nan,nan,nan
13.116666666666667,track,18.91697039231004,0.00010713375493388917,0.024989500349671036,6.523207888933523e-06,-1.0331555055920205e-11,13.0,2.02058537177545,1.0,9.957257210755285,2.7403473828184666,-0.00013168285057539952,nan,nan,nan
13.120833333333334,track,18.91697041949008,0.00010717475915943825,0.024989500349628293,6.523209369975249e-06,-1.0258495442005966e-11,13.0,2.02058537177545,1.0,9.957257210755285,2.7403473828184666,-0.000131683038623191,nan,nan,nan
13.125,track,18.916970446670128,0.0001072157633638701,0.024989500349585254,6.523210886579059e-06,-1.0328959909600144e-11,13.0,2.02058537177545,1.0,9.957257210755285,2.7403473828184666,-0.00013168322649125815,nan,nan,nan
13.129166666666666,track,18.916970473850178,0.00010725676754729461,0.024989500349542185,6.5232123829322266e-06,-1.033641228165294e-11,13.0,2.02058537177545,1.0,9.957257210755285,2.7403473828184666,-0.00013168341437565082,nan,nan,nan
13.133333333333333,track,18.916970501030235,0.00010729777170957934,0.024989500349498893,6.5232138996717465e-06,-1.0390070748211855e-11,13.0,2.02058537177545,1.0,9.957257210755285,2.7403473828184666,-0.0001316836020794544,nan,nan,nan
13.1375,track,18.9169705282103,0.00010733877585098848,0.024989500349455837,6.523215380747009e-06,-1.0333726929712128e-11,13.0,2.02058537177545,1.0,9.957257210755285,2.7403473828184666,-0.00013168378994623641,nan,nan,nan
13.141666666666666,track,18.91697055539037,0.00010737977997149882,0.024989500349413087,6.523216861478248e-06,-1.0259737504014765e-11,13.0,2.02058537177545,1.0,9.957257210755285,2.7403473828184666,-0.0001316839779768413,nan,nan,nan
13.145833333333334,track,18.916970582570446,0.0001074207840707588,0.02498950034936978,6.523218393275761e-06,-1.0393706728617502e-11,13.0,2.02058537177545,1.0,9.957257210755285,2.7403473828184666,-0.00013168416568056556,nan,nan,nan
13.15,track,18.91697060975053,0.00010746178814912033,0.024989500349326777,6.523219874478707e-06,-1.0320515275719089e-11,13.0,2.02058537177545,1.0,9.957257210755285,2.7403473828184666,-0.0001316843535462821,nan,nan,nan
13.154166666666667,track,18.916970636930618,0.00010750279220647188,0.024989500349283746,6.523221370564719e-06,-1.0327662336440113e-11,13.0,2.02058537177545,1.0,9.957257210755285,2.7403473828184666,-0.0001316845414277574,nan,nan,nan
13.158333333333333,track,18.916970664110714,0.00010754379624281383,0.024989500349240756,6.523222872065784e-06,-1.031774665705143e-11,13.0,2.02058537177545,1.0,9.957257210755285,2.7403473828184666,-0.00013168472927397912,nan,nan,nan
13.1625,track,18.916970691290814,0.00010758480025814554,0.024989500349197735,6.523224368296913e-06,-1.0325143517952995e-11,13.0,2.02058537177545,1.0,9.957257210755285,2.7403473828184666,-0.0001316849171351405,nan,nan,nan
13.166666666666666,track,18.91697071847092,0.00010762580425257665,0.02498950034915502,6.523225849215694e-06,-1.0251681448192329e-11,13.0,2.02058537177545,1.0,9.957257210755285,2.7403473828184666,-0.00013168510515817442,nan,nan,nan
13.170833333333333,track,18.916970745651035,0.00010766680822575525,0.024989500349111744,6.52322738105022e-06,-1.0385831084036568e-11,13.0,2.02058537177545,1.0,9.957257210755285,2.7403473828184666,-0.00013168529285276394,nan,nan,nan
13.174999999999999,track,18.916970772831156,0.00010770781217805704,0.024989500349068706,6.523228862132827e-06,-1.0329098687478222e-11,13.0,2.02058537177545,1.0,9.957257210755285,2.7403473828184666,-0.00013168548070940147,nan,nan,nan
13.179166666666667,track,18.91697080001128,0.0001077488161093249,0.02498950034902571,6.5232303581499645e-06,-1.0319176069195635e-11,13.0,2.02058537177545,1.0,9.957257210755285,2.7403473828184666,-0.00013168566858102676,nan,nan,nan
13.183333333333334,track,18.916970827191413,0.00010778982001958115,0.02498950034898268,6.5232318543829785e-06,-1.0326496602264257e-11,13.0,2.02058537177545,1.0,9.957257210755285,2.7403473828184666,-0.00013168585646663208,nan,nan,nan
13.1875,track,18.916970854371552,0.00010783082390882631,0.024989500348939698,6.5232333557728376e-06,-1.0316247855968186e-11,13.0,2.02058537177545,1.0,9.957257210755285,2.7403473828184666,-0.00013168604431665392,nan,nan,nan
13.191666666666666,track,18.9169708815517,0.00010787182777705934,0.024989500348896684,6.5232348519868586e-06,-1.0323540633461192e-11,13.0,2.02058537177545,1.0,9.957257210755285,2.7403473828184666,-0.00013168623218036583,nan,nan,nan
13.195833333333333,track,18.916970908731848,0.0001079128316243899,0.024989500348853975,6.5232363328911224e-06,-1.0250009174761487e-11,13.0,2.02058537177545,1.0,9.957257210755285,2.7403473828184666,-0.00013168642020467723,nan,nan,nan
13.2,track,18.916970935912005,0.00010795383545046601,0.024989500348810707,6.5232378646959365e-06,-1.0384089421666687e-11,13.0,2.02058537177545,1.0,9.957257210755285,2.7403473828184666,-0.00013168660789942153,nan,nan,nan
13.204166666666666,track,18.91697096309217,0.0001079948392556629,0.024989500348767676,6.523239345805007e-06,-1.0327530497455939e-11,13.0,2.02058537177545,1.0,9.957257210755285,2.7403473828184666,-0.0001316867957545283,nan,nan,nan
13.208333333333334,track,18.91697099027234,0.00010803584303982395,0.024989500348724686,6.5232408417937e-06,-1.031755236802212e-11,13.0,2.02058537177545,1.0,9.957257210755285,2.7403473828184666,-0.00013168698362348998,nan,nan,nan
13.2125,track,18.916971017452518,0.00010807684680286229,0.0249895003486814,6.52324235848078e-06,-1.038803765229801e-11,13.0,2.02058537177545,1.0,9.957257210755285,2.7403473828184666,-0.00013168717130872934,nan,nan,nan
13.216666666666667,track,18.9169710446327,0.0001081178505451289,0.02498950034863869,6.523243824306961e-06,-1.0251181847831248e-11,13.0,2.02058537177545,1.0,9.957257210755285,2.7403473828184666,-0.00013168735929955757,nan,nan,nan
13.220833333333333,track,18.91697107181289,0.00010815885426624904,0.02498950034859568,6.523245335358594e-06,-1.032145896529002e-11,13.0,2.02058537177545,1.0,9.957257210755285,2.7403473828184666,-0.0001316875471579181,nan,nan,nan
13.225,track,18.916971098993084,0.00010819985796624677,0.024989500348552383,6.523246852066476e-06,-1.0391555671507291e-11,13.0,2.02058537177545,1.0,9.957257210755285,2.7403473828184666,-0.00013168773483270032,nan,nan,nan
13.229166666666666,track,18.916971126173287,0.00010824086164534013,0.02498950034850939,6.523248333092243e-06,-1.031819074626128e-11,13.0,2.02058537177545,1.0,9.957257210755285,2.7403473828184666,-0.00013168792266628014,nan,nan,nan
13.233333333333333,track,18.916971153353494,0.00010828186530352786,0.024989500348466705,6.523249813861782e-06,-1.0244589898622536e-11,13.0,2.02058537177545,1.0,9.957257210755285,2.7403473828184666,-0.00013168811065897773,nan,nan,nan
13.237499999999999,track,18.916971180533707,0.0001083228689404587,0.02498950034842346,6.523251345631271e-06,-1.037857300101308e-11,13.0,2.02058537177545,1.0,9.957257210755285,2.7403473828184666,-0.0001316882983206329,nan,nan,nan
13.241666666666667,track,18.916971207713928,0.00010836387255650783,0.024989500348380454,6.523252826698881e-06,-1.032193774896939e-11,13.0,2.02058537177545,1.0,9.957257210755285,2.7403473828184666,-0.00013168848614124264,nan,nan,nan
13.245833333333334,track,18.916971234894156,0.00010840487615151869,0.02498950034833749,6.523254322664863e-06,-1.0311827780551397e-11,13.0,2.02058537177545,1.0,9.957257210755285,2.7403473828184666,-0.0001316886739741003,nan,nan,nan
13.25,track,18.916971262074387,0.00010844587972551396,0.024989500348294495,6.5232558187393356e-06,-1.0318738918879689e-11,13.0,2.02058537177545,1.0,9.957257210755285,2.7403473828184666,-0.0001316888618192357,nan,nan,nan
13.254166666666666,track,18.916971289254626,0.00010848688327860293,0.024989500348251807,6.523257299587245e-06,-1.0245054804514098e-11,13.0,2.02058537177545,1.0,9.957257210755285,2.7403473828184666,-0.00013168904982267525,nan,nan,nan
13.258333333333333,track,18.91697131643487,0.0001085278868104332,0.02498950034820856,6.52325883140828e-06,-1.037924607372176e-11,13.0,2.02058537177545,1.0,9.957257210755285,2.7403473828184666,-0.0001316892374935579,nan,nan,nan
13.2625,track,18.916971343615124,0.00010856889032138088,0.02498950034816555,6.5232603123881595e-06,-1.0322291632558489e-11,13.0,2.02058537177545,1.0,9.957257210755285,2.7403473828184666,-0.00013168942532322618,nan,nan,nan
13.266666666666666,track,18.91697137079538,0.00010860989381142067,0.024989500348122848,6.523261793106435e-06,-1.024862833487461e-11,13.0,2.02058537177545,1.0,9.957257210755285,2.7403473828184666,-0.00013168961331079182,nan,nan,nan
13.270833333333334,track,18.916971397975644,0.00010865089728020138,0.024989500348079587,6.523263324839269e-06,-1.0382521231644404e-11,13.0,2.02058537177545,1.0,9.957257210755285,2.7403473828184666,-0.00013168980096604348,nan,nan,nan
13.275,track,18.916971425155914,0.00010869190072796592,0.0249895003480363,6.523264821155912e-06,-1.0389578086744677e-11,13.0,2.02058537177545,1.0,9.957257210755285,2.7403473828184666,-0.00013168998863197107,nan,nan,nan
13.279166666666667,track,18.916971452336192,0.0001087329041549543,0.02498950034799358,6.523266286758826e-06,-1.0252319826431489e-11,13.0,2.02058537177545,1.0,9.957257210755285,2.7403473828184666,-0.0001316901766016163,nan,nan,nan
13.283333333333333,track,18.916971479516473,0.00010877390756079165,0.02498950034795057,6.523267797812618e-06,-1.0322714905086627e-11,13.0,2.02058537177545,1.0,9.957257210755285,2.7403473828184666,-0.0001316903644357386,nan,nan,nan
13.2875,track,18.91697150669676,0.00010881491094561166,0.0249895003479076,6.5232692992886294e-06,-1.031243840321494e-11,13.0,2.02058537177545,1.0,9.957257210755285,2.7403473828184666,-0.00013169055222964342,nan,nan,nan
13.291666666666666,track,18.916971533877057,0.00010885591430941339,0.024989500347864603,6.523270795317685e-06,-1.031923851924077e-11,13.0,2.02058537177545,1.0,9.957257210755285,2.7403473828184666,-0.00013169074003416907,nan,nan,nan
13.295833333333333,track,18.91697156105736,0.00010889691765217427,0.024989500347821648,6.5232722913350535e-06,-1.0308975895156891e-11,13.0,2.02058537177545,1.0,9.957257210755285,2.7403473828184666,-0.00013169092784908113,nan,nan,nan
13.299999999999999,track,18.916971588237665,0.00010893792097391683,0.024989500347778665,6.523273787312434e-06,-1.0315498455426564e-11,13.0,2.02058537177545,1.0,9.957257210755285,2.7403473828184666,-0.00013169111567478228,nan,nan,nan
13.304166666666667,track,18.916971615417978,0.00010897892427453013,0.02498950034773539,6.523275303943734e-06,-1.0386039250853685e-11,13.0,2.02058537177545,1.0,9.957257210755285,2.7403473828184666,-0.0001316913033127424,nan,nan,nan
13.308333333333334,track,18.9169716425983,0.00010901992755423524,0.024989500347692425,6.523276784722887e-06,-1.031155022479524e-11,13.0,2.02058537177545,1.0,9.957257210755285,2.7403473828184666,-0.00013169149110804496,nan,nan,nan
13.3125,track,18.916971669778626,0.00010906093081291994,0.02498950034764943,6.52327828063551e-06,-1.0318336463033262e-11,13.0,2.02058537177545,1.0,9.957257210755285,2.7403473828184666,-0.00013169167891307845,nan,nan,nan
13.316666666666666,track,18.916971696958957,0.00010910193405069424,0.024989500347606747,6.523279761415946e-06,-1.0244513570789593e-11,13.0,2.02058537177545,1.0,9.957257210755285,2.7403473828184666,-0.00013169186687403788,nan,nan,nan
13.320833333333333,track,18.916971724139295,0.00010914293726733797,0.024989500347563767,6.523281277884366e-06,-1.031476293267275e-11,13.0,2.02058537177545,1.0,9.957257210755285,2.7403473828184666,-0.0001316920546470678,nan,nan,nan
13.325,track,18.91697175131964,0.00010918394046282968,0.024989500347520496,6.52328278924741e-06,-1.0385262094736447e-11,13.0,2.02058537177545,1.0,9.957257210755285,2.7403473828184666,-0.00013169224228256994,nan,nan,nan
13.329166666666666,track,18.916971778499992,0.00010922494363754274,0.024989500347477798,6.523284254912852e-06,-1.0247837300969564e-11,13.0,2.02058537177545,1.0,9.957257210755285,2.7403473828184666,-0.0001316924302198361,nan,nan,nan
13.333333333333334,track,18.916971805680348,0.00010926594679110146,0.024989500347434804,6.5232857659165725e-06,-1.0318100540640529e-11,13.0,2.02058537177545,1.0,9.957257210755285,2.7403473828184666,-0.0001316926180196373,nan,nan,nan
13.3375,track,18.91697183286071,0.0001093069499236396,0.024989500347391783,6.523287262010973e-06,-1.0324754939894376e-11,13.0,2.02058537177545,1.0,9.957257210755285,2.7403473828184666,-0.00013169280582822905,nan,nan,nan
13.341666666666667,track,18.91697186004108,0.0001093479530351561,0.024989500347348807,6.523288763322815e-06,-1.0314402110189747e-11,13.0,2.02058537177545,1.0,9.957257210755285,2.7403473828184666,-0.00013169299359449513,nan,nan,nan
13.345833333333333,track,18.916971887221457,0.00010938895612565076,0.024989500347305803,6.523290259303212e-06,-1.0321021814974074e-11,13.0,2.02058537177545,1.0,9.957257210755285,2.7403473828184666,-0.00013169318136923503,nan,nan,nan
13.35,track,18.916971914401838,0.00010942995919510104,0.02498950034726284,6.523291755265072e-06,-1.0310641229693829e-11,13.0,2.02058537177545,1.0,9.957257210755285,2.7403473828184666,-0.00013169336915227293,nan,nan,nan
13.354166666666666,track,18.916971941582226,0.00010947096224352891,0.02498950034721985,6.5232932512402914e-06,-1.0317281751159868e-11,13.0,2.02058537177545,1.0,9.957257210755285,2.7403473828184666,-0.00013169355694347864,nan,nan,nan
13.358333333333333,track,18.91697196876262,0.00010951196527093361,0.024989500347176834,6.5232947472769565e-06,-1.0324151256124736e-11,13.0,2.02058537177545,1.0,9.957257210755285,2.7403473828184666,-0.00013169374474196946,nan,nan,nan
13.362499999999999,track,18.916971995943022,0.00010955296827731577,0.02498950034713386,6.5232962485012316e-06,-1.0313479237300527e-11,13.0,2.02058537177545,1.0,9.957257210755285,2.7403473828184666,-0.00013169393249796814,nan,nan,nan
13.366666666666667,track,18.91697202312343,0.0001095939712626747,0.02498950034709086,6.523297744450536e-06,-1.0320085064297047e-11,13.0,2.02058537177545,1.0,9.957257210755285,2.7403473828184666,-0.0001316941202617272,nan,nan,nan
13.370833333333334,track,18.916972050303844,0.00010963497422711971,0.02498950034704817,6.523299225178992e-06,-1.0246130333069203e-11,13.0,2.02058537177545,1.0,9.957257210755285,2.7403473828184666,-0.00013169430817928604,nan,nan,nan
13.375,track,18.916972077484264,0.00010967597717040836,0.024989500347005186,6.523300736243075e-06,-1.0316247855968186e-11,13.0,2.02058537177545,1.0,9.957257210755285,2.7403473828184666,-0.00013169449595783027,nan,nan,nan
13.379166666666666,track,18.91697210466469,0.00010971698009256412,0.02498950034696191,6.523302252859226e-06,-1.0386316806609841e-11,13.0,2.02058537177545,1.0,9.957257210755285,2.7403473828184666,-0.00013169468354620354,nan,nan,nan
13.383333333333333,track,18.91697213184512,0.00010975798299404682,0.02498950034691947,6.523303697958274e-06,-1.0185532972606381e-11,13.0,2.02058537177545,1.0,9.957257210755285,2.7403473828184666,-0.00013169487163100784,nan,nan,nan
13.3875,track,18.91697215902556,0.00010979898587426125,0.024989500346876473,6.523305229372393e-06,-1.0319196885877346e-11,13.0,2.02058537177545,1.0,9.957257210755285,2.7403473828184666,-0.00013169505937885736,nan,nan,nan
13.391666666666666,track,18.916972186206003,0.00010983998873345277,0.024989500346833452,6.523306725444862e-06,-1.0325393318133536e-11,13.0,2.02058537177545,1.0,9.957257210755285,2.7403473828184666,-0.00013169524713407268,nan,nan,nan
13.395833333333334,track,18.916972213386455,0.00010988099157148735,0.024989500346790136,6.523308236586289e-06,-1.0395483085456902e-11,13.0,2.02058537177545,1.0,9.957257210755285,2.7403473828184666,-0.00013169543474945758,nan,nan,nan
13.4,track,18.916972240566913,0.00010992199438873858,0.024989500346747396,6.52330970217163e-06,-1.0257870941554614e-11,13.0,2.02058537177545,1.0,9.957257210755285,2.7403473828184666,-0.00013169562266394285,nan,nan,nan
13.404166666666667,track,18.916972267747376,0.00010996299718472119,0.024989500346704097,6.523311233654544e-06,-1.0391486282568252e-11,13.0,2.02058537177545,1.0,9.957257210755285,2.7403473828184666,-0.00013169581024097846,nan,nan,nan
13.408333333333333,track,18.916972294927845,0.00011000399995992072,0.024989500346661375,6.523312699331663e-06,-1.0253839444196444e-11,13.0,2.02058537177545,1.0,9.957257210755285,2.7403473828184666,-0.0001316959981168233,nan,nan,nan
13.4125,track,18.91697232210832,0.0001100450027139607,0.024989500346618357,6.5233142102524425e-06,-1.0323922272625907e-11,13.0,2.02058537177545,1.0,9.957257210755285,2.7403473828184666,-0.00013169618585214446,nan,nan,nan
13.416666666666666,track,18.916972349288805,0.0001100860054470845,0.024989500346575648,6.523315691048711e-06,-1.0249807946838274e-11,13.0,2.02058537177545,1.0,9.957257210755285,2.7403473828184666,-0.00013169637373945355,nan,nan,nan
13.420833333333333,track,18.916972376469293,0.00011012700815893937,0.024989500346532384,6.523317222630455e-06,-1.0383319204443353e-11,13.0,2.02058537177545,1.0,9.957257210755285,2.7403473828184666,-0.0001316965612886202,nan,nan,nan
13.424999999999999,track,18.916972403649787,0.00011016801085001009,0.024989500346489623,6.523318682954397e-06,-1.0262707350605638e-11,13.0,2.02058537177545,1.0,9.957257210755285,2.7403473828184666,-0.00013169674918694105,nan,nan,nan
13.429166666666667,track,18.91697243083029,0.0001102090135199196,0.02498950034644664,6.523320199250618e-06,-1.0315949483530318e-11,13.0,2.02058537177545,1.0,9.957257210755285,2.7403473828184666,-0.0001316969368925095,nan,nan,nan
13.433333333333334,track,18.916972458010797,0.00011025001616880277,0.024989500346403633,6.523321695179285e-06,-1.0322111221316987e-11,13.0,2.02058537177545,1.0,9.957257210755285,2.7403473828184666,-0.00013169712460386462,nan,nan,nan
13.4375,track,18.91697248519131,0.00011029101879665757,0.024989500346360598,6.523323191135705e-06,-1.0328779498358642e-11,13.0,2.02058537177545,1.0,9.957257210755285,2.7403473828184666,-0.00013169731231943448,nan,nan,nan
13.441666666666666,track,18.916972512371828,0.00011033202140359378,0.02498950034631787,6.523324671795969e-06,-1.0254651294783201e-11,13.0,2.02058537177545,1.0,9.957257210755285,2.7403473828184666,-0.00013169750018603008,nan,nan,nan
13.445833333333333,track,18.916972539552354,0.00011037302398950084,0.024989500346275118,6.523326167578406e-06,-1.0261083649432123e-11,13.0,2.02058537177545,1.0,9.957257210755285,2.7403473828184666,-0.0001316976880571552,nan,nan,nan
13.45,track,18.916972566732888,0.00011041402655413769,0.02498950034623181,6.523327699217046e-06,-1.0394504701416452e-11,13.0,2.02058537177545,1.0,9.957257210755285,2.7403473828184666,-0.00013169787558912219,nan,nan,nan
13.454166666666666,track,18.916972593913425,0.00011045502909785668,0.024989500346188808,6.5233291800587776e-06,-1.0320300170008068e-11,13.0,2.02058537177545,1.0,9.957257210755285,2.7403473828184666,-0.00013169806327180977,nan,nan,nan
13.458333333333334,track,18.91697262109397,0.0001104960316205457,0.02498950034614578,6.523330675830637e-06,-1.032669783018747e-11,13.0,2.02058537177545,1.0,9.957257210755285,2.7403473828184666,-0.00013169825095852206,nan,nan,nan
13.4625,track,18.91697264827452,0.00011053703412231468,0.02498950034610306,6.523332156450498e-06,-1.025250023767299e-11,13.0,2.02058537177545,1.0,9.957257210755285,2.7403473828184666,-0.00013169843879563204,nan,nan,nan
13.466666666666667,track,18.916972675455078,0.00011057803660305313,0.024989500346060314,6.5233336522138e-06,-1.0258884020064585e-11,13.0,2.02058537177545,1.0,9.957257210755285,2.7403473828184666,-0.00013169862663645982,nan,nan,nan
13.470833333333333,track,18.91697270263564,0.00011061903906276187,0.024989500346017542,6.523335148013107e-06,-1.0264858407715849e-11,13.0,2.02058537177545,1.0,9.957257210755285,2.7403473828184666,-0.00013169881448138931,nan,nan,nan
13.475,track,18.91697272981621,0.00011066004150119929,0.024989500345974216,6.523336679561037e-06,-1.0397981087262309e-11,13.0,2.02058537177545,1.0,9.957257210755285,2.7403473828184666,-0.00013169900198681394,nan,nan,nan
13.479166666666666,track,18.916972756996785,0.00011070104391882634,0.024989500345931465,6.523338139898938e-06,-1.0260424454511252e-11,13.0,2.02058537177545,1.0,9.957257210755285,2.7403473828184666,-0.0001316991898385232,nan,nan,nan
13.483333333333333,track,18.916972784177368,0.00011074204631531185,0.024989500345888423,6.523339656037309e-06,-1.0330056254836961e-11,13.0,2.02058537177545,1.0,9.957257210755285,2.7403473828184666,-0.00013169937749660148,nan,nan,nan
13.487499999999999,track,18.916972811357954,0.00011078304869087602,0.02498950034584569,6.523341136805251e-06,-1.0256025195776175e-11,13.0,2.02058537177545,1.0,9.957257210755285,2.7403473828184666,-0.00013169956530342835,nan,nan,nan
13.491666666666667,track,18.91697283853855,0.00011082405104540803,0.02498950034580293,6.52334263254162e-06,-1.026233958922873e-11,13.0,2.02058537177545,1.0,9.957257210755285,2.7403473828184666,-0.00013169975311301936,nan,nan,nan
13.495833333333334,track,18.91697286571915,0.00011086505337877649,0.02498950034575988,6.523344143580747e-06,-1.0332144861902037e-11,13.0,2.02058537177545,1.0,9.957257210755285,2.7403473828184666,-0.00013169994077891976,nan,nan,nan
13.5,track,18.916972892899757,0.00011090605569111369,0.024989500345716804,6.523345639512159e-06,-1.0338375988627746e-11,13.0,2.02058537177545,1.0,9.957257210755285,2.7403473828184666,-0.00013170012844729442,nan,nan,nan
13.504166666666666,track,18.91697292008037,0.00011094705798252822,0.024989500345674036,6.5233471201065454e-06,-1.0264095129386419e-11,13.0,2.02058537177545,1.0,9.957257210755285,2.7403473828184666,-0.0001317003162643005,nan,nan,nan
13.508333333333333,track,18.916972947260987,0.0001109880602529099,0.024989500345631244,6.52334861574999e-06,-1.0270111150401107e-11,13.0,2.02058537177545,1.0,9.957257210755285,2.7403473828184666,-0.00013170050408413232,nan,nan,nan
13.5125,track,18.916972974441613,0.00011102906250201689,0.024989500345587896,6.5233501474017865e-06,-1.0403650163581801e-11,13.0,2.02058537177545,1.0,9.957257210755285,2.7403473828184666,-0.00013170069156164687,nan,nan,nan
13.516666666666666,track,18.916973001622246,0.0001110700647304433,0.02498950034554539,6.523351592408582e-06,-1.0202234890233086e-11,13.0,2.02058537177545,1.0,9.957257210755285,2.7403473828184666,-0.00013170087953108767,nan,nan,nan
13.520833333333334,track,18.916973028802882,0.00011111106693759266,0.024989500345502322,6.523353123679847e-06,-1.0335579614384471e-11,13.0,2.02058537177545,1.0,9.957257210755285,2.7403473828184666,-0.000131701067158473,nan,nan,nan
13.525,track,18.916973055983526,0.0001111520691237099,0.024989500345459232,6.523354619679564e-06,-1.0341727474383333e-11,13.0,2.02058537177545,1.0,9.957257210755285,2.7403473828184666,-0.00013170125478745938,nan,nan,nan
13.529166666666667,track,18.916973083164176,0.00011119307128890232,0.02498950034541645,6.5233561003155796e-06,-1.0267627026383508e-11,13.0,2.02058537177545,1.0,9.957257210755285,2.7403473828184666,-0.00013170144256346167,nan,nan,nan
13.533333333333333,track,18.916973110344834,0.0001112340734330598,0.024989500345373644,6.5233575960032865e-06,-1.0273851214215313e-11,13.0,2.02058537177545,1.0,9.957257210755285,2.7403473828184666,-0.00013170163034065187,nan,nan,nan
13.5375,track,18.916973137525495,0.00011127507555605102,0.024989500345330547,6.523359107000978e-06,-1.0343545464586157e-11,13.0,2.02058537177545,1.0,9.957257210755285,2.7403473828184666,-0.00013170181797253751,nan,nan,nan
13.541666666666666,track,18.916973164706164,0.00011131607765824963,0.02498950034528802,6.523360572449571e-06,-1.0205600253776481e-11,13.0,2.02058537177545,1.0,9.957257210755285,2.7403473828184666,-0.000131702005897984,nan,nan,nan
13.545833333333333,track,18.91697319188684,0.00011135707973906122,0.02498950034524461,6.523362118951222e-06,-1.0419158591457034e-11,13.0,2.02058537177545,1.0,9.957257210755285,2.7403473828184666,-0.00013170219333474855,nan,nan,nan
13.549999999999999,track,18.916973219067522,0.00011139808179905845,0.024989500345201768,6.523363579302746e-06,-1.028139379188886e-11,13.0,2.02058537177545,1.0,9.957257210755285,2.7403473828184666,-0.00013170238111518412,nan,nan,nan
13.554166666666667,track,18.916973246248208,0.00011143908383812953,0.024989500345159243,6.523365059460707e-06,-1.0206162304182698e-11,13.0,2.02058537177545,1.0,9.957257210755285,2.7403473828184666,-0.0001317025690440818,nan,nan,nan
13.558333333333334,track,18.9169732734289,0.0001114800858558126,0.024989500345115826,6.52336660619699e-06,-1.0420150853285293e-11,13.0,2.02058537177545,1.0,9.957257210755285,2.7403473828184666,-0.00013170275648249373,nan,nan,nan
13.5625,track,18.9169733006096,0.00011152108785270319,0.024989500345072985,6.5233680718151676e-06,-1.0282115436854866e-11,13.0,2.02058537177545,1.0,9.957257210755285,2.7403473828184666,-0.00013170294421375014,nan,nan,nan
13.566666666666666,track,18.91697332779031,0.00011156208982853368,0.02498950034503019,6.523369567347275e-06,-1.0271249129001347e-11,13.0,2.02058537177545,1.0,9.957257210755285,2.7403473828184666,-0.00013170313194492162,nan,nan,nan
13.570833333333333,track,18.91697335497102,0.00011160309178332754,0.024989500344987366,6.523371063113104e-06,-1.0277341477848978e-11,13.0,2.02058537177545,1.0,9.957257210755285,2.7403473828184666,-0.00013170331967577668,nan,nan,nan
13.575,track,18.91697338215174,0.00011164409371708447,0.02498950034494452,6.523372558852446e-06,-1.0283433826696609e-11,13.0,2.02058537177545,1.0,9.957257210755285,2.7403473828184666,-0.0001317035074062609,nan,nan,nan
13.579166666666666,track,18.916973409332464,0.00011168509562980419,0.024989500344901647,6.523374054595488e-06,-1.0289505358862527e-11,13.0,2.02058537177545,1.0,9.957257210755285,2.7403473828184666,-0.000131703695136139,nan,nan,nan
13.583333333333334,track,18.916973436513196,0.00011172609752146418,0.02498950034485882,6.5233755503209456e-06,-1.0278528028706546e-11,13.0,2.02058537177545,1.0,9.957257210755285,2.7403473828184666,-0.0001317038828652731,nan,nan,nan
13.5875,track,18.916973463693935,0.00011176709939208646,0.02498950034481597,6.523377046061089e-06,-1.0284599560872465e-11,13.0,2.02058537177545,1.0,9.957257210755285,2.7403473828184666,-0.00013170407059352087,nan,nan,nan
13.591666666666667,track,18.91697349087468,0.00011180810124167024,0.02498950034477309,6.523378541861543e-06,-1.0290879259855501e-11,13.0,2.02058537177545,1.0,9.957257210755285,2.7403473828184666,-0.00013170425832001199,nan,nan,nan
13.595833333333333,track,18.91697351805543,0.00011184910306997475,0.02498950034472966,6.523380073281619e-06,-1.0423703566964093e-11,13.0,2.02058537177545,1.0,9.957257210755285,2.7403473828184666,-0.00013170444570236034,nan,nan,nan
13.6,track,18.916973545236186,0.00011189010487759272,0.024989500344687065,6.523381518274413e-06,-1.0222329926978801e-11,13.0,2.02058537177545,1.0,9.957257210755285,2.7403473828184666,-0.00013170463357273167,nan,nan,nan
13.604166666666666,track,18.91697357241695,0.00011193110666403783,0.024989500344644183,6.523383028919603e-06,-1.0291933971728895e-11,13.0,2.02058537177545,1.0,9.957257210755285,2.7403473828184666,-0.0001317048212949545,nan,nan,nan
13.608333333333333,track,18.916973599597718,0.00011197210842933496,0.02498950034460101,6.523384545296915e-06,-1.0361413116388718e-11,13.0,2.02058537177545,1.0,9.957257210755285,2.7403473828184666,-0.00013170500881818474,nan,nan,nan
13.612499999999999,track,18.916973626778493,0.00011201311017381265,0.02498950034455841,6.5233860053097295e-06,-1.022332218880706e-11,13.0,2.02058537177545,1.0,9.957257210755285,2.7403473828184666,-0.0001317051966833151,nan,nan,nan
13.616666666666667,track,18.916973653959275,0.0001120541118971395,0.024989500344515525,6.523387521372382e-06,-1.0292863783512018e-11,13.0,2.02058537177545,1.0,9.957257210755285,2.7403473828184666,-0.00013170538434905977,nan,nan,nan
13.620833333333334,track,18.916973681140064,0.00011209511359942719,0.024989500344472615,6.5233890171662924e-06,-1.0298803476693763e-11,13.0,2.02058537177545,1.0,9.957257210755285,2.7403473828184666,-0.00013170557201268733,nan,nan,nan
13.625,track,18.916973708320857,0.0001121361152806524,0.02498950034442975,6.523390512847899e-06,-1.0287722063129223e-11,13.0,2.02058537177545,1.0,9.957257210755285,2.7403473828184666,-0.00013170575967396496,nan,nan,nan
13.629166666666666,track,18.916973735501657,0.0001121771169408367,0.024989500344386857,6.523392008617056e-06,-1.0293939312067124e-11,13.0,2.02058537177545,1.0,9.957257210755285,2.7403473828184666,-0.00013170594733206617,nan,nan,nan
13.633333333333333,track,18.916973762682463,0.0001122181185799807,0.024989500344343944,6.5233935042408795e-06,-1.0299601449492712e-11,13.0,2.02058537177545,1.0,9.957257210755285,2.7403473828184666,-0.00013170613498808624,nan,nan,nan
13.6375,track,18.916973789863277,0.00011225912019808407,0.024989500344301006,6.523394999871543e-06,-1.0305180320191454e-11,13.0,2.02058537177545,1.0,9.957257210755285,2.7403473828184666,-0.0001317063226417399,nan,nan,nan
13.641666666666666,track,18.916973817044095,0.00011230012179525523,0.024989500344258377,6.523396480388721e-06,-1.0230795377541568e-11,13.0,2.02058537177545,1.0,9.957257210755285,2.7403473828184666,-0.00013170651043810112,nan,nan,nan
13.645833333333334,track,18.91697384422492,0.00011234112337125227,0.02498950034421546,6.52339799118159e-06,-1.030025370551968e-11,13.0,2.02058537177545,1.0,9.957257210755285,2.7403473828184666,-0.00013170669808491031,nan,nan,nan
13.65,track,18.91697387140575,0.00011238212492620825,0.024989500344172518,6.523399486958542e-06,-1.0306144826444097e-11,13.0,2.02058537177545,1.0,9.957257210755285,2.7403473828184666,-0.00013170688572840998,nan,nan,nan
13.654166666666667,track,18.91697389858659,0.00011242312646012208,0.024989500344129553,6.5234009826303675e-06,-1.0312008191792899e-11,13.0,2.02058537177545,1.0,9.957257210755285,2.7403473828184666,-0.00013170707336834957,nan,nan,nan
13.658333333333333,track,18.916973925767433,0.00011246412797310303,0.024989500344086896,6.523402463052544e-06,-1.0237331815599049e-11,13.0,2.02058537177545,1.0,9.957257210755285,2.7403473828184666,-0.00013170726115109885,nan,nan,nan
13.6625,track,18.916973952948283,0.00011250512946490881,0.02498950034404395,6.5234039738339175e-06,-1.030675544910764e-11,13.0,2.02058537177545,1.0,9.957257210755285,2.7403473828184666,-0.00013170744878360498,nan,nan,nan
13.666666666666666,track,18.91697398012914,0.00011254613093567234,0.024989500344000982,6.523405469586224e-06,-1.0312570242199115e-11,13.0,2.02058537177545,1.0,9.957257210755285,2.7403473828184666,-0.00013170763641222043,nan,nan,nan
13.670833333333333,track,18.916974007310003,0.00011258713238550224,0.024989500343958325,6.523406950013255e-06,-1.0237859171535746e-11,13.0,2.02058537177545,1.0,9.957257210755285,2.7403473828184666,-0.00013170782418300565,nan,nan,nan
13.674999999999999,track,18.91697403449087,0.00011262813381415612,0.024989500343915377,6.5234084607827676e-06,-1.0307227293893106e-11,13.0,2.02058537177545,1.0,9.957257210755285,2.7403473828184666,-0.00013170801180304535,nan,nan,nan
13.679166666666667,track,18.916974061671745,0.00011266913522176693,0.024989500343872404,6.523409956522439e-06,-1.0313014331408965e-11,13.0,2.02058537177545,1.0,9.957257210755285,2.7403473828184666,-0.0001317081994187163,nan,nan,nan
13.683333333333334,track,18.916974088852626,0.00011271013660833375,0.024989500343829407,6.523411452167478e-06,-1.031882912450044e-11,13.0,2.02058537177545,1.0,9.957257210755285,2.7403473828184666,-0.00013170838702967105,nan,nan,nan
13.6875,track,18.916974116033515,0.00011275113797396577,0.024989500343786723,6.5234129325679856e-06,-1.0244069481579743e-11,13.0,2.02058537177545,1.0,9.957257210755285,2.7403473828184666,-0.00013170857478224079,nan,nan,nan
13.691666666666666,track,18.916974143214407,0.00011279213931855248,0.024989500343744014,6.5234144280944665e-06,-1.0249912030246833e-11,13.0,2.02058537177545,1.0,9.957257210755285,2.7403473828184666,-0.0001317087625298701,nan,nan,nan
13.695833333333333,track,18.916974170395306,0.00011283314064196252,0.024989500343701017,6.523415938932431e-06,-1.0319210763665154e-11,13.0,2.02058537177545,1.0,9.957257210755285,2.7403473828184666,-0.00013170895012604812,nan,nan,nan
13.7,track,18.916974197576213,0.00011287414194432818,0.024989500343657996,6.52341743466016e-06,-1.032495616781759e-11,13.0,2.02058537177545,1.0,9.957257210755285,2.7403473828184666,-0.0001317091377169573,nan,nan,nan
13.704166666666666,track,18.916974224757126,0.00011291514322575749,0.024989500343615287,6.523418915115918e-06,-1.0250390813926202e-11,13.0,2.02058537177545,1.0,9.957257210755285,2.7403473828184666,-0.0001317093254481352,nan,nan,nan
13.708333333333334,track,18.916974251938043,0.00011295614448614041,0.024989500343572554,6.523420410636937e-06,-1.0256163973654253e-11,13.0,2.02058537177545,1.0,9.957257210755285,2.7403473828184666,-0.00013170951317363036,nan,nan,nan
13.7125,track,18.916974279118968,0.00011299714572534553,0.024989500343529533,6.5234219214471795e-06,-1.0325448829284767e-11,13.0,2.02058537177545,1.0,9.957257210755285,2.7403473828184666,-0.00013170970074711163,nan,nan,nan
13.716666666666667,track,18.9169743062999,0.00011303814694350521,0.024989500343486487,6.523423417164204e-06,-1.0331152600073779e-11,13.0,2.02058537177545,1.0,9.957257210755285,2.7403473828184666,-0.00013170988831463152,nan,nan,nan
13.720833333333333,track,18.916974333480837,0.0001130791481408606,0.02498950034344402,6.5234248822028546e-06,-1.0192159616284613e-11,13.0,2.02058537177545,1.0,9.957257210755285,2.7403473828184666,-0.00013171007616989951,nan,nan,nan
13.725,track,18.91697436066178,0.00011312014931703541,0.024989500343401264,6.5234263928623305e-06,-1.0261701210989571e-11,13.0,2.02058537177545,1.0,9.957257210755285,2.7403473828184666,-0.00013171026387200234,nan,nan,nan
13.729166666666666,track,18.91697438784273,0.00011316115047192299,0.024989500343357954,6.5234279242754925e-06,-1.039413000114564e-11,13.0,2.02058537177545,1.0,9.957257210755285,2.7403473828184666,-0.00013171045122461995,nan,nan,nan
13.733333333333333,track,18.916974415023684,0.00011320215160611528,0.024989500343315485,6.523429369131039e-06,-1.0192437172040769e-11,13.0,2.02058537177545,1.0,9.957257210755285,2.7403473828184666,-0.00013171063906012773,nan,nan,nan
13.737499999999999,track,18.916974442204648,0.00011324315271901633,0.02498950034327239,6.523430894849349e-06,-1.0342296463683454e-11,13.0,2.02058537177545,1.0,9.957257210755285,2.7403473828184666,-0.00013171082659611536,nan,nan,nan
13.741666666666667,track,18.916974469385615,0.00011328415381098101,0.024989500343229613,6.523432375338385e-06,-1.0267064975977291e-11,13.0,2.02058537177545,1.0,9.957257210755285,2.7403473828184666,-0.00013171101427225638,nan,nan,nan
13.745833333333334,track,18.91697449656659,0.00011332515488189681,0.02498950034318681,6.5234338708150536e-06,-1.0272747930084591e-11,13.0,2.02058537177545,1.0,9.957257210755285,2.7403473828184666,-0.00013171120194129904,nan,nan,nan
13.75,track,18.91697452374757,0.0001133661559316319,0.024989500343143716,6.5234353816623124e-06,-1.0342185441380991e-11,13.0,2.02058537177545,1.0,9.957257210755285,2.7403473828184666,-0.00013171138945617728,nan,nan,nan
13.754166666666666,track,18.916974550928558,0.00011340715696056041,0.0249895003431012,6.523436846891643e-06,-1.0203726752422426e-11,13.0,2.02058537177545,1.0,9.957257210755285,2.7403473828184666,-0.00013171157725642177,nan,nan,nan
13.758333333333333,track,18.91697457810955,0.00011344815796830672,0.0249895003430584,6.5234383574702975e-06,-1.0272914463538285e-11,13.0,2.02058537177545,1.0,9.957257210755285,2.7403473828184666,-0.00013171176490265533,nan,nan,nan
13.7625,track,18.916974605290548,0.00011348915895500447,0.024989500343015572,6.5234398531253055e-06,-1.0278507212024834e-11,13.0,2.02058537177545,1.0,9.957257210755285,2.7403473828184666,-0.00013171195254129106,nan,nan,nan
13.766666666666666,track,18.916974632471554,0.00011353015992052092,0.024989500342972457,6.523441363893488e-06,-1.0347639411989462e-11,13.0,2.02058537177545,1.0,9.957257210755285,2.7403473828184666,-0.00013171214002569723,nan,nan,nan
13.770833333333334,track,18.916974659652567,0.00011357116086522967,0.02498950034292992,6.523442829101829e-06,-1.0209118272985762e-11,13.0,2.02058537177545,1.0,9.957257210755285,2.7403473828184666,-0.0001317123277948713,nan,nan,nan
13.775,track,18.916974686833584,0.00011361216178864549,0.024989500342886755,6.523444354879737e-06,-1.0358831847856464e-11,13.0,2.02058537177545,1.0,9.957257210755285,2.7403473828184666,-0.0001317125152631283,nan,nan,nan
13.779166666666667,track,18.916974714014607,0.00011365316269112203,0.024989500342843907,6.523445835400708e-06,-1.0283794649179612e-11,13.0,2.02058537177545,1.0,9.957257210755285,2.7403473828184666,-0.00013171270286940073,nan,nan,nan
13.783333333333333,track,18.916974741195638,0.00011369416357254724,0.024989500342801035,6.523447330845176e-06,-1.028936658098445e-11,13.0,2.02058537177545,1.0,9.957257210755285,2.7403473828184666,-0.00013171289046708164,nan,nan,nan
13.7875,track,18.916974768376676,0.00011373516443303108,0.024989500342758476,6.523448811134018e-06,-1.021437101567102e-11,13.0,2.02058537177545,1.0,9.957257210755285,2.7403473828184666,-0.00013171307820260205,nan,nan,nan
13.791666666666666,track,18.916974795557717,0.0001137761652723308,0.024989500342715628,6.523450321857886e-06,-1.0283711382452765e-11,13.0,2.02058537177545,1.0,9.957257210755285,2.7403473828184666,-0.00013171326578214428,nan,nan,nan
13.795833333333333,track,18.916974822738766,0.0001138171660905803,0.024989500342672756,6.523451817416188e-06,-1.0288971064031927e-11,13.0,2.02058537177545,1.0,9.957257210755285,2.7403473828184666,-0.00013171345335341863,nan,nan,nan
13.799999999999999,track,18.91697484991982,0.00011385816688777853,0.024989500342629863,6.5234533128727975e-06,-1.0294196051141569e-11,13.0,2.02058537177545,1.0,9.957257210755285,2.7403473828184666,-0.0001317136409161201,nan,nan,nan
13.804166666666667,track,18.916974877100884,0.00011389916766390258,0.024989500342586946,6.523454803040396e-06,-1.0299712471795175e-11,13.0,2.02058537177545,1.0,9.957257210755285,2.7403473828184666,-0.00013171382852048233,nan,nan,nan
13.808333333333334,track,18.91697490428195,0.00011394016841908343,0.02498950034254434,6.523456283407794e-06,-1.0224890378829343e-11,13.0,2.02058537177545,1.0,9.957257210755285,2.7403473828184666,-0.00013171401626098112,nan,nan,nan
13.8125,track,18.916974931463024,0.00011398116915310143,0.02498950034250145,6.523457799373516e-06,-1.0293939312067124e-11,13.0,2.02058537177545,1.0,9.957257210755285,2.7403473828184666,-0.00013171420379452906,nan,nan,nan
13.816666666666666,track,18.916974958644104,0.000114022169866177,0.0249895003424588,6.5234592744094834e-06,-1.0235874647879228e-11,13.0,2.02058537177545,1.0,9.957257210755285,2.7403473828184666,-0.00013171439151568506,nan,nan,nan
13.820833333333333,track,18.916974985825192,0.00011406317055806693,0.02498950034241586,6.52346078503525e-06,-1.0304875008859682e-11,13.0,2.02058537177545,1.0,9.957257210755285,2.7403473828184666,-0.00013171457908036003,nan,nan,nan
13.825,track,18.916975013006283,0.0001141041712289038,0.0249895003423729,6.523462280700128e-06,-1.0310564901860886e-11,13.0,2.02058537177545,1.0,9.957257210755285,2.7403473828184666,-0.0001317147666343108,nan,nan,nan
13.829166666666666,track,18.91697504018738,0.00011414517187879706,0.024989500342330252,6.5234637608895355e-06,-1.0235208514064453e-11,13.0,2.02058537177545,1.0,9.957257210755285,2.7403473828184666,-0.00013171495432502892,nan,nan,nan
13.833333333333334,track,18.916975067368487,0.0001141861725075034,0.024989500342287318,6.52346527155793e-06,-1.0304451736331544e-11,13.0,2.02058537177545,1.0,9.957257210755285,2.7403473828184666,-0.0001317151418582887,nan,nan,nan
13.8375,track,18.9169750945496,0.00011422717311515676,0.024989500342244363,6.523466767072839e-06,-1.0309565701138723e-11,13.0,2.02058537177545,1.0,9.957257210755285,2.7403473828184666,-0.000131715329381667,nan,nan,nan
13.841666666666667,track,18.916975121730715,0.00011426817370175571,0.024989500342201383,6.523468262552299e-06,-1.0314998855065483e-11,13.0,2.02058537177545,1.0,9.957257210755285,2.7403473828184666,-0.0001317155168942398,nan,nan,nan
13.845833333333333,track,18.91697514891184,0.00011430917426740901,0.024989500342158716,6.523469742862002e-06,-1.0240114312054516e-11,13.0,2.02058537177545,1.0,9.957257210755285,2.7403473828184666,-0.00013171570454161452,nan,nan,nan
13.85,track,18.91697517609297,0.0001143501748120066,0.024989500342116028,6.523471238236656e-06,-1.0245526649299563e-11,13.0,2.02058537177545,1.0,9.957257210755285,2.7403473828184666,-0.00013171589217784947,nan,nan,nan
13.854166666666666,track,18.916975203274106,0.0001143911753354171,0.024989500342073052,6.523472748907947e-06,-1.0314436804659266e-11,13.0,2.02058537177545,1.0,9.957257210755285,2.7403473828184666,-0.00013171607965653604,nan,nan,nan
13.858333333333333,track,18.916975230455247,0.00011443217583801424,0.024989500342030582,6.523474208704414e-06,-1.0192763300054253e-11,13.0,2.02058537177545,1.0,9.957257210755285,2.7403473828184666,-0.00013171626746746943,nan,nan,nan
13.862499999999999,track,18.916975257636395,0.00011447317631931265,0.02498950034198756,6.523475739730693e-06,-1.0325212906892034e-11,13.0,2.02058537177545,1.0,9.957257210755285,2.7403473828184666,-0.00013171645492305307,nan,nan,nan
13.866666666666667,track,18.91697528481755,0.00011451417677966604,0.024989500341944783,6.523477214813349e-06,-1.026700946482606e-11,13.0,2.02058537177545,1.0,9.957257210755285,2.7403473828184666,-0.00013171664256441865,nan,nan,nan
13.870833333333334,track,18.916975311998712,0.0001145551772189401,0.024989500341902053,6.523478710167703e-06,-1.0255303550810169e-11,13.0,2.02058537177545,1.0,9.957257210755285,2.7403473828184666,-0.00013171683019367244,nan,nan,nan
13.875,track,18.916975339179878,0.00011459617763715752,0.0249895003418593,6.523480205615118e-06,-1.026063262132837e-11,13.0,2.02058537177545,1.0,9.957257210755285,2.7403473828184666,-0.00013171701781091488,nan,nan,nan
13.879166666666666,track,18.91697536636105,0.00011463717803431805,0.024989500341816524,6.52348170105747e-06,-1.0265968630740474e-11,13.0,2.02058537177545,1.0,9.957257210755285,2.7403473828184666,-0.00013171720541588772,nan,nan,nan
13.883333333333333,track,18.91697539354223,0.0001146781784102904,0.024989500341773465,6.523483211571319e-06,-1.0334164080028074e-11,13.0,2.02058537177545,1.0,9.957257210755285,2.7403473828184666,-0.0001317173928634128,nan,nan,nan
13.8875,track,18.916975420723418,0.00011471917876531558,0.02498950034173072,6.52348469188109e-06,-1.0258870142276777e-11,13.0,2.02058537177545,1.0,9.957257210755285,2.7403473828184666,-0.00013171758044477325,nan,nan,nan
13.891666666666666,track,18.916975447904612,0.00011476017909928235,0.024989500341687954,6.523486187213995e-06,-1.0264213090582786e-11,13.0,2.02058537177545,1.0,9.957257210755285,2.7403473828184666,-0.00013171776801336813,nan,nan,nan
13.895833333333334,track,18.91697547508581,0.00011480117941230076,0.02498950034164543,6.52348766208367e-06,-1.0205974954047292e-11,13.0,2.02058537177545,1.0,9.957257210755285,2.7403473828184666,-0.00013171795576634188,nan,nan,nan
13.9,track,18.916975502267015,0.00011484217970401862,0.024989500341602352,6.523489193164701e-06,-1.0338292721900899e-11,13.0,2.02058537177545,1.0,9.957257210755285,2.7403473828184666,-0.00013171814316267279,nan,nan,nan
13.904166666666667,track,18.916975529448226,0.00011488317997478863,0.024989500341559518,6.523490668296797e-06,-1.0280248874394715e-11,13.0,2.02058537177545,1.0,9.957257210755285,2.7403473828184666,-0.000131718330742495,nan,nan,nan
13.908333333333333,track,18.916975556629446,0.0001149241802244995,0.024989500341516663,6.5234921635408e-06,-1.0285272633581144e-11,13.0,2.02058537177545,1.0,9.957257210755285,2.7403473828184666,-0.00013171851830955577,nan,nan,nan
13.9125,track,18.916975583810668,0.00011496518045326035,0.02498950034147412,6.523493643787534e-06,-1.0210186862646964e-11,13.0,2.02058537177545,1.0,9.957257210755285,2.7403473828184666,-0.0001317187060087962,nan,nan,nan
13.916666666666666,track,18.916975610991898,0.00011500618066082932,0.02498950034143129,6.523495154299817e-06,-1.02789790568103e-11,13.0,2.02058537177545,1.0,9.957257210755285,2.7403473828184666,-0.00013171889354804089,nan,nan,nan
13.920833333333333,track,18.916975638173135,0.00011504718084733935,0.02498950034138844,6.523496649803492e-06,-1.0284162410556519e-11,13.0,2.02058537177545,1.0,9.957257210755285,2.7403473828184666,-0.00013171908107345955,nan,nan,nan
13.924999999999999,track,18.91697566535438,0.00011508818101278952,0.024989500341345568,6.5234981452058085e-06,-1.0289359642090545e-11,13.0,2.02058537177545,1.0,9.957257210755285,2.7403473828184666,-0.00013171926858478148,nan,nan,nan
13.929166666666667,track,18.916975692535626,0.0001151291811572891,0.02498950034130294,6.5234996200311625e-06,-1.0231072933297725e-11,13.0,2.02058537177545,1.0,9.957257210755285,2.7403473828184666,-0.0001317194562792842,nan,nan,nan
13.933333333333334,track,18.91697571971688,0.00011517018128048595,0.024989500341259758,6.523501151078921e-06,-1.036330049553058e-11,13.0,2.02058537177545,1.0,9.957257210755285,2.7403473828184666,-0.00013171964361585221,nan,nan,nan
13.9375,track,18.916975746898142,0.00011521118138297462,0.02498950034121742,6.523502595668184e-06,-1.016084438809628e-11,13.0,2.02058537177545,1.0,9.957257210755285,2.7403473828184666,-0.00013171983142799132,nan,nan,nan
13.941666666666666,track,18.91697577407941,0.00011525218146426821,0.024989500341174798,6.523504105958295e-06,-1.0229601887790096e-11,13.0,2.02058537177545,1.0,9.957257210755285,2.7403473828184666,-0.0001317200190790036,nan,nan,nan
13.945833333333333,track,18.916975801260683,0.00011529318152436945,0.024989500341131888,6.523505616653436e-06,-1.0298227548499739e-11,13.0,2.02058537177545,1.0,9.957257210755285,2.7403473828184666,-0.00013172020656885205,nan,nan,nan
13.95,track,18.916975828441963,0.00011533418156340986,0.024989500341088957,6.52350711212136e-06,-1.0303355391094726e-11,13.0,2.02058537177545,1.0,9.957257210755285,2.7403473828184666,-0.00013172039404379577,nan,nan,nan
13.954166666666666,track,18.91697585562325,0.00011537518158138843,0.024989500341046005,6.5235086074797526e-06,-1.0308504050371425e-11,13.0,2.02058537177545,1.0,9.957257210755285,2.7403473828184666,-0.0001317205815036542,nan,nan,nan
13.958333333333334,track,18.916975882804543,0.0001154161815785236,0.02498950034100363,6.523510067120921e-06,-1.0169802500126224e-11,13.0,2.02058537177545,1.0,9.957257210755285,2.7403473828184666,-0.0001317207692912339,nan,nan,nan
13.9625,track,18.91697590998584,0.00011545718155424438,0.02498950034096037,6.523511613208219e-06,-1.038232000372119e-11,13.0,2.02058537177545,1.0,9.957257210755285,2.7403473828184666,-0.00013172095657394968,nan,nan,nan
13.966666666666667,track,18.916975937167145,0.00011549818150925608,0.024989500340917955,6.523513057800728e-06,-1.0179392051501424e-11,13.0,2.02058537177545,1.0,9.957257210755285,2.7403473828184666,-0.000131721144331731,nan,nan,nan
13.970833333333333,track,18.916975964348456,0.00011553918144307128,0.024989500340875256,6.523514567996517e-06,-1.0247816484287853e-11,13.0,2.02058537177545,1.0,9.957257210755285,2.7403473828184666,-0.00013172133192787704,nan,nan,nan
13.975,track,18.916975991529775,0.00011558018135569176,0.02498950034083227,6.523516078727723e-06,-1.031666418960242e-11,13.0,2.02058537177545,1.0,9.957257210755285,2.7403473828184666,-0.0001317215193610918,nan,nan,nan
13.979166666666666,track,18.916976018711097,0.00011562118124724949,0.024989500340789263,6.52351757416262e-06,-1.0321701826576657e-11,13.0,2.02058537177545,1.0,9.957257210755285,2.7403473828184666,-0.00013172170677832676,nan,nan,nan
13.983333333333333,track,18.916976045892426,0.00011566218111809444,0.0249895003407471,6.5235190184993755e-06,-1.0119176330203317e-11,13.0,2.02058537177545,1.0,9.957257210755285,2.7403473828184666,-0.00013172189466929208,nan,nan,nan
13.987499999999999,track,18.916976073073762,0.00011570318096739036,0.024989500340703786,6.523520579748866e-06,-1.0395413696517863e-11,13.0,2.02058537177545,1.0,9.957257210755285,2.7403473828184666,-0.0001317220819072665,nan,nan,nan
13.991666666666667,track,18.916976100255106,0.00011574418079597591,0.024989500340661316,6.523522024470623e-06,-1.0192742483372541e-11,13.0,2.02058537177545,1.0,9.957257210755285,2.7403473828184666,-0.00013172226961891592,nan,nan,nan
13.995833333333334,track,18.916976127436453,0.0001157851806033624,0.02498950034061856,6.523523534775581e-06,-1.0261652638732244e-11,13.0,2.02058537177545,1.0,9.957257210755285,2.7403473828184666,-0.00013172245716666802,nan,nan,nan
14.0,track,18.916976154617807,0.00011582618038968478,0.02498950034057578,6.523525030200402e-06,-1.0266634764555249e-11,13.0,2.02058537177545,1.0,9.957257210755285,2.7403473828184666,-0.00013172264469752559,nan,nan,nan
14.004166666666666,track,18.916976181799168,0.00011586718015494205,0.02498950034053298,6.523526525511365e-06,-1.027164464595387e-11,13.0,2.02058537177545,1.0,9.957257210755285,2.7403473828184666,-0.0001317228322113208,nan,nan,nan
14.008333333333333,track,18.916976208980536,0.00011590817989900256,0.024989500340489898,6.523528035958706e-06,-1.033990948418051e-11,13.0,2.02058537177545,1.0,9.957257210755285,2.7403473828184666,-0.00013172301956223872,nan,nan,nan
14.0125,track,18.916976236161908,0.00011594917962221686,0.024989500340447394,6.523529495653507e-06,-1.020103446158771e-11,13.0,2.02058537177545,1.0,9.957257210755285,2.7403473828184666,-0.00013172320723879385,nan,nan,nan
14.016666666666666,track,18.916976263343287,0.00011599017932436374,0.02498950034040487,6.523530990767247e-06,-1.0206051281880235e-11,13.0,2.02058537177545,1.0,9.957257210755285,2.7403473828184666,-0.00013172339489764335,nan,nan,nan
14.020833333333334,track,18.916976290524673,0.000116031179005203,0.024989500340361723,6.5235325164995174e-06,-1.0355105661830066e-11,13.0,2.02058537177545,1.0,9.957257210755285,2.7403473828184666,-0.00013172358224608155,nan,nan,nan
14.025,track,18.916976317706066,0.00011607217866508632,0.02498950034031889,6.523533996824068e-06,-1.0279721518458018e-11,13.0,2.02058537177545,1.0,9.957257210755285,2.7403473828184666,-0.00013172376972251347,nan,nan,nan
14.029166666666667,track,18.916976344887463,0.00011611317830401229,0.0249895003402763,6.523535471397986e-06,-1.0220935209304116e-11,13.0,2.02058537177545,1.0,9.957257210755285,2.7403473828184666,-0.00013172395737873977,nan,nan,nan
14.033333333333333,track,18.916976372068866,0.00011615417792187045,0.024989500340233693,6.5235369665876045e-06,-1.0225882640657602e-11,13.0,2.02058537177545,1.0,9.957257210755285,2.7403473828184666,-0.0001317241450166626,nan,nan,nan
14.0375,track,18.916976399250277,0.00011619517751852896,0.0249895003401908,6.523538477129447e-06,-1.0294598506987995e-11,13.0,2.02058537177545,1.0,9.957257210755285,2.7403473828184666,-0.00013172433248938764,nan,nan,nan
14.041666666666666,track,18.916976426431695,0.00011623617709412065,0.024989500340147887,6.523539972512709e-06,-1.0299476549402442e-11,13.0,2.02058537177545,1.0,9.957257210755285,2.7403473828184666,-0.00013172451994359353,nan,nan,nan
14.045833333333333,track,18.916976453613117,0.00011627717664875453,0.02498950034010529,6.523541452484807e-06,-1.0223592805669313e-11,13.0,2.02058537177545,1.0,9.957257210755285,2.7403473828184666,-0.0001317247075261453,nan,nan,nan
14.049999999999999,track,18.916976480794546,0.00011631817618231995,0.02498950034006267,6.523542947602893e-06,-1.0228137781176372e-11,13.0,2.02058537177545,1.0,9.957257210755285,2.7403473828184666,-0.0001317248950903117,nan,nan,nan
14.054166666666667,track,18.91697650797598,0.00011635917569468465,0.024989500340019767,6.523544458142504e-06,-1.0296784258567726e-11,13.0,2.02058537177545,1.0,9.957257210755285,2.7403473828184666,-0.00013172508248848527,nan,nan,nan
14.058333333333334,track,18.916976535157424,0.00011640017518609104,0.024989500339977107,6.523545932952987e-06,-1.023811591061019e-11,13.0,2.02058537177545,1.0,9.957257210755285,2.7403473828184666,-0.00013172527006478186,nan,nan,nan
14.0625,track,18.91697656233887,0.0001164411746564277,0.02498950033993443,6.523547428103165e-06,-1.0243014769706349e-11,13.0,2.02058537177545,1.0,9.957257210755285,2.7403473828184666,-0.000131725457621742,nan,nan,nan
14.066666666666666,track,18.916976589520324,0.00011648217410556331,0.024989500339891463,6.5235489385682445e-06,-1.0311369813553739e-11,13.0,2.02058537177545,1.0,9.957257210755285,2.7403473828184666,-0.00013172564501282976,nan,nan,nan
14.070833333333333,track,18.916976616701785,0.00011652317353363018,0.02498950033984848,6.523550433921223e-06,-1.0316171528135243e-11,13.0,2.02058537177545,1.0,9.957257210755285,2.7403473828184666,-0.00013172583238427318,nan,nan,nan
14.075,track,18.916976643883253,0.00011656417294084648,0.024989500339806077,6.523551893374603e-06,-1.0176963438635056e-11,13.0,2.02058537177545,1.0,9.957257210755285,2.7403473828184666,-0.00013172602007958378,nan,nan,nan
14.079166666666666,track,18.916976671064724,0.00011660517232685939,0.02498950033976339,6.5235534036312904e-06,-1.0245332360270254e-11,13.0,2.02058537177545,1.0,9.957257210755285,2.7403473828184666,-0.00013172620760848548,nan,nan,nan
14.083333333333334,track,18.916976698246202,0.00011664617169180276,0.02498950033972068,6.523554898974511e-06,-1.025012019706395e-11,13.0,2.02058537177545,1.0,9.957257210755285,2.7403473828184666,-0.00013172639511723082,nan,nan,nan
14.0875,track,18.916976725427688,0.00011668717103567502,0.02498950033967795,6.523556394255594e-06,-1.0255185589613802e-11,13.0,2.02058537177545,1.0,9.957257210755285,2.7403473828184666,-0.00013172658260515247,nan,nan,nan
14.091666666666667,track,18.91697675260918,0.00011672817035845466,0.0249895003396352,6.523557884066675e-06,-1.0259723626226958e-11,13.0,2.02058537177545,1.0,9.957257210755285,2.7403473828184666,-0.0001317267701242085,nan,nan,nan
14.095833333333333,track,18.916976779790676,0.00011676916966016315,0.024989500339592432,6.523559379299411e-06,-1.0264483707445038e-11,13.0,2.02058537177545,1.0,9.957257210755285,2.7403473828184666,-0.0001317269576225722,nan,nan,nan
14.1,track,18.91697680697218,0.00011681016894080025,0.024989500339549643,6.523560874512365e-06,-1.0269285422026542e-11,13.0,2.02058537177545,1.0,9.957257210755285,2.7403473828184666,-0.00013172714510017094,nan,nan,nan
14.104166666666666,track,18.91697683415369,0.00011685116820036517,0.024989500339506834,6.523562369791403e-06,-1.0274288364531259e-11,13.0,2.02058537177545,1.0,9.957257210755285,2.7403473828184666,-0.00013172733255615416,nan,nan,nan
14.108333333333333,track,18.916976861335208,0.0001168921674389455,0.02498950033946434,6.523563844423321e-06,-1.0198487887524976e-11,13.0,2.02058537177545,1.0,9.957257210755285,2.7403473828184666,-0.0001317275201883852,nan,nan,nan
14.112499999999999,track,18.91697688851673,0.0001169331666563433,0.024989500339421492,6.523565354774587e-06,-1.0283794649179612e-11,13.0,2.02058537177545,1.0,9.957257210755285,2.7403473828184666,-0.0001317277076528394,nan,nan,nan
14.116666666666667,track,18.916976915698257,0.00011697416585277884,0.02498950033937896,6.5235668348329284e-06,-1.0207945599916002e-11,13.0,2.02058537177545,1.0,9.957257210755285,2.7403473828184666,-0.0001317278952423357,nan,nan,nan
14.120833333333334,track,18.916976942879792,0.00011701516502800957,0.024989500339336144,6.5235683450823845e-06,-1.0275946760174293e-11,13.0,2.02058537177545,1.0,9.957257210755285,2.7403473828184666,-0.0001317280826644506,nan,nan,nan
14.125,track,18.916976970061334,0.00011705616418216747,0.024989500339293307,6.523569840431474e-06,-1.0280894191527779e-11,13.0,2.02058537177545,1.0,9.957257210755285,2.7403473828184666,-0.00013172827006431784,nan,nan,nan
14.129166666666666,track,18.91697699724288,0.00011709716331536252,0.024989500339250716,6.523571314950599e-06,-1.0221413992983486e-11,13.0,2.02058537177545,1.0,9.957257210755285,2.7403473828184666,-0.00013172845764062958,nan,nan,nan
14.133333333333333,track,18.916977024424433,0.0001171381624273514,0.024989500339207844,6.523572825249751e-06,-1.0289671892316221e-11,13.0,2.02058537177545,1.0,9.957257210755285,2.7403473828184666,-0.00013172864504842403,nan,nan,nan
14.1375,track,18.916977051605993,0.00011717916151826714,0.02498950033916495,6.523574320533382e-06,-1.0294307073444031e-11,13.0,2.02058537177545,1.0,9.957257210755285,2.7403473828184666,-0.00013172883243400466,nan,nan,nan
14.141666666666666,track,18.91697707878756,0.00011722016058821835,0.024989500339122304,6.523575795144069e-06,-1.0235472192032802e-11,13.0,2.02058537177545,1.0,9.957257210755285,2.7403473828184666,-0.000131729019994531,nan,nan,nan
14.145833333333334,track,18.91697710596913,0.00011726115963709434,0.024989500339079637,6.523577290215943e-06,-1.0240155945417939e-11,13.0,2.02058537177545,1.0,9.957257210755285,2.7403473828184666,-0.000131729207532417,nan,nan,nan
14.15,track,18.91697713315071,0.0001173021586648729,0.024989500339037022,6.523578785427947e-06,-1.0228012881086102e-11,13.0,2.02058537177545,1.0,9.957257210755285,2.7403473828184666,-0.00013172939504701122,nan,nan,nan
14.154166666666667,track,18.916977160332294,0.00011734315767146743,0.024989500338994053,6.523580295764048e-06,-1.0312931064682118e-11,13.0,2.02058537177545,1.0,9.957257210755285,2.7403473828184666,-0.00013172958239293902,nan,nan,nan
14.158333333333333,track,18.916977187513886,0.00011738415665720611,0.024989500338951663,6.52358175529829e-06,-1.0173709097394124e-11,13.0,2.02058537177545,1.0,9.957257210755285,2.7403473828184666,-0.0001317297700588724,nan,nan,nan
14.1625,track,18.916977214695482,0.00011742515562173598,0.02498950033890899,6.523583265461337e-06,-1.0241918424469532e-11,13.0,2.02058537177545,1.0,9.957257210755285,2.7403473828184666,-0.00013172995755524462,nan,nan,nan
14.166666666666666,track,18.916977241877085,0.00011746615456519082,0.024989500338866294,6.523584760728327e-06,-1.0246477277764399e-11,13.0,2.02058537177545,1.0,9.957257210755285,2.7403473828184666,-0.00013173014502814947,nan,nan,nan
14.170833333333333,track,18.916977269058695,0.00011750715348743774,0.024989500338823318,6.523586271074729e-06,-1.031456864364344e-11,13.0,2.02058537177545,1.0,9.957257210755285,2.7403473828184666,-0.00013173033233126392,nan,nan,nan
14.174999999999999,track,18.91697729624031,0.00011754815238871869,0.024989500338780585,6.523587745759035e-06,-1.0255629678823652e-11,13.0,2.02058537177545,1.0,9.957257210755285,2.7403473828184666,-0.0001317305198080565,nan,nan,nan
14.179166666666667,track,18.916977323421932,0.00011758915126892224,0.024989500338737834,6.5235892407940346e-06,-1.0260230165481943e-11,13.0,2.02058537177545,1.0,9.957257210755285,2.7403473828184666,-0.0001317307072609574,nan,nan,nan
14.183333333333334,track,18.91697735060356,0.00011763015012804888,0.024989500338695063,6.523590735932319e-06,-1.026475432430729e-11,13.0,2.02058537177545,1.0,9.957257210755285,2.7403473828184666,-0.00013173089468975792,nan,nan,nan
14.1875,track,18.916977377785194,0.00011767114896631757,0.024989500338652874,6.523592195275978e-06,-1.0125261740157043e-11,13.0,2.02058537177545,1.0,9.957257210755285,2.7403473828184666,-0.00013173108243803795,nan,nan,nan
14.191666666666666,track,18.916977404966836,0.00011771214778326596,0.024989500338610065,6.523593720641798e-06,-1.0273941419836063e-11,13.0,2.02058537177545,1.0,9.957257210755285,2.7403473828184666,-0.00013173126986920202,nan,nan,nan
14.195833333333333,track,18.91697743214848,0.00011775314657900627,0.024989500338566974,6.523595231169641e-06,-1.0341928702306546e-11,13.0,2.02058537177545,1.0,9.957257210755285,2.7403473828184666,-0.00013173145712962894,nan,nan,nan
14.2,track,18.916977459330134,0.00011779414535401983,0.024989500338524727,6.523596675456382e-06,-1.0139070139025819e-11,13.0,2.02058537177545,1.0,9.957257210755285,2.7403473828184666,-0.00013173164485482023,nan,nan,nan
14.204166666666666,track,18.916977486511794,0.00011783514410760241,0.024989500338481598,6.523598221197264e-06,-1.0351011714426761e-11,13.0,2.02058537177545,1.0,9.957257210755285,2.7403473828184666,-0.00013173183206568098,nan,nan,nan
14.208333333333334,track,18.91697751369346,0.00011787614284032786,0.024989500338439052,6.523599680814126e-06,-1.021135259682282e-11,13.0,2.02058537177545,1.0,9.957257210755285,2.7403473828184666,-0.00013173201959538206,nan,nan,nan
14.2125,track,18.91697754087513,0.00011791714155184165,0.024989500338396222,6.523601190877313e-06,-1.0279110895794474e-11,13.0,2.02058537177545,1.0,9.957257210755285,2.7403473828184666,-0.0001317322069540433,nan,nan,nan
14.216666666666667,track,18.916977568056808,0.00011795814024238625,0.024989500338353638,6.5236026655888195e-06,-1.0220317647746668e-11,13.0,2.02058537177545,1.0,9.957257210755285,2.7403473828184666,-0.0001317323944841016,nan,nan,nan
14.220833333333333,track,18.916977595238492,0.00011799913891185072,0.024989500338311033,6.523604160580971e-06,-1.0224807112102496e-11,13.0,2.02058537177545,1.0,9.957257210755285,2.7403473828184666,-0.00013173258198866545,nan,nan,nan
