time_s,altitude_m,vertical_velocity_mps,vertical_acceleration_mps2,normal_force_n,total_thrust_n,motor_rpm_mean,battery_voltage_v,pwm_command_us,motor_kv_rpm_per_v,nominal_battery_voltage_v,hover_thrust_target_n,roll_rad,pitch_rad,yaw_rad,roll_rate_rad_s,pitch_rate_rad_s,yaw_rate_rad_s,roll_torque_nm,pitch_torque_nm,yaw_torque_nm,battery_current_a,battery_soc,target_altitude_m,altitude_error_m,pid_p_n,pid_i_n,pid_d_n,controller_output_n,position_world_m_0,position_world_m_1,position_world_m_2,velocity_world_mps_0,velocity_world_mps_1,velocity_world_mps_2,acceleration_world_mps2_0,acceleration_world_mps2_1,acceleration_world_mps2_2,orientation_quaternion_0,orientation_quaternion_1,orientation_quaternion_2,orientation_quaternion_3,angular_velocity_body_rad_s_0,angular_velocity_body_rad_s_1,angular_velocity_body_rad_s_2,gravity_force_world_n_0,gravity_force_world_n_1,gravity_force_world_n_2,contact_force_world_n_0,contact_force_world_n_1,contact_force_world_n_2,thrust_force_world_n_0,thrust_force_world_n_1,thrust_force_world_n_2,net_force_world_n_0,net_force_world_n_1,net_force_world_n_2,net_torque_body_nm_0,net_torque_body_nm_1,net_torque_body_nm_2,motor_command_us_0,motor_command_us_1,motor_command_us_2,motor_command_us_3,motor_rpm_0,motor_rpm_1,motor_rpm_2,motor_rpm_3,motor_thrust_n_0,motor_thrust_n_1,motor_thrust_n_2,motor_thrust_n_3,motor_reaction_torque_nm_0,motor_reaction_torque_nm_1,motor_reaction_torque_nm_2,motor_reaction_torque_nm_3
0.0,1.0000032594558539,0.0007822694049209304,,,6.198601687452235,12780.162724996999,24.991039802884615,1290.0,1750.0,22.200000000000003,6.0822,8.874351572955162e-07,1.45140853077023e-19,6.44015478902109e-26,0.0002129844377509239,3.48338047384901e-17,,0.00016970599999993619,2.7755575615628914e-17,0.0,11.605799999999999,0.9999896672008547,,,,,,,0.0,0.0,1.0000032594558539,0.0,0.0,0.0007822694049209304,,,,4.437175786477435e-07,7.257042653851865e-20,0.0,0.9999999999999015,0.0002129844377509239,3.48338047384901e-17,-5.877471754111438e-39,0.0,0.0,-6.0822,,,,0.0,0.0,6.198601687452235,,,,,,,1290.0,1290.0,1290.0,1290.0,12780.162724996999,12780.162724996999,12780.162724996999,12780.162724996999,1.5496504218630587,1.5496504218630587,1.5496504218630587,1.5496504218630587,,,,
0.004166666666666667,1.0000095583325623,0.001511730410045035,,,6.190743797564905,12772.059529824572,24.99098400576923,1290.0,1750.0,22.200000000000003,6.0822,2.6618303279896954e-06,4.35422559230612e-19,5.795449682210703e-25,0.0004258548409666028,6.96676094769802e-17,,0.00016961513728225297,2.7755575615628914e-17,0.0,11.605799999999999,0.9999793344017094,,,,,,,2.5160445675399285e-23,-1.5383858915119653e-10,1.0000095583325623,6.0385069620958284e-21,-3.692126139628717e-08,0.001511730410045035,,,,1.3309151639944547e-06,2.1771127961549882e-19,1.7240697630938434e-29,0.9999999999991143,0.0004258548409666028,6.96676094769802e-17,-6.895984803688659e-38,0.0,0.0,-6.0822,,,,0.0,0.0,6.190743797564905,,,,,,,1290.0,1290.0,1290.0,1290.0,12772.059529824572,12772.059529824572,12772.059529824572,12772.059529824572,1.5476859493912263,1.5476859493912263,1.5476859493912263,1.5476859493912263,,,,
0.008333333333333333,1.0000186949899528,0.0021927977737000223,,,6.183542823733769,12764.62924116351,24.990928208653845,1290.0,1750.0,22.200000000000003,6.0822,5.321755696297393e-06,7.257034651456081e-19,1.7382862596834472e-24,0.0006383820883938472,6.966741742017461e-17,,0.0001693426464270953,0.0,0.0,11.605799999999999,0.9999690016025641,,,,,,,1.257144296970755e-22,-7.685738467224801e-10,1.0000186949899528,2.4132956165202295e-20,-1.4753646181710805e-07,0.0021927977737000223,,,,2.6608778481455566e-06,3.628517325738322e-19,-9.636100752556324e-26,0.9999999999964598,0.0006383820883938472,6.966741742017461e-17,-8.014953065827459e-32,0.0,0.0,-6.0822,,,,0.0,0.0,6.183542823733769,,,,,,,1290.0,1290.0,1290.0,1290.0,12764.62924116351,12764.62924116351,12764.62924116351,12764.62924116351,1.5458857059334423,1.5458857059334423,1.5458857059334423,1.5458857059334423,,,,
0.0125,1.0000304846302939,0.002829513681868498,,,6.176943327222938,12757.815783471198,24.990872411538458,1290.0,1750.0,22.200000000000003,6.0822,8.86481853430033e-06,1.0159803726645655e-18,3.7973068155224435e-24,0.0008503350811207049,6.966645780633889e-17,,0.00016888881922461074,0.0,0.0,11.605799999999999,0.9999586688034188,,,,,,,3.517900640482598e-22,-2.303789148458181e-09,1.0000304846302939,5.425815224428423e-20,-3.6845167241656823e-07,0.002829513681868498,,,,4.4324092671356514e-06,5.079901863357083e-19,-3.5296700177060555e-25,0.9999999999901769,0.0008503350811207049,6.966645780633889e-17,7.458795460740708e-28,0.0,0.0,-6.0822,,,,0.0,0.0,6.176943327222938,,,,,,,1290.0,1290.0,1290.0,1290.0,12757.815783471198,12757.815783471198,12757.815783471198,12757.815783471198,1.5442358318057345,1.5442358318057345,1.5442358318057345,1.5442358318057345,,,,
0.016666666666666666,1.000044757878385,0.003425579541895263,,,6.170894600214453,12751.567754166908,24.990816614423075,1290.0,1750.0,22.200000000000003,6.0822,1.3287651125994739e-05,1.451386944436114e-18,8.619997091016913e-24,0.001061479822006658,1.0449757723166691e-16,,0.0001682541416442862,2.7755575615628914e-17,0.0,11.605799999999999,0.9999483360042735,,,,,,,7.534231523522055e-22,-5.370810588872152e-09,1.000044757878385,9.639194119294697e-20,-7.360851456993532e-07,0.003425579541895263,,,,6.643825562948492e-06,7.256934722306757e-19,-5.113822961738449e-25,0.9999999999779298,0.001061479822006658,1.0449757723166691e-16,5.9615438616933355e-27,0.0,0.0,-6.0822,,,,0.0,0.0,6.170894600214453,,,,,,,1290.0,1290.0,1290.0,1290.0,12751.567754166908,12751.567754166908,12751.567754166908,12751.567754166908,1.5427236500536132,1.5427236500536132,1.5427236500536132,1.5427236500536132,,,,
0.020833333333333332,1.0000613594825833,0.003984385007596832,,,6.165350253840676,12745.838034218305,24.990760817307688,1290.0,1750.0,22.200000000000003,6.0822,1.85858948778017e-05,1.74162870023615e-18,1.3245600815452843e-23,0.001271578500433672,6.965802140093639e-17,,0.00016743929331480834,-2.7755575615628914e-17,0.0,11.605799999999999,0.9999380032051282,,,,,,,1.4056249253060294e-21,-1.0731823495465202e-08,1.0000613594825833,1.5652842550891772e-19,-1.2866430975823318e-06,0.003984385007596832,,,,9.292947438767096e-06,8.70814350142019e-19,-1.4696315771309462e-24,0.9999999999568205,0.001271578500433672,6.965802140093639e-17,2.0819084825179874e-26,0.0,0.0,-6.0822,,,,0.0,0.0,6.165350253840676,,,,,,,1290.0,1290.0,1290.0,1290.0,12745.838034218305,12745.838034218305,12745.838034218305,12745.838034218305,1.541337563460169,1.541337563460169,1.541337563460169,1.541337563460169,,,,
0.025,1.000080147126273,0.0045090344855109425,,,6.160267843377607,12740.583431179079,24.99070502019231,1290.0,1750.0,22.200000000000003,6.0822,2.4754180639833035e-05,2.031825749617145e-18,1.953447624638769e-23,0.0014803885828875202,6.964729186790368e-17,,0.00016644514679609035,0.0,0.0,11.605799999999999,0.9999276704059828,,,,,,,2.3582551054292015e-21,-1.92988761239872e-08,1.000080147126273,2.286312432295613e-19,-2.05609263084528e-06,0.0045090344855109425,,,,1.2377090319600506e-05,1.0159128748516475e-18,-2.8068072859049926e-24,0.9999999999234038,0.0014803885828875202,6.964729186790368e-17,7.065896804843375e-26,0.0,0.0,-6.0822,,,,0.0,0.0,6.160267843377607,,,,,,,1290.0,1290.0,1290.0,1290.0,12740.583431179079,12740.583431179079,12740.583431179079,12740.583431179079,1.5400669608444018,1.5400669608444018,1.5400669608444018,1.5400669608444018,,,,
0.029166666666666667,1.0001009903402238,0.005002371348174847,,,6.155608527050373,12735.76435197345,24.99064922307692,1290.0,1750.0,22.200000000000003,6.0822,3.178610526471619e-05,2.3219477938297006e-18,2.773709768808352e-23,0.001687661909971958,6.962929063898625e-17,,0.00016527276664524138,0.0,0.0,11.605799999999999,0.9999173376068375,,,,,,,3.661107169204043e-21,-3.213275910116342e-08,1.0001009903402238,3.12684495305962e-19,-3.0801319145222923e-06,0.005002371348174847,,,,1.5893052631689028e-05,1.1609738969886392e-18,-4.582870405394592e-24,0.9999999998737055,0.001687661909971958,6.962929063898625e-17,1.991462437113258e-25,0.0,0.0,-6.0822,,,,0.0,0.0,6.155608527050373,,,,,,,1290.0,1290.0,1290.0,1290.0,12735.76435197345,12735.76435197345,12735.76435197345,12735.76435197345,1.5389021317625933,1.5389021317625933,1.5389021317625933,1.5389021317625933,,,,
0.03333333333333333,1.000123769507136,0.005467000058944579,,,6.151336755270058,12731.34450294862,24.990593425961535,1290.0,1750.0,22.200000000000003,6.0822,3.967420443365472e-05,2.6119533951912118e-18,3.8101039120662596e-23,0.0018931438005452459,6.960134437138819e-17,,0.0001639234082762009,0.0,0.0,11.605799999999999,0.9999070048076922,,,,,,,5.363911148475376e-21,-5.044174953770362e-08,1.000123769507136,4.0867295502511996e-19,-4.394157704769647e-06,0.005467000058944579,,,,1.983710221552634e-05,1.305976697716555e-18,-6.856273684716558e-24,0.9999999998032447,0.0018931438005452459,6.960134437138819e-17,4.791322536901741e-25,0.0,0.0,-6.0822,,,,0.0,0.0,6.151336755270058,,,,,,,1290.0,1290.0,1290.0,1290.0,12731.34450294862,12731.34450294862,12731.34450294862,12731.34450294862,1.5378341888175144,1.5378341888175144,1.5378341888175144,1.5378341888175144,,,,
0.0375,1.0001483749504432,0.005905306393680091,,,6.147419987446795,12727.290614922853,24.990537628846155,1290.0,1750.0,22.200000000000003,6.0822,4.840992178264038e-05,2.9017883954044292e-18,5.087023121056268e-23,0.0020965721637565605,6.956040011890167e-17,,0.00016239851661581373,0.0,0.0,11.605799999999999,0.9998966720085469,,,,,,,7.516333589455198e-21,-7.558020898347085e-08,1.0001483749504432,5.165813858351573e-19,-6.033230266984137e-06,0.005905306393680091,,,,2.4204960888956657e-05,1.4508941978928457e-18,-9.683721711565883e-24,0.9999999997070599,0.0020965721637565605,6.956040011890167e-17,1.0225707124998282e-24,0.0,0.0,-6.0822,,,,0.0,0.0,6.147419987446795,,,,,,,1290.0,1290.0,1290.0,1290.0,12727.290614922853,12727.290614922853,12727.290614922853,12727.290614922853,1.5368549968616987,1.5368549968616987,1.5368549968616987,1.5368549968616987,,,,
0.041666666666666664,1.0001747061001405,0.00631947592737505,,,6.143828433812904,12723.57219114623,24.99048183173077,1290.0,1750.0,22.200000000000003,6.0822,5.798357436531625e-05,3.1913843358952504e-18,6.628409213507249e-23,0.0022976766198422086,6.950302581651158e-17,,0.0001606997245561237,0.0,0.0,11.605799999999999,0.9998863392094016,,,,,,,1.0167974501728528e-20,-1.0904702455072877e-07,1.0001747061001405,6.363938189455991e-19,-8.032035736141902e-06,0.00631947592737505,,,,2.8991787178596745e-05,1.5956921682378636e-18,-1.3119921682083294e-23,0.9999999995797382,0.0022976766198422086,6.950302581651158e-17,1.9916689029749238e-24,0.0,0.0,-6.0822,,,,0.0,0.0,6.143828433812904,,,,,,,1290.0,1290.0,1290.0,1290.0,12723.57219114623,12723.57219114623,12723.57219114623,12723.57219114623,1.535957108453226,1.535957108453226,1.535957108453226,1.535957108453226,,,,
0.04583333333333333,1.0002026707290501,0.006711510938289209,,,6.1405348199465575,12720.161276264653,24.990426034615385,1290.0,1750.0,22.200000000000003,6.0822,6.838431449292994e-05,3.3355160274801133e-18,7.540594762948574e-23,0.0024961776306272857,3.45916060497997e-17,,0.00015882885120627188,-2.7755575615628914e-17,0.0,11.605799999999999,0.9998760064102563,,,,,,,1.3368361119340514e-20,-1.5248388260162447e-07,1.0002026707290501,7.680927882268766e-19,-1.042484593221497e-05,0.006711510938289209,,,,3.419215723980261e-05,1.6677580140543118e-18,-1.932127045103738e-23,0.9999999994154481,0.0024961776306272857,3.45916060497997e-17,3.61120576583892e-24,0.0,0.0,-6.0822,,,,0.0,0.0,6.1405348199465575,,,,,,,1290.0,1290.0,1290.0,1290.0,12720.161276264653,12720.161276264653,12720.161276264653,12720.161276264653,1.5351337049866394,1.5351337049866394,1.5351337049866394,1.5351337049866394,,,,
0.05,1.0002321842535007,0.007083245868155751,,,6.137514171914922,12717.03224453687,24.9903702375,1290.0,1750.0,22.200000000000003,6.0822,7.960008799609626e-05,3.479222533602456e-18,8.606548470523508e-23,0.0026917856407599216,3.4489561564423945e-17,,0.00015678789994444386,0.0,0.0,11.605799999999999,0.999865673611111,,,,,,,1.714199417717119e-20,-2.0767336439271736e-07,1.0002321842535007,9.056719338793625e-19,-1.3245475629862294e-05,0.007083245868155751,,,,3.980004398754063e-05,1.739611267136123e-18,-2.6203862621375487e-23,0.9999999992079782,0.0026917856407599216,3.4489561564423945e-17,6.33032042930997e-24,0.0,0.0,-6.0822,,,,0.0,0.0,6.137514171914922,,,,,,,1290.0,1290.0,1290.0,1290.0,12717.03224453687,12717.03224453687,12717.03224453687,12717.03224453687,1.5343785429787304,1.5343785429787304,1.5343785429787304,1.5343785429787304,,,,
0.05416666666666667,1.0002631690929358,0.007436361464418668,,,6.134743620159324,12714.161605700063,24.990314440384612,1290.0,1750.0,22.200000000000003,6.0822,9.161758895771715e-05,3.477242979985284e-18,8.59403268803428e-23,0.002884200230789009,-4.750928689548954e-19,,0.00015457905627208612,-2.7755575615628914e-17,0.0,11.605799999999999,0.9998553408119657,,,,,,,2.1513301356180748e-20,-2.765368530017562e-07,1.0002631690929358,1.0491137229622937e-18,-1.652723726616932e-05,0.007436361464418668,,,,4.580879446283736e-05,1.7386214901368517e-18,-3.667399108865884e-23,0.9999999989507772,0.002884200230789009,-4.750928689548954e-19,1.0634270694845689e-23,0.0,0.0,-6.0822,,,,0.0,0.0,6.134743620159324,,,,,,,1290.0,1290.0,1290.0,1290.0,12714.161605700063,12714.161605700063,12714.161605700063,12714.161605700063,1.533685905039831,1.533685905039831,1.533685905039831,1.533685905039831,,,,
0.058333333333333334,1.000295554083432,0.007772397719060978,,,6.1322022204269615,12711.527827013319,24.99025864326923,1290.0,1750.0,22.200000000000003,6.0822,0.0001044222109713964,3.329438335990914e-18,7.1525037625444e-23,0.00307310928328302,-3.547311472759633e-17,,0.00015220468547455512,-2.7755575615628914e-17,0.0,11.605799999999999,0.9998450080128204,,,,,,,2.648169514701887e-20,-3.6113224073855924e-07,1.000295554083432,1.1924145098011487e-18,-2.030289305683273e-05,0.007772397719060978,,,,5.221110546197696e-05,1.664719167593646e-18,-5.115430928080766e-23,0.9999999986370002,0.00307310928328302,-3.547311472759633e-17,1.740173034659348e-23,0.0,0.0,-6.0822,,,,0.0,0.0,6.1322022204269615,,,,,,,1290.0,1290.0,1290.0,1290.0,12711.527827013319,12711.527827013319,12711.527827013319,12711.527827013319,1.5330505551067404,1.5330505551067404,1.5330505551067404,1.5330505551067404,,,,
0.0625,1.0003292739405498,0.00809276570828246,,,6.129870790216207,12709.111170130798,24.990202846153842,1290.0,1750.0,22.200000000000003,6.0822,0.00011799799498501738,3.1807914327145486e-18,5.511016700013018e-23,0.0032581881632690354,-3.567525700411114e-17,,0.00014966733008747735,0.0,0.0,11.605799999999999,0.9998346752136751,,,,,,,3.202157826184135e-20,-4.6365142607057096e-07,1.0003292739405498,1.3295719475573956e-18,-2.460460447968281e-05,0.00809276570828246,,,,5.89989974582806e-05,1.5903957152150072e-18,-6.627666937491611e-23,0.9999999982595591,0.0032581881632690354,-3.567525700411114e-17,2.788004709000468e-23,0.0,0.0,-6.0822,,,,0.0,0.0,6.129870790216207,,,,,,,1290.0,1290.0,1290.0,1290.0,12709.111170130798,12709.111170130798,12709.111170130798,12709.111170130798,1.5324676975540517,1.5324676975540517,1.5324676975540517,1.5324676975540517,,,,
0.06666666666666667,1.000364268767333,0.008398758427963235,,,6.127731759348318,12706.893541568817,24.990147049038463,1290.0,1750.0,22.200000000000003,6.0822,0.00013232757379485945,3.1762669242348367e-18,5.472438740550137e-23,0.0034390989143620915,-1.0858820382233508e-18,,0.00014696970717459346,2.7755575615628914e-17,0.0,11.605799999999999,0.9998243424145298,,,,,,,3.8107245331252316e-20,-5.864175888816146e-07,1.000364268767333,1.460560096658632e-18,-2.9463879074650488e-05,0.008398758427963235,,,,6.616378684915611e-05,1.588133460451661e-18,-7.771473023268952e-23,0.9999999978111767,0.0034390989143620915,-1.0858820382233508e-18,4.332491669584764e-23,0.0,0.0,-6.0822,,,,0.0,0.0,6.127731759348318,,,,,,,1290.0,1290.0,1290.0,1290.0,12706.893541568817,12706.893541568817,12706.893541568817,12706.893541568817,1.5319329398370796,1.5319329398370796,1.5319329398370796,1.5319329398370796,,,,
0.07083333333333333,1.0004004836036307,0.00869156071140488,,,6.125769033409022,12704.858355633996,24.990091251923076,1290.0,1750.0,22.200000000000003,6.0822,0.0001473921132616998,3.1705304016273194e-18,5.419143214550646e-23,0.003615489472041686,-1.376765430241256e-18,,0.00014411470541819682,0.0,0.0,11.605799999999999,0.9998140096153845,,,,,,,4.473774543830684e-20,-7.318822326361225e-07,1.0004004836036307,1.5913200256930855e-18,-3.4911514501081894e-05,0.00869156071140488,,,,7.369605656414136e-05,1.5852651985056334e-18,-8.973207790915505e-23,0.9999999972844457,0.003615489472041686,-1.376765430241256e-18,6.464493525318143e-23,0.0,0.0,-6.0822,,,,0.0,0.0,6.125769033409022,,,,,,,1290.0,1290.0,1290.0,1290.0,12704.858355633996,12704.858355633996,12704.858355633996,12704.858355633996,1.5314422583522556,1.5314422583522556,1.5314422583522556,1.5314422583522556,,,,
0.075,1.0004378680132482,0.008972258308185514,,,6.123967868920829,12702.990408774072,24.99003545480769,1290.0,1750.0,22.200000000000003,6.0822,0.0001631712503267983,3.018230128217879e-18,3.093072386974308e-23,0.0037869928956236415,-3.6552066044836644e-17,,0.00014110538202544154,-2.7755575615628914e-17,0.0,11.605799999999999,0.9998036768162392,,,,,,,5.191193467352594e-20,-9.026219817467802e-07,1.0004378680132482,1.7218054164525854e-18,-4.097753978655784e-05,0.008972258308185514,,,,8.158562507289058e-05,1.5091150603481943e-18,-1.0765673392884204e-22,0.9999999966718929,0.0037869928956236415,-3.6552066044836644e-17,9.329628057060765e-23,0.0,0.0,-6.0822,,,,0.0,0.0,6.123967868920829,,,,,,,1290.0,1290.0,1290.0,1290.0,12702.990408774072,12702.990408774072,12702.990408774072,12702.990408774072,1.5309919672302073,1.5309919672302073,1.5309919672302073,1.5309919672302073,,,,
0.07916666666666666,1.0004763757057316,0.009241846196018718,,,6.122314759212458,12701.27576439947,24.98997965769231,1290.0,1750.0,22.200000000000003,6.0822,0.00017964302791251009,2.8642787781459753e-18,5.091617306104865e-24,0.003953226620570822,-3.6948324537858055e-17,,0.00013794495945529395,0.0,0.0,11.605799999999999,0.9997933440170939,,,,,,,5.960355655451098e-20,-1.1013351221466945e-06,1.0004763757057316,1.845989251436409e-18,-4.7691153695979434e-05,0.009241846196018718,,,,8.982151383547648e-05,1.4321393835244742e-18,-1.2609111930716743e-22,0.9999999959660478,0.003953226620570822,-3.6948324537858055e-17,1.3182099987991571e-22,0.0,0.0,-6.0822,,,,0.0,0.0,6.122314759212458,,,,,,,1290.0,1290.0,1290.0,1290.0,12701.27576439947,12701.27576439947,12701.27576439947,12701.27576439947,1.5305786898031144,1.5305786898031144,1.5305786898031144,1.5305786898031144,,,,
0.08333333333333333,1.0005159641898616,0.00950123619119959,,,6.120797330046929,12699.70164730308,24.989923860576923,1290.0,1750.0,22.200000000000003,6.0822,0.00019678382679950786,2.708431716776076e-18,-2.348065114615019e-23,0.0041137917328794805,-3.740329535738514e-17,,0.00013463682196745985,0.0,0.0,11.605799999999999,0.9997830112179485,,,,,,,6.778609660363269e-20,-1.3308378727531038e-06,1.0005159641898616,1.9638096117892103e-18,-5.508066014553823e-05,0.00950123619119959,,,,9.83919132409991e-05,1.3542158506778244e-18,-1.4498421476434722e-22,0.9999999951595157,0.0041137917328794805,-3.740329535738514e-17,1.8245794666581173e-22,0.0,0.0,-6.0822,,,,0.0,0.0,6.120797330046929,,,,,,,1290.0,1290.0,1290.0,1290.0,12699.70164730308,12699.70164730308,12699.70164730308,12699.70164730308,1.5301993325117322,1.5301993325117322,1.5301993325117322,1.5301993325117322,,,,
0.0875,1.0005565944561845,0.009751263917489853,,,6.119404244155512,12698.256346878385,24.98986806346154,1290.0,1750.0,22.200000000000003,6.0822,0.00021456829458025092,2.5504286956561247e-18,-5.494591100126348e-23,0.004268272267378326,-3.792072582041077e-17,,0.00013118451199833903,0.0,0.0,11.605799999999999,0.9997726784188032,,,,,,,7.643273802465923e-20,-1.594060375183163e-06,1.0005565944561845,2.0751939410463675e-18,-6.317340058321425e-05,0.009751263917489853,,,,0.0001072841470843207,1.2752143375418623e-18,-1.6428323899894832e-22,0.9999999942450559,0.004268272267378326,-3.792072582041077e-17,2.4772309016694026e-22,0.0,0.0,-6.0822,,,,0.0,0.0,6.119404244155512,,,,,,,1290.0,1290.0,1290.0,1290.0,12698.256346878385,12698.256346878385,12698.256346878385,12698.256346878385,1.529851061038878,1.529851061038878,1.529851061038878,1.529851061038878,,,,
0.09166666666666666,1.0005982306861347,0.009992695188082962,,,6.118125113902127,12696.929128402742,24.989812266346153,1290.0,1750.0,22.200000000000003,6.0822,0.000232969271796413,2.3899947054351708e-18,-8.94692881974573e-23,0.00441623453187891,-3.8504158543633944e-17,,0.00012759172636800375,0.0,0.0,11.605799999999999,0.9997623456196579,,,,,,,8.551631496939719e-20,-1.8940423887480082e-06,1.0005982306861347,2.1800584667371125e-18,-7.199568325556282e-05,0.009992695188082962,,,,0.0001164846356347829,1.1949973393994241e-18,-1.8393347501107192e-22,0.9999999932156648,0.00441623453187891,-3.8504158543633944e-17,3.304181141642759e-22,0.0,0.0,-6.0822,,,,0.0,0.0,6.118125113902127,,,,,,,1290.0,1290.0,1290.0,1290.0,12696.929128402742,12696.929128402742,12696.929128402742,12696.929128402742,1.5295312784755317,1.5295312784755317,1.5295312784755317,1.5295312784755317,,,,
0.09583333333333333,1.000640839985512,0.010226231850549427,,,6.116950421372778,12695.71015171373,24.989756469230766,1290.0,1750.0,22.200000000000003,6.0822,0.0002519577153764916,2.2268408398826857e-18,-1.2722132016117857e-22,0.004557226459218853,-3.9156928779032666e-17,,0.00012386231232131006,0.0,0.0,11.605799999999999,0.9997520128205126,,,,,,,9.500926351461279e-20,-2.2339286774134127e-06,1.000640839985512,2.2783076508517453e-18,-8.157270927969712e-05,0.010226231850549427,,,,0.0001259788573550176,1.1134204030923792e-18,-2.0387809183577154e-22,0.9999999920646637,0.004557226459218853,-3.9156928779032666e-17,4.336379981730784e-22,0.0,0.0,-6.0822,,,,0.0,0.0,6.116950421372778,,,,,,,1290.0,1290.0,1290.0,1290.0,12695.71015171373,12695.71015171373,12695.71015171373,12695.71015171373,1.5292376053431944,1.5292376053431944,1.5292376053431944,1.5292376053431944,,,,
0.1,1.0006843921402635,0.010452517140346097,,,6.1158714452477305,12694.590396662466,24.989700672115383,1290.0,1750.0,22.200000000000003,6.0822,0.00027150261949877125,2.0606651725687313e-18,-1.6837793273922516e-22,0.004690776989347126,-3.9882161375229024e-17,,0.0001200002634079711,0.0,0.0,11.605799999999999,0.9997416800213673,,,,,,,1.048835704737347e-19,-2.616964075077952e-06,1.0006843921402635,2.369833670189257e-18,-9.192849543948942e-05,0.010452517140346097,,,,0.00013575130933243866,1.0303325653619032e-18,-2.2405796322985826e-22,0.999999990785791,0.004690776989347126,-3.9882161375229024e-17,5.607776556563155e-22,0.0,0.0,-6.0822,,,,0.0,0.0,6.1158714452477305,,,,,,,1290.0,1290.0,1290.0,1290.0,12694.590396662466,12694.590396662466,12694.590396662466,12694.590396662466,1.5289678613119326,1.5289678613119326,1.5289678613119326,1.5289678613119326,,,,
0.10416666666666667,1.000728859392699,0.010672140584542366,,,6.114880193871541,12693.561594779136,24.989644874999996,1290.0,1750.0,22.200000000000003,6.0822,0.0002915709340142368,1.74601280051057e-18,-2.539827424429161e-22,0.004816395483711715,-7.551657208660903e-17,,0.00011600971520714376,-2.7755575615628914e-17,0.0,11.605799999999999,0.999731347222222,,,,,,,1.1511072017215926e-19,-3.0464882151865053e-06,1.000728859392699,2.454515927621896e-18,-0.00010308579362605281,0.010672140584542366,,,,0.0001457854664907122,8.730063724646105e-19,-2.542630151825528e-22,0.9999999893732988,0.004816395483711715,-7.551657208660903e-17,7.15537715227097e-22,0.0,0.0,-6.0822,,,,0.0,0.0,6.114880193871541,,,,,,,1290.0,1290.0,1290.0,1290.0,12693.561594779136,12693.561594779136,12693.561594779136,12693.561594779136,1.5287200484678853,1.5287200484678853,1.5287200484678853,1.5287200484678853,,,,
0.10833333333333334,1.0007742162364233,0.010885642493833532,,,6.113969343987826,12692.616166633077,24.989589077884617,1290.0,1750.0,22.200000000000003,6.0822,0.0003121274805738945,1.4276992939473327e-18,-3.462950331047954e-22,0.004933571174317832,-7.639524478367838e-17,,0.0001118949408973613,0.0,0.0,11.605799999999999,0.9997210144230767,,,,,,,1.2563679090076989e-19,-3.5259299103718566e-06,1.0007742162364233,2.5262569748665537e-18,-0.0001150660068444843,0.010885642493833532,,,,0.00015606373965343533,7.138496112583953e-19,-2.8455355990081165e-22,0.9999999878220545,0.004933571174317832,-7.639524478367838e-17,9.048940107970795e-22,0.0,0.0,-6.0822,,,,0.0,0.0,6.113969343987826,,,,,,,1290.0,1290.0,1290.0,1290.0,12692.616166633077,12692.616166633077,12692.616166633077,12692.616166633077,1.5284923359969564,1.5284923359969564,1.5284923359969564,1.5284923359969564,,,,
0.1125,1.0008204392284135,0.01109351807764578,,,6.113132184652823,12691.747164412853,24.98953328076923,1290.0,1750.0,22.200000000000003,6.0822,0.0003331348666153409,1.1053898677347082e-18,-4.4555687954958375e-22,0.005041772649947149,-7.735426595250755e-17,,0.0001076603466823034,0.0,0.0,11.605799999999999,0.9997106816239314,,,,,,,1.3640725324614618e-19,-4.058801167503583e-06,1.0008204392284135,2.5849109628903144e-18,-0.00012788910171161424,0.01109351807764578,,,,0.00016656743253744293,5.526948890925412e-19,-3.1483941279506727e-22,0.9999999861276451,0.005041772649947149,-7.735426595250755e-17,1.1340540856785603e-21,0.0,0.0,-6.0822,,,,0.0,0.0,6.113132184652823,,,,,,,1290.0,1290.0,1290.0,1290.0,12691.747164412853,12691.747164412853,12691.747164412853,12691.747164412853,1.5282830461632058,1.5282830461632058,1.5282830461632058,1.5282830461632058,,,,
0.11666666666666667,1.0008675068168058,0.011296221214157826,,,6.112362565884441,12690.94821929131,24.989477483653843,1290.0,1750.0,22.200000000000003,6.0822,0.0003545533973742531,9.238828082684353e-19,-5.020977089577343e-22,0.0051404473821389345,-4.356169636351079e-17,,0.00010331046707140468,2.7755575615628914e-17,0.0,11.605799999999999,0.9997003488247861,,,,,,,1.4736691088627137e-19,-4.648690823224781e-06,1.0008675068168058,2.6303178336300435e-18,-0.0001415735173730876,0.011296221214157826,,,,0.00017727669775857992,4.619413523703831e-19,-3.3294029721688316e-22,0.9999999842864861,0.0051404473821389345,-4.356169636351079e-17,1.4086344042403294e-21,0.0,0.0,-6.0822,,,,0.0,0.0,6.112362565884441,,,,,,,1290.0,1290.0,1290.0,1290.0,12690.94821929131,12690.94821929131,12690.94821929131,12690.94821929131,1.5280906414711102,1.5280906414711102,1.5280906414711102,1.5280906414711102,,,,
0.12083333333333333,1.000915399183074,0.01149416790434644,,,6.111654851642357,12690.213493176889,24.989421686538464,1290.0,1750.0,22.200000000000003,6.0822,0.00037634098609783454,5.925478510501852e-19,-6.159742288999004e-22,0.005229021293659599,-7.952039441171812e-17,,9.884996002468283e-05,-2.7755575615628914e-17,0.0,11.605799999999999,0.9996900160256408,,,,,,,1.5848467928481392e-19,-5.2992577847767635e-06,1.000915399183074,2.66826441565021e-18,-0.00015613607077247593,0.01149416790434644,,,,0.00018817049193845626,2.9627386232575226e-19,-3.6373711931191987e-22,0.9999999822959329,0.005229021293659599,-7.952039441171812e-17,1.7301395055295883e-21,0.0,0.0,-6.0822,,,,0.0,0.0,6.111654851642357,,,,,,,1290.0,1290.0,1290.0,1290.0,12690.213493176889,12690.213493176889,12690.213493176889,12690.213493176889,1.5279137129105893,1.5279137129105893,1.5279137129105893,1.5279137129105893,,,,
0.125,1.0009640980973935,0.011687739436681756,,,6.111003876769984,12689.537634485665,24.989365889423077,1290.0,1750.0,22.200000000000003,6.0822,0.000398453062649114,2.5617223629424633e-19,-7.374977953090474e-22,0.005306898372307026,-8.073015278391101e-17,,9.428360196483965e-05,0.0,0.0,11.605799999999999,0.9996796832264955,,,,,,,1.6970384386788487e-19,-6.014223860652869e-06,1.0009640980973935,2.692599499937029e-18,-0.00017159185821026527,0.011687739436681756,,,,0.0001992265300066333,1.280860421406133e-19,-3.942670431969496e-22,0.9999999801543946,0.005306898372307026,-8.073015278391101e-17,2.1089644029025558e-21,0.0,0.0,-6.0822,,,,0.0,0.0,6.111003876769984,,,,,,,1290.0,1290.0,1290.0,1290.0,12689.537634485665,12689.537634485665,12689.537634485665,12689.537634485665,1.527750969192496,1.527750969192496,1.527750969192496,1.527750969192496,,,,
0.12916666666666665,1.0010135867860885,0.011877285286832556,,,6.110404907561171,12688.91573759904,24.98931009230769,1290.0,1750.0,22.200000000000003,6.0822,0.00042084248070337017,-2.3074170611569056e-19,-9.263277766094705e-22,0.005373460333021454,-1.1685935494057351e-16,,8.961628266251909e-05,-2.7755575615628914e-17,0.0,11.605799999999999,0.9996693504273502,,,,,,,1.8096684005293784e-19,-6.797366165388168e-06,1.0010135867860885,2.7031190844127135e-18,-0.0001879541531364719,0.011877285286832556,,,,0.00021042123879887808,-1.1537094796322113e-19,-4.388874002292436e-22,0.9999999778614509,0.005373460333021454,-1.1685935494057351e-16,2.551977713119002e-21,0.0,0.0,-6.0822,,,,0.0,0.0,6.110404907561171,,,,,,,1290.0,1290.0,1290.0,1290.0,12688.91573759904,12688.91573759904,12688.91573759904,12688.91573759904,1.5276012268902928,1.5276012268902928,1.5276012268902928,1.5276012268902928,,,,
0.13333333333333333,1.0010638498101496,0.01206312577467266,,,6.109853605643778,12688.343305699962,24.989254295192307,1290.0,1750.0,22.200000000000003,6.0822,0.00044345942375087494,-7.234113572223838e-19,-1.1264309154576591e-21,0.005428066331401132,-1.1824072598107926e-16,,8.485300000005136e-05,0.0,0.0,11.605799999999999,0.9996590176282049,,,,,,,1.9219035930300837e-19,-7.652509082585222e-06,1.0010638498101496,2.6936446200169248e-18,-0.00020523430012729294,0.01206312577467266,,,,0.00022172971005858177,-3.6170579460133132e-19,-4.830145486388466e-22,0.9999999754179675,0.005428066331401132,-1.1824072598107926e-16,3.0730876966590436e-21,0.0,0.0,-6.0822,,,,0.0,0.0,6.109853605643778,,,,,,,1290.0,1290.0,1290.0,1290.0,12688.343305699962,12688.343305699962,12688.343305699962,12688.343305699962,1.5274634014109445,1.5274634014109445,1.5274634014109445,1.5274634014109445,,,,
0.1375,1.0011148729538955,0.012245554498988731,,,6.10934599489879,12687.816216706135,24.98919849807692,1290.0,1750.0,22.200000000000003,6.0822,0.00046625131013358314,-1.3673345227435807e-18,-1.4039828155613688e-21,0.005470052731850039,-1.5454157404064996e-16,,7.99988546197894e-05,-2.7755575615628914e-17,0.0,11.605799999999999,0.9996486848290596,,,,,,,2.0329012259163394e-19,-8.583515770100212e-06,1.0011148729538955,2.663943189270135e-18,-0.0002234416050035976,0.012245554498988731,,,,0.00023312565295515608,-6.836674064461682e-19,-5.426110119935587e-22,0.9999999728262147,0.005470052731850039,-1.5454157404064996e-16,3.6816062987107526e-21,0.0,0.0,-6.0822,,,,0.0,0.0,6.10934599489879,,,,,,,1290.0,1290.0,1290.0,1290.0,12687.816216706135,12687.816216706135,12687.816216706135,12687.816216706135,1.5273364987246976,1.5273364987246976,1.5273364987246976,1.5273364987246976,,,,
0.14166666666666666,1.0011666431229311,0.012424840568562013,,,6.108878431157902,12687.330692042122,24.989142700961533,1290.0,1750.0,22.200000000000003,6.0822,0.0004891626973573924,-2.0177233946613805e-18,-1.6963624864055456e-21,0.005498732933714186,-1.5609334497436136e-16,,7.505904446225564e-05,0.0,0.0,11.605799999999999,0.9996383520299142,,,,,,,2.141559901739094e-19,-9.594279191171887e-06,1.0011666431229311,2.6078082197461165e-18,-0.00024258322105720218,0.012424840568562013,,,,0.0002445813462402187,-1.008861874604929e-18,-6.014324657303243e-22,0.9999999700899821,0.005498732933714186,-1.5609334497436136e-16,4.395760793664405e-21,0.0,0.0,-6.0822,,,,0.0,0.0,6.108878431157902,,,,,,,1290.0,1290.0,1290.0,1290.0,12687.330692042122,12687.330692042122,12687.330692042122,12687.330692042122,1.5272196077894755,1.5272196077894755,1.5272196077894755,1.5272196077894755,,,,
0.14583333333333334,1.0012191482506259,0.012601230646716933,,,6.108447574444547,12686.883268013771,24.98908690384615,1290.0,1750.0,22.200000000000003,6.0822,0.0005121351859361181,-2.6749235653736747e-18,-2.003606256395113e-21,0.0055133972588942036,-1.5772805812430583e-16,,7.003885919998343e-05,0.0,0.0,11.605799999999999,0.9996280192307689,,,,,,,2.2467673115531657e-19,-1.0688712655170843e-05,1.0012191482506259,2.52497783553772e-18,-0.00026266403135974934,0.012601230646716933,,,,0.0002560675901696409,-1.3374619953670566e-18,-6.593224797165242e-22,0.9999999672146941,0.0055133972588942036,-1.5772805812430583e-16,5.227877925183527e-21,0.0,0.0,-6.0822,,,,0.0,0.0,6.108447574444547,,,,,,,1290.0,1290.0,1290.0,1290.0,12686.883268013771,12686.883268013771,12686.883268013771,12686.883268013771,1.5271118936111368,1.5271118936111368,1.5271118936111368,1.5271118936111368,,,,
0.15,1.0012723772123966,0.012774950824985408,,,6.108050363543534,12686.470769568112,24.989031106730764,1290.0,1750.0,22.200000000000003,6.0822,0.0005351073230384261,-3.3392696504441065e-18,-2.3256761711779854e-21,0.005513312904553983,-1.59443079036658e-16,,6.494367457299255e-05,0.0,0.0,11.605799999999999,0.9996176864316236,,,,,,,2.3473996284066504e-19,-1.1870739851581804e-05,1.0012723772123966,2.415175604483636e-18,-0.0002836865271386305,0.012774950824985408,,,,0.0002675536583270767,-1.6696350765832648e-18,-7.161211384096837e-22,0.9999999642075194,0.005513312904553983,-1.59443079036658e-16,6.1910025485184096e-21,0.0,0.0,-6.0822,,,,0.0,0.0,6.108050363543534,,,,,,,1290.0,1290.0,1290.0,1290.0,12686.470769568112,12686.470769568112,12686.470769568112,12686.470769568112,1.5270125908858836,1.5270125908858836,1.5270125908858836,1.5270125908858836,,,,
0.15416666666666667,1.0013263197471476,0.012946208340214876,,,6.107683992702775,12686.09028623992,24.988975309615384,1290.0,1750.0,22.200000000000003,6.0822,0.0005580145062245871,-4.011081714240492e-18,-2.662450321663307e-21,0.005497723964678568,-1.6123491540812095e-16,,5.977894663256045e-05,0.0,0.0,11.605799999999999,0.9996073536324783,,,,,,,2.442320921382367e-19,-1.314428436080995e-05,1.0013263197471476,2.2781110314172047e-18,-0.00030565068221475515,0.012946208340214876,,,,0.00027900724949240477,-2.0055411504810057e-18,-7.716646707272513e-22,0.9999999610774766,0.005497723964678568,-1.6123491540812095e-16,7.298903420383925e-21,0.0,0.0,-6.0822,,,,0.0,0.0,6.107683992702775,,,,,,,1290.0,1290.0,1290.0,1290.0,12686.09028623992,12686.09028623992,12686.09028623992,12686.09028623992,1.5269209981756937,1.5269209981756937,1.5269209981756937,1.5269209981756937,,,,
0.15833333333333333,1.0013809663852653,0.013115193148239971,,,6.107345890287369,12685.73915010274,24.988919512499997,1290.0,1750.0,22.200000000000003,6.0822,0.0005807888875761149,-4.6906616570769545e-18,-3.0137123258650777e-21,0.005465851524366584,-1.63099207846607e-16,,5.4550205898729054e-05,0.0,0.0,11.605799999999999,0.999597020833333,,,,,,,2.5303825961113545e-19,-1.451325862542699e-05,1.0013809663852653,2.113480193495695e-18,-0.0003285538235080896,0.013115193148239971,,,,0.00029039443970661517,-2.3453311672315058e-18,-8.257850675166704e-22,0.9999999578355337,0.005465851524366584,-1.63099207846607e-16,8.566081071051865e-21,0.0,0.0,-6.0822,,,,0.0,0.0,6.107345890287369,,,,,,,1290.0,1290.0,1290.0,1290.0,12685.73915010274,12685.73915010274,12685.73915010274,12685.73915010274,1.5268364725718422,1.5268364725718422,1.5268364725718422,1.5268364725718422,,,,
0.1625,1.001436308382624,0.013282079366132493,,,6.10703369922165,12685.41491555732,24.98886371538461,1290.0,1750.0,22.200000000000003,6.0822,0.0006033592785380972,-5.3782895620802554e-18,-3.3791399509840924e-21,0.005416893830875847,-1.650307202048504e-16,,4.926305143815313e-05,0.0,0.0,11.605799999999999,0.9995866880341877,,,,,,,2.6104228677631227e-19,-1.598155236554685e-05,1.001436308382624,1.9209665196424326e-18,-0.00035239049762876665,0.013282079366132493,,,,0.00030167963469304097,-2.6891451683786353e-18,-8.783096834267712e-22,0.999999954494698,0.005416893830875847,-1.650307202048504e-16,1.0007778356478169e-20,0.0,0.0,-6.0822,,,,0.0,0.0,6.10703369922165,,,,,,,1290.0,1290.0,1290.0,1290.0,12685.41491555732,12685.41491555732,12685.41491555732,12685.41491555732,1.5267584248054125,1.5267584248054125,1.5267584248054125,1.5267584248054125,,,,
0.16666666666666666,1.0014923376600993,0.013447026594032857,,,6.106745259068699,12685.115340804346,24.98880791826923,1290.0,1750.0,22.200000000000003,6.0822,0.0006256510558113167,-6.219360825774371e-18,-3.8474826680802196e-21,0.005350026545572691,-2.0185713425023237e-16,,4.392314486817428e-05,-2.7755575615628914e-17,0.0,11.605799999999999,0.9995763552350424,,,,,,,2.6812662726033137e-19,-1.755302042214777e-05,1.0014923376600993,1.7002417161645824e-18,-0.0003771523335842205,0.013447026594032857,,,,0.0003128255228034839,-3.1096808625262063e-18,-9.509538389984419e-22,0.999999951070095,0.005350026545572691,-2.0185713425023237e-16,1.1639994313440333e-20,0.0,0.0,-6.0822,,,,0.0,0.0,6.106745259068699,,,,,,,1290.0,1290.0,1290.0,1290.0,12685.115340804346,12685.115340804346,12685.115340804346,12685.115340804346,1.5266863147671748,1.5266863147671748,1.5266863147671748,1.5266863147671748,,,,
0.17083333333333334,1.001549046748127,0.01361018112664075,,,6.106478589609696,12684.838370861116,24.988752121153844,1290.0,1750.0,22.200000000000003,6.0822,0.0006475860686491014,-7.068959940515179e-18,-4.3321175366089654e-21,0.0052644030810683196,-2.039038202691018e-16,,3.853620429450366e-05,0.0,0.0,11.605799999999999,0.9995660224358971,,,,,,,2.741475044549818e-19,-1.923147001234042e-05,1.001549046748127,1.4450105267161028e-18,-0.0004028279016462363,0.01361018112664075,,,,0.000323793028666703,-3.5344804863314705e-18,-1.0216186804260909e-21,0.999999947579036,0.0052644030810683196,-2.039038202691018e-16,1.3496582410469233e-20,0.0,0.0,-6.0822,,,,0.0,0.0,6.106478589609696,,,,,,,1290.0,1290.0,1290.0,1290.0,12684.838370861116,12684.838370861116,12684.838370861116,12684.838370861116,1.526619647402424,1.526619647402424,1.526619647402424,1.526619647402424,,,,
0.175,1.001606428735892,0.013771677063595316,,,6.106231875797054,12684.582121993484,24.98869632403846,1290.0,1750.0,22.200000000000003,6.0822,0.0006690825479322459,-7.927278402597966e-18,-4.8321852999497404e-21,0.005159155027954694,-2.0599646527481039e-16,,3.3107998188119936e-05,0.0,0.0,11.605799999999999,0.9995556896367518,,,,,,,2.789596922287905e-19,-2.1020647380823904e-05,1.001606428735892,1.1549250657140771e-18,-0.0004294025684360361,0.013771677063595316,,,,0.0003345412677259322,-3.963639787780667e-18,-1.0900916315621437e-21,0.9999999440410685,0.005159155027954694,-2.0599646527481039e-16,1.5598270857114313e-20,0.0,0.0,-6.0822,,,,0.0,0.0,6.106231875797054,,,,,,,1290.0,1290.0,1290.0,1290.0,12684.582121993484,12684.582121993484,12684.582121993484,12684.582121993484,1.5265579689492634,1.5265579689492634,1.5265579689492634,1.5265579689492634,,,,
0.17916666666666667,1.0016644772247552,0.013931637327199797,,,6.106003453966024,12684.344867445148,24.988640526923074,1290.0,1750.0,22.200000000000003,6.0822,0.0006900550174142497,-8.794469265671075e-18,-5.346639491280432e-21,0.0050333926756808865,-2.081258429893605e-16,,2.7644339207877344e-05,0.0,0.0,11.605799999999999,0.9995453568376065,,,,,,,2.8241648130709683e-19,-2.2924223832076252e-05,1.0016644772247552,8.296293787935236e-19,-0.0004568583483005635,0.013931637327199797,,,,0.0003450275018615501,-4.397235293472215e-18,-1.1561527060525677e-21,0.9999999404780097,0.0050333926756808865,-2.081258429893605e-16,1.7966813103987323e-20,0.0,0.0,-6.0822,,,,0.0,0.0,6.106003453966024,,,,,,,1290.0,1290.0,1290.0,1290.0,12684.344867445148,12684.344867445148,12684.344867445148,12684.344867445148,1.526500863491506,1.526500863491506,1.526500863491506,1.526500863491506,,,,
0.18333333333333332,1.0017231862855687,0.01409017459523535,,,6.105791799199168,12684.12502435617,24.988584729807688,1290.0,1750.0,22.200000000000003,6.0822,0.0007104142075485784,-9.670642474612097e-18,-5.874228785384925e-21,0.004886205632238892,-2.1028160726065462e-16,,2.215107797687299e-05,0.0,0.0,11.605799999999999,0.9995350240384612,,,,,,,2.843696523280792e-19,-2.4945781128197073e-05,1.0017231862855687,4.687610450357655e-19,-0.00048517375106899724,0.01409017459523535,,,,0.0003552070963047524,-4.835321975548642e-18,-1.2195737909973546e-21,0.9999999369139574,0.004886205632238892,-2.1028160726065462e-16,2.0625022208197308e-20,0.0,0.0,-6.0822,,,,0.0,0.0,6.105791799199168,,,,,,,1290.0,1290.0,1290.0,1290.0,12684.12502435617,12684.12502435617,12684.12502435617,12684.12502435617,1.526447949799792,1.526447949799792,1.526447949799792,1.526447949799792,,,,
0.1875,1.0017825504195519,0.014247392155958443,,,6.105595513746984,12683.921141771601,24.988528932692304,1290.0,1750.0,22.200000000000003,6.0822,0.000730066972329613,-1.0410719335946035e-17,-6.308942195310063e-21,0.00471666354744832,-1.7761847579710292e-16,,1.6634096816792177e-05,2.7755575615628914e-17,0.0,11.605799999999999,0.9995246912393159,,,,,,,2.8466945636071453e-19,-2.7088796237760518e-05,1.0017825504195519,7.195296783247617e-20,-0.0005143236262952268,0.014247392155958443,,,,0.0003650334780580549,-5.205360472654931e-18,-1.2543403433459586e-21,0.9999999333752777,0.00471666354744832,-1.7761847579710292e-16,2.3596812468487698e-20,0.0,0.0,-6.0822,,,,0.0,0.0,6.105595513746984,,,,,,,1290.0,1290.0,1290.0,1290.0,12683.921141771601,12683.921141771601,12683.921141771601,12683.921141771601,1.526398878436746,1.526398878436746,1.526398878436746,1.526398878436746,,,,
0.19166666666666665,1.0018425645224343,0.014403384691781046,,,6.105413316416215,12683.731889649409,24.988473135576918,1290.0,1750.0,22.200000000000003,6.0822,0.0007489162095994146,-1.1014709389899985e-17,-6.643584104743409e-21,0.004523816944752363,-1.4495763270778342e-16,,1.1099303449169096e-05,2.7755575615628914e-17,0.0,11.605799999999999,0.9995143584401706,,,,,,,2.8318941732521444e-19,-2.935662542155045e-05,1.0018425645224343,-3.5520936852001663e-19,-0.000544279004109584,0.014403384691781046,,,,0.0003744580960486918,-5.507355552704392e-18,-1.2595182661469416e-21,0.9999999298905647,0.004523816944752363,-1.4495763270778342e-16,2.688088974832731e-20,0.0,0.0,-6.0822,,,,0.0,0.0,6.105413316416215,,,,,,,1290.0,1290.0,1290.0,1290.0,12683.731889649409,12683.731889649409,12683.731889649409,12683.731889649409,1.5263533291040539,1.5263533291040539,1.5263533291040539,1.5263533291040539,,,,
0.19583333333333333,1.0019032238515908,0.014558238997587113,,,6.105244032844729,12683.556048784394,24.988417338461538,1290.0,1750.0,22.200000000000003,6.0822,0.0007668607852933834,-1.1627706379538646e-17,-6.98120638227394e-21,0.0043066981665526105,-1.471192966741724e-16,,5.552624669391548e-06,0.0,0.0,11.605799999999999,0.9995040256410253,,,,,,,2.7982632776624786e-19,-3.1752487641640254e-05,1.0019032238515908,-8.071414941519856e-19,-0.0005750069328215521,0.014558238997587113,,,,0.0003834303832514416,-5.813854100799596e-18,-1.2613949778238436e-21,0.9999999264905679,0.0043066981665526105,-1.471192966741724e-16,3.047067417026994e-20,0.0,0.0,-6.0822,,,,0.0,0.0,6.105244032844729,,,,,,,1290.0,1290.0,1290.0,1290.0,12683.556048784394,12683.556048784394,12683.556048784394,12683.556048784394,1.5263110082111822,1.5263110082111822,1.5263110082111822,1.5263110082111822,,,,
0.2,1.0019645239959205,0.01471203463913956,,,6.10508658658873,12683.392501571792,24.98836154134615,1290.0,1750.0,22.200000000000003,6.0822,0.000783795462119308,-1.2249603341561127e-17,-7.320111228406146e-21,0.0040643224382218065,-1.492552890889776e-16,,0.0,0.0,0.0,11.605799999999999,0.9994936928418799,,,,,,,2.744754423386212e-19,-3.427944728095062e-05,1.0019645239959205,-1.284212502630406e-18,-0.000606470313434489,0.01471203463913956,,,,0.0003918977210281282,-6.124802634812769e-18,-1.2597595166122195e-21,0.9999999232080852,0.0040643224382218065,-1.492552890889776e-16,3.4384658910744683e-20,0.0,0.0,-6.0822,,,,0.0,0.0,6.10508658658873,,,,,,,1290.0,1290.0,1290.0,1290.0,12683.392501571792,12683.392501571792,12683.392501571792,12683.392501571792,1.5262716466471824,1.5262716466471824,1.5262716466471824,1.5262716466471824,,,,
0.20416666666666666,1.0020264608482397,0.01486484455657427,,,6.104939990954341,12683.24022354057,24.988305744230765,1290.0,1750.0,22.200000000000003,6.0822,0.0007996108331861459,-1.3025370897862369e-17,-7.773279696513934e-21,0.0037956890560411666,-1.8618424127064725e-16,,-5.552624669336037e-06,-2.7755575615628914e-17,0.0,11.605799999999999,0.9994833600427346,,,,,,,2.6703049594075525e-19,-3.694039616117401e-05,1.0020264608482397,-1.786787135487824e-18,-0.000638627731253614,0.01486484455657427,,,,0.00039980540594196547,-6.5126864823227585e-18,-1.2828326879459568e-21,0.9999999200778155,0.0037956890560411666,-1.8618424127064725e-16,3.8642214222141207e-20,0.0,0.0,-6.0822,,,,0.0,0.0,6.104939990954341,,,,,,,1290.0,1290.0,1290.0,1290.0,12683.24022354057,12683.24022354057,12683.24022354057,12683.24022354057,1.5262349977385852,1.5262349977385852,1.5262349977385852,1.5262349977385852,,,,
0.20833333333333334,1.0020890305799794,0.015016735617558178,,,6.104803341511204,12683.098275592278,24.988249947115385,1290.0,1750.0,22.200000000000003,6.0822,0.0008141932611211827,-1.366449064550238e-17,-8.108571691032191e-21,0.0034997827044088103,-1.5338875443142134e-16,,-1.1099303449169096e-05,2.7755575615628914e-17,0.0,11.605799999999999,0.9994730272435893,,,,,,,2.5735892151012995e-19,-3.973803484779749e-05,1.0020890305799794,-2.3211778633500766e-18,-0.0006714332847896356,0.015016735617558178,,,,0.0004070966193160623,-6.8322464070912214e-18,-1.2729015363324458e-21,0.9999999171361679,0.0034997827044088103,-1.5338875443142134e-16,4.3299621941076906e-20,0.0,0.0,-6.0822,,,,0.0,0.0,6.104803341511204,,,,,,,1290.0,1290.0,1290.0,1290.0,12683.098275592278,12683.098275592278,12683.098275592278,12683.098275592278,1.526200835377801,1.526200835377801,1.526200835377801,1.526200835377801,,,,
0.2125,1.0021522296179974,0.015167769124304644,,,6.104675809231118,12682.96579688667,24.988194149999998,1290.0,1750.0,22.200000000000003,6.0822,0.0008274248232368587,-1.4311795785669725e-17,-8.438448468769495e-21,0.0031755749077622105,-1.5535324629222263e-16,,-1.6634096816736665e-05,0.0,0.0,11.605799999999999,0.999462694444444,,,,,,,2.4535151323814356e-19,-4.267485323189106e-05,1.0021522296179974,-2.8817779852767343e-18,-0.0007048364121824572,0.015167769124304644,,,,0.000413712399816734,-7.155899025985814e-18,-1.2587401832196256e-21,0.9999999144210214,0.0031755749077622105,-1.5535324629222263e-16,4.8344924598210086e-20,0.0,0.0,-6.0822,,,,0.0,0.0,6.104675809231118,,,,,,,1290.0,1290.0,1290.0,1290.0,12682.96579688667,12682.96579688667,12682.96579688667,12682.96579688667,1.5261689523077795,1.5261689523077795,1.5261689523077795,1.5261689523077795,,,,
0.21666666666666667,1.0022160546233236,0.015318001278287209,,,6.104556634199401,12682.841998320193,24.988138352884615,1290.0,1750.0,22.200000000000003,6.0822,0.0008391832633316177,-1.482176361742037e-17,-8.639237186750684e-21,0.00282202562274221,-1.22392277282858e-16,,-2.21510779769285e-05,2.7755575615628914e-17,0.0,11.605799999999999,0.9994523616452987,,,,,,,2.3089766733660224e-19,-4.575311037935938e-05,1.0022160546233236,-3.468923016369916e-18,-0.0007387817153923961,0.015318001278287209,,,,0.000419591619353792,-7.410882968816637e-18,-1.2100743141692389e-21,0.9999999119714326,0.00282202562274221,-1.22392277282858e-16,5.3800694086724724e-20,0.0,0.0,-6.0822,,,,0.0,0.0,6.104556634199401,,,,,,,1290.0,1290.0,1290.0,1290.0,12682.841998320193,12682.841998320193,12682.841998320193,12682.841998320193,1.5261391585498503,1.5261391585498503,1.5261391585498503,1.5261391585498503,,,,
0.22083333333333333,1.0022805024716828,0.015467483606170087,,,6.104445119851112,12682.726156547917,24.98808255576923,1290.0,1750.0,22.200000000000003,6.0822,0.0008493419507324909,-1.5339075236696874e-17,-8.827457895612852e-21,0.002438084976209558,-1.241547825172576e-16,,-2.7644339207877344e-05,0.0,0.0,11.605799999999999,0.9994420288461534,,,,,,,2.1391025694750043e-19,-4.897481363948566e-05,1.0022805024716828,-4.0769784933844334e-18,-0.0007732087824303073,0.015467483606170087,,,,0.00042467096260166676,-7.66953880114791e-18,-1.156698626714768e-21,0.9999999098272827,0.002438084976209558,-1.241547825172576e-16,5.964627904155508e-20,0.0,0.0,-6.0822,,,,0.0,0.0,6.104445119851112,,,,,,,1290.0,1290.0,1290.0,1290.0,12682.726156547917,12682.726156547917,12682.726156547917,12682.726156547917,1.526111279962778,1.526111279962778,1.526111279962778,1.526111279962778,,,,
0.225,1.0023455702356419,0.015616263350178426,,,6.104340627688269,12682.617608503659,24.98802675865384,1290.0,1750.0,22.200000000000003,6.0822,0.0008577698472107876,-1.586319035443912e-17,-9.00023254837532e-21,0.002022695154791135,-1.2578761783021632e-16,,-3.3107998188119936e-05,0.0,0.0,11.605799999999999,0.9994316960470081,,,,,,,1.9430090009354806e-19,-5.234169700583119e-05,1.0023455702356419,-4.706245644948564e-18,-0.0008080520079229262,0.015616263350178426,,,,0.00042888491045704893,-7.931596377773697e-18,-1.0983743729434742e-21,0.9999999080288625,0.002022695154791135,-1.2578761783021632e-16,6.590085752259779e-20,0.0,0.0,-6.0822,,,,0.0,0.0,6.104340627688269,,,,,,,1290.0,1290.0,1290.0,1290.0,12682.617608503659,12682.617608503659,12682.617608503659,12682.617608503659,1.5260851569220673,1.5260851569220673,1.5260851569220673,1.5260851569220673,,,,
0.22916666666666666,1.0024112551682496,0.01576438382586017,,,6.104242572437871,12682.515746376752,24.98797096153846,1290.0,1750.0,22.200000000000003,6.0822,0.0008643314824262024,-1.6538626089001776e-17,-9.279379798795817e-21,0.0015747924516996256,-1.6210457388887238e-16,,-3.853620429444815e-05,-2.7755575615628914e-17,0.0,11.605799999999999,0.9994213632478628,,,,,,,1.7198005204900133e-19,-5.585519872389637e-05,1.0024112551682496,-5.357003530691216e-18,-0.0008432404123356422,0.01576438382586017,,,,0.0004321657277607017,-8.269314277397525e-18,-1.065975776169115e-21,0.9999999066163875,0.0015747924516996256,-1.6210457388887238e-16,7.258492067596166e-20,0.0,0.0,-6.0822,,,,0.0,0.0,6.104242572437871,,,,,,,1290.0,1290.0,1290.0,1290.0,12682.515746376752,12682.515746376752,12682.515746376752,12682.515746376752,1.5260606431094677,1.5260606431094677,1.5260606431094677,1.5260606431094677,,,,
0.23333333333333334,1.0024775546880411,0.015911884749943005,,,6.104150417613888,12682.420013007415,24.98791516442307,1290.0,1750.0,22.200000000000003,6.0822,0.0008688869385787693,-1.7219531719809404e-17,-9.537063955514463e-21,0.0010933094766160398,-1.6341734362456242e-16,,-4.392314486811877e-05,0.0,0.0,11.605799999999999,0.9994110304487175,,,,,,,1.468323034501273e-19,-5.9516438141403886e-05,1.0024775546880411,-6.0354596637297654e-18,-0.0008786974602018047,0.015911884749943005,,,,0.0004344434556231597,-8.609767119053764e-18,-1.0280750954648832e-21,0.9999999056294375,0.0010933094766160398,-1.6341734362456242e-16,7.977478975801229e-20,0.0,0.0,-6.0822,,,,0.0,0.0,6.104150417613888,,,,,,,1290.0,1290.0,1290.0,1290.0,12682.420013007415,12682.420013007415,12682.420013007415,12682.420013007415,1.526037604403472,1.526037604403472,1.526037604403472,1.526037604403472,,,,
0.2375,1.0025444663652943,0.016058802540762467,,,6.1040636714495164,12682.329897665852,24.987859367307692,1290.0,1750.0,22.200000000000003,6.0822,0.0008712918449723955,-1.8050248214127018e-17,-9.895273800479803e-21,0.0005771775344702764,-1.993719579703482e-16,,-4.9263051438097616e-05,-2.7755575615628914e-17,0.0,11.605799999999999,0.9994006976495722,,,,,,,1.1874131087400336e-19,-6.332619179863529e-05,1.0025444663652943,-6.741838218269747e-18,-0.0009143408777355387,0.016058802540762467,,,,0.0004356459087061822,-9.025125406054013e-18,-1.0158780379326578e-21,0.9999999051063165,0.0005771775344702764,-1.993719579703482e-16,8.750107408949336e-20,0.0,0.0,-6.0822,,,,0.0,0.0,6.1040636714495164,,,,,,,1290.0,1290.0,1290.0,1290.0,12682.329897665852,12682.329897665852,12682.329897665852,12682.329897665852,1.5260159178623791,1.5260159178623791,1.5260159178623791,1.5260159178623791,,,,
0.24166666666666667,1.002611987909434,0.01620517059352814,,,6.10398188316872,12682.24493218308,24.987803570192305,1290.0,1750.0,22.200000000000003,6.0822,0.0008713973832181364,-1.888474133212388e-17,-1.0222995979056496e-20,2.5329178977820887e-05,-2.0027834082358326e-16,,-5.4550205898729054e-05,0.0,0.0,11.605799999999999,0.9993903648504269,,,,,,,8.756512567659472e-20,-6.728486875794333e-05,1.002611987909434,-7.482284447378072e-18,-0.0009500824702339288,0.01620517059352814,,,,0.0004356986778240446,-9.442371996896444e-18,-9.974690896341298e-22,0.9999999050833265,2.5329178977820887e-05,-2.0027834082358326e-16,9.585814504517445e-20,0.0,0.0,-6.0822,,,,0.0,0.0,6.10398188316872,,,,,,,1290.0,1290.0,1290.0,1290.0,12682.24493218308,12682.24493218308,12682.24493218308,12682.24493218308,1.52599547079218,1.52599547079218,1.52599547079218,1.52599547079218,,,,
0.24583333333333332,1.002680117157486,0.016351019532503976,,,6.103904639568788,12682.164687404202,24.98774777307692,1290.0,1750.0,22.200000000000003,6.0822,0.0008690503038298406,-1.9867160305048265e-17,-1.0640884333565703e-20,-0.0005632990531909389,-2.357805515023657e-16,,-5.977894663250494e-05,-2.7755575615628914e-17,0.0,11.605799999999999,0.9993800320512816,,,,,,,5.31611551172591e-20,-7.139248517337798e-05,1.002680117157486,-8.256952934240549e-18,-0.0009858279397043155,0.016351019532503976,,,,0.0004345251382409855,-9.933581526599913e-18,-1.0040513754974514e-21,0.9999999055939477,-0.0005632990531909389,-2.357805515023657e-16,1.0488866649289174e-19,0.0,0.0,-6.0822,,,,0.0,0.0,6.103904639568788,,,,,,,1290.0,1290.0,1290.0,1290.0,12682.164687404202,12682.164687404202,12682.164687404202,12682.164687404202,1.525976159892197,1.525976159892197,1.525976159892197,1.525976159892197,,,,
0.25,1.0027488520634944,0.016496377442002975,,,6.10383156188791,12682.088769937225,24.98769197596154,1290.0,1750.0,22.200000000000003,6.0822,0.0008640929549892858,-2.099641090630461e-17,-1.1141512390131445e-20,-0.0011897637217331786,-2.710201466602112e-16,,-6.494367457293704e-05,-2.7755575615628914e-17,0.0,11.605799999999999,0.9993696992521363,,,,,,,1.536152453420331e-20,-7.564863810330853e-05,1.0027488520634944,-9.07191133993339e-18,-0.0010214767031833324,0.016496377442002975,,,,0.00043204646405337765,-1.0498206880158491e-17,-1.035043130195131e-21,0.9999999066679222,-0.0011897637217331786,-2.710201466602112e-16,1.1470765019356248e-19,0.0,0.0,-6.0822,,,,0.0,0.0,6.10383156188791,,,,,,,1290.0,1290.0,1290.0,1290.0,12682.088769937225,12682.088769937225,12682.088769937225,12682.088769937225,1.5259578904719775,1.5259578904719775,1.5259578904719775,1.5259578904719775,,,,
0.25416666666666665,1.0028181906888192,0.016641270077935946,,,6.103762302933995,12682.016819172824,24.987636178846152,1290.0,1750.0,22.200000000000003,6.0822,0.0008563633242823487,-2.2126150110928374e-17,-1.1590656220188542e-20,-0.0018551113696648133,-2.7113740151843406e-16,,-7.003885919998343e-05,0.0,0.0,11.605799999999999,0.999359366452991,,,,,,,-2.6026734865633957e-20,-8.005247857100108e-05,1.0028181906888192,-9.933182255960944e-18,-0.0010569217122462099,0.016641270077935946,,,,0.00042818164905740334,-1.1063076522767825e-17,-1.0583218579434192e-21,0.9999999083302336,-0.0018551113696648133,-2.7113740151843406e-16,1.2544552092830986e-19,0.0,0.0,-6.0822,,,,0.0,0.0,6.103762302933995,,,,,,,1290.0,1290.0,1290.0,1290.0,12682.016819172824,12682.016819172824,12682.016819172824,12682.016819172824,1.5259405757334987,1.5259405757334987,1.5259405757334987,1.5259405757334987,,,,
0.2583333333333333,1.002888131193242,0.016785721061506335,,,6.103696544452919,12681.948504552453,24.987580381730766,1290.0,1750.0,22.200000000000003,6.0822,0.0008456950942320658,-2.3109920753807896e-17,-1.1856327015306373e-20,-0.0025603752120679935,-2.3610492305507816e-16,,-7.505904446231115e-05,2.7755575615628914e-17,0.0,11.605799999999999,0.9993490336538456,,,,,,,-7.119667316997889e-20,-8.46026838803251e-05,1.002888131193242,-1.0840785193042787e-17,-0.0010920492742377654,0.016785721061506335,,,,0.0004228475345151727,-1.155496185059955e-17,-1.0421764708808893e-21,0.9999999105999773,-0.0025603752120679935,-2.3610492305507816e-16,1.3717122055967888e-19,0.0,0.0,-6.0822,,,,0.0,0.0,6.103696544452919,,,,,,,1290.0,1290.0,1290.0,1290.0,12681.948504552453,12681.948504552453,12681.948504552453,12681.948504552453,1.5259241361132299,1.5259241361132299,1.5259241361132299,1.5259241361132299,,,,
0.2625,1.0029586718268109,0.016929752056508172,,,6.1036339947162475,12681.883523064107,24.987524584615382,1290.0,1750.0,22.200000000000003,6.0822,0.0008319177124785284,-2.4236567793189618e-17,-1.217688384103135e-20,-0.003306571620848996,-2.7039525886163006e-16,,-7.99988546197894e-05,-2.7755575615628914e-17,0.0,11.605799999999999,0.9993387008547003,,,,,,,-1.2031639050342277e-19,-8.929742919611842e-05,1.0029586718268109,-1.1788732160026529e-17,-0.0011267388757903952,0.016929752056508172,,,,0.00041595884424427466,-1.2118285380772623e-17,-1.0477340299476022e-21,0.9999999134891162,-0.003306571620848996,-2.7039525886163006e-16,1.498756625243927e-19,0.0,0.0,-6.0822,,,,0.0,0.0,6.1036339947162475,,,,,,,1290.0,1290.0,1290.0,1290.0,12681.883523064107,12681.883523064107,12681.883523064107,12681.883523064107,1.5259084986790619,1.5259084986790619,1.5259084986790619,1.5259084986790619,,,,
0.26666666666666666,1.003029810922359,0.01707338293156001,,,6.10357438631008,12681.821596946786,24.987468787499996,1290.0,1750.0,22.200000000000003,6.0822,0.0008148564774794215,-2.535938816151032e-17,-1.2419255403433207e-20,-0.004094696399785595,-2.694768449478604e-16,,-8.485300000005136e-05,0.0,0.0,11.605799999999999,0.999328368055555,,,,,,,-1.735784046848359e-19,-9.413435840124034e-05,1.003029810922359,-1.2782883403539153e-17,-0.0011608630092292604,0.01707338293156001,,,,0.000407428227467681,-1.2679695558332314e-17,-1.0435619021699125e-21,0.9999999170011162,-0.004094696399785595,-2.694768449478604e-16,1.6371461197344177e-19,0.0,0.0,-6.0822,,,,0.0,0.0,6.10357438631008,,,,,,,1290.0,1290.0,1290.0,1290.0,12681.821596946786,12681.821596946786,12681.821596946786,12681.821596946786,1.52589359657752,1.52589359657752,1.52589359657752,1.52589359657752,,,,
0.2708333333333333,1.0031015468886444,0.017216631908494224,,,6.103517474108275,12681.762471586237,24.987412990384612,1290.0,1750.0,22.200000000000003,6.0822,0.000794332640628478,-2.647668784391847e-17,-1.2573349729655097e-20,-0.004925720844226468,-2.6815186674161396e-16,,-8.961628266246358e-05,0.0,0.0,11.605799999999999,0.9993180352564097,,,,,,,-2.311745776688018e-19,-9.911055424499336e-05,1.0031015468886444,-1.382308151615181e-17,-0.0011942870025007236,0.017216631908494224,,,,0.00039716630987266465,-1.3238345374699332e-17,-1.028850164684326e-21,0.999999921129458,-0.004925720844226468,-2.6815186674161396e-16,1.7877092927342753e-19,0.0,0.0,-6.0822,,,,0.0,0.0,6.103517474108275,,,,,,,1290.0,1290.0,1290.0,1290.0,12681.762471586237,12681.762471586237,12681.762471586237,12681.762471586237,1.5258793685270688,1.5258793685270688,1.5258793685270688,1.5258793685270688,,,,
0.275,1.003173878204053,0.01735951569801699,,,6.103463033414661,12681.705913586062,24.987357193269226,1290.0,1750.0,22.200000000000003,6.0822,0.0007701635257121805,-2.7586634975320786e-17,-1.2628550072431298e-20,-0.0058005875799113805,-2.663872404035279e-16,,-9.428360196483965e-05,0.0,0.0,11.605799999999999,0.9993077024572644,,,,,,,-2.9329582613100235e-19,-0.00010422250780039714,1.003173878204053,-1.4909099630928132e-17,-0.0012268688532969096,0.01735951569801699,,,,0.0003850817533389252,-1.3793318896481026e-17,-1.0027196855414361e-21,0.9999999258560188,-0.0058005875799113805,-2.663872404035279e-16,1.951328643703569e-19,0.0,0.0,-6.0822,,,,0.0,0.0,6.103463033414661,,,,,,,1290.0,1290.0,1290.0,1290.0,12681.705913586062,12681.705913586062,12681.705913586062,12681.705913586062,1.5258657583536652,1.5258657583536652,1.5258657583536652,1.5258657583536652,,,,
0.2791666666666667,1.0032468034108182,0.017502049623658623,,,6.103410858260126,12681.651708999563,24.98730139615384,1290.0,1750.0,22.200000000000003,6.0822,0.0007421626666475801,-2.883239457956194e-17,-1.2683487067832565e-20,-0.006720206175504074,-2.989822295211216e-16,,-9.884996002468283e-05,-2.7755575615628914e-17,0.0,11.605799999999999,0.9992973696581191,,,,,,,-3.6013180848875755e-19,-0.00010946608725075977,1.0032468034108182,-1.6040635765861253e-17,-0.0012584590680870325,0.017502049623658623,,,,0.0003710813248073897,-1.4416198650518618e-17,-9.92161508306322e-22,0.9999999311493228,-0.006720206175504074,-2.989822295211216e-16,2.128944888006978e-19,0.0,0.0,-6.0822,,,,0.0,0.0,6.103410858260126,,,,,,,1290.0,1290.0,1290.0,1290.0,12681.651708999563,12681.651708999563,12681.651708999563,12681.651708999563,1.5258527145650316,1.5258527145650316,1.5258527145650316,1.5258527145650316,,,,
0.2833333333333333,1.0033203211097137,0.017644247734946675,,,6.1033607598416895,12681.599661708935,24.98724559903846,1290.0,1750.0,22.200000000000003,6.0822,0.0007101399644659916,-3.006670010584051e-17,-1.261201837012018e-20,-0.0076854485235812835,-2.962332357629327e-16,,-0.00010331046707134917,0.0,0.0,11.605799999999999,0.9992870368589738,,,,,,,-4.318953926239974e-19,-0.0001148365060291132,1.0033203211097137,-1.7223260192457567e-17,-0.0012889005068048216,0.017644247734946675,,,,0.00035506997477210603,-1.5033351344332297e-17,-9.681175635153764e-22,0.9999999369626545,-0.0076854485235812835,-2.962332357629327e-16,2.3226268364371676e-19,0.0,0.0,-6.0822,,,,0.0,0.0,6.1033607598416895,,,,,,,1290.0,1290.0,1290.0,1290.0,12681.599661708935,12681.599661708935,12681.599661708935,12681.599661708935,1.5258401899604224,1.5258401899604224,1.5258401899604224,1.5258401899604224,,,,
0.2875,1.0033944299551747,0.017786122910654005,,,6.103312565091693,12681.54959193952,24.987189801923073,1290.0,1750.0,22.200000000000003,6.0822,0.0006739018645285221,-3.128726908632623e-17,-1.2401031917204093e-20,-0.00869714398499265,-2.929364501482917e-16,,-0.0001076603466823034,0.0,0.0,11.605799999999999,0.9992767040598285,,,,,,,-5.087974869781794e-19,-0.0001203282903373672,1.0033944299551747,-1.8456502645003685e-17,-0.0013180282339809635,0.017786122910654005,,,,0.0003369509258882548,-1.5643635744375414e-17,-9.293784630350761e-22,0.9999999432320351,-0.00869714398499265,-2.929364501482917e-16,2.533549433087299e-19,0.0,0.0,-6.0822,,,,0.0,0.0,6.103312565091693,,,,,,,1290.0,1290.0,1290.0,1290.0,12681.54959193952,12681.54959193952,12681.54959193952,12681.54959193952,1.5258281412729233,1.5258281412729233,1.5258281412729233,1.5258281412729233,,,,
0.2916666666666667,1.0034691286508117,0.017927686952900874,,,6.10326611536628,12681.501334897885,24.987134004807686,1290.0,1750.0,22.200000000000003,6.0822,0.0006332515549797571,-3.249165561914278e-17,-1.2036955895216226e-20,-0.009756074291703613,-2.890526490512376e-16,,-0.0001118949408973613,0.0,0.0,11.605799999999999,0.9992663712606832,,,,,,,-5.91046650578049e-19,-0.00012593524607549194,1.0034691286508117,-1.9739799263968694e-17,-0.0013456693771499379,0.017927686952900874,,,,0.0003166257721994902,-1.6245828900839207e-17,-8.746298707007496e-22,0.9999999498740589,-0.009756074291703613,-2.890526490512376e-16,2.762963701576677e-19,0.0,0.0,-6.0822,,,,0.0,0.0,6.10326611536628,,,,,,,1290.0,1290.0,1290.0,1290.0,12681.501334897885,12681.501334897885,12681.501334897885,12681.501334897885,1.52581652884157,1.52581652884157,1.52581652884157,1.52581652884157,,,,
0.29583333333333334,1.0035444159452818,0.018068950672822832,,,6.103221265243195,12681.454739523382,24.987078207692306,1290.0,1750.0,22.200000000000003,6.0822,0.0005879891874653404,-3.3532102908703063e-17,-1.1417189576588333e-20,-0.010862968203460013,-2.497072121371321e-16,,-0.00011600971520714376,2.7755575615628914e-17,0.0,11.605799999999999,0.9992560384615379,,,,,,,-6.788486751288141e-19,-0.00013165042521466657,1.0035444159452818,-2.107248589218361e-17,-0.0013716429934019102,0.018068950672822832,,,,0.00029399458949753987,-1.6766052408078955e-17,-7.794661267724821e-22,0.9999999567835898,-0.010862968203460013,-2.497072121371321e-16,3.0122027373627663e-19,0.0,0.0,-6.0822,,,,0.0,0.0,6.103221265243195,,,,,,,1290.0,1290.0,1290.0,1290.0,12681.454739523382,12681.454739523382,12681.454739523382,12681.454739523382,1.5258053163107987,1.5258053163107987,1.5258053163107987,1.5258053163107987,,,,
0.3,1.0036202906284837,0.01820992396845504,,,6.103177881419808,12681.409667343749,24.98702241057692,1290.0,1750.0,22.200000000000003,6.0822,0.00053791212115758,-3.4405818363619394e-17,-1.054179512588233e-20,-0.012018495913862462,-2.0969155770184473e-16,,-0.00012000026340802661,2.7755575615628914e-17,0.0,11.605799999999999,0.9992457056623926,,,,,,,-7.723813334829023e-19,-0.00013746609165213506,1.0036202906284837,-2.2447838004981174e-17,-0.0013957599449924373,0.01820992396845504,,,,0.0002689560573361947,-1.7202909977242988e-17,-6.440707440475931e-22,0.999999963831319,-0.012018495913862462,-2.0969155770184473e-16,3.2814071356427446e-19,0.0,0.0,-6.0822,,,,0.0,0.0,6.103177881419808,,,,,,,1290.0,1290.0,1290.0,1290.0,12681.409667343749,12681.409667343749,12681.409667343749,12681.409667343749,1.525794470354952,1.525794470354952,1.525794470354952,1.525794470354952,,,,
0.30416666666666664,1.003696751528048,0.018350615895427573,,,6.103135841702991,12681.36599142608,24.986966613461536,1290.0,1750.0,22.200000000000003,6.0822,0.00048281519115039775,-3.5400108792500367e-17,-9.561476263879686e-21,-0.013223263201723744,-2.386295518069683e-16,,-0.00012386231232125455,-2.7755575615628914e-17,0.0,11.605799999999999,0.9992353728632473,,,,,,,-8.717939029998218e-19,-0.00014337368658949164,1.003696751528048,-2.38590166840607e-17,-0.0014178227849655778,0.018350615895427573,,,,0.0002414075932304219,-1.770005503459809e-17,-5.078104607885004e-22,0.9999999708611865,-0.013223263201723744,-2.386295518069683e-16,3.570644186524242e-19,0.0,0.0,-6.0822,,,,0.0,0.0,6.103135841702991,,,,,,,1290.0,1290.0,1290.0,1290.0,12681.36599142608,12681.36599142608,12681.36599142608,12681.36599142608,1.5257839604257477,1.5257839604257477,1.5257839604257477,1.5257839604257477,,,,
0.30833333333333335,1.0037737975060939,0.018491034731015012,,,6.103095034083192,12681.323595415213,24.98691081634615,1290.0,1750.0,22.200000000000003,6.0822,0.00042249100230085345,-3.636667149801562e-17,-8.381201732869154e-21,-0.014477805323890675,-2.3197489737241137e-16,,-0.00012759172636800375,0.0,0.0,11.605799999999999,0.999225040064102,,,,,,,-9.772562661763016e-19,-0.0001493637934802814,1.0037737975060939,-2.5310967162355127e-17,-0.0014376256537895478,0.018491034731015012,,,,0.00021124549957930022,-1.818333622854078e-17,-3.4945292861520037e-22,0.9999999776876692,-0.014477805323890675,-2.3197489737241137e-16,3.8827007933517357e-19,0.0,0.0,-6.0822,,,,0.0,0.0,6.103095034083192,,,,,,,1290.0,1290.0,1290.0,1290.0,12681.323595415213,12681.323595415213,12681.323595415213,12681.323595415213,1.525773758520798,1.525773758520798,1.525773758520798,1.525773758520798,,,,
0.3125,1.0038514274562274,0.018631188032037508,,,6.103055355885701,12681.282372652247,24.986855019230763,1290.0,1750.0,22.200000000000003,6.0822,0.0003567302496089386,-3.7157011351197565e-17,-6.931129888665008e-21,-0.015782580646059554,-1.896814148101415e-16,,-0.00013118451199839454,2.7755575615628914e-17,0.0,11.605799999999999,0.9992147072649566,,,,,,,-1.088933565818502e-18,-0.00015542610259714916,1.0038514274562274,-2.6802551914128104e-17,-0.00145495418804826,0.018631188032037508,,,,0.00017836512385871445,-1.857850599820532e-17,-1.5180742326755255e-22,0.9999999840929412,-0.015782580646059554,-1.896814148101415e-16,4.2191916758113124e-19,0.0,0.0,-6.0822,,,,0.0,0.0,6.103055355885701,,,,,,,1290.0,1290.0,1290.0,1290.0,12681.282372652247,12681.282372652247,12681.282372652247,12681.282372652247,1.5257638389714252,1.5257638389714252,1.5257638389714252,1.5257638389714252,,,,
0.31666666666666665,1.0039296403007567,0.018771082687067463,,,6.103016712992638,12681.242225366523,24.98679922211538,1290.0,1750.0,22.200000000000003,6.0822,0.0002853220662402344,-3.805785807641753e-17,-5.311851561996547e-21,-0.017137964008489003,-2.1620307819864924e-16,,-0.00013463682196740434,-2.7755575615628914e-17,0.0,11.605799999999999,0.9992043744658113,,,,,,,-1.2069608279926868e-18,-0.0001615493752733028,1.0039296403007567,-2.832654292180435e-17,-0.0014695854422768738,0.018771082687067463,,,,0.00014266103263620692,-1.9028929223465878e-17,5.876091258061905e-23,0.9999999898239149,-0.017137964008489003,-2.1620307819864924e-16,4.580336644183971e-19,0.0,0.0,-6.0822,,,,0.0,0.0,6.103016712992638,,,,,,,1290.0,1290.0,1290.0,1290.0,12681.242225366523,12681.242225366523,12681.242225366523,12681.242225366523,1.5257541782481594,1.5257541782481594,1.5257541782481594,1.5257541782481594,,,,
0.3208333333333333,1.004008434988104,0.018910724963358317,,,6.102979019129815,12681.203063934938,24.986743424999993,1290.0,1750.0,22.200000000000003,6.0822,0.0002080544003071971,-3.8920316904651054e-17,-3.4540066235801695e-21,-0.018544239823928985,-2.0699000253529606e-16,,-0.00013794495945529395,0.0,0.0,11.605799999999999,0.999194041666666,,,,,,,-1.3314919630709025e-18,-0.00016772140787778118,1.004008434988104,-2.988747241877178e-17,-0.0014812878250748077,0.018910724963358317,,,,0.00010402719996597408,-1.9460158526685254e-17,2.9738249224404413e-22,0.9999999945891708,-0.018544239823928985,-2.0699000253529606e-16,4.969447979645173e-19,0.0,0.0,-6.0822,,,,0.0,0.0,6.102979019129815,,,,,,,1290.0,1290.0,1290.0,1290.0,12681.203063934938,12681.203063934938,12681.203063934938,12681.203063934938,1.5257447547824539,1.5257447547824539,1.5257447547824539,1.5257447547824539,,,,
0.325,1.004087810490391,0.019050120548876517,,,6.102942195213019,12681.16480620298,24.986687627884614,1290.0,1750.0,22.200000000000003,6.0822,0.00012471442153415543,-3.959528619472026e-17,-1.32109391330763e-21,-0.020001594905529992,-1.6199254224918752e-16,,-0.00014110538202544154,2.7755575615628914e-17,0.0,11.605799999999999,0.9991837088675207,,,,,,,-1.4626743202462638e-18,-0.00017392899558892885,1.004087810490391,-3.1483765722086685e-17,-0.0014898210506754397,0.019050120548876517,,,,6.235721072666585e-05,-1.9797643100059206e-17,5.73978847143835e-22,0.9999999980557891,-0.020001594905529992,-1.6199254224918752e-16,5.388520916635945e-19,0.0,0.0,-6.0822,,,,0.0,0.0,6.102942195213019,,,,,,,1290.0,1290.0,1290.0,1290.0,12681.16480620298,12681.16480620298,12681.16480620298,12681.16480620298,1.5257355488032547,1.5257355488032547,1.5257355488032547,1.5257355488032547,,,,
0.32916666666666666,1.0041677658011818,0.01918927458978671,,,6.102906168748783,12681.127376862347,24.986631830769227,1290.0,1750.0,22.200000000000003,6.0822,3.5088958938379204e-05,-4.0223734455777196e-17,1.0611941545338239e-21,-0.021510111022986292,-1.5082753653895748e-16,,-0.00014411470541819682,0.0,0.0,11.605799999999999,0.9991733760683754,,,,,,,-1.6006232073134653e-18,-0.0001801578960355867,1.0041677658011818,-3.310773289612834e-17,-0.001494936107197884,0.01918927458978671,,,,1.7544479468289545e-05,-2.0111867215484244e-17,8.834493188339075e-22,0.9999999998460956,-0.021510111022986292,-1.5082753653895748e-16,5.838005134276969e-19,0.0,0.0,-6.0822,,,,0.0,0.0,6.102906168748783,,,,,,,1290.0,1290.0,1290.0,1290.0,12681.127376862347,12681.127376862347,12681.127376862347,12681.127376862347,1.5257265421871957,1.5257265421871957,1.5257265421871957,1.5257265421871957,,,,
0.3333333333333333,1.004248299933364,0.019328191723711995,,,6.102870873285117,12681.090706880428,24.98657603365384,1290.0,1750.0,22.200000000000003,6.0822,-6.1035029335329014e-05,-4.080127413078459e-17,3.702053165878998e-21,-0.023069757185689974,-1.3860953026586896e-16,,-0.00014696970717464897,0.0,0.0,11.605799999999999,0.9991630432692301,,,,,,,-1.745445981506746e-18,-0.00018639279288080624,1.004248299933364,-3.4757465806387395e-17,-0.001496375242852689,0.019328191723711995,,,,-3.0517514662927584e-05,-2.0400637112381283e-17,1.2284498413013773e-21,0.9999999995343406,-0.023069757185689974,-1.3860953026586896e-16,6.320079767051027e-19,0.0,0.0,-6.0822,,,,0.0,0.0,6.102870873285117,,,,,,,1290.0,1290.0,1290.0,1290.0,12681.090706880428,12681.090706880428,12681.090706880428,12681.090706880428,1.5257177183212793,1.5257177183212793,1.5257177183212793,1.5257177183212793,,,,
0.3375,1.0043294119171517,0.019466876109065664,,,6.102836247907997,12681.05473297733,24.98652023653846,1290.0,1750.0,22.200000000000003,6.0822,-0.00016386995288632963,-4.146843988238998e-17,6.625866538219376e-21,-0.024680381652240138,-1.6011985835306373e-16,,-0.00014966733008753286,-2.7755575615628914e-17,0.0,11.605799999999999,0.9991527104700848,,,,,,,-1.8972412998208083e-18,-0.00019261725942838946,1.0043294119171517,-3.6430876395374933e-17,-0.0014938719714199706,0.019466876109065664,,,,-8.193497635148858e-05,-2.0734220143042162e-17,1.6140754374408894e-21,0.9999999966433298,-0.024680381652240138,-1.6011985835306373e-16,6.837093370836635e-19,0.0,0.0,-6.0822,,,,0.0,0.0,6.102836247907997,,,,,,,1290.0,1290.0,1290.0,1290.0,12681.05473297733,12681.05473297733,12681.05473297733,12681.05473297733,1.5257090619769993,1.5257090619769993,1.5257090619769993,1.5257090619769993,,,,
0.3416666666666667,1.0044111007981964,0.019605331450728694,,,6.102802236779836,12681.019397146487,24.986464439423074,1290.0,1750.0,22.200000000000003,6.0822,-0.00027362705149574037,-4.1930122046350086e-17,9.807463461635253e-21,-0.026341703666258594,-1.1080388378770681e-16,,-0.00015220468547455512,2.7755575615628914e-17,0.0,11.605799999999999,0.9991423776709395,,,,,,,-2.056123135017106e-18,-0.00019881372233824474,1.0044111007981964,-3.813164044711138e-17,-0.0014871510983652675,0.019605331450728694,,,,-0.00013681352532105896,-2.0965061497860482e-17,2.0354277777720416e-21,0.9999999906410296,-0.026341703666258594,-1.1080388378770681e-16,7.393450962700454e-19,0.0,0.0,-6.0822,,,,0.0,0.0,6.102802236779836,,,,,,,1290.0,1290.0,1290.0,1290.0,12681.019397146487,12681.019397146487,12681.019397146487,12681.019397146487,1.525700559194959,1.525700559194959,1.525700559194959,1.525700559194959,,,,
0.3458333333333333,1.0044933656357895,0.01974356102232736,,,6.102768788716411,12680.984646215209,24.98640864230769,1290.0,1750.0,22.200000000000003,6.0822,-0.0003905158219920623,-4.2471548964160564e-17,1.3316449962704971e-20,-0.028053304919117228,-1.2994273284021843e-16,,-0.00015457905627208612,-2.7755575615628914e-17,0.0,11.605799999999999,0.9991320448717942,,,,,,,-2.222170344511381e-18,-0.00020496342554243306,1.0044933656357895,-3.9851330278626076e-17,-0.0014759287690051944,0.01974356102232736,,,,-0.0001952579097553086,-2.1235775377337504e-17,2.511771917021784e-21,0.9999999809371741,-0.028053304919117228,-1.2994273284021843e-16,7.990065355943239e-19,0.0,0.0,-6.0822,,,,0.0,0.0,6.102768788716411,,,,,,,1290.0,1290.0,1290.0,1290.0,12680.984646215209,12680.984646215209,12680.984646215209,12680.984646215209,1.5256921971791026,1.5256921971791026,1.5256921971791026,1.5256921971791026,,,,
0.35,1.0045762055011451,0.019881567685348166,,,6.102735856799055,12680.950431441866,24.986352845192304,1290.0,1750.0,22.200000000000003,6.0822,-0.0005147434084123851,-4.308743936240442e-17,1.7191832250506384e-20,-0.029814620740877488,-1.4781410151906752e-16,,-0.00015678789994438835,-2.7755575615628914e-17,0.0,11.605799999999999,0.9991217120726489,,,,,,,-2.395475412897053e-18,-0.0002110463944598566,1.0045762055011451,-4.159321641256132e-17,-0.0014599125401816467,0.019881567685348166,,,,-0.0002573717013648006,-2.1543721180017684e-17,3.0511720524782644e-21,0.9999999668799031,-0.029814620740877488,-1.4781410151906752e-16,8.631868004849603e-19,0.0,0.0,-6.0822,,,,0.0,0.0,6.102735856799055,,,,,,,1290.0,1290.0,1290.0,1290.0,12680.950431441866,12680.950431441866,12680.950431441866,12680.950431441866,1.5256839641997637,1.5256839641997637,1.5256839641997637,1.5256839641997637,,,,
0.3541666666666667,1.0046596194757507,0.02001935390531237,,,6.102703398019171,12680.916708146631,24.986297048076917,1290.0,1750.0,22.200000000000003,6.0822,-0.0006465139543352495,-4.3772281113628595e-17,2.1474552779906612e-20,-0.031624931021487446,-1.6436258950791564e-16,,-0.00015882885120627188,-2.7755575615628914e-17,0.0,11.605799999999999,0.9991113792735036,,,,,,,-2.576143549208866e-18,-0.00021704140061381392,1.0046596194757507,-4.336035271483514e-17,-0.0014388014769497592,0.02001935390531237,,,,-0.0003232569715378312,-2.1886142884216825e-17,3.662428313909977e-21,0.9999999477524638,-0.031624931021487446,-1.6436258950791564e-16,9.324194567218936e-19,0.0,0.0,-6.0822,,,,0.0,0.0,6.102703398019171,,,,,,,1290.0,1290.0,1290.0,1290.0,12680.916708146631,12680.916708146631,12680.916708146631,12680.916708146631,1.5256758495047928,1.5256758495047928,1.5256758495047928,1.5256758495047928,,,,
0.35833333333333334,1.0047436066497724,0.020156921765219823,,,6.102671372952369,12680.883435372994,24.986241250961534,1290.0,1750.0,22.200000000000003,6.0822,-0.0007860279162730559,-4.452032788821498e-17,2.6207357272678697e-20,-0.03348335086507355,-1.795319935854236e-16,,-0.00016069972455606818,-2.7755575615628914e-17,0.0,11.605799999999999,0.9991010464743583,,,,,,,-2.7642917447663364e-18,-0.00022292592676310946,1.0047436066497724,-4.515556693379286e-17,-0.0014122862758309304,0.020156921765219823,,,,-0.0003930139480190406,-2.2260167374883842e-17,4.3551227091176665e-21,0.9999999227700154,-0.03348335086507355,-1.795319935854236e-16,1.0072797996091862e-18,0.0,0.0,-6.0822,,,,0.0,0.0,6.102671372952369,,,,,,,1290.0,1290.0,1290.0,1290.0,12680.883435372994,12680.883435372994,12680.883435372994,12680.883435372994,1.5256678432380923,1.5256678432380923,1.5256678432380923,1.5256678432380923,,,,
0.3625,1.0048281661205076,0.02029427297646137,,,6.102639745459765,12680.850575577488,24.986185453846147,1290.0,1750.0,22.200000000000003,6.0822,-0.0009334813370272444,-4.518045463211223e-17,3.1309848490798994e-20,-0.03538882098100527,-1.5843141297830955e-16,,-0.00016239851661581373,0.0,0.0,11.605799999999999,0.999090713675213,,,,,,,-2.9600477910247817e-18,-0.00022867613266405875,1.0048281661205076,-4.698145110202686e-17,-0.0013800494162278267,0.02029427297646137,,,,-0.00046674065156729154,-2.2590232162240753e-17,5.11114512366229e-21,0.9999998910765762,-0.03538882098100527,-1.5843141297830955e-16,1.0883861721798398e-18,0.0,0.0,-6.0822,,,,0.0,0.0,6.102639745459765,,,,,,,1290.0,1290.0,1290.0,1290.0,12680.850575577488,12680.850575577488,12680.850575577488,12680.850575577488,1.5256599363649412,1.5256599363649412,1.5256599363649412,1.5256599363649412,,,,
0.36666666666666664,1.0049132969908718,0.020431408887390635,,,6.102608482414172,12680.81809434527,24.986129656730768,1290.0,1750.0,22.200000000000003,6.0822,-0.0010890650779285084,-4.589157591964724e-17,3.692973405431043e-20,-0.03734009781630332,-1.7067038588845208e-16,,-0.00016392340827614538,-2.7755575615628914e-17,0.0,11.605799999999999,0.9990803808760677,,,,,,,-3.16352445455222e-18,-0.00023426682158757234,1.0049132969908718,-4.88343992465852e-17,-0.0013417653416432618,0.020431408887390635,,,,-0.000544532512053848,-2.29457946126511e-17,5.970136730776231e-21,0.9999998517421607,-0.03734009781630332,-1.7067038588845208e-16,1.1761787788855406e-18,0.0,0.0,-6.0822,,,,0.0,0.0,6.102608482414172,,,,,,,1290.0,1290.0,1290.0,1290.0,12680.81809434527,12680.81809434527,12680.81809434527,12680.81809434527,1.525652120603543,1.525652120603543,1.525652120603543,1.525652120603543,,,,
0.37083333333333335,1.0049989983679124,0.020568330489739623,,,6.102577553449112,12680.785960129399,24.98607385961538,1290.0,1750.0,22.200000000000003,6.0822,-0.0012529640089072964,-4.6647219929881814e-17,4.31119207865693e-20,-0.03933574343490914,-1.8135617577874835e-16,,-0.00016527276664518586,-2.7755575615628914e-17,0.0,11.605799999999999,0.9990700480769223,,,,,,,-3.3748432154266548e-18,-0.00023967140772252664,1.0049989983679124,-5.071650260986437e-17,-0.0012971006723890336,0.020568330489739623,,,,-0.0006264819634734039,-2.3323618892339705e-17,6.944135197022312e-21,0.9999998037601555,-0.03933574343490914,-1.8135617577874835e-16,1.2713550182523347e-18,0.0,0.0,-6.0822,,,,0.0,0.0,6.102577553449112,,,,,,,1290.0,1290.0,1290.0,1290.0,12680.785960129399,12680.785960129399,12680.785960129399,12680.785960129399,1.525644388362278,1.525644388362278,1.525644388362278,1.525644388362278,,,,
0.375,1.005085269361342,0.020705038423057973,,,6.102546930728744,12680.754144011844,24.986018062499994,1290.0,1750.0,22.200000000000003,6.0822,-0.0014253561553669981,-4.729552467378221e-17,4.970785886626716e-20,-0.04137411515032837,-1.5559511913577526e-16,,-0.00016644514679609035,0.0,0.0,11.605799999999999,0.999059715277777,,,,,,,-3.594133161197024e-18,-0.00024486188460383514,1.005085269361342,-5.2629586984888637e-17,-0.0012457144515140336,0.020705038423057973,,,,-0.0007126780173541085,-2.3647774044272527e-17,8.000682744236956e-21,0.9999997460449895,-0.04137411515032837,-1.5559511913577526e-16,1.3746596634673845e-18,0.0,0.0,-6.0822,,,,0.0,0.0,6.102546930728744,,,,,,,1290.0,1290.0,1290.0,1290.0,12680.754144011844,12680.754144011844,12680.754144011844,12680.754144011844,1.525636732682186,1.525636732682186,1.525636732682186,1.525636732682186,,,,
0.37916666666666665,1.0051721090820809,0.020841532977352993,,,6.102516588736969,12680.722619484415,24.985962265384615,1290.0,1750.0,22.200000000000003,6.0822,-0.001606411800863746,-4.782951540664377e-17,5.671170127136586e-20,-0.043453354919219325,-1.2816017689672191e-16,,-0.00016743929331486385,0.0,0.0,11.605799999999999,0.9990493824786317,,,,,,,-3.821505036377082e-18,-0.00024980879471101457,1.0051721090820809,-5.456925004321386e-17,-0.0011872584257230604,0.020841532977352993,,,,-0.0008032058140685376,-2.3914772764726368e-17,9.147369059592184e-21,0.999999677430158,-0.043453354919219325,-1.2816017689672191e-16,1.4866480032210738e-18,0.0,0.0,-6.0822,,,,0.0,0.0,6.102516588736969,,,,,,,1290.0,1290.0,1290.0,1290.0,12680.722619484415,12680.722619484415,12680.722619484415,12680.722619484415,1.5256291471842423,1.5256291471842423,1.5256291471842423,1.5256291471842423,,,,
0.3833333333333333,1.0052595166408063,0.02097781409410664,,,6.1024865040841005,12680.691362247933,24.985906468269228,1290.0,1750.0,22.200000000000003,6.0822,-0.001796292544632935,-4.8241960328421457e-17,6.411305425657443e-20,-0.045571378504605464,-9.898966026432184e-17,,-0.00016825414164434171,0.0,0.0,11.605799999999999,0.9990390496794864,,,,,,,-4.057050050883169e-18,-0.00025448120039059196,1.0052595166408063,-5.653080348146097e-17,-0.00112137736309857,0.02097781409410664,,,,-0.0008981461515656868,-2.4120999226861804e-17,1.0392348692343041e-20,0.9999995966666638,-0.045571378504605464,-9.898966026432184e-17,1.6079108539260486e-18,0.0,0.0,-6.0822,,,,0.0,0.0,6.1024865040841005,,,,,,,1290.0,1290.0,1290.0,1290.0,12680.691362247933,12680.691362247933,12680.691362247933,12680.691362247933,1.5256216260210251,1.5256216260210251,1.5256216260210251,1.5256216260210251,,,,
0.3875,1.0053474911464972,0.021113881365846212,,,6.102456655329669,12680.660350028153,24.98585067115384,1290.0,1750.0,22.200000000000003,6.0822,-0.0019951503130436086,-4.838022709245787e-17,7.162133801357733e-20,-0.04772586441856169,-3.3187379861148974e-17,,-0.00016888881922466625,2.7755575615628914e-17,0.0,11.605799999999999,0.9990287168803411,,,,,,,-4.300838644570202e-18,-0.0002588466562634124,1.0053474911464972,-5.850926248488796e-17,-0.0010477094094769048,0.021113881365846212,,,,-0.00099757499106463,-2.4190137233587098e-17,1.1679198883453905e-20,0.9999995024219448,-0.04772586441856169,-3.3187379861148974e-17,1.739077240074953e-18,0.0,0.0,-6.0822,,,,0.0,0.0,6.102456655329669,,,,,,,1290.0,1290.0,1290.0,1290.0,12680.660350028153,12680.660350028153,12680.660350028153,12680.660350028153,1.5256141638324172,1.5256141638324172,1.5256141638324172,1.5256141638324172,,,,
0.39166666666666666,1.0054360317049742,0.02124973403444774,,,6.102427022819965,12680.629562407015,24.985794874038458,1290.0,1750.0,22.200000000000003,6.0822,-0.0022031263241079828,-4.823656187146167e-17,7.915547079995227e-20,-0.049914242655449845,3.447578149394531e-17,,-0.0001693426464271508,2.7755575615628914e-17,0.0,11.605799999999999,0.9990183840811958,,,,,,,-4.552894405864025e-18,-0.00026287118328577964,1.0054360317049742,-6.049338271051755e-17,-0.0009658864853681441,0.02124973403444774,,,,-0.0011015629392736141,-2.4118309900038557e-17,1.3009906949556808e-20,0.9999993932793614,-0.049914242655449845,3.447578149394531e-17,1.88056539608064e-18,0.0,0.0,-6.0822,,,,0.0,0.0,6.102427022819965,,,,,,,1290.0,1290.0,1290.0,1290.0,12680.629562407015,12680.629562407015,12680.629562407015,12680.629562407015,1.5256067557049913,1.5256067557049913,1.5256067557049913,1.5256067557049913,,,,
0.3958333333333333,1.0055251374174257,0.02138537098835495,,,6.10239758853915,12680.598980667968,24.98573907692307,1290.0,1750.0,22.200000000000003,6.0822,-0.0024203500042249367,-4.7948088392882354e-17,8.69587238303963e-20,-0.05213368322806903,6.922912062351305e-17,,-0.00016961513728219746,0.0,0.0,11.605799999999999,0.9990080512820505,,,,,,,-4.813192747485562e-18,-0.00026651924464138137,1.0055251374174257,-6.247160198916885e-17,-0.00087553472534442,0.02138537098835495,,,,-0.0012101747067241946,-2.3974079258791387e-17,1.446654817250653e-20,0.9999992677383215,-0.05213368322806903,6.922912062351305e-17,2.032825620503396e-18,0.0,0.0,-6.0822,,,,0.0,0.0,6.10239758853915,,,,,,,1290.0,1290.0,1290.0,1290.0,12680.598980667968,12680.598980667968,12680.598980667968,12680.598980667968,1.5255993971347874,1.5255993971347874,1.5255993971347874,1.5255993971347874,,,,
0.4,1.005614807378921,0.02152079075890181,,,6.102368335972751,12680.568587654172,24.985683279807688,1290.0,1750.0,22.200000000000003,6.0822,-0.0026469378563934187,-4.750652763993547e-17,9.49925121907187e-20,-0.054381084520435746,1.0596935565312105e-16,,-0.0001697059999999917,0.0,0.0,11.605799999999999,0.9989977184829052,,,,,,,-5.0816843385391396e-18,-0.0002697537236491109,1.005614807378921,-6.44379818528586e-17,-0.0007762749618550884,0.02152079075890181,,,,-0.0013234685418386642,-2.375330587701937e-17,1.60595170671349e-20,0.9999991242151259,-0.054381084520435746,1.0596935565312105e-16,2.1966045884824714e-18,0.0,0.0,-6.0822,,,,0.0,0.0,6.102368335972751,,,,,,,1290.0,1290.0,1290.0,1290.0,12680.568587654172,12680.568587654172,12680.568587654172,12680.568587654172,1.5255920839931878,1.5255920839931878,1.5255920839931878,1.5255920839931878,,,,
0.4041666666666667,1.0057050406769041,0.021655991515933098,,,6.102339249982543,12680.538367638519,24.9856274826923,1290.0,1750.0,22.200000000000003,6.0822,-0.0028829922791947502,-4.704848031465347e-17,1.0361231711864134e-19,-0.056653061472319376,1.0992521808580907e-16,,-0.00016961513728225297,-2.7755575615628914e-17,0.0,11.605799999999999,0.9989873856837599,,,,,,,-5.358293690206811e-18,-0.00027253590388018735,1.0057050406769041,-6.63862444002411e-17,-0.0006677232554583394,0.021655991515933098,,,,-0.0014414956403806173,-2.3524290395042562e-17,1.7896015104980374e-20,0.9999989610446197,-0.056653061472319376,1.0992521808580907e-16,2.372701257993066e-18,0.0,0.0,-6.0822,,,,0.0,0.0,6.102339249982543,,,,,,,1290.0,1290.0,1290.0,1290.0,12680.538367638519,12680.538367638519,12680.538367638519,12680.538367638519,1.5255848124956357,1.5255848124956357,1.5255848124956357,1.5255848124956357,,,,
0.4083333333333333,1.0057958363896664,0.021790971062925657,,,6.102310316691863,12680.5083062045,24.985571685576915,1290.0,1750.0,22.200000000000003,6.0822,-0.00312860033591199,-4.656514844276961e-17,1.1283554647843106e-19,-0.05894593361213768,1.159924719808988e-16,,-0.0001693426464271508,-2.7755575615628914e-17,0.0,11.605799999999999,0.9989770528846146,,,,,,,-5.642942497981523e-18,-0.0002748254516863848,1.0057958363896664,-6.831571386593101e-17,-0.0005494914734873978,0.021790971062925657,,,,-0.0015642995299731922,-2.3282633989049592e-17,1.9996784300018077e-20,0.9999987764827417,-0.05894593361213768,1.159924719808988e-16,2.562235845550409e-18,0.0,0.0,-6.0822,,,,0.0,0.0,6.102310316691863,,,,,,,1290.0,1290.0,1290.0,1290.0,12680.5083062045,12680.5083062045,12680.5083062045,12680.5083062045,1.5255775791729658,1.5255775791729658,1.5255775791729658,1.5255775791729658,,,,
0.4125,1.005887193584799,0.021925726831821542,,,6.102281523380472,12680.478390136977,24.985515888461535,1290.0,1750.0,22.200000000000003,6.0822,-0.0033838324732301324,-4.604747832970741e-17,1.2267660512469413e-19,-0.06125571295635404,1.242324781189789e-16,,-0.00016888881922466625,-2.7755575615628914e-17,0.0,11.605799999999999,0.9989667200854693,,,,,,,-5.935548138431994e-18,-0.000276580401349698,1.005887193584799,-7.022535370811305e-17,-0.0004211879191951683,0.021925726831821542,,,,-0.0016919154294074293,-2.3023809990428107e-17,2.238399523378389e-20,0.9999985687100655,-0.06125571295635404,1.242324781189789e-16,2.7663958658404602e-18,0.0,0.0,-6.0822,,,,0.0,0.0,6.102281523380472,,,,,,,1290.0,1290.0,1290.0,1290.0,12680.478390136977,12680.478390136977,12680.478390136977,12680.478390136977,1.525570380845118,1.525570380845118,1.525570380845118,1.525570380845118,,,,
0.4166666666666667,1.0059791113176233,0.02206025587779471,,,6.10225285838818,12680.448607322076,24.985460091346148,1290.0,1750.0,22.200000000000003,6.0822,-0.003648741189043157,-4.548616318943715e-17,1.3314642071933671e-19,-0.0635780917951259,1.3470596567744343e-16,,-0.0001682541416442862,-2.7755575615628914e-17,0.0,11.605799999999999,0.998956387286324,,,,,,,-6.236022122315286e-18,-0.0002777571430723803,1.0059791113176233,-7.211375613198994e-17,-0.00028241801344374784,0.02206025587779471,,,,-0.0018243695825044383,-2.274316520065067e-17,2.5081313297135737e-20,0.9999983358364285,-0.0635780917951259,1.3470596567744343e-16,2.986438049711248e-18,0.0,0.0,-6.0822,,,,0.0,0.0,6.10225285838818,,,,,,,1290.0,1290.0,1290.0,1290.0,12680.448607322076,12680.448607322076,12680.448607322076,12680.448607322076,1.525563214597045,1.525563214597045,1.525563214597045,1.525563214597045,,,,
0.42083333333333334,1.006071588629599,0.022194554874183807,,,6.102224311026513,12680.418946655413,24.98540429423076,1290.0,1750.0,22.200000000000003,6.0822,-0.003923359648983262,-4.487164596042759e-17,1.442519557992285e-19,-0.06590843038562494,1.4747298735138767e-16,,-0.00016743929331480834,-2.7755575615628914e-17,0.0,11.605799999999999,0.9989460544871787,,,,,,,-6.5442685044882864e-18,-0.00027831041403498185,1.006071588629599,-7.397913172152014e-17,-0.000132785031024374,0.022194554874183807,,,,-0.0019616785663398332,-2.2435921299583164e-17,2.8113966064026966e-20,0.9999980759067502,-0.06590843038562494,1.4747298735138767e-16,3.223690363661698e-18,0.0,0.0,-6.0822,,,,0.0,0.0,6.102224311026513,,,,,,,1290.0,1290.0,1290.0,1290.0,12680.418946655413,12680.418946655413,12680.418946655413,12680.418946655413,1.5255560777566282,1.5255560777566282,1.5255560777566282,1.5255560777566282,,,,
0.425,1.006164624546715,0.022328620107835456,,,6.1021958714977265,12680.389397957966,24.985348497115382,1290.0,1750.0,22.200000000000003,6.0822,-0.0042077002513840394,-4.40489827062209e-17,1.554056373308455e-19,-0.06824174457618676,1.9742666706650567e-16,,-0.00016644514679609035,0.0,0.0,11.605799999999999,0.9989357216880334,,,,,,,-6.8601822511013974e-18,-0.00027819329275876865,1.006164624546715,-7.581929918714663e-17,2.810910629116517e-05,0.022328620107835456,,,,-0.002103848573687262,-2.202460608585215e-17,3.136645198251845e-20,0.9999977869081406,-0.06824174457618676,1.9742666706650567e-16,3.479554149367797e-18,0.0,0.0,-6.0822,,,,0.0,0.0,6.1021958714977265,,,,,,,1290.0,1290.0,1290.0,1290.0,12680.389397957966,12680.389397957966,12680.389397957966,12680.389397957966,1.5255489678744316,1.5255489678744316,1.5255489678744316,1.5255489678744316,,,,
0.42916666666666664,1.0062582180778614,0.02246244747511506,,,6.102167530820579,12680.359951898969,24.985292699999995,1290.0,1750.0,22.200000000000003,6.0822,-0.004501753140493436,-4.300812562328251e-17,1.6651992427365582e-19,-0.07057269338625531,2.4979171630866946e-16,,-0.00016527276664524138,0.0,0.0,11.605799999999999,0.998925388888888,,,,,,,-7.183622764145125e-18,-0.00027735719701770537,1.0062582180778614,-7.762572313049471e-17,0.00020066297785519238,0.02246244747511506,,,,-0.0022508746695900166,-2.1504195744824666e-17,3.4856800944897625e-20,0.9999974667784023,-0.07057269338625531,2.4979171630866946e-16,3.7552356997143256e-18,0.0,0.0,-6.0822,,,,0.0,0.0,6.102167530820579,,,,,,,1290.0,1290.0,1290.0,1290.0,12680.359951898969,12680.359951898969,12680.359951898969,12680.359951898969,1.5255418827051448,1.5255418827051448,1.5255418827051448,1.5255418827051448,,,,
0.43333333333333335,1.00635236821319,0.0225960324788552,,,6.102139280762289,12680.330599925217,24.985236902884612,1290.0,1750.0,22.200000000000003,6.0822,-0.004805484667864096,-4.1738787566562004e-17,1.7749647004037305e-19,-0.07289556656895774,3.0462557679552994e-16,,-0.0001639234082762009,0.0,0.0,11.605799999999999,0.9989150560897427,,,,,,,-7.514412165176404e-18,-0.00027575188555401675,1.00635236821319,-7.938945624750716e-17,0.0003852747512852674,0.0225960324788552,,,,-0.0024027400220257658,-2.0869546780959552e-17,3.86042511624487e-20,0.999997113416027,-0.07289556656895774,3.0462557679552994e-16,4.0520210958915345e-18,0.0,0.0,-6.0822,,,,0.0,0.0,6.102139280762289,,,,,,,1290.0,1290.0,1290.0,1290.0,12680.330599925217,12680.330599925217,12680.330599925217,12680.330599925217,1.5255348201905723,1.5255348201905723,1.5255348201905723,1.5255348201905723,,,,
0.4375,1.0064470739224674,0.022729370226525072,,,6.102111113776155,12680.301334196272,24.985181105769225,1290.0,1750.0,22.200000000000003,6.0822,-0.005118835801968627,-4.02304477169901e-17,1.882256851062862e-19,-0.07520427218508782,3.6198433103110685e-16,,-0.00016239851661581373,0.0,0.0,11.605799999999999,0.9989047232905974,,,,,,,-7.852333538192301e-18,-0.0002733254638601848,1.0064470739224674,-8.110112952381514e-17,0.0005823412065196759,0.022729370226525072,,,,-0.0025594151066895506,-2.0115398848768202e-17,4.262932648670311e-20,0.999996724691792,-0.07520427218508782,3.6198433103110685e-16,4.371282325059967e-18,0.0,0.0,-6.0822,,,,0.0,0.0,6.102111113776155,,,,,,,1290.0,1290.0,1290.0,1290.0,12680.301334196272,12680.301334196272,12680.301334196272,12680.301334196272,1.5255277784440386,1.5255277784440386,1.5255277784440386,1.5255277784440386,,,,
0.44166666666666665,1.0065423341534254,0.022862455429918,,,6.10208302294439,12680.27214752507,24.98512530865384,1290.0,1750.0,22.200000000000003,6.0822,-0.0054417204862156395,-3.847235849139141e-17,1.9858635514309641e-19,-0.07749232421928277,4.219224041730364e-16,,-0.0001606997245561237,0.0,0.0,11.605799999999999,0.9988943904914521,,,,,,,-8.197129132621678e-18,-0.00027002439429906963,1.0065423341534254,-8.275094266305069e-17,0.000792256694667644,0.022862455429918,,,,-0.0027208568859845112,-1.9236378204774186e-17,4.6953919273399976e-20,0.9999962984620523,-0.07749232421928277,4.219224041730364e-16,4.714483839157446e-18,0.0,0.0,-6.0822,,,,0.0,0.0,6.10208302294439,,,,,,,1290.0,1290.0,1290.0,1290.0,12680.27214752507,12680.27214752507,12680.27214752507,12680.27214752507,1.5255207557360975,1.5255207557360975,1.5255207557360975,1.5255207557360975,,,,
0.4458333333333333,1.0066381478301198,0.022995282406667462,,,6.102055001925701,12680.24303332346,24.985069511538455,1290.0,1750.0,22.200000000000003,6.0822,-0.0057740239456792065,-3.659869232211482e-17,2.0925925408371696e-19,-0.07975283027125575,4.496584474299514e-16,,-0.00015882885120627188,-2.7755575615628914e-17,0.0,11.605799999999999,0.9988840576923068,,,,,,,-8.548498527617753e-18,-0.0002657935108426429,1.0066381478301198,-8.432865479905773e-17,0.0010154120295424228,0.022995282406667462,,,,-0.0028870079623783615,-1.8299571966632668e-17,5.1798832933368113e-20,0.9999958325838288,-0.07975283027125575,4.496584474299514e-16,5.0831895832286725e-18,0.0,0.0,-6.0822,,,,0.0,0.0,6.102055001925701,,,,,,,1290.0,1290.0,1290.0,1290.0,12680.24303332346,12680.24303332346,12680.24303332346,12680.24303332346,1.5255137504814253,1.5255137504814253,1.5255137504814253,1.5255137504814253,,,,
0.45,1.0067345138513029,0.023127845083915268,,,6.1020270449072544,12680.213985552315,24.98501371442307,1290.0,1750.0,22.200000000000003,6.0822,-0.006115600943000404,-3.459827351262319e-17,2.2019794084878637e-19,-0.08197847935708848,4.800764263359508e-16,,-0.00015678789994438835,-2.7755575615628914e-17,0.0,11.605799999999999,0.9988737248931615,,,,,,,-8.906121558938737e-18,-0.0002605760387185644,1.0067345138513029,-8.582952751703625e-17,0.0012521933097788321,0.023127845083915268,,,,-0.0030577957063567824,-1.7299392541826167e-17,5.720122960706723e-20,0.999995324931781,-0.08197847935708848,4.800764263359508e-16,5.479329161336449e-18,0.0,0.0,-6.0822,,,,0.0,0.0,6.1020270449072544,,,,,,,1290.0,1290.0,1290.0,1290.0,12680.213985552315,12680.213985552315,12680.213985552315,12680.213985552315,1.5255067612268136,1.5255067612268136,1.5255067612268136,1.5255067612268136,,,,
0.45416666666666666,1.0068314310888216,0.02326013700446791,,,6.1019991465606305,12680.184998675759,24.98495791730769,1290.0,1750.0,22.200000000000003,6.0822,-0.006466273984074569,-3.2314589512972605e-17,2.3043561252754694e-19,-0.08416152985779893,5.480578603091046e-16,,-0.0001545790562720306,0.0,0.0,11.605799999999999,0.9988633920940162,,,,,,,-9.269656409946135e-18,-0.0002543136192624964,1.0068314310888216,-8.72483642417757e-17,0.0015029806694563284,0.02326013700446791,,,,-0.0032331313592825353,-1.615758282334918e-17,6.297854770999587e-20,0.9999947734171482,-0.08416152985779893,5.480578603091046e-16,5.90493304564597e-18,0.0,0.0,-6.0822,,,,0.0,0.0,6.1019991465606305,,,,,,,1290.0,1290.0,1290.0,1290.0,12680.184998675759,12680.184998675759,12680.184998675759,12680.184998675759,1.5254997866401576,1.5254997866401576,1.5254997866401576,1.5254997866401576,,,,
0.4583333333333333,1.006928898386054,0.023392151335788872,,,6.101971302001458,12680.156067619246,24.984902120192302,1290.0,1750.0,22.200000000000003,6.0822,-0.006825831474302392,-2.959094078663264e-17,2.3884228885292984e-19,-0.08629379765467758,6.536478524698525e-16,,-0.00015220468547455512,2.7755575615628914e-17,0.0,11.605799999999999,0.9988530592948709,,,,,,,-9.638712869032803e-18,-0.0002469463402826025,1.006928898386054,-8.857355018080039e-17,0.0017681469551745418,0.023392151335788872,,,,-0.0034129091115514807,-1.4795791798137967e-17,6.892485320372392e-20,0.9999941760087387,-0.08629379765467758,6.536478524698525e-16,6.361888944316842e-18,0.0,0.0,-6.0822,,,,0.0,0.0,6.101971302001458,,,,,,,1290.0,1290.0,1290.0,1290.0,12680.156067619246,12680.156067619246,12680.156067619246,12680.156067619246,1.5254928255003646,1.5254928255003646,1.5254928255003646,1.5254928255003646,,,,
0.46249999999999997,1.0070269145563964,0.023523880882184742,,,6.101943506752404,12680.127187731103,24.984846323076916,1290.0,1750.0,22.200000000000003,6.0822,-0.007194025826357496,-2.6560727972890853e-17,2.461509562345995e-19,-0.08836664449322468,7.272209153713096e-16,,-0.00014966733008747735,0.0,0.0,11.605799999999999,0.9988427264957256,,,,,,,-1.0012825555453038e-17,-0.00023841277225109876,1.0070269145563964,-8.978704474085642e-17,0.002048056327560896,0.023523880882184742,,,,-0.003597005156524032,-1.328072077566017e-17,7.530514417224436e-20,0.9999935307560264,-0.08836664449322468,7.272209153713096e-16,6.851973510662655e-18,0.0,0.0,-6.0822,,,,0.0,0.0,6.101943506752404,,,,,,,1290.0,1290.0,1290.0,1290.0,12680.127187731103,12680.127187731103,12680.127187731103,12680.127187731103,1.525485876688101,1.525485876688101,1.525485876688101,1.525485876688101,,,,
0.4666666666666667,1.0071254783818153,0.023655318100552065,,,6.10191575670926,12680.0983547473,24.984790525961536,1290.0,1750.0,22.200000000000003,6.0822,-0.007570571520607209,-2.306691616475328e-17,2.510979556018454e-19,-0.09037096661993178,8.384832254049004e-16,,-0.00014696970717459346,2.7755575615628914e-17,0.0,11.605799999999999,0.9988323936965803,,,,,,,-1.039147671454084e-17,-0.00022865001064597466,1.0071254783818153,-9.087627818107256e-17,0.00234306278522978,0.023655318100552065,,,,-0.0037852767208027224,-1.1533850692165443e-17,8.189074795517088e-20,0.9999928358144107,-0.09037096661993178,8.384832254049004e-16,7.377358260392275e-18,0.0,0.0,-6.0822,,,,0.0,0.0,6.10191575670926,,,,,,,1290.0,1290.0,1290.0,1290.0,12680.0983547473,12680.0983547473,12680.0983547473,12680.0983547473,1.525478939177315,1.525478939177315,1.525478939177315,1.525478939177315,,,,
0.4708333333333333,1.0072245886114821,0.02378645512005826,,,6.101888048109844,12680.069564759144,24.98473472884615,1290.0,1750.0,22.200000000000003,6.0822,-0.007955143119518119,-1.9242600487151542e-17,2.5449467280226386e-19,-0.09229718373861796,9.178017848190477e-16,,-0.00014411470541819682,0.0,0.0,11.605799999999999,0.998822060897435,,,,,,,-1.0774069386450231e-17,-0.00021759372477405726,1.0072245886114821,-9.182224125825363e-17,0.002653508609260177,0.02378645512005826,,,,-0.003977561071524021,-9.621730268068996e-18,8.897702050130846e-20,0.9999920894726729,-0.09229718373861796,9.178017848190477e-16,7.940144121383443e-18,0.0,0.0,-6.0822,,,,0.0,0.0,6.101888048109844,,,,,,,1290.0,1290.0,1290.0,1290.0,12680.069564759144,12680.069564759144,12680.069564759144,12680.069564759144,1.525472012027461,1.525472012027461,1.525472012027461,1.525472012027461,,,,
0.475,1.0073242439605077,0.02391728376613428,,,6.101860377505495,12680.040814183661,24.984678931730766,1290.0,1750.0,22.200000000000003,6.0822,-0.008347373237582969,-1.5075613591163132e-17,2.561240749985668e-19,-0.09413522833556344,1.0000404500060187e-15,,-0.00014110538202538603,0.0,0.0,11.605799999999999,0.9988117280982897,,,,,,,-1.1159950149184771e-17,-0.00020517821341441524,1.0073242439605077,-9.261138305628965e-17,0.002979722726314086,0.02391728376613428,,,,-0.004173674501435069,-7.538275631921653e-18,9.66005700828642e-20,0.9999912901826475,-0.09413522833556344,1.0000404500060187e-15,8.542837961935235e-18,0.0,0.0,-6.0822,,,,0.0,0.0,6.101860377505495,,,,,,,1290.0,1290.0,1290.0,1290.0,12680.040814183661,12680.040814183661,12680.040814183661,12680.040814183661,1.5254650943763737,1.5254650943763737,1.5254650943763737,1.5254650943763737,,,,
0.4791666666666667,1.0074244431087958,0.02404779558915811,,,6.101832741734948,12680.012099736465,24.98462313461538,1290.0,1750.0,22.200000000000003,6.0822,-0.008746850468521623,-1.0553683734263e-17,2.55758943468835e-19,-0.09587453542527787,1.0852242811702784e-15,,-0.00013794495945529395,0.0,0.0,11.605799999999999,0.9988013952991444,,,,,,,-1.1548407040759584e-17,-0.00019133646762865722,1.0074244431087958,-9.322965397795498e-17,0.003322018988581925,0.02404779558915811,,,,-0.0043734112926339915,-5.2773506720608206e-18,1.0480044895958306e-19,0.9999904365911033,-0.09587453542527787,1.0852242811702784e-15,9.188124423601517e-18,0.0,0.0,-6.0822,,,,0.0,0.0,6.101832741734948,,,,,,,1290.0,1290.0,1290.0,1290.0,12680.012099736465,12680.012099736465,12680.012099736465,12680.012099736465,1.525458185433737,1.525458185433737,1.525458185433737,1.525458185433737,,,,
0.48333333333333334,1.0075251847000384,0.024177981898206163,,,6.1018051379003895,12679.983418406864,24.984567337499993,1290.0,1750.0,22.200000000000003,6.0822,-0.009153117271735728,-5.519322395810247e-18,2.5186393132260827e-19,-0.09750403277138532,1.2082067046030061e-15,,-0.00013463682196740434,2.7755575615628914e-17,0.0,11.605799999999999,0.998791062499999,,,,,,,-1.1938667463593591e-17,-0.00017600024109193306,1.0075251847000384,-9.36625014801615e-17,0.0036806943688137994,0.024177981898206163,,,,-0.0045765426599658635,-2.760208630570007e-18,1.1330093964882288e-19,0.999989527573805,-0.09750403277138532,1.2082067046030061e-15,9.87887889113151e-18,0.0,0.0,-6.0822,,,,0.0,0.0,6.1018051379003895,,,,,,,1290.0,1290.0,1290.0,1290.0,12679.983418406864,12679.983418406864,12679.983418406864,12679.983418406864,1.5254512844750974,1.5254512844750974,1.5254512844750974,1.5254512844750974,,,,
0.4875,1.0076264673408728,0.02430783380024318,,,6.101777563345488,12679.954767435058,24.98451154038461,1290.0,1750.0,22.200000000000003,6.0822,-0.009565667820234977,-1.0525452604149535e-19,2.454337114490267e-19,-0.09901213163981867,1.2993338305411312e-15,,-0.00013118451199833903,0.0,0.0,11.605799999999999,0.9987807297008537,,,,,,,-1.2329871276136801e-17,-0.00015910012830536028,1.0076264673408728,-9.388891501037067e-17,0.00405602706877747,0.02430783380024318,,,,-0.004782815675185324,-5.3213593185580614e-20,1.224637456239417e-19,0.9999885622716977,-0.09901213163981867,1.2993338305411312e-15,1.061801009788093e-17,0.0,0.0,-6.0822,,,,0.0,0.0,6.101777563345488,,,,,,,1290.0,1290.0,1290.0,1290.0,12679.954767435058,12679.954767435058,12679.954767435058,12679.954767435058,1.525444390836372,1.525444390836372,1.525444390836372,1.525444390836372,,,,
0.49166666666666664,1.0077282896002275,0.024437342245111297,,,6.101750015635282,12679.92614429123,24.984455743269223,1290.0,1750.0,22.200000000000003,6.0822,-0.009983945812502771,5.700960270291409e-18,2.3621641648032924e-19,-0.10038671814427007,1.393446612947365e-15,,-0.00012759172636800375,0.0,0.0,11.605799999999999,0.9987703969017084,,,,,,,-1.2721093472766905e-17,-0.00014056565105712883,1.0077282896002275,-9.389332719122516e-17,0.004448274539575548,0.024437342245111297,,,,-0.004991952173121557,2.8498550280045053e-18,1.3233619713222126e-19,0.9999875401291264,-0.10038671814427007,1.393446612947365e-15,1.1408848776300386e-17,0.0,0.0,-6.0822,,,,0.0,0.0,6.101750015635282,,,,,,,1290.0,1290.0,1290.0,1290.0,12679.92614429123,12679.92614429123,12679.92614429123,12679.92614429123,1.5254375039088206,1.5254375039088206,1.5254375039088206,1.5254375039088206,,,,
0.49583333333333335,1.0078306500088803,0.024566498076662672,,,6.101722492537733,12679.897546656384,24.984399946153843,1290.0,1750.0,22.200000000000003,6.0822,-0.010407342251030498,1.1911762760334271e-17,2.2395609399540106e-19,-0.10161514524665584,1.4905451349344364e-15,,-0.00012386231232131006,0.0,0.0,11.605799999999999,0.9987600641025631,,,,,,,-1.3111342059575968e-17,-0.00012032535350564435,1.0078306500088803,-9.365966083417485e-17,0.004857671412356275,0.024566498076662672,,,,-0.005203647641211712,5.9552180487956756e-18,1.4296883901477067e-19,0.9999864609339599,-0.10161514524665584,1.4905451349344364e-15,1.225496385327242e-17,0.0,0.0,-6.0822,,,,0.0,0.0,6.101722492537733,,,,,,,1290.0,1290.0,1290.0,1290.0,12679.897546656384,12679.897546656384,12679.897546656384,12679.897546656384,1.5254306231344332,1.5254306231344332,1.5254306231344332,1.5254306231344332,,,,
0.5,1.0079335470592568,0.024695292090358572,,,6.101694992006805,12679.86897240477,24.984344149038456,1290.0,1750.0,22.200000000000003,6.0822,-0.010835193190523026,1.868469519844304e-17,2.0685343357813958e-19,-0.10268422547820712,1.6254557064303559e-15,,-0.00012000026340802661,2.7755575615628914e-17,0.0,11.605799999999999,0.9987497313034178,,,,,,,-1.3499555930168469e-17,-9.830690626370817e-05,1.0079335470592568,-9.31713289422003e-17,0.005284427338064686,0.024695292090358572,,,,-0.0054175700939051085,9.341650177469731e-18,1.540380219478739e-19,0.9999853248594589,-0.10268422547820712,1.6254557064303559e-15,1.316017939500109e-17,0.0,0.0,-6.0822,,,,0.0,0.0,6.101694992006805,,,,,,,1290.0,1290.0,1290.0,1290.0,12679.86897240477,12679.86897240477,12679.86897240477,12679.86897240477,1.5254237480017012,1.5254237480017012,1.5254237480017012,1.5254237480017012,,,,
0.5041666666666667,1.0080369792054968,0.0248237150976299,,,6.10166751216697,12679.840419587787,24.98428835192307,1290.0,1750.0,22.200000000000003,6.0822,-0.011266777459063439,2.5886968906258438e-17,1.861303044709518e-19,-0.10358022444969835,1.728495117189019e-15,,-0.00011600971520708825,0.0,0.0,11.605799999999999,0.9987393985042725,,,,,,,-1.3884577948442047e-17,-7.443721986785623e-05,1.0080369792054968,-9.24052843856587e-17,0.005728724735004465,0.0248237150976299,,,,-0.005633358933582721,1.2942754803082236e-17,1.6597896930061154e-19,0.999984132507674,-0.10358022444969835,1.728495117189019e-15,1.4128497065222468e-17,0.0,0.0,-6.0822,,,,0.0,0.0,6.10166751216697,,,,,,,1290.0,1290.0,1290.0,1290.0,12679.840419587787,12679.840419587787,12679.840419587787,12679.840419587787,1.5254168780417425,1.5254168780417425,1.5254168780417425,1.5254168780417425,,,,
0.5083333333333333,1.0081409448638188,0.024951757997258597,,,6.101640051299,12679.811886419213,24.98423255480769,1290.0,1750.0,22.200000000000003,6.0822,-0.011701314355822856,3.3675958081910334e-17,1.5986622646895645e-19,-0.10428885522226057,1.8693065363963676e-15,,-0.00011189494089730578,2.7755575615628914e-17,0.0,11.605799999999999,0.9987290657051272,,,,,,,-1.426517763960751e-17,-4.864256802154026e-05,1.0081409448638188,-9.134392587971132e-17,0.006190716443115833,0.024951757997258597,,,,-0.005850623799784656,1.683722319959658e-17,1.7844442609286494e-19,0.9999828849541142,-0.10428885522226057,1.8693065363963676e-15,1.5164351402595502e-17,0.0,0.0,-6.0822,,,,0.0,0.0,6.101640051299,,,,,,,1290.0,1290.0,1290.0,1290.0,12679.811886419213,12679.811886419213,12679.811886419213,12679.811886419213,1.52541001282475,1.52541001282475,1.52541001282475,1.52541001282475,,,,
0.5125,1.0082454424132103,0.025079411853996016,,,6.10161260782694,12679.783371261683,24.984176757692303,1290.0,1750.0,22.200000000000003,6.0822,-0.012137961329211201,4.1918632786353475e-17,1.2941855227286862e-19,-0.10479527361320298,1.9781885143454562e-15,,-0.0001076603466823034,0.0,0.0,11.605799999999999,0.9987187329059819,,,,,,,-1.4640024301824567e-17,-2.0848721004782768e-05,1.0082454424132103,-8.996319893209384e-17,0.006670523284021798,0.025079411853996016,,,,-0.006068943408692547,2.0958537685140386e-17,1.9190898951210592e-19,0.9999815837933727,-0.10479527361320298,1.9781885143454562e-15,1.6272446427987155e-17,0.0,0.0,-6.0822,,,,0.0,0.0,6.10161260782694,,,,,,,1290.0,1290.0,1290.0,1290.0,12679.783371261683,12679.783371261683,12679.783371261683,12679.783371261683,1.525403151956735,1.525403151956735,1.525403151956735,1.525403151956735,,,,
0.5166666666666666,1.0083504701964794,0.025206667984582116,,,6.101585180306164,12679.754872614274,24.984120960576917,1290.0,1750.0,22.200000000000003,6.0822,-0.012575811639687308,5.0626911939821074e-17,9.455276361218749e-20,-0.10508407451426553,2.0899308499280483e-15,,-0.00010331046707134917,0.0,0.0,11.605799999999999,0.9987084001068366,,,,,,,-1.5007709738602168e-17,9.018910353777923e-06,1.0083504701964794,-8.824450482662392e-17,0.007168231526054566,0.025206667984582116,,,,-0.006287864384974118,2.5312658285413528e-17,2.0644302546187474e-19,0.9999802311853351,-0.10508407451426553,2.0899308499280483e-15,1.7457924548326394e-17,0.0,0.0,-6.0822,,,,0.0,0.0,6.101585180306164,,,,,,,1290.0,1290.0,1290.0,1290.0,12679.754872614274,12679.754872614274,12679.754872614274,12679.754872614274,1.525396295076541,1.525396295076541,1.525396295076541,1.525396295076541,,,,
0.5208333333333334,1.008456026521693,0.025333518051267646,,,6.101557767412442,12679.726389101146,24.984065163461533,1290.0,1750.0,22.200000000000003,6.0822,-0.013013892011782135,5.966735760256907e-17,5.69079025123287e-20,-0.10513928930275818,2.1696449747320427e-15,,-9.884996002468283e-05,-2.7755575615628914e-17,0.0,11.605799999999999,0.9986980673076913,,,,,,,-1.5366746224147525e-17,4.103511974397068e-05,1.008456026521693,-8.616875653088586e-17,0.0076838902536462625,0.025333518051267646,,,,-0.006506900088263709,2.9832862072348777e-17,2.2257811610852404e-19,0.9999788299015341,-0.10513928930275818,2.1696449747320427e-15,1.872629460829752e-17,0.0,0.0,-6.0822,,,,0.0,0.0,6.101557767412442,,,,,,,1290.0,1290.0,1290.0,1290.0,12679.726389101146,12679.726389101146,12679.726389101146,12679.726389101146,1.5253894418531104,1.5253894418531104,1.5253894418531104,1.5253894418531104,,,,
0.525,1.0085621096640385,0.025459954162868757,,,6.101530367931889,12679.697919461107,24.984009366346147,1290.0,1750.0,22.200000000000003,6.0822,-0.013451160280236657,6.905138728939892e-17,1.6414467856532865e-20,-0.10494438442908613,2.252098564261054e-15,,-9.428360196489516e-05,-2.7755575615628914e-17,0.0,11.605799999999999,0.998687734508546,,,,,,,-1.5715589305594605e-17,7.527473908002835e-05,1.0085621096640385,-8.372233954729922e-17,0.00821750864065384,0.025459954162868757,,,,-0.0067255294367252515,3.452485759190685e-17,2.4041061723908684e-19,0.999977383371142,-0.10494438442908613,2.252098564261054e-15,2.0083417332877145e-17,0.0,0.0,-6.0822,,,,0.0,0.0,6.101530367931889,,,,,,,1290.0,1290.0,1290.0,1290.0,12679.697919461107,12679.697919461107,12679.697919461107,12679.697919461107,1.5253825919829722,1.5253825919829722,1.5253825919829722,1.5253825919829722,,,,
0.5291666666666667,1.0086687178681355,0.025585968983300223,,,6.101502980751788,12679.669462538066,24.983953569230763,1290.0,1750.0,22.200000000000003,6.0822,-0.01388650303551677,7.893522163120991e-17,-2.8954887384213795e-20,-0.10448226126722608,2.372047494774794e-15,,-8.961628266246358e-05,0.0,0.0,11.605799999999999,0.9986774017094007,,,,,,,-1.6052635854123707e-17,0.00011181246044414365,1.0086687178681355,-8.089117164698447e-17,0.008769053127387674,0.025585968983300223,,,,-0.006943195730323098,3.946675999722564e-17,2.595542521771245e-19,0.9999758957260172,-0.10448226126722608,2.372047494774794e-15,2.1535474696751747e-17,0.0,0.0,-6.0822,,,,0.0,0.0,6.101502980751788,,,,,,,1290.0,1290.0,1290.0,1290.0,12679.669462538066,12679.669462538066,12679.669462538066,12679.669462538066,1.525375745187947,1.525375745187947,1.525375745187947,1.525375745187947,,,,
0.5333333333333333,1.0087758493508332,0.025711555847436927,,,6.101475604852147,12679.641017272274,24.983897772115377,1290.0,1750.0,22.200000000000003,6.0822,-0.014318733274340878,8.932957709465188e-17,-7.933809463978635e-20,-0.10373525731778667,2.4945677852174572e-15,,-8.485300000005136e-05,0.0,0.0,11.605799999999999,0.9986670689102554,,,,,,,-1.6376197373912002e-17,0.00015072264586634023,1.0087758493508332,-7.765476474919105e-17,0.00933844450132718,0.025711555847436927,,,,-0.007159305476611276,4.466392787399155e-17,2.8010083458318936e-19,0.9999743718441451,-0.10373525731778667,2.4945677852174572e-15,2.3089096978556044e-17,0.0,0.0,-6.0822,,,,0.0,0.0,6.101475604852147,,,,,,,1290.0,1290.0,1290.0,1290.0,12679.641017272274,12679.641017272274,12679.641017272274,12679.641017272274,1.5253689012130367,1.5253689012130367,1.5253689012130367,1.5253689012130367,,,,
0.5375,1.0088835023045166,0.02583670888404445,,,6.101448239297977,12679.612582692293,24.98384197499999,1290.0,1750.0,22.200000000000003,6.0822,-0.014746588061242358,1.0038986683648827e-16,-1.369431870142311e-19,-0.10268514885635537,2.6543901637819144e-15,,-7.99988546197894e-05,2.7755575615628914e-17,0.0,11.605799999999999,0.99865673611111,,,,,,,-1.6684498173234485e-17,0.00019207912454023845,1.0088835023045166,-7.399219183739597e-17,0.009925554881735575,0.02583670888404445,,,,-0.007373227222043194,5.019407384559832e-17,3.016289172175009e-19,0.999972817390719,-0.10268514885635537,2.6543901637819144e-15,2.475138510653057e-17,0.0,0.0,-6.0822,,,,0.0,0.0,6.101448239297977,,,,,,,1290.0,1290.0,1290.0,1290.0,12679.612582692293,12679.612582692293,12679.612582692293,12679.612582692293,1.5253620598244944,1.5253620598244944,1.5253620598244944,1.5253620598244944,,,,
0.5416666666666666,1.0089916749009558,0.025961423145395943,,,6.101420883232206,12679.584157907639,24.98378617788461,1290.0,1750.0,22.200000000000003,6.0822,-0.015168726207587784,1.118356422054269e-16,-1.976033612695264e-19,-0.10131315512290114,2.7468965730629824e-15,,-7.505904446231115e-05,-2.7755575615628914e-17,0.0,11.605799999999999,0.9986464033119647,,,,,,,-1.6975648811483253e-17,0.00023595497707619583,1.0089916749009558,-6.987615317970419e-17,0.010530204608629773,0.025961423145395943,,,,-0.007584290392001407,5.591696218284699e-17,3.252981543455617e-19,0.9999712388560232,-0.10131315512290114,2.7468965730629824e-15,2.6530130887912004e-17,0.0,0.0,-6.0822,,,,0.0,0.0,6.101420883232206,,,,,,,1290.0,1290.0,1290.0,1290.0,12679.584157907639,12679.584157907639,12679.584157907639,12679.584157907639,1.5253552208080514,1.5253552208080514,1.5253552208080514,1.5253552208080514,,,,
0.5458333333333333,1.0091003652957184,0.02608569474305452,,,6.101393535869187,12679.555742102035,24.983730380769224,1290.0,1750.0,22.200000000000003,6.0822,-0.015583725974883821,1.2382128585777932e-16,-2.63425630530187e-19,-0.09959994415104766,2.8764573483931853e-15,,-7.003885919998343e-05,0.0,0.0,11.605799999999999,0.9986360705128194,,,,,,,-1.7247694021526336e-17,0.00028242230639628416,1.0091003652957184,-6.529085041033976e-17,0.011152159036821195,0.02608569474305452,,,,-0.007791784142951044,6.190978982180413e-17,3.506855489164638e-19,0.999969643589179,-0.09959994415104766,2.8764573483931853e-15,2.8433332138016295e-17,0.0,0.0,-6.0822,,,,0.0,0.0,6.101393535869187,,,,,,,1290.0,1290.0,1290.0,1290.0,12679.555742102035,12679.555742102035,12679.555742102035,12679.555742102035,1.5253483839672968,1.5253483839672968,1.5253483839672968,1.5253483839672968,,,,
0.55,1.0092095716331733,0.0262095209891458,,,6.101366196488742,12679.527334527225,24.983674583653837,1290.0,1750.0,22.200000000000003,6.0822,-0.0159900828096299,1.3621032479506551e-16,-3.320535029364814e-19,-0.09752564033906154,2.973258862503636e-15,,-6.494367457293704e-05,-2.7755575615628914e-17,0.0,11.605799999999999,0.9986257377136741,,,,,,,-1.7498586332800566e-17,0.0003315519948796973,1.0092095716331733,-6.021415470581516e-17,0.011791125236019157,0.0262095209891458,,,,-0.007994956230330554,6.810431312135172e-17,3.7847634720333543e-19,0.9999680398267112,-0.09752564033906154,2.973258862503636e-15,3.046971105709635e-17,0.0,0.0,-6.0822,,,,0.0,0.0,6.101366196488742,,,,,,,1290.0,1290.0,1290.0,1290.0,12679.527334527225,12679.527334527225,12679.527334527225,12679.527334527225,1.5253415491221856,1.5253415491221856,1.5253415491221856,1.5253415491221856,,,,
0.5541666666666667,1.0093192920520995,0.026332900542274627,,,6.101338864430716,12679.498934497313,24.983618786538457,1290.0,1750.0,22.200000000000003,6.0822,-0.016386207117410716,1.4915586006788897e-16,-4.055836625219771e-19,-0.09506983386739395,3.1068070635740758e-15,,-5.977894663256045e-05,0.0,0.0,11.605799999999999,0.9986154049145288,,,,,,,-1.7726209392837142e-17,0.0003834134473725355,1.0093192920520995,-5.462953440877806e-17,0.012446748598281165,0.026332900542274627,,,,-0.008193011896009754,7.457708842949422e-17,4.082328430469727e-19,0.9999664367147889,-0.09506983386739395,3.1068070635740758e-15,3.2648285861765685e-17,0.0,0.0,-6.0822,,,,0.0,0.0,6.101338864430716,,,,,,,1290.0,1290.0,1290.0,1290.0,12679.498934497313,12679.498934497313,12679.498934497313,12679.498934497313,1.525334716107679,1.525334716107679,1.525334716107679,1.525334716107679,,,,
0.5583333333333333,1.0094295246919205,0.026455833557051164,,,6.10131153908996,12679.470541383555,24.98356298942307,1290.0,1750.0,22.200000000000003,6.0822,-0.016770422084371413,1.62665129411819e-16,-4.837993964565794e-19,-0.09221159207056852,3.2420903154995794e-15,,-5.4550205898729054e-05,0.0,0.0,11.605799999999999,0.9986050721153835,,,,,,,-1.7928351809308838e-17,0.00043807431968255353,1.0094295246919205,-4.85141799532072e-17,0.013118609354404327,0.026455833557051164,,,,-0.008385112779367534,8.133173376085745e-17,4.400915336134139e-19,0.9999648443238779,-0.09221159207056852,3.2420903154995794e-15,3.4978961657401316e-17,0.0,0.0,-6.0822,,,,0.0,0.0,6.10131153908996,,,,,,,1290.0,1290.0,1290.0,1290.0,12679.470541383555,12679.470541383555,12679.470541383555,12679.470541383555,1.52532788477249,1.52532788477249,1.52532788477249,1.52532788477249,,,,
0.5625,1.0095402676995704,0.02657832183598478,,,6.101284219911762,12679.442154609604,24.983507192307687,1290.0,1750.0,22.200000000000003,6.0822,-0.017140961554680215,1.7659944071741166e-16,-5.6393070087554435e-19,-0.08892947287411379,3.3440800857839606e-15,,-4.9263051438097616e-05,-2.7755575615628914e-17,0.0,11.605799999999999,0.9985947393162382,,,,,,,-1.8102705915773933e-17,0.0004956002321874686,1.0095402676995704,-4.184498555162282e-17,0.013806219001179624,0.02657832183598478,,,,-0.008570375856270303,8.82988939816938e-17,4.748067965967988e-19,0.9999632736544289,-0.08892947287411379,3.3440800857839606e-15,3.747234776977989e-17,0.0,0.0,-6.0822,,,,0.0,0.0,6.101284219911762,,,,,,,1290.0,1290.0,1290.0,1290.0,12679.442154609604,12679.442154609604,12679.442154609604,12679.442154609604,1.5253210549779406,1.5253210549779406,1.5253210549779406,1.5253210549779406,,,,
0.5666666666666667,1.0096515192369966,0.026700368982278035,,,6.101256906387635,12679.413773647144,24.9834513951923,1290.0,1750.0,22.200000000000003,6.0822,-0.01749596797305555,1.9125457865518502e-16,-6.504882943234879e-19,-0.0852015404100796,3.51706542895148e-15,,-4.392314486817428e-05,2.7755575615628914e-17,0.0,11.605799999999999,0.9985844065170929,,,,,,,-1.824689147254625e-17,0.0005560544681948711,1.0096515192369966,-3.460453362535604e-17,0.014509016641776588,0.026700368982278035,,,,-0.008747872410466609,9.562647549974154e-17,5.1130362377127e-19,0.9999617366321024,-0.0852015404100796,3.51706542895148e-15,4.0139325750331726e-17,0.0,0.0,-6.0822,,,,0.0,0.0,6.101256906387635,,,,,,,1290.0,1290.0,1290.0,1290.0,12679.413773647144,12679.413773647144,12679.413773647144,12679.413773647144,1.5253142265969089,1.5253142265969089,1.5253142265969089,1.5253142265969089,,,,
0.5708333333333333,1.0097632774892957,0.026821980551807317,,,6.101229598051467,12679.385398011884,24.983395598076914,1290.0,1750.0,22.200000000000003,6.0822,-0.01783349040191992,2.0649000919739095e-16,-7.404827020877762e-19,-0.08100538292744865,3.656314384411688e-15,,-3.853620429450366e-05,0.0,0.0,11.605799999999999,0.9985740737179476,,,,,,,-1.83584051280732e-17,0.0006194976567027481,1.0097632774892957,-2.6763277326468114e-17,0.015226365241890482,0.026821980551807317,,,,-0.008916627042154105,1.032442015102114e-16,5.503705674691763e-19,0.9999602460909088,-0.08100538292744865,3.656314384411688e-15,4.2992494058056683e-17,0.0,0.0,-6.0822,,,,0.0,0.0,6.101229598051467,,,,,,,1290.0,1290.0,1290.0,1290.0,12679.385398011884,12679.385398011884,12679.385398011884,12679.385398011884,1.5253073995128668,1.5253073995128668,1.5253073995128668,1.5253073995128668,,,,
0.575,1.009875540673472,0.02694316420231067,,,6.101202294475988,12679.357027259892,24.98333980096153,1290.0,1750.0,22.200000000000003,6.0822,-0.01815148262323843,2.223092800141008e-16,-8.332566670400403e-19,-0.07631813311644296,3.796411083314154e-15,,-3.3107998188119936e-05,0.0,0.0,11.605799999999999,0.9985637409188023,,,,,,,-1.8434644434570607e-17,0.0006859874392221974,1.009875540673472,-1.8297433559377943e-17,0.015957547804667845,0.02694316420231067,,,,-0.00907561671872145,1.11153843344805e-16,5.921857342199935e-19,0.9999588157425159,-0.07631813311644296,3.796411083314154e-15,4.6044890942799567e-17,0.0,0.0,-6.0822,,,,0.0,0.0,6.101202294475988,,,,,,,1290.0,1290.0,1290.0,1290.0,12679.357027259892,12679.357027259892,12679.357027259892,12679.357027259892,1.525300573618997,1.525300573618997,1.525300573618997,1.525300573618997,,,,
0.5791666666666666,1.009988307047795,0.027063929837516484,,,6.101174995269537,12679.328660984227,24.983284003846144,1290.0,1750.0,22.200000000000003,6.0822,-0.01844780133560641,2.3871481779007254e-16,-9.280109014896789e-19,-0.07111649096831373,3.937085967995008e-15,,-2.7644339207877344e-05,0.0,0.0,11.605799999999999,0.998553408119657,,,,,,,-1.8472907244131962e-17,0.0007555781203381558,1.009988307047795,-9.183074294725474e-18,0.01670176346783,0.027063929837516484,,,,-0.009223769872920028,1.1935661132585736e-16,6.369395602626188e-19,0.9999574601298454,-0.07111649096831373,3.937085967995008e-15,4.931048245231731e-17,0.0,0.0,-6.0822,,,,0.0,0.0,6.101174995269537,,,,,,,1290.0,1290.0,1290.0,1290.0,12679.328660984227,12679.328660984227,12679.328660984227,12679.328660984227,1.5252937488173843,1.5252937488173843,1.5252937488173843,1.5252937488173843,,,,
0.5833333333333334,1.0101015749217268,0.02718428974363907,,,6.101147700073093,12679.300298811864,24.983228206730764,1290.0,1750.0,22.200000000000003,6.0822,-0.018720204457667613,2.5570784234158225e-16,-1.0237900623428946e-18,-0.06537674929468941,4.078048835254444e-15,,-2.215107797687299e-05,0.0,0.0,11.605799999999999,0.9985430753205117,,,,,,,-1.8470391296274117e-17,0.0008283203016999813,1.0101015749217268,6.038274858832396e-19,0.01745812352683811,0.02718428974363907,,,,-0.009359965553978361,1.2785311179375547e-16,6.848356907137834e-19,0.999956194562956,-0.06537674929468941,4.078048835254444e-15,5.2804228540055436e-17,0.0,0.0,-6.0822,,,,0.0,0.0,6.101147700073093,,,,,,,1290.0,1290.0,1290.0,1290.0,12679.300298811864,12679.300298811864,12679.300298811864,12679.300298811864,1.5252869250182732,1.5252869250182732,1.5252869250182732,1.5252869250182732,,,,
0.5875,1.010215342666374,0.027304258715338037,,,6.101120408557548,12679.271940400859,24.983172409615378,1290.0,1750.0,22.200000000000003,6.0822,-0.018966349549471424,2.7314316243774123e-16,-1.1167333795746195e-18,-0.05907482203291377,4.184154267164615e-15,,-1.6634096816792177e-05,-2.7755575615628914e-17,0.0,11.605799999999999,0.9985327425213664,,,,,,,-1.842419401155829e-17,0.0009042604991516005,1.010215342666374,1.1087348331798563e-17,0.018225647388388607,0.027304258715338037,,,,-0.00948303263743592,1.3657073529205421e-16,7.367711791960928e-19,0.9999550350350747,-0.05907482203291377,4.184154267164615e-15,5.654215386536976e-17,0.0,0.0,-6.0822,,,,0.0,0.0,6.101120408557548,,,,,,,1290.0,1290.0,1290.0,1290.0,12679.271940400859,12679.271940400859,12679.271940400859,12679.271940400859,1.525280102139387,1.525280102139387,1.525280102139387,1.525280102139387,,,,
0.5916666666666667,1.010329608725407,0.027423854167888645,,,6.101093120421228,12679.243585437765,24.98311661249999,1290.0,1750.0,22.200000000000003,6.0822,-0.01918379236391322,2.9116442930922524e-16,-1.208233858948476e-18,-0.05218627546603281,4.324736084312635e-15,,-1.1099303449113584e-05,0.0,0.0,11.605799999999999,0.9985224097222211,,,,,,,-1.8331337302554944e-17,0.0009834407427307442,1.010329608725407,2.2285610160802953e-17,0.019003258458994473,0.027423854167888645,,,,-0.009591749099742024,1.4558131213655132e-16,7.922989373941922e-19,0.9999539981165172,-0.05218627546603281,4.324736084312635e-15,6.054054370443768e-17,0.0,0.0,-6.0822,,,,0.0,0.0,6.101093120421228,,,,,,,1290.0,1290.0,1290.0,1290.0,12679.243585437765,12679.243585437765,12679.243585437765,12679.243585437765,1.525273280105307,1.525273280105307,1.525273280105307,1.525273280105307,,,,
0.5958333333333333,1.0104443716263733,0.027543096231939034,,,6.101065835387596,12679.21523363526,24.98306081538461,1290.0,1750.0,22.200000000000003,6.0822,-0.019369985540947238,3.096235814451718e-16,-1.2939893051306722e-18,-0.044686362488161824,4.4297701364415764e-15,,-5.552624669336037e-06,-2.7755575615628914e-17,0.0,11.605799999999999,0.9985120769230758,,,,,,,-1.818874302939548e-17,0.001065898159288649,1.0104443716263733,3.422262555827152e-17,0.019789779973897144,0.027543096231939034,,,,-0.009684841363940417,1.548107962177566e-16,8.523633253664613e-19,0.9999531008241113,-0.044686362488161824,4.4297701364415764e-15,6.481763408226782e-17,0.0,0.0,-6.0822,,,,0.0,0.0,6.101065835387596,,,,,,,1290.0,1290.0,1290.0,1290.0,12679.21523363526,12679.21523363526,12679.21523363526,12679.21523363526,1.525266458846899,1.525266458846899,1.525266458846899,1.525266458846899,,,,
0.6,1.0105596299923185,0.027662007826839485,,,6.1010385532031615,12679.186884729957,24.983005018269225,1290.0,1750.0,22.200000000000003,6.0822,-0.019522277457813347,3.286612044336476e-16,-1.3750563945782662e-18,-0.03655006004786888,4.5685439770408415e-15,,0.0,0.0,0.0,11.605799999999999,0.9985017441239304,,,,,,,-1.7993258300618935e-17,0.0011516645375055901,1.0105596299923185,4.6916334906370845e-17,0.0205839307720659,0.027662007826839485,,,,-0.009760983723039837,1.6432948453466344e-16,9.165328896711876e-19,0.9999523604636166,-0.03655006004786888,4.5685439770408415e-15,6.939192629032196e-17,0.0,0.0,-6.0822,,,,0.0,0.0,6.1010385532031615,,,,,,,1290.0,1290.0,1290.0,1290.0,12679.186884729957,12679.186884729957,12679.186884729957,12679.186884729957,1.5252596383007904,1.5252596383007904,1.5252596383007904,1.5252596383007904,,,,
0.6041666666666666,1.0106753825536023,0.027780614708117504,,,6.101011273635553,12679.158538480426,24.98294922115384,1290.0,1750.0,22.200000000000003,6.0822,-0.01963791124907975,3.4841620090838383e-16,-1.4523337260773342e-18,-0.02775210990393585,4.740653465105553e-15,,5.552624669336037e-06,2.7755575615628914e-17,0.0,11.605799999999999,0.9984914113247851,,,,,,,-1.7741631451869834e-17,0.0012407658751038306,1.0106753825536023,6.039044369978464e-17,0.021384321023577714,0.027780614708117504,,,,-0.00981879784795625,1.742068327412245e-16,9.84382264075953e-19,0.9999517944425226,-0.02775210990393585,4.740653465105553e-15,7.428419072635056e-17,0.0,0.0,-6.0822,,,,0.0,0.0,6.101011273635553,,,,,,,1290.0,1290.0,1290.0,1290.0,12679.158538480426,12679.158538480426,12679.158538480426,12679.158538480426,1.5252528184088883,1.5252528184088883,1.5252528184088883,1.5252528184088883,,,,
0.6083333333333333,1.0107916281597866,0.02789894548424362,,,6.100983996471771,12679.13019466535,24.982893424038455,1290.0,1750.0,22.200000000000003,6.0822,-0.01971402401086884,3.687354620552432e-16,-1.5207977484055018e-18,-0.018267062829380593,4.876002012151629e-15,,1.1099303449113584e-05,0.0,0.0,11.605799999999999,0.9984810785256398,,,,,,,-1.7430488311935153e-17,0.0013332219080881271,1.0107916281597866,7.46743535843232e-17,0.02218944791623121,0.02789894548424362,,,,-0.009856852387202327,1.8436626959201776e-16,1.0569235756388442e-18,0.9999514200505027,-0.018267062829380593,4.876002012151629e-15,7.951789400971689e-17,0.0,0.0,-6.0822,,,,0.0,0.0,6.100983996471771,,,,,,,1290.0,1290.0,1290.0,1290.0,12679.13019466535,12679.13019466535,12679.13019466535,12679.13019466535,1.5252459991179428,1.5252459991179428,1.5252459991179428,1.5252459991179428,,,,
0.6125,1.0109083657914424,0.028017031597385788,,,6.100956721516565,12679.101853081858,24.982837626923068,1290.0,1750.0,22.200000000000003,6.0822,-0.019747646204206045,3.8960909961919697e-16,-1.57798200927476e-18,-0.008069326400928856,5.008968672508029e-15,,1.6634096816736665e-05,0.0,0.0,11.605799999999999,0.9984707457264945,,,,,,,-1.705635836481826e-17,0.001429045621874938,1.0109083657914424,8.979118730805469e-17,0.02299769130883458,0.028017031597385788,,,,-0.009873662665795074,1.94802844137917e-16,1.1344818659386712e-18,0.9999512542047048,-0.008069326400928856,5.008968672508029e-15,8.511706761057726e-17,0.0,0.0,-6.0822,,,,0.0,0.0,6.100956721516565,,,,,,,1290.0,1290.0,1290.0,1290.0,12679.101853081858,12679.101853081858,12679.101853081858,12679.101853081858,1.5252391803791412,1.5252391803791412,1.5252391803791412,1.5252391803791412,,,,
0.6166666666666667,1.0110255945717024,0.02813490726238837,,,6.100929448590953,12679.073513543986,24.982781829807685,1290.0,1750.0,22.200000000000003,6.0822,-0.019735701273006848,4.1102522164420126e-16,-1.621138636792151e-18,0.002866783487806862,5.139072191362505e-15,,2.215107797687299e-05,0.0,0.0,11.605799999999999,0.9984604129273492,,,,,,,-1.6615676438779026e-17,0.001528242744205021,1.0110255945717024,1.0576366224941593e-16,0.023807309359219934,0.02813490726238837,,,,-0.009867690491151996,2.0551060350903467e-16,1.2174049812861482e-18,0.999951313156981,0.002866783487806862,5.139072191362505e-15,9.11074592919323e-17,0.0,0.0,-6.0822,,,,0.0,0.0,6.100929448590953,,,,,,,1290.0,1290.0,1290.0,1290.0,12679.073513543986,12679.073513543986,12679.073513543986,12679.073513543986,1.5252323621477382,1.5252323621477382,1.5252323621477382,1.5252323621477382,,,,
0.6208333333333333,1.0111433137773596,0.02825260935773626,,,6.100902177530869,12679.045175881265,24.982726032692298,1290.0,1750.0,22.200000000000003,6.0822,-0.019675005492796965,4.3296981847617864e-16,-1.6472223539614352e-18,0.01456698725037169,5.2658040899735106e-15,,2.7644339207877344e-05,0.0,0.0,11.605799999999999,0.9984500801282039,,,,,,,-1.6104784737039908e-17,0.0016308112197703404,1.0111433137773596,1.2261400841738812e-16,0.024616434135676688,0.02825260935773626,,,,-0.009837344074050632,2.1648253614749e-16,1.3060652147997666e-18,0.9999516121600929,0.01456698725037169,5.2658040899735106e-15,9.751665542829092e-17,0.0,0.0,-6.0822,,,,0.0,0.0,6.100902177530869,,,,,,,1290.0,1290.0,1290.0,1290.0,12679.045175881265,12679.045175881265,12679.045175881265,12679.045175881265,1.5252255443827172,1.5252255443827172,1.5252255443827172,1.5252255443827172,,,,
0.625,1.0112615228492836,0.028370177261778515,,,6.100874908185921,12679.016839937434,24.98267023557692,1290.0,1750.0,22.200000000000003,6.0822,-0.019562268066842244,4.554266456608115e-16,-1.6528749663507134e-18,0.027056982229130833,5.388627962461799e-15,,3.3107998188119936e-05,0.0,0.0,11.605799999999999,0.9984397473290586,,,,,,,-1.551993522951606e-17,0.0017367406665251951,1.0112615228492836,1.4036388180572358e-16,0.025423067221165125,0.028370177261778515,,,,-0.009780978073034637,2.2771051355097627e-16,1.4008610669294282e-18,0.9999521650898782,0.027056982229130833,5.388627962461799e-15,1.0437421197222452e-16,0.0,0.0,-6.0822,,,,0.0,0.0,6.100874908185921,,,,,,,1290.0,1290.0,1290.0,1290.0,12679.016839937434,12679.016839937434,12679.016839937434,12679.016839937434,1.5252187270464803,1.5252187270464803,1.5252187270464803,1.5252187270464803,,,,
0.6291666666666667,1.011380221401896,0.028487652626991704,,,6.100847640418252,12678.98850556925,24.982614438461532,1290.0,1750.0,22.200000000000003,6.0822,-0.019394091486947648,4.783771037887911e-16,-1.6344105357077417e-18,0.040362379174705684,5.5069787918124115e-15,,3.853620429450366e-05,0.0,0.0,11.605799999999999,0.9984294145299133,,,,,,,-1.4857292425442118e-17,0.0018460118136934013,1.011380221401896,1.5903427297774606e-16,0.026225075320369502,0.028487652626991704,,,,-0.009696893770962351,2.391852305629777e-16,1.5022191328026447e-18,0.9999529840203462,0.040362379174705684,5.5069787918124115e-15,1.1171179467879555e-16,0.0,0.0,-6.0822,,,,0.0,0.0,6.100847640418252,,,,,,,1290.0,1290.0,1290.0,1290.0,12678.98850556925,12678.98850556925,12678.98850556925,12678.98850556925,1.525211910104563,1.525211910104563,1.525211910104563,1.525211910104563,,,,
0.6333333333333333,1.0114994092314151,0.02860507908456509,,,6.100820374101486,12678.96017264541,24.982558641346145,1290.0,1750.0,22.200000000000003,6.0822,-0.01916697217676672,5.01945229228053e-16,-1.5905996953056894e-18,0.05450863444342328,5.655096092888092e-15,,4.392314486817428e-05,2.7755575615628914e-17,0.0,11.605799999999999,0.998419081730768,,,,,,,-1.411293654727182e-17,0.001958595921528314,1.0114994092314151,1.7864541076087137e-16,0.027020185880379067,0.02860507908456509,,,,-0.009583339392709804,2.5096871126587075e-16,1.6098924176333257e-18,0.9999540787486614,0.05450863444342328,5.655096092888092e-15,1.1956332924056228e-16,0.0,0.0,-6.0822,,,,0.0,0.0,6.100820374101486,,,,,,,1290.0,1290.0,1290.0,1290.0,12678.96017264541,12678.96017264541,12678.96017264541,12678.96017264541,1.5252050935253716,1.5252050935253716,1.5252050935253716,1.5252050935253716,,,,
0.6375,1.0116190863225447,0.028722501871091342,,,6.100793109119788,12678.93184104555,24.982502844230766,1290.0,1750.0,22.200000000000003,6.0822,-0.018877301436044047,5.25962227305885e-16,-1.5142168342048094e-18,0.06952097777344042,5.762688057508525e-15,,4.926305143815313e-05,0.0,0.0,11.605799999999999,0.9984087489316227,,,,,,,-1.3282842331849707e-17,0.002074454182930591,1.0116190863225447,1.9922261170130755e-16,0.027805982736546463,0.028722501871091342,,,,-0.009438510573360048,2.6297654546823353e-16,1.7250753291400723e-18,0.9999554562670062,0.06952097777344042,5.762688057508525e-15,1.279670678966687e-16,0.0,0.0,-6.0822,,,,0.0,0.0,6.100793109119788,,,,,,,1290.0,1290.0,1290.0,1290.0,12678.93184104555,12678.93184104555,12678.93184104555,12678.93184104555,1.525198277279947,1.525198277279947,1.525198277279947,1.525198277279947,,,,
0.6416666666666666,1.0117392528532474,0.028839967368652315,,,6.10076584536697,12678.903510659344,24.98244704711538,1290.0,1750.0,22.200000000000003,6.0822,-0.018521366704789884,5.502565673749208e-16,-1.397782270657148e-18,0.08542433550099969,5.829099781855207e-15,,5.4550205898784565e-05,-2.7755575615628914e-17,0.0,11.605799999999999,0.9983984161324774,,,,,,,-1.2362907865022905e-17,0.0021935371070800395,1.0117392528532474,2.2078427203843231e-16,0.02857990179586756,0.028839967368652315,,,,-0.00926055098653312,2.751229583527242e-16,1.8489783319237213e-18,0.9999571201783733,0.08542433550099969,5.829099781855207e-15,1.3696217214264445e-16,0.0,0.0,-6.0822,,,,0.0,0.0,6.10076584536697,,,,,,,1290.0,1290.0,1290.0,1290.0,12678.903510659344,12678.903510659344,12678.903510659344,12678.903510659344,1.5251914613417425,1.5251914613417425,1.5251914613417425,1.5251914613417425,,,,
0.6458333333333334,1.011859909197202,0.028957522549105403,,,6.100738582745695,12678.875181385649,24.982391249999996,1290.0,1750.0,22.200000000000003,6.0822,-0.018095353166958813,5.750891988307329e-16,-1.241590235741478e-18,0.10224324907945692,5.958146495915332e-15,,5.977894663250494e-05,2.7755575615628914e-17,0.0,11.605799999999999,0.9983880833333321,,,,,,,-1.1348983881227307e-17,0.0023157838852927728,1.011859909197202,2.4334175611094345e-16,0.02933922677105597,0.028957522549105403,,,,-0.009047553142836205,2.8753844690709665e-16,1.9808053353863406e-18,0.9999590700534335,0.10224324907945692,5.958146495915332e-15,1.4658845253023713e-16,0.0,0.0,-6.0822,,,,0.0,0.0,6.100738582745695,,,,,,,1290.0,1290.0,1290.0,1290.0,12678.875181385649,12678.875181385649,12678.875181385649,12678.875181385649,1.5251846456864238,1.5251846456864238,1.5251846456864238,1.5251846456864238,,,,
0.65,1.0119810559235058,0.029075214312907317,,,6.1007113211667345,12678.846853131756,24.98233545288461,1290.0,1750.0,22.200000000000003,6.0822,-0.017595345713769955,6.00137606594146e-16,-1.0348109602912836e-18,0.12000178876532619,6.009775167224779e-15,,6.494367457293704e-05,-2.7755575615628914e-17,0.0,11.605799999999999,0.9983777505341868,,,,,,,-1.0236829166813927e-17,0.0024411217393734024,1.0119810559235058,2.669171314592112e-16,0.030081084979351105,0.029075214312907317,,,,-0.008797559368740661,3.000617427575926e-16,2.122487654783891e-18,0.9999613007257598,0.12000178876532619,6.009775167224779e-15,1.5689285351795252e-16,0.0,0.0,-6.0822,,,,0.0,0.0,6.1007113211667345,,,,,,,1290.0,1290.0,1290.0,1290.0,12678.846853131756,12678.846853131756,12678.846853131756,12678.846853131756,1.5251778302916836,1.5251778302916836,1.5251778302916836,1.5251778302916836,,,,
0.6541666666666667,1.0121026937931408,0.0291930887123659,,,6.1006840605483035,12678.818525812683,24.982279655769222,1290.0,1750.0,22.200000000000003,6.0822,-0.017017331287363144,6.25511487034018e-16,-7.74207664791656e-19,0.13872346233763655,6.08773708004657e-15,,7.003885919998343e-05,0.0,0.0,11.605799999999999,0.9983674177350415,,,,,,,-9.022165652405044e-18,0.0025694652527942434,1.0121026937931408,2.915192434581315e-16,0.030802443221001865,0.0291930887123659,,,,-0.008508562976520914,3.1274771593271716e-16,2.2740121201564885e-18,0.9999638015228723,0.13872346233763655,6.08773708004657e-15,1.67921117617583e-16,0.0,0.0,-6.0822,,,,0.0,0.0,6.1006840605483035,,,,,,,1290.0,1290.0,1290.0,1290.0,12678.818525812683,12678.818525812683,12678.818525812683,12678.818525812683,1.5251710151370759,1.5251710151370759,1.5251710151370759,1.5251710151370759,,,,
0.6583333333333333,1.0122248237516773,0.029311190048793977,,,6.100656800815424,12678.790199350527,24.98222385865384,1290.0,1750.0,22.200000000000003,6.0822,-0.01635720162603221,6.511721429736069e-16,-4.534971307310082e-19,0.15843111871942295,6.156415718158383e-15,,7.505904446225564e-05,0.0,0.0,11.605799999999999,0.9983570849358961,,,,,,,-7.700659655041094e-18,0.002700715685099703,1.0122248237516773,3.1716143936734834e-16,0.03150010375331033,0.029311190048793977,,,,-0.008178509636219184,3.255770368662305e-16,2.436067841216153e-18,0.9999665554307955,0.15843111871942295,6.156415718158383e-15,1.797245340921547e-16,0.0,0.0,-6.0822,,,,0.0,0.0,6.100656800815424,,,,,,,1290.0,1290.0,1290.0,1290.0,12678.790199350527,12678.790199350527,12678.790199350527,12678.790199350527,1.525164200203856,1.525164200203856,1.525164200203856,1.525164200203856,,,,
0.6625,1.0123474469176468,0.029429559832660504,,,6.100629541899372,12678.76187367388,24.982168061538452,1290.0,1750.0,22.200000000000003,6.0822,-0.015610756432810525,6.769323366905397e-16,-6.36883571582004e-20,0.17914684637320458,6.180161580003261e-15,,7.99988546197894e-05,-2.7755575615628914e-17,0.0,11.605799999999999,0.9983467521367508,,,,,,,-6.267928471995831e-18,0.0028347602700042984,1.0123474469176468,3.43855483930863e-16,0.03217070037710292,0.029429559832660504,,,,-0.0078052989609285126,3.384561066065276e-16,2.609986423547004e-18,0.9999695381901043,0.17914684637320458,6.180161580003261e-15,1.9235804667021885e-16,0.0,0.0,-6.0822,,,,0.0,0.0,6.100629541899372,,,,,,,1290.0,1290.0,1290.0,1290.0,12678.76187367388,12678.76187367388,12678.76187367388,12678.76187367388,1.525157385474843,1.525157385474843,1.525157385474843,1.525157385474843,,,,
0.6666666666666666,1.0124705645659613,0.02954823559550222,,,6.100602283737148,12678.733548717282,24.982112264423066,1290.0,1750.0,22.200000000000003,6.0822,-0.014773706989702729,7.028915116724533e-16,3.9982645296477346e-19,0.20089186634587047,6.227793240983231e-15,,8.485300000005136e-05,0.0,0.0,11.605799999999999,0.9983364193376055,,,,,,,-4.71957234943449e-18,0.0029714714977273045,1.0124705645659613,3.716054694147218e-16,0.03281069465352145,0.02954823559550222,,,,-0.007386786317013528,3.5143469073847283e-16,2.7959624726976733e-18,0.9999727173217811,0.20089186634587047,6.227793240983231e-15,2.0587775437399032e-16,0.0,0.0,-6.0822,,,,0.0,0.0,6.100602283737148,,,,,,,1290.0,1290.0,1290.0,1290.0,12678.733548717282,12678.733548717282,12678.733548717282,12678.733548717282,1.525150570934287,1.525150570934287,1.525150570934287,1.525150570934287,,,,
0.6708333333333333,1.01259417810572,0.029667249542083513,,,6.100575026271005,12678.70522442073,24.982056467307686,1290.0,1750.0,22.200000000000003,6.0822,-0.013841680240358855,7.290002851591331e-16,9.44448753298558e-19,0.22368641984253146,6.263594421351932e-15,,8.961628266246358e-05,0.0,0.0,11.605799999999999,0.9983260865384602,,,,,,,-3.051157467429395e-18,0.0031107063821860337,1.01259417810572,4.004195716812229e-16,0.03341637227009498,0.029667249542083513,,,,-0.006920784871212802,3.644881450320763e-16,2.9948401397057935e-18,0.9999760510816078,0.22368641984253146,6.263594421351932e-15,2.2034644233367139e-16,0.0,0.0,-6.0822,,,,0.0,0.0,6.100575026271005,,,,,,,1290.0,1290.0,1290.0,1290.0,12678.70522442073,12678.70522442073,12678.70522442073,12678.70522442073,1.5251437565677513,1.5251437565677513,1.5251437565677513,1.5251437565677513,,,,
0.675,1.0127182890516828,0.029786627031083788,,,6.100547769448006,12678.676900729219,24.9820006701923,1290.0,1750.0,22.200000000000003,6.0822,-0.0128102233644687,7.553505510232844e-16,1.576003548533071e-18,0.24754965021363687,6.321482782450252e-15,,9.428360196489516e-05,2.7755575615628914e-17,0.0,11.605799999999999,0.9983157537393149,,,,,,,-1.2582243481925803e-18,0.0032523057137533937,1.0127182890516828,4.303039486168355e-16,0.03398383957616639,0.029786627031083788,,,,-0.006405067886886631,3.776624811831338e-16,3.2070213891065514e-18,0.9999794873422976,0.24754965021363687,6.321482782450252e-15,2.3583137852095155e-16,0.0,0.0,-6.0822,,,,0.0,0.0,6.100547769448006,,,,,,,1290.0,1290.0,1290.0,1290.0,12678.676900729219,12678.676900729219,12678.676900729219,12678.676900729219,1.5251369423620016,1.5251369423620016,1.5251369423620016,1.5251369423620016,,,,
0.6791666666666667,1.0128428989886513,0.02990638487246194,,,6.1005205132196245,12678.648577592328,24.981944873076912,1290.0,1750.0,22.200000000000003,6.0822,-0.011674808867614397,7.818850810323446e-16,2.302915820738133e-18,0.27249947924503193,6.365674550072893e-15,,9.884996002468283e-05,2.7755575615628914e-17,0.0,11.605799999999999,0.9983054209401696,,,,,,,6.637278762019535e-19,0.0033960932983738363,1.0128428989886513,4.612685338546881e-16,0.03450902030890619,0.02990638487246194,,,,-0.00583737128198835,3.9092915830742465e-16,3.433515051210034e-18,0.9999829624031182,0.27249947924503193,6.365674550072893e-15,2.524077963589913e-16,0.0,0.0,-6.0822,,,,0.0,0.0,6.1005205132196245,,,,,,,1290.0,1290.0,1290.0,1290.0,12678.648577592328,12678.648577592328,12678.648577592328,12678.648577592328,1.5251301283049061,1.5251301283049061,1.5251301283049061,1.5251301283049061,,,,
0.6833333333333333,1.0129680095279414,0.030026529429608945,,,6.100493257541383,12678.62025496384,24.981889075961533,1290.0,1750.0,22.200000000000003,6.0822,-0.01043084021075319,8.083973679999868e-16,3.1355889528978076e-18,0.2985524776466894,6.360351853053404e-15,,0.00010331046707134917,0.0,0.0,11.605799999999999,0.9982950881410243,,,,,,,2.719231724239312e-18,0.0035418751839253007,1.0129680095279414,4.93320923528966e-16,0.03498765253235146,0.030026529429608945,,,,-0.005215396461643421,4.0418501011793744e-16,3.675829540351121e-18,0.9999863997273902,0.2985524776466894,6.360351853053404e-15,2.7015648794509463e-16,0.0,0.0,-6.0822,,,,0.0,0.0,6.100493257541383,,,,,,,1290.0,1290.0,1290.0,1290.0,12678.62025496384,12678.62025496384,12678.62025496384,12678.62025496384,1.5251233143853458,1.5251233143853458,1.5251233143853458,1.5251233143853458,,,,
0.6875,1.013093622255085,0.030147054514464876,,,6.100466002372503,12678.591932801388,24.981833278846146,1290.0,1750.0,22.200000000000003,6.0822,-0.009073658003908964,8.348217351742246e-16,4.082777359855434e-18,0.3257237296426141,6.339330138671684e-15,,0.0001076603466823034,0.0,0.0,11.605799999999999,0.998284755341879,,,,,,,4.912816129344103e-18,0.003689438874813466,1.013093622255085,5.264602572251498e-16,0.03541528581315969,0.030147054514464876,,,,-0.004536813438516684,4.173973104490515e-16,3.935082904650657e-18,0.9999897086089556,0.3257237296426141,6.339330138671684e-15,2.891607322550812e-16,0.0,0.0,-6.0822,,,,0.0,0.0,6.100466002372503,,,,,,,1290.0,1290.0,1290.0,1290.0,12678.591932801388,12678.591932801388,12678.591932801388,12678.591932801388,1.5251165005931258,1.5251165005931258,1.5251165005931258,1.5251165005931258,,,,
0.6916666666666667,1.0132197386678516,0.030267939063961285,,,6.100438747675614,12678.563611066136,24.981777481730763,1290.0,1750.0,22.200000000000003,6.0822,-0.007598546789025874,8.610880576491562e-16,5.1534820261597345e-18,0.35402669157194117,6.3015568389829086e-15,,0.0001118949408973613,0.0,0.0,11.605799999999999,0.9982744225427337,,,,,,,7.24899527074326e-18,0.003838552535888744,1.0132197386678516,5.606829939357974e-16,0.035787278658066655,0.030267939063961285,,,,-0.0037992642544312887,4.305311317690656e-16,4.212472954818138e-18,0.9999927827695183,0.35402669157194117,6.3015568389829086e-15,3.0950971183097444e-16,0.0,0.0,-6.0822,,,,0.0,0.0,6.100438747675614,,,,,,,1290.0,1290.0,1290.0,1290.0,12678.563611066136,12678.563611066136,12678.563611066136,12678.563611066136,1.5251096869189036,1.5251096869189036,1.5251096869189036,1.5251096869189036,,,,
0.6958333333333333,1.0133463601036286,0.030389144586466982,,,6.100411493416452,12678.535289722484,24.981721684615376,1290.0,1750.0,22.200000000000003,6.0822,-0.006000742437277671,8.871216117901223e-16,6.356904355437352e-18,0.3834730444195687,6.245945351444193e-15,,0.00011600971520708825,0.0,0.0,11.605799999999999,0.9982640897435884,,,,,,,9.73225665207618e-18,0.003988964186886174,1.0133463601036286,5.959827315199012e-16,0.036098796239383384,0.030389144586466982,,,,-0.003000366716970171,4.435492728568022e-16,4.509282950114696e-18,0.9999954988896519,0.3834730444195687,6.245945351444193e-15,3.31298929945106e-16,0.0,0.0,-6.0822,,,,0.0,0.0,6.100411493416452,,,,,,,1290.0,1290.0,1290.0,1290.0,12678.535289722484,12678.535289722484,12678.535289722484,12678.535289722484,1.525102873354113,1.525102873354113,1.525102873354113,1.525102873354113,,,,
0.7,1.0134734876551592,0.030510612367382874,,,6.100384239563611,12678.506968737798,24.98166588749999,1290.0,1750.0,22.200000000000003,6.0822,-0.004275440186428446,9.128429251393905e-16,7.702391795313732e-18,0.4140725402038145,6.171375314702024e-15,,0.0001200002634079711,0.0,0.0,11.605799999999999,0.9982537569444431,,,,,,,1.2367048402990361e-17,0.00414040088870392,1.0134734876551592,6.323500202194033e-16,0.0363448084362589,0.030510612367382874,,,,-0.0021377184650388987,4.564121869093388e-16,4.826887686347126e-18,0.9999977150772716,0.4140725402038145,6.171375314702024e-15,3.546306570992058e-16,0.0,0.0,-6.0822,,,,0.0,0.0,6.100384239563611,,,,,,,1290.0,1290.0,1290.0,1290.0,12678.506968737798,12678.506968737798,12678.506968737798,12678.506968737798,1.5250960598909027,1.5250960598909027,1.5250960598909027,1.5250960598909027,,,,
0.7041666666666666,1.0136011220735912,0.030632260423664355,,,6.1003569860883,12678.478648082164,24.981610090384606,1290.0,1750.0,22.200000000000003,6.0822,-0.002417803344100824,9.380224872524063e-16,9.199860343995499e-18,0.44583284215862906,6.041859186561239e-15,,0.00012386231232125455,-2.7755575615628914e-17,0.0,11.605799999999999,0.9982434241452978,,,,,,,1.5157765779150506e-17,0.00429256792295755,1.0136011220735912,6.697721702784345e-16,0.036520088220871334,0.030632260423664355,,,,-0.001208901377593568,4.690053400476644e-16,5.166915149256291e-18,0.9999992692784626,0.44583284215862906,6.041859186561239e-15,3.796144088870832e-16,0.0,0.0,-6.0822,,,,0.0,0.0,6.1003569860883,,,,,,,1290.0,1290.0,1290.0,1290.0,12678.478648082164,12678.478648082164,12678.478648082164,12678.478648082164,1.525089246522075,1.525089246522075,1.525089246522075,1.525089246522075,,,,
0.7083333333333334,1.013729263657749,0.030753980197867056,,,6.100329732964131,12678.450327728162,24.98155429326922,1290.0,1750.0,22.200000000000003,6.0822,-0.00042297268302225825,9.627160213708972e-16,1.085796768273669e-17,0.4787593586588555,5.925877955476041e-15,,0.00012759172636800375,0.0,0.0,11.605799999999999,0.9982330913461525,,,,,,,1.8108712043399805e-17,0.004445147966374997,1.013729263657749,7.082271034198313e-16,0.036619210420187266,0.030753980197867056,,,,-0.0002114863399346228,4.813568517648035e-16,5.530784363836774e-18,0.9999999776367637,0.4787593586588555,5.925877955476041e-15,4.0636328038665027e-16,0.0,0.0,-6.0822,,,,0.0,0.0,6.100329732964131,,,,,,,1290.0,1290.0,1290.0,1290.0,12678.450327728162,12678.450327728162,12678.450327728162,12678.450327728162,1.5250824332410327,1.5250824332410327,1.5250824332410327,1.5250824332410327,,,,
0.7125,1.013857912128513,0.03087563298333008,,,6.100302480166914,12678.422007650655,24.98149849615384,1290.0,1750.0,22.200000000000003,6.0822,0.0017139234455151224,9.86683780691899e-16,1.2685948943370345e-17,0.5128550708489714,5.752545313269834e-15,,0.00013118451199839454,-2.7755575615628914e-17,0.0,11.605799999999999,0.9982227585470071,,,,,,,2.1224108083386326e-17,0.004597800261731018,1.013857912128513,7.476950495967651e-16,0.03663655088544497,0.03087563298333008,,,,0.000856961617867822,4.933471448805799e-16,5.920197078084919e-18,0.9999996328083254,0.5128550708489714,5.752545313269834e-15,4.350025505216674e-16,0.0,0.0,-6.0822,,,,0.0,0.0,6.100302480166914,,,,,,,1290.0,1290.0,1290.0,1290.0,12678.422007650655,12678.422007650655,12678.422007650655,12678.422007650655,1.5250756200417286,1.5250756200417286,1.5250756200417286,1.5250756200417286,,,,
0.7166666666666667,1.013987066487152,0.030997046073350312,,,6.100275227674473,12678.393687826601,24.981442699038453,1290.0,1750.0,22.200000000000003,6.0822,0.0039977582536347275,1.009825827858045e-15,1.4692304583535786e-17,0.5481203539487051,5.555445036052924e-15,,0.00013463682196740434,-2.7755575615628914e-17,0.0,11.605799999999999,0.9982124257478618,,,,,,,2.4508051570197473e-17,0.00475015978716046,1.013987066487152,7.881464368346749e-16,0.03656628610306623,0.030997046073350312,,,,0.0019988777957247864,5.049265892958001e-16,6.336878403504368e-18,0.9999980022417834,0.5481203539487051,5.555445036052924e-15,4.656619119114147e-16,0.0,0.0,-6.0822,,,,0.0,0.0,6.100275227674473,,,,,,,1290.0,1290.0,1290.0,1290.0,12678.393687826601,12678.393687826601,12678.393687826601,12678.393687826601,1.5250688069186182,1.5250688069186182,1.5250688069186182,1.5250688069186182,,,,
0.7208333333333333,1.0141167248564382,0.031118008628680343,,,6.100247975466482,12678.365368234881,24.981386901923067,1290.0,1750.0,22.200000000000003,6.0822,0.006433394887897042,1.0321818963961883e-15,1.688593368834654e-17,0.5845527922229554,5.368130637287737e-15,,0.00013794495945529395,0.0,0.0,11.605799999999999,0.9982020929487165,,,,,,,2.7964500014464935e-17,0.004901836425836621,1.0141167248564382,8.295476266241905e-16,0.03640239328227846,0.031118008628680343,,,,0.003216691896680281,5.161154365901499e-16,6.78281759290178e-18,0.999994826433238,0.5845527922229554,5.368130637287737e-15,4.984801257136327e-16,0.0,0.0,-6.0822,,,,0.0,0.0,6.100247975466482,,,,,,,1290.0,1290.0,1290.0,1290.0,12678.365368234881,12678.365368234881,12678.365368234881,12678.365368234881,1.5250619938666206,1.5250619938666206,1.5250619938666206,1.5250619938666206,,,,
0.725,1.0142468843033525,0.031238267259420652,,,6.100220723524307,12678.337048856132,24.981331104807687,1290.0,1750.0,22.200000000000003,6.0822,0.00902567400297454,1.0534958392726498e-15,1.927412655060269e-17,0.6221469876185992,5.119625179050767e-15,,0.00014110538202544154,-2.7755575615628914e-17,0.0,11.605799999999999,0.9981917601495712,,,,,,,3.159727769761638e-17,0.0050524141381546464,1.0142468843033525,8.718666439563471e-16,0.03613865095632618,0.031238267259420652,,,,0.0045128216836571,5.26786046199069e-16,7.259845709152632e-18,0.9999898171683806,0.6221469876185992,5.119625179050767e-15,5.336104626882521e-16,0.0,0.0,-6.0822,,,,0.0,0.0,6.100220723524307,,,,,,,1290.0,1290.0,1290.0,1290.0,12678.337048856132,12678.337048856132,12678.337048856132,12678.337048856132,1.5250551808810768,1.5250551808810768,1.5250551808810768,1.5250551808810768,,,,
0.7291666666666666,1.0143775406421833,0.031357521319394135,,,6.10019347183087,12678.308729672608,24.9812753076923,1290.0,1750.0,22.200000000000003,6.0822,0.011779400511670791,1.0737960545328994e-15,2.1865486682898463e-17,0.6608943620871012,4.878259093230609e-15,,0.00014411470541819682,0.0,0.0,11.605799999999999,0.9981814273504259,,,,,,,3.541003207960803e-17,0.005201450138720312,1.0143775406421833,9.150610516779958e-16,0.03576864013575977,0.031357521319394135,,,,0.0058896662050154005,5.369531053901944e-16,7.770403554655278e-18,0.9999826557655855,0.6608943620871012,4.878259093230609e-15,5.71212177464044e-16,0.0,0.0,-6.0822,,,,0.0,0.0,6.10019347183087,,,,,,,1290.0,1290.0,1290.0,1290.0,12678.308729672608,12678.308729672608,12678.308729672608,12678.308729672608,1.5250483679577176,1.5250483679577176,1.5250483679577176,1.5250483679577176,,,,
0.7333333333333333,1.0145086882168226,0.03147541791340674,,,6.100166220370515,12678.28041066804,24.981219510576917,1290.0,1750.0,22.200000000000003,6.0822,0.014699329485126604,1.0928148202484508e-15,2.466527356966233e-17,0.7007829536293945,4.573001283464652e-15,,0.00014696970717459346,-2.7755575615628914e-17,0.0,11.605799999999999,0.9981710945512806,,,,,,,3.9406238833852353e-17,0.005348474080611558,1.0145086882168226,9.590896210186378e-16,0.03528574605389915,0.03147541791340674,,,,0.007349598574234824,5.464832923196254e-16,8.316428574383523e-18,0.9999729913356648,0.7007829536293945,4.573001283464652e-15,6.114608149598703e-16,0.0,0.0,-6.0822,,,,0.0,0.0,6.100166220370515,,,,,,,1290.0,1290.0,1290.0,1290.0,12678.28041066804,12678.28041066804,12678.28041066804,12678.28041066804,1.5250415550926288,1.5250415550926288,1.5250415550926288,1.5250415550926288,,,,
0.7375,1.0146403196610745,0.03159154662043186,,,6.100138969128887,12678.252091827513,24.98116371346153,1290.0,1750.0,22.200000000000003,6.0822,0.017790151177286308,1.1107138309171253e-15,2.7683669407297503e-17,0.7417972061183291,4.306964895541272e-15,,0.00014966733008753286,2.7755575615628914e-17,0.0,11.605799999999999,0.9981607617521353,,,,,,,4.358915632095562e-17,0.005492987249553923,1.0146403196610745,1.003900196904784e-15,0.03468316054616758,0.03159154662043186,,,,0.008894958289197293,5.554580675681631e-16,8.901410509256605e-18,0.9999604390759833,0.7417972061183291,4.306964895541272e-15,6.545392020156107e-16,0.0,0.0,-6.0822,,,,0.0,0.0,6.100138969128887,,,,,,,1290.0,1290.0,1290.0,1290.0,12678.252091827513,12678.252091827513,12678.252091827513,12678.252091827513,1.5250347422822217,1.5250347422822217,1.5250347422822217,1.5250347422822217,,,,
0.7416666666666667,1.0147724256358193,0.03170543393872692,,,6.1001117180928315,12678.223773137359,24.981107916346144,1290.0,1750.0,22.200000000000003,6.0822,0.0210564751480119,1.1272133217667374e-15,3.092412477289345e-17,0.7839177529741417,3.974237373501311e-15,,0.00015220468547461063,0.0,0.0,11.605799999999999,0.99815042895299,,,,,,,4.796185344588601e-17,0.005634461770831264,1.0147724256358193,1.0494473099832947e-15,0.03395388510656173,0.03170543393872692,,,,0.01052804307679773,5.637382102825855e-16,9.527530253441619e-18,0.9999445786187218,0.7839177529741417,3.974237373501311e-15,7.006537919328133e-16,0.0,0.0,-6.0822,,,,0.0,0.0,6.1001117180928315,,,,,,,1290.0,1290.0,1290.0,1290.0,12678.223773137359,12678.223773137359,12678.223773137359,12678.223773137359,1.5250279295232079,1.5250279295232079,1.5250279295232079,1.5250279295232079,,,,
0.7458333333333333,1.0149049945419117,0.031816537462215584,,,6.10008446725029,12678.195454585046,24.98105211923076,1290.0,1750.0,22.200000000000003,6.0822,0.024502813459636612,1.1421724826480685e-15,3.43908420057176e-17,0.8271211947899323,3.608220239936275e-15,,0.0001545790562720306,0.0,0.0,11.605799999999999,0.9981400961538447,,,,,,,5.2527162129445186e-17,0.005772339831939808,1.0149049945419117,1.0956740840542019e-15,0.033090734666050635,0.031816537462215584,,,,0.012251100248953425,5.712540455303273e-16,1.0197695735473326e-17,0.9999249524552781,0.8271211947899323,3.608220239936275e-15,7.500202713020951e-16,0.0,0.0,-6.0822,,,,0.0,0.0,6.10008446725029,,,,,,,1290.0,1290.0,1290.0,1290.0,12678.195454585046,12678.195454585046,12678.195454585046,12678.195454585046,1.5250211168125725,1.5250211168125725,1.5250211168125725,1.5250211168125725,,,,
0.75,1.01503801220775,0.03192423980116593,,,6.100057216590207,12678.167136159089,24.980996322115374,1290.0,1750.0,22.200000000000003,6.0822,0.028133562922249503,1.1555893316476749e-15,3.809047784410376e-17,0.8713798710270918,3.2422959816478016e-15,,0.00015678789994438835,2.7755575615628914e-17,0.0,11.605799999999999,0.9981297633546994,,,,,,,5.728765354959106e-17,0.005906032924186304,1.01503801220775,1.1425179408350117e-15,0.0320863421391591,0.03192423980116593,,,,0.014066317556530008,5.780053977758061e-16,1.0915911419128014e-17,0.999901064461079,0.8713798710270918,3.2422959816478016e-15,8.028696200860834e-16,0.0,0.0,-6.0822,,,,0.0,0.0,6.100057216590207,,,,,,,1290.0,1290.0,1290.0,1290.0,12678.167136159089,12678.167136159089,12678.167136159089,12678.167136159089,1.5250143041475517,1.5250143041475517,1.5250143041475517,1.5250143041475517,,,,
0.7541666666666667,1.0151714615505179,0.032027842264277843,,,6.100029966102451,12678.138817848956,24.980940524999994,1290.0,1750.0,22.200000000000003,6.0822,0.03195298636360388,1.1673104251961169e-15,4.202540061288288e-17,0.9166616259250489,2.8401627844570916e-15,,0.00015882885120627188,2.7755575615628914e-17,0.0,11.605799999999999,0.9981194305555541,,,,,,,6.22456381403482e-17,0.006034921106629501,1.0151714615505179,1.1899163017817123e-15,0.030933163786367106,0.032027842264277843,,,,0.01597581352826368,5.83916420653852e-16,1.1685651793840393e-17,0.9998723785474375,0.9166616259250489,2.8401627844570916e-15,8.5945492563673075e-16,0.0,0.0,-6.0822,,,,0.0,0.0,6.100029966102451,,,,,,,1290.0,1290.0,1290.0,1290.0,12678.138817848956,12678.138817848956,12678.138817848956,12678.138817848956,1.5250074915256127,1.5250074915256127,1.5250074915256127,1.5250074915256127,,,,
0.7583333333333333,1.0153053222102002,0.032126558323775124,,,6.1000027157777295,12678.110499644996,24.980884727884607,1290.0,1750.0,22.200000000000003,6.0822,0.03596519290025244,1.1770308467238872e-15,4.6191362990613095e-17,0.9629295687956538,2.365504532683676e-15,,0.0001606997245561237,0.0,0.0,11.605799999999999,0.9981090977564088,,,,,,,6.740313975474036e-17,0.006158352295967925,1.0153053222102002,1.2378003874541177e-15,0.02962348544122185,0.032126558323775124,,,,0.017981627282446528,5.88835568635549e-16,1.2509482334213468e-17,0.9998383174695172,0.9629295687956538,2.365504532683676e-15,9.200471570113267e-16,0.0,0.0,-6.0822,,,,0.0,0.0,6.1000027157777295,,,,,,,1290.0,1290.0,1290.0,1290.0,12678.110499644996,12678.110499644996,12678.110499644996,12678.110499644996,1.5250006789444324,1.5250006789444324,1.5250006789444324,1.5250006789444324,,,,
0.7625,1.0154395701555752,0.03221950688998974,,,6.09997546560753,12678.08218153836,24.98082893076922,1290.0,1750.0,22.200000000000003,6.0822,0.040174117187335816,1.184584309809258e-15,5.0585908888443736e-17,1.0101418289000113,1.851661024251128e-15,,0.00016239851661581373,0.0,0.0,11.605799999999999,0.9980987649572635,,,,,,,7.276184398511357e-17,0.006275641586185357,1.0154395701555752,1.2860890152895699e-15,0.028149429652183616,0.03221950688998974,,,,0.02008570779996575,5.926806938567843e-16,1.339124473404813e-17,0.999798261821941,1.0101418289000113,1.851661024251128e-15,9.849303665618246e-16,0.0,0.0,-6.0822,,,,0.0,0.0,6.09997546560753,,,,,,,1290.0,1290.0,1290.0,1290.0,12678.08218153836,12678.08218153836,12678.08218153836,12678.08218153836,1.5249938664018825,1.5249938664018825,1.5249938664018825,1.5249938664018825,,,,
0.7666666666666666,1.0155741772615219,0.03230570542723392,,,6.099948215584047,12678.053863520941,24.98077313365384,1290.0,1750.0,22.200000000000003,6.0822,0.04458349762539691,1.1897980296246808e-15,5.520430623945988e-17,1.0582513051346658,1.2971295988487162e-15,,0.0001639234082762009,0.0,0.0,11.605799999999999,0.9980884321581182,,,,,,,7.83230702199463e-17,0.006386070601977779,1.0155741772615219,1.3346942963598544e-15,0.026502963790181095,0.03230570542723392,,,,0.02228990264825982,5.953664610154738e-16,1.4335054218540785e-17,0.9997515492560795,1.0582513051346658,1.2971295988487162e-15,1.054408607403875e-15,0.0,0.0,-6.0822,,,,0.0,0.0,6.099948215584047,,,,,,,1290.0,1290.0,1290.0,1290.0,12678.053863520941,12678.053863520941,12678.053863520941,12678.053863520941,1.5249870538960117,1.5249870538960117,1.5249870538960117,1.5249870538960117,,,,
0.7708333333333334,1.0157091108571406,0.03238406294848427,,,6.099920965700128,12678.025545585302,24.980717336538454,1290.0,1750.0,22.200000000000003,6.0822,0.04919685350366673,1.1924927015857602e-15,6.003928759126172e-17,1.1072054107847593,7.004022658919206e-16,,0.00016527276664524138,0.0,0.0,11.605799999999999,0.9980780993589728,,,,,,,8.408774264381181e-17,0.006488886890201116,1.0157091108571406,1.3835213817277231e-15,0.024675909173600942,0.03238406294848427,,,,0.024595946146886087,5.968043322850125e-16,1.534531893715902e-17,0.999697473955566,1.1072054107847593,7.004022658919206e-16,1.1288073223318606e-15,0.0,0.0,-6.0822,,,,0.0,0.0,6.099920965700128,,,,,,,1290.0,1290.0,1290.0,1290.0,12678.025545585302,12678.025545585302,12678.025545585302,12678.025545585302,1.524980241425032,1.524980241425032,1.524980241425032,1.524980241425032,,,,
0.775,1.0158443332443594,0.03245337293254899,,,6.09989371594921,12677.997227724627,24.98066153942307,1290.0,1750.0,22.200000000000003,6.0822,0.0540174610604756,1.1924824982468862e-15,6.508078017293272e-17,1.1569458136341284,5.996930761836709e-17,,0.00016644514679609035,0.0,0.0,11.605799999999999,0.9980677665598275,,,,,,,9.005636018227829e-17,0.006583303353796717,1.0158443332443594,1.432468209231955e-15,0.02265995126294429,0.03245337293254899,,,,0.02700544696669601,5.96902559615166e-16,1.6426760731387705e-17,0.9996352864090629,1.1569458136341284,5.996930761836709e-17,1.2084748268093986e-15,0.0,0.0,-6.0822,,,,0.0,0.0,6.09989371594921,,,,,,,1290.0,1290.0,1290.0,1290.0,12677.997227724627,12677.997227724627,12677.997227724627,12677.997227724627,1.5249734289873025,1.5249734289873025,1.5249734289873025,1.5249734289873025,,,,
0.7791666666666667,1.0159798011869174,0.03251230621394897,,,6.099866466325284,12677.96890993267,24.980605742307684,1290.0,1750.0,22.200000000000003,6.0822,0.059048328442793674,1.1895750860458678e-15,7.031562678757426e-17,1.2074081717563387,-6.256768242019667e-16,,0.00016743929331486385,0.0,0.0,11.605799999999999,0.9980574337606822,,,,,,,9.622896539712727e-17,0.006668497732870091,1.0159798011869174,1.4814252515637568e-15,0.02044665097760962,0.03251230621394897,,,,0.029519875156096404,5.955661850206427e-16,1.7584437376510364e-17,0.999564193521741,1.2074081717563387,-6.256768242019667e-16,1.2937838920756534e-15,0.0,0.0,-6.0822,,,,0.0,0.0,6.099866466325284,,,,,,,1290.0,1290.0,1290.0,1290.0,12677.96890993267,12677.96890993267,12677.96890993267,12677.96890993267,1.524966616581321,1.524966616581321,1.524966616581321,1.524966616581321,,,,
0.7833333333333333,1.0161154653698454,0.032559403902702594,,,6.099839216822838,12677.940592203704,24.980549945192298,1290.0,1750.0,22.200000000000003,6.0822,0.0642921695484034,1.1837165283097528e-15,7.573624437806454e-17,1.2585218653463321,-1.3232034990468299e-15,,0.0001682541416442862,2.7755575615628914e-17,0.0,11.605799999999999,0.9980471009615369,,,,,,,1.0260511234117198e-16,0.006743612137816612,1.0161154653698454,1.530275266570729e-15,0.018027457187165082,0.032559403902702594,,,,0.032140548589546514,5.927695881953129e-16,1.8825908671460034e-17,0.9994833591092764,1.2585218653463321,-1.3232034990468299e-15,1.3851334347546882e-15,0.0,0.0,-6.0822,,,,0.0,0.0,6.099839216822838,,,,,,,1290.0,1290.0,1290.0,1290.0,12677.940592203704,12677.940592203704,12677.940592203704,12677.940592203704,1.5249598042057095,1.5249598042057095,1.5249598042057095,1.5249598042057095,,,,
0.7875,1.0162512698298394,0.032593070398544775,,,6.099811967436823,12677.912274532482,24.980494148076914,1290.0,1750.0,22.200000000000003,6.0822,0.06975137673586057,1.1747015154239872e-15,8.132401901589293e-17,1.3102097249897218,-2.0689347754478882e-15,,0.00016888881922466625,2.7755575615628914e-17,0.0,11.605799999999999,0.9980367681623916,,,,,,,1.0918385817693745e-16,0.006807752639604154,1.0162512698298394,1.5788990005837118e-15,0.015393720429010122,0.032593070398544775,,,,0.03486861883530973,5.884114206580961e-16,2.0157173442681372e-17,0.9993919048203852,1.3102097249897218,-2.0689347754478882e-15,1.4829568817439393e-15,0.0,0.0,-6.0822,,,,0.0,0.0,6.099811967436823,,,,,,,1290.0,1290.0,1290.0,1290.0,12677.912274532482,12677.912274532482,12677.912274532482,12677.912274532482,1.5249529918592057,1.5249529918592057,1.5249529918592057,1.5249529918592057,,,,
0.7916666666666666,1.0163871513572218,0.03261156657180484,,,6.099784718162604,12677.88395691419,24.980438350961528,1290.0,1750.0,22.200000000000003,6.0822,0.07542799238921795,1.1623183951989795e-15,8.705649942903342e-17,1.3623877568057703,-2.8643452841102723e-15,,0.0001693426464271508,2.7755575615628914e-17,0.0,11.605799999999999,0.9980264353632463,,,,,,,1.1596372899464737e-16,0.006859988922535196,1.0163871513572218,1.6271689962503828e-15,0.012536707903450049,0.03261156657180484,,,,0.037705056441551435,5.823871771105983e-16,2.15846569312697e-17,0.9992889115359679,1.3623877568057703,-2.8643452841102723e-15,1.5877177300682971e-15,0.0,0.0,-6.0822,,,,0.0,0.0,6.099784718162604,,,,,,,1290.0,1290.0,1290.0,1290.0,12677.88395691419,12677.88395691419,12677.88395691419,12677.88395691419,1.524946179540651,1.524946179540651,1.524946179540651,1.524946179540651,,,,
0.7958333333333333,1.0165230388705184,0.03261300319118176,,,6.099757468995938,12677.855639344416,24.98038255384614,1290.0,1750.0,22.200000000000003,6.0822,0.08132367932647094,1.1463492812943031e-15,9.290710253353726e-17,1.4149648649407174,-3.710888998721196e-15,,0.00016961513728225297,2.7755575615628914e-17,0.0,11.605799999999999,0.998016102564101,,,,,,,1.2294268464323213e-16,0.006899354005017995,1.0165230388705184,1.6749493556603433e-15,0.009447619795871772,0.03261300319118176,,,,0.04065063564215387,5.745892330816423e-16,2.3115240274239196e-17,0.9991734212947664,1.4149648649407174,-3.710888998721196e-15,1.6999115445582053e-15,0.0,0.0,-6.0822,,,,0.0,0.0,6.099757468995938,,,,,,,1290.0,1290.0,1290.0,1290.0,12677.855639344416,12677.855639344416,12677.855639344416,12677.855639344416,1.5249393672489846,1.5249393672489846,1.5249393672489846,1.5249393672489846,,,,
0.8,1.0166588527650473,0.03259533468694232,,,6.099730219932939,12677.82732181912,24.98032675673076,1290.0,1750.0,22.200000000000003,6.0822,0.08743969004284728,1.1264255646041118e-15,9.883258836086305e-17,1.4678425719303263,-4.64482763848796e-15,,0.0001697059999999917,0.0,0.0,11.605799999999999,0.9980057697649557,,,,,,,1.3011808260197714e-16,0.006924844034075774,1.0166588527650473,1.7220955100988036e-15,0.00611760697386691,0.03259533468694232,,,,0.043705918486107366,5.648343831067981e-16,2.4753341982705183e-17,0.9990444397969921,1.4678425719303263,-4.64482763848796e-15,1.8200680871022322e-15,0.0,0.0,-6.0822,,,,0.0,0.0,6.099730219932939,,,,,,,1290.0,1290.0,1290.0,1290.0,12677.82732181912,12677.82732181912,12677.82732181912,12677.82732181912,1.5249325549832347,1.5249325549832347,1.5249325549832347,1.5249325549832347,,,,
0.8041666666666667,1.0167945042373248,0.03255635334657516,,,6.099702970970032,12677.799004334594,24.980270959615375,1290.0,1750.0,22.200000000000003,6.0822,0.09377683478240667,1.1021729412321504e-15,1.0478227719555157e-16,1.5209147374942544,-5.6675572956627274e-15,,0.00016961513728225297,-2.7755575615628914e-17,0.0,11.605799999999999,0.9979954369658104,,,,,,,1.3748661613548004e-16,0.006935418159512248,1.0167945042373248,1.7684480480406968e-15,0.002537790104753818,0.03255635334657516,,,,0.046871238397032035,5.529364308125255e-16,2.6503452227190988e-17,0.9989009395386154,1.5209147374942544,-5.6675572956627274e-15,1.948746847462601e-15,0.0,0.0,-6.0822,,,,0.0,0.0,6.099702970970032,,,,,,,1290.0,1290.0,1290.0,1290.0,12677.799004334594,12677.799004334594,12677.799004334594,12677.799004334594,1.524925742742508,1.524925742742508,1.524925742742508,1.524925742742508,,,,
0.8083333333333333,1.0169298945875271,0.032493684048593735,,,6.099675722103952,12677.770686887441,24.980215162499988,1290.0,1750.0,22.200000000000003,6.0822,0.10033544843394841,1.0733561208306436e-15,1.1071162031320747e-16,1.5740672763700232,-6.7456021159299165e-15,,0.0001693426464271508,-2.7755575615628914e-17,0.0,11.605799999999999,0.9979851041666651,,,,,,,1.4504425156220574e-16,0.00692999849382874,1.0169298945875271,1.81383250241417e-15,-0.0013007197640418815,0.032493684048593735,,,,0.05014668317227814,5.387787565021179e-16,2.837354033738651e-17,0.9987418636298466,1.5740672763700232,-6.7456021159299165e-15,2.0865394047490656e-15,0.0,0.0,-6.0822,,,,0.0,0.0,6.099675722103952,,,,,,,1290.0,1290.0,1290.0,1290.0,12677.770686887441,12677.770686887441,12677.770686887441,12677.770686887441,1.524918930525988,1.524918930525988,1.524918930525988,1.524918930525988,,,,
0.8125,1.017064914502731,0.03240477964891613,,,6.099648473331701,12677.742369474545,24.98015936538461,1290.0,1750.0,22.200000000000003,6.0822,0.10711535624995216,1.0398787265618676e-15,1.165856020259954e-16,1.627177875840894,-7.845441159178852e-15,,0.00016888881922461074,0.0,0.0,11.605799999999999,0.9979747713675198,,,,,,,1.5278618947249954e-16,0.006907470164149909,1.017064914502731,1.8580650984705158e-15,-0.005406799122919421,0.03240477964891613,,,,0.053532077434138625,5.223143727466539e-16,3.037578247869959e-17,0.9985661303517086,1.627177875840894,-7.845441159178852e-15,2.23407882423402e-15,0.0,0.0,-6.0822,,,,0.0,0.0,6.099648473331701,,,,,,,1290.0,1290.0,1290.0,1290.0,12677.742369474545,12677.742369474545,12677.742369474545,12677.742369474545,1.5249121183329253,1.5249121183329253,1.5249121183329253,1.5249121183329253,,,,
0.8166666666666667,1.01719944332416,0.032286917142969024,,,6.099621224650531,12677.714052093052,24.98010356826922,1290.0,1750.0,22.200000000000003,6.0822,0.11411583839020105,1.001494626276749e-15,1.2235045972734768e-16,1.6801157136597153,-9.003168576270491e-15,,0.00016825414164434171,0.0,0.0,11.605799999999999,0.9979644385683745,,,,,,,1.6070684994689438e-16,0.00686668146255897,1.01719944332416,1.9009585138547604e-15,-0.009789288381825238,0.032286917142969024,,,,0.057026964548965116,5.03421053906682e-16,3.251957637578047e-17,0.9983726385044469,1.6801157136597153,-9.003168576270491e-15,2.3920492783604347e-15,0.0,0.0,-6.0822,,,,0.0,0.0,6.099621224650531,,,,,,,1290.0,1290.0,1290.0,1290.0,12677.714052093052,12677.714052093052,12677.714052093052,12677.714052093052,1.5249053061626328,1.5249053061626328,1.5249053061626328,1.5249053061626328,,,,
0.8208333333333333,1.0173333483022236,0.032137194735261575,,,6.099593976057925,12677.685734740346,24.98004777115384,1290.0,1750.0,22.200000000000003,6.0822,0.12133559329486626,9.579527786031498e-16,1.2794660127824387e-16,1.732741177119669,-1.0219984490000749e-14,,0.00016743929331486385,0.0,0.0,11.605799999999999,0.9979541057692292,,,,,,,1.687998322514922e-16,0.006806444101366237,1.0173333483022236,1.942315753103477e-15,-0.014456966686256026,0.032137194735261575,,,,0.060630588033389665,4.819739426297464e-16,3.4814987131624773e-17,0.9981602736007507,1.732741177119669,-1.0219984490000749e-14,2.5611823127966262e-15,0.0,0.0,-6.0822,,,,0.0,0.0,6.099593976057925,,,,,,,1290.0,1290.0,1290.0,1290.0,12677.685734740346,12677.685734740346,12677.685734740346,12677.685734740346,1.5248984940144812,1.5248984940144812,1.5248984940144812,1.5248984940144812,,,,
0.825,1.017466483843709,0.03195252995653419,,,6.099566727551573,12677.657417414026,24.97999197403845,1290.0,1750.0,22.200000000000003,6.0822,0.12877269989516896,9.08997569300483e-16,1.3330842164158065e-16,1.7849055840726382,-1.1497020655938606e-14,,0.00016644514679609035,0.0,0.0,11.605799999999999,0.9979437729700839,,,,,,,1.7705787386537833e-16,0.006725533579933843,1.017466483843709,1.9819299873326714e-15,-0.019418525143774526,0.03195252995653419,,,,0.06434187247038974,4.5784568124797265e-16,3.727279478746836e-17,0.9979279149552858,1.7849055840726382,-1.1497020655938606e-14,2.7422600447481507e-15,0.0,0.0,-6.0822,,,,0.0,0.0,6.099566727551573,,,,,,,1290.0,1290.0,1290.0,1290.0,12677.657417414026,12677.657417414026,12677.657417414026,12677.657417414026,1.5248916818878933,1.5248916818878933,1.5248916818878933,1.5248916818878933,,,,
0.8291666666666666,1.0175986907561114,0.03172965897657396,,,6.099539479129359,12677.629100111895,24.979936176923065,1290.0,1750.0,22.200000000000003,6.0822,0.13642457867327926,8.543691836071502e-16,1.3836415859274012e-16,1.8364509067464823,-1.2835331832036457e-14,,0.00016527276664524138,0.0,0.0,11.605799999999999,0.9979334401709385,,,,,,,1.8547280891164206e-16,0.006622689669751539,1.0175986907561114,2.0195844111032977e-15,-0.02468253844375297,0.03172965897657396,,,,0.06815940396155648,4.309065592829618e-16,3.990454531849238e-17,0.9976744437197965,1.8364509067464823,-1.2835331832036457e-14,2.9361185667245114e-15,0.0,0.0,-6.0822,,,,0.0,0.0,6.099539479129359,,,,,,,1290.0,1290.0,1290.0,1290.0,12677.629100111895,12677.629100111895,12677.629100111895,12677.629100111895,1.5248848697823398,1.5248848697823398,1.5248848697823398,1.5248848697823398,,,,
0.8333333333333334,1.017729795494729,0.031465137268254194,,,6.099512230789347,12677.600782831938,24.979880379807682,1290.0,1750.0,22.200000000000003,6.0822,0.14428795158687766,7.938040147616093e-16,1.430357949865232e-16,1.8872094992635995,-1.4235886644364673e-14,,0.0001639234082762009,0.0,0.0,11.605799999999999,0.9979231073717932,,,,,,,1.9403552607055528e-16,0.006496617024500362,1.017729795494729,2.055052118139171e-15,-0.030257434860282352,0.031465137268254194,,,,0.07208141014559735,4.010246776941102e-16,4.272260531737245e-17,0.9973987519098979,1.8872094992635995,-1.4235886644364673e-14,3.1436515679732308e-15,0.0,0.0,-6.0822,,,,0.0,0.0,6.099512230789347,,,,,,,1290.0,1290.0,1290.0,1290.0,12677.600782831938,12677.600782831938,12677.600782831938,12677.600782831938,1.5248780576973366,1.5248780576973366,1.5248780576973366,1.5248780576973366,,,,
0.8375,1.017859609418834,0.031155341785137416,,,6.099484982529753,12677.572465572304,24.979824582692295,1290.0,1750.0,22.200000000000003,6.0822,0.1523588008777718,7.270351085130773e-16,1.4723901567008373e-16,1.9370038298145933,-1.5699557931680754e-14,,0.00016239851661581373,0.0,0.0,11.605799999999999,0.9979127745726479,,,,,,,2.0273592606046762e-16,0.006345985921849803,1.017859609418834,2.088095997578962e-15,-0.03615146463613408,0.031155341785137416,,,,0.07610573981676497,3.680661304748237e-16,4.574022063588401e-17,0.997099752465591,1.9370038298145933,-1.5699557931680754e-14,3.3658141864939533e-15,0.0,0.0,-6.0822,,,,0.0,0.0,6.099484982529753,,,,,,,1290.0,1290.0,1290.0,1290.0,12677.572465572304,12677.572465572304,12677.572465572304,12677.572465572304,1.5248712456324383,1.5248712456324383,1.5248712456324383,1.5248712456324383,,,,
0.8416666666666667,1.017987928063921,0.030796474820901247,,,6.099457734348951,12677.544148331302,24.979768785576915,1290.0,1750.0,22.200000000000003,6.0822,0.16063232678815656,6.539360097846964e-16,1.5090584897594771e-16,1.985646218492343,-1.7192278747008903e-14,,0.00016069972455606818,2.7755575615628914e-17,0.0,11.605799999999999,0.9979024417735026,,,,,,,2.1156287877893976e-16,0.006169433143706884,1.017987928063921,2.1184686524333122e-15,-0.042372666754300625,0.030796474820901247,,,,0.08022984218050186,3.319675639108449e-16,4.897710228432889e-17,0.9967763903823624,1.985646218492343,-1.7192278747008903e-14,3.6036271053021324e-15,0.0,0.0,-6.0822,,,,0.0,0.0,6.099457734348951,,,,,,,1290.0,1290.0,1290.0,1290.0,12677.544148331302,12677.544148331302,12677.544148331302,12677.544148331302,1.5248644335872377,1.5248644335872377,1.5248644335872377,1.5248644335872377,,,,
0.8458333333333333,1.01811453043777,0.030384569723711494,,,6.099430486245445,12677.51583110738,24.97971298846153,1290.0,1750.0,22.200000000000003,6.0822,0.16910290421250265,5.742341505728802e-16,1.5394194078006036e-16,2.032938581843071,-1.8749532994888978e-14,,0.00015882885120627188,2.7755575615628914e-17,0.0,11.605799999999999,0.9978921089743573,,,,,,,2.205042049925184e-16,0.005965563001569719,1.01811453043777,2.1459182912588763e-15,-0.048928834112919505,0.030384569723711494,,,,0.0844507457870482,2.9259164987526708e-16,5.244875238832003e-17,0.996427654943404,2.032938581843071,-1.8749532994888978e-14,3.858186910700633e-15,0.0,0.0,-6.0822,,,,0.0,0.0,6.099430486245445,,,,,,,1290.0,1290.0,1290.0,1290.0,12677.51583110738,12677.51583110738,12677.51583110738,12677.51583110738,1.5248576215613612,1.5248576215613612,1.5248576215613612,1.5248576215613612,,,,
0.85,1.0182391783487794,0.02991549864227255,,,6.0994032382178665,12677.487513899112,24.979657191346142,1290.0,1750.0,22.200000000000003,6.0822,0.17776403831767673,4.873691809852163e-16,1.5619693540756808e-16,2.0786721852417807,-2.044151046105681e-14,,0.00015678789994438835,-2.7755575615628914e-17,0.0,11.605799999999999,0.997881776175212,,,,,,,2.2954663310095263e-16,0.00573294851353129,1.0182391783487794,2.170182746024213e-15,-0.05582747712922295,0.02991549864227255,,,,0.08876503718700215,2.4965508164277123e-16,5.615950953463143e-17,0.9960525930758828,2.0786721852417807,-2.044151046105681e-14,4.130664150573547e-15,0.0,0.0,-6.0822,,,,0.0,0.0,6.0994032382178665,,,,,,,1290.0,1290.0,1290.0,1290.0,12677.487513899112,12677.487513899112,12677.487513899112,12677.487513899112,1.5248508095544666,1.5248508095544666,1.5248508095544666,1.5248508095544666,,,,
0.8541666666666666,1.0183616157757895,0.029384982482411046,,,6.09937599026496,12677.459196705195,24.979601394230762,1290.0,1750.0,22.200000000000003,6.0822,0.18660831916871592,3.9335177912664686e-16,1.5761246675223523e-16,2.122627404249401,-2.212925851945017e-14,,0.00015457905627208612,2.7755575615628914e-17,0.0,11.605799999999999,0.9978714433760667,,,,,,,2.386757062995911e-16,0.0054701327393294145,1.0183616157757895,2.190977567673236e-15,-0.06307578580845027,0.029384982482411046,,,,0.09316883935575779,2.031626984339225e-16,6.013938742207782e-17,0.9956503238452248,2.122627404249401,-2.212925851945017e-14,4.422296963806312e-15,0.0,0.0,-6.0822,,,,0.0,0.0,6.09937599026496,,,,,,,1290.0,1290.0,1290.0,1290.0,12677.459196705195,12677.459196705195,12677.459196705195,12677.459196705195,1.52484399756624,1.52484399756624,1.52484399756624,1.52484399756624,,,,
0.8583333333333333,1.0184815682893456,0.028788603253466792,,,6.0993487423855735,12677.430879524432,24.979545597115376,1290.0,1750.0,22.200000000000003,6.0822,0.19562737540270678,2.919056011605341e-16,1.5807724841865966e-16,2.1645734961578147,-2.388267510773386e-14,,0.00015220468547455512,2.7755575615628914e-17,0.0,11.605799999999999,0.9978611105769214,,,,,,,2.4787578899464614e-16,0.005175630279644921,1.0184815682893456,2.2080198468132062e-15,-0.07068059032427856,0.028788603253466792,,,,0.09765778993627508,1.5297389144810364e-16,6.44073959212035e-17,0.9952200540909344,2.1645734961578147,-2.388267510773386e-14,4.734419444324292e-15,0.0,0.0,-6.0822,,,,0.0,0.0,6.0993487423855735,,,,,,,1290.0,1290.0,1290.0,1290.0,12677.430879524432,12677.430879524432,12677.430879524432,12677.430879524432,1.5248371855963934,1.5248371855963934,1.5248371855963934,1.5248371855963934,,,,
0.8624999999999999,1.0185987425351049,0.02812181898223549,,,6.099321494578654,12677.40256235573,24.979489799999993,1290.0,1750.0,22.200000000000003,6.0822,0.20481182699844128,1.8275425385845017e-16,1.574751929934409e-16,2.2042683829762684,-2.5701825288125327e-14,,0.00014966733008753286,2.7755575615628914e-17,0.0,11.605799999999999,0.9978507777777761,,,,,,,2.5713002385717513e-16,0.004847928945611151,1.0185987425351049,2.22101636700696e-15,-0.07864832016810484,0.02812181898223549,,,,0.10222701935165307,9.894752066070366e-17,6.898388640124373e-17,0.9947610951954629,2.2042683829762684,-2.5701825288125327e-14,5.068455042053112e-15,0.0,0.0,-6.0822,,,,0.0,0.0,6.099321494578654,,,,,,,1290.0,1290.0,1290.0,1290.0,12677.40256235573,12677.40256235573,12677.40256235573,12677.40256235573,1.5248303736446636,1.5248303736446636,1.5248303736446636,1.5248303736446636,,,,
0.8666666666666667,1.018712825790807,0.02737998136848473,,,6.0992942468432325,12677.37424519808,24.979434002884606,1290.0,1750.0,22.200000000000003,6.0822,0.21415123719493384,6.562194343987457e-17,1.5568601576099235e-16,2.2414584471582097,-2.7586595301593347e-14,,0.00014696970717459346,2.7755575615628914e-17,0.0,11.605799999999999,0.9978404449786308,,,,,,,2.664202892214461e-16,0.004485491604214273,1.018712825790807,2.229663687425038e-15,-0.0869849619352508,0.02737998136848473,,,,0.10687112884036186,4.09422295037271e-17,7.389064612218283e-17,0.9942728809639669,2.2414584471582097,-2.7586595301593347e-14,5.425922310185104e-15,0.0,0.0,-6.0822,,,,0.0,0.0,6.0992942468432325,,,,,,,1290.0,1290.0,1290.0,1290.0,12677.37424519808,12677.37424519808,12677.37424519808,12677.37424519808,1.5248235617108081,1.5248235617108081,1.5248235617108081,1.5248235617108081,,,,
0.8708333333333333,1.0188234856089315,0.026558356349897914,,,6.0992669991784245,12677.345928050563,24.97937820576922,1290.0,1750.0,22.200000000000003,6.0822,0.22363406361747945,-5.99075359377575e-17,1.5255445947156382e-16,2.2758783414109334,-2.9571512180739506e-14,,0.00014411470541819682,0.0,0.0,11.605799999999999,0.9978301121794855,,,,,,,2.757271569589714e-16,0.004086758204936671,1.0188234856089315,2.2336482570060715e-15,-0.09569601582662446,0.026558356349897914,,,,0.11158416846762136,-2.125537503277382e-17,7.914324370352035e-17,0.9937549865773703,2.2758783414109334,-2.9571512180739506e-14,5.808441013787771e-15,0.0,0.0,-6.0822,,,,0.0,0.0,6.0992669991784245,,,,,,,1290.0,1290.0,1290.0,1290.0,12677.345928050563,12677.345928050563,12677.345928050563,12677.345928050563,1.5248167497946061,1.5248167497946061,1.5248167497946061,1.5248167497946061,,,,
0.875,1.0189303695578291,0.025652147735436642,,,6.099239751583416,12677.317610912334,24.979322408653836,1290.0,1750.0,22.200000000000003,6.0822,0.23324760867569297,-1.9396478255047734e-16,1.479843705392747e-16,2.307250813971289,-3.15863937147632e-14,,0.00014110538202544154,2.7755575615628914e-17,0.0,11.605799999999999,0.9978197793803402,,,,,,,2.850298261740423e-16,0.003650147992627139,1.0189303695578291,2.2326406116170156e-15,-0.10478645095428764,0.025652147735436642,,,,0.11635961516616046,-8.771390209610757e-17,8.477440107434723e-17,0.9932071485638749,2.307250813971289,-3.15863937147632e-14,6.217734646356643e-15,0.0,0.0,-6.0822,,,,0.0,0.0,6.099239751583416,,,,,,,1290.0,1290.0,1290.0,1290.0,12677.317610912334,12677.317610912334,12677.317610912334,12677.317610912334,1.524809937895854,1.524809937895854,1.524809937895854,1.524809937895854,,,,
0.8791666666666667,1.0190331050747221,0.024656524054300407,,,6.099212504057462,12677.28929378262,24.97926661153845,1290.0,1750.0,22.200000000000003,6.0822,0.24297796930389623,-3.3696078043035288e-16,1.4181367768435737e-16,2.335286550768744,-3.370016940476562e-14,,0.00013794495945529395,0.0,0.0,11.605799999999999,0.9978094465811949,,,,,,,2.943061072234433e-16,0.003174061911175335,1.0190331050747221,2.2263074518562407e-15,-0.11426065954843304,0.024656524054300407,,,,0.12119035085832149,-1.586453447187171e-16,9.080240239513623e-17,0.9926292857148821,2.335286550768744,-3.370016940476562e-14,6.655646097820248e-15,0.0,0.0,-6.0822,,,,0.0,0.0,6.099212504057462,,,,,,,1290.0,1290.0,1290.0,1290.0,12677.28929378262,12677.28929378262,12677.28929378262,12677.28929378262,1.5248031260143655,1.5248031260143655,1.5248031260143655,1.5248031260143655,,,,
0.8833333333333333,1.0191312994445247,0.023566648752654816,,,6.099185256599882,12677.260976660711,24.97921081442307,1290.0,1750.0,22.200000000000003,6.0822,0.25280998612027966,-4.891614700700848e-16,1.3391150744082682e-16,2.3596840359320446,-3.587702766795318e-14,,0.00013463682196745985,0.0,0.0,11.605799999999999,0.9977991137820496,,,,,,,3.0353235704141237e-16,0.0026568852021290126,1.0191312994445247,2.214299956312573e-15,-0.12412241017111737,0.023566648752654816,,,,0.12606864070905005,-2.3418833188091904e-16,9.725550944487831e-17,0.9920215208501136,2.3596840359320446,-3.587702766795318e-14,7.124137188713984e-15,0.0,0.0,-6.0822,,,,0.0,0.0,6.099185256599882,,,,,,,1290.0,1290.0,1290.0,1290.0,12677.260976660711,12677.260976660711,12677.260976660711,12677.260976660711,1.5247963141499705,1.5247963141499705,1.5247963141499705,1.5247963141499705,,,,
0.8875,1.0192245399189075,0.02237771385185757,,,6.099158009210048,12677.232659545956,24.979155017307683,1290.0,1750.0,22.200000000000003,6.0822,0.26272719208747686,-6.506884013483827e-16,1.2418510572546883e-16,2.38012943212731,-3.808090026905348e-14,,0.00013118451199839454,2.7755575615628914e-17,0.0,11.605799999999999,0.9977887809829042,,,,,,,3.126834402720402e-16,0.0020969902019276026,1.0192245399189075,2.1962599753506798e-15,-0.13437480004833843,0.02237771385185757,,,,0.13098611155560896,-3.1440783913199974e-16,1.0417314781500334e-16,0.9913842033134992,2.38012943212731,-3.808090026905348e-14,7.625301034290018e-15,0.0,0.0,-6.0822,,,,0.0,0.0,6.099158009210048,,,,,,,1290.0,1290.0,1290.0,1290.0,12677.232659545956,12677.232659545956,12677.232659545956,12677.232659545956,1.524789502302512,1.524789502302512,1.524789502302512,1.524789502302512,,,,
0.8916666666666666,1.0193123939904067,0.021084977159805895,,,6.099130761887387,12677.204342437759,24.979099220192296,1290.0,1750.0,22.200000000000003,6.0822,0.2727117607634912,-8.219394786746107e-16,1.1247188546918714e-16,2.39629648224344,-4.0379946050866525e-14,,0.00012759172636800375,0.0,0.0,11.605799999999999,0.9977784481837589,,,,,,,3.217327163414556e-16,0.0014927393409431985,1.0193123939904067,2.1718262566596915e-15,-0.145020206636257,0.021084977159805895,,,,0.1359337305547336,-3.9951072880670527e-16,1.1157860670646698e-16,0.9907179320560787,2.39629648224344,-4.0379946050866525e-14,8.161372591882958e-15,0.0,0.0,-6.0822,,,,0.0,0.0,6.099130761887387,,,,,,,1290.0,1290.0,1290.0,1290.0,12677.204342437759,12677.204342437759,12677.204342437759,12677.204342437759,1.5247826904718467,1.5247826904718467,1.5247826904718467,1.5247826904718467,,,,
0.8958333333333334,1.0193944098366612,0.019683803101044856,,,6.099103514631372,12677.176025335573,24.979043423076916,1290.0,1750.0,22.200000000000003,6.0822,0.28274445423834577,-1.003166540522135e-15,9.864948902934435e-17,2.407846433965084,-4.273752997202517e-14,,0.00012386231232131006,0.0,0.0,11.605799999999999,0.9977681153846136,,,,,,,3.3065197823290567e-16,0.0008424883470303276,1.0193944098366612,2.1406228539480086e-15,-0.156060238539089,0.019683803101044856,,,,0.1409017840813107,-4.89629319956483e-16,1.195066377494436e-16,0.9900235791347112,2.407846433965084,-4.273752997202517e-14,8.734732498895864e-15,0.0,0.0,-6.0822,,,,0.0,0.0,6.099103514631372,,,,,,,1290.0,1290.0,1290.0,1290.0,12677.176025335573,12677.176025335573,12677.176025335573,12677.176025335573,1.524775878657843,1.524775878657843,1.524775878657843,1.524775878657843,,,,
0.9,1.0194701169499996,0.018169707201214753,,,6.099076267441521,12677.1477082389,24.97898762596153,1290.0,1750.0,22.200000000000003,6.0822,0.29280457085832085,-1.1947546110170045e-15,8.25610742256774e-17,2.4144279887940447,-4.518637318330677e-14,,0.00012000026340802661,-2.7755575615628914e-17,0.0,11.605799999999999,0.9977577825854683,,,,,,,3.3941141745369107e-16,0.0001445896558014098,1.0194701169499996,2.1022654129884944e-15,-0.16749568589494027,0.018169707201214753,,,,0.14587985690439237,-5.849647514806488e-16,1.2798424671070092e-16,0.9893023134257567,2.4144279887940447,-4.518637318330677e-14,9.347919795161722e-15,0.0,0.0,-6.0822,,,,0.0,0.0,6.099076267441521,,,,,,,1290.0,1290.0,1290.0,1290.0,12677.1477082389,12677.1477082389,12677.1477082389,12677.1477082389,1.5247690668603802,1.5247690668603802,1.5247690668603802,1.5247690668603802,,,,
0.9041666666666667,1.0195390269676126,0.01653840422709586,,,6.099049020317395,12677.119391147276,24.978931828846147,1290.0,1750.0,22.200000000000003,6.0822,0.3028698928462246,-1.3968033697960821e-15,6.413983106935077e-17,2.415677277096909,-4.765436440790513e-14,,0.00011600971520708825,0.0,0.0,11.605799999999999,0.997747449786323,,,,,,,3.4797956573405057e-16,-0.0006026039706198895,1.0195390269676126,2.056355587286277e-15,-0.17932647034111185,0.01653840422709586,,,,0.15085681165639353,-6.855709484336358e-16,1.3706154681247744e-16,0.9885556243210938,2.415677277096909,-4.765436440790513e-14,1.0003642043393559e-14,0.0,0.0,-6.0822,,,,0.0,0.0,6.099049020317395,,,,,,,1290.0,1290.0,1290.0,1290.0,12677.119391147276,12677.119391147276,12677.119391147276,12677.119391147276,1.5247622550793487,1.5247622550793487,1.5247622550793487,1.5247622550793487,,,,
0.9083333333333333,1.0196006347173825,0.014785859944768297,,,6.099021773258585,12677.091074060283,24.97887603173076,1290.0,1750.0,22.200000000000003,6.0822,0.3129166339327668,-1.6095449404752152e-15,4.329079993234193e-17,2.411217860770093,-5.017354236994486e-14,,0.0001118949408973613,0.0,0.0,11.605799999999999,0.9977371169871777,,,,,,,3.563232879286916e-16,-0.001400735615043401,1.0196006347173825,2.0024933267138545e-15,-0.19155159466164273,0.014785859944768297,,,,0.15582076859960106,-7.915696494133209e-16,1.467812737364976e-16,0.9877853451398384,2.411217860770093,-5.017354236994486e-14,1.0704787952510015e-14,0.0,0.0,-6.0822,,,,0.0,0.0,6.099021773258585,,,,,,,1290.0,1290.0,1290.0,1290.0,12677.091074060283,12677.091074060283,12677.091074060283,12677.091074060283,1.5247554433146462,1.5247554433146462,1.5247554433146462,1.5247554433146462,,,,
0.9125,1.0196544194941122,0.01290834641509993,,,6.098994526264722,12677.062756977535,24.978820234615373,1290.0,1750.0,22.200000000000003,6.0822,0.3229193871207817,-1.8332037943008353e-15,1.993352341613949e-17,2.4006607651235887,-5.2740739784205494e-14,,0.0001076603466823034,0.0,0.0,11.605799999999999,0.9977267841880324,,,,,,,3.644077518505089e-16,-0.0022514401659039975,1.0196544194941122,1.9402713412361447e-15,-0.20416909220654322,0.01290834641509993,,,,0.16075908568064698,-9.030780283545551e-16,1.571892136946425e-16,0.9869936759529527,2.4006607651235887,-5.2740739784205494e-14,1.145443759309369e-14,0.0,0.0,-6.0822,,,,0.0,0.0,6.098994526264722,,,,,,,1290.0,1290.0,1290.0,1290.0,12677.062756977535,12677.062756977535,12677.062756977535,12677.062756977535,1.5247486315661805,1.5247486315661805,1.5247486315661805,1.5247486315661805,,,,
0.9166666666666666,1.0196998465803528,0.010902500697776898,,,6.098967279335466,12677.034439898678,24.97876443749999,1290.0,1750.0,22.200000000000003,6.0822,0.3328510727107482,-2.0679962748608496e-15,-5.994816735934468e-18,2.383604541591975,-5.5352395840212995e-14,,0.00010331046707134917,0.0,0.0,11.605799999999999,0.9977164513888871,,,,,,,3.721963999052989e-16,-0.0031563400665447607,1.0196998465803528,1.86927553314961e-15,-0.21717597615378312,0.010902500697776898,,,,0.16565833884839554,-1.0202081433221451e-15,1.6833442002660595e-16,0.9861832054795854,2.383604541591975,-5.5352395840212995e-14,1.2255874857150176e-14,0.0,0.0,-6.0822,,,,0.0,0.0,6.098967279335466,,,,,,,1290.0,1290.0,1290.0,1290.0,12677.034439898678,12677.034439898678,12677.034439898678,12677.034439898678,1.5247418198338665,1.5247418198338665,1.5247418198338665,1.5247418198338665,,,,
0.9208333333333333,1.019736369025279,0.00876538678228574,,,6.098940032470503,12677.006122823388,24.978708640384603,1290.0,1750.0,22.200000000000003,6.0822,0.3426828867227744,-2.314130165855658e-15,-3.453597397658906e-17,2.3596353628862596,-5.800453438840821e-14,,9.884996002462731e-05,0.0,0.0,11.605799999999999,0.9977061185897418,,,,,,,3.796509225935122e-16,-0.004117040852632789,1.019736369025279,1.7890854451711916e-15,-0.2305681886611268,0.00876538678228574,,,,0.1705043025938534,-1.1430663659389304e-15,1.8026944434534514e-16,0.9853569316734843,2.3596353628862596,-5.800453438840821e-14,1.3112600777879166e-14,0.0,0.0,-6.0822,,,,0.0,0.0,6.098940032470503,,,,,,,1290.0,1290.0,1290.0,1290.0,12677.006122823388,12677.006122823388,12677.006122823388,12677.006122823388,1.5247350081176259,1.5247350081176259,1.5247350081176259,1.5247350081176259,,,,
0.9249999999999999,1.019763429694056,0.006494560506532099,,,6.098912785669549,12676.977805751367,24.978652843269217,1290.0,1750.0,22.200000000000003,6.0822,0.35238424985695604,-2.571667836816396e-15,-6.565748109459679e-17,2.3283271522036313,-6.065790788545778e-14,,9.428360196489516e-05,2.7755575615628914e-17,0.0,11.605799999999999,0.9976957857905965,,,,,,,3.867312339281696e-16,-0.005135126477319812,1.019763429694056,1.6992747203177794e-15,-0.24434054992488574,0.006494560506532099,,,,0.1752819306523977,-1.271681283480541e-15,1.9306295651985062e-16,0.9845182805752101,2.3283271522036313,-6.065790788545778e-14,1.4028347785959275e-14,0.0,0.0,-6.0822,,,,0.0,0.0,6.098912785669549,,,,,,,1290.0,1290.0,1290.0,1290.0,12676.977805751367,12676.977805751367,12676.977805751367,12676.977805751367,1.5247281964173873,1.5247281964173873,1.5247281964173873,1.5247281964173873,,,,
0.9291666666666667,1.0197804635988936,0.004088137161027957,,,6.098885538932339,12676.949488682341,24.978597046153837,1290.0,1750.0,22.200000000000003,6.0822,0.3619227571407692,-2.841071733424117e-15,-9.944636615275471e-17,2.2892417481151623,-6.341214382869982e-14,,8.961628266251909e-05,-2.7755575615628914e-17,0.0,11.605799999999999,0.9976854529914512,,,,,,,3.933954735863292e-16,-0.006212154423678888,1.0197804635988936,1.5994175179583013e-15,-0.25848670712617816,0.004088137161027957,,,,0.17997533678905536,-1.4062890578356477e-15,2.0675016169849198e-16,0.9836711229611583,2.2892417481151623,-6.341214382869982e-14,1.50070899914184e-14,0.0,0.0,-6.0822,,,,0.0,0.0,6.098885538932339,,,,,,,1290.0,1290.0,1290.0,1290.0,12676.949488682341,12676.949488682341,12676.949488682341,12676.949488682341,1.5247213847330847,1.5247213847330847,1.5247213847330847,1.5247213847330847,,,,
0.9333333333333333,1.0197869005214297,0.0015448614086711176,,,6.098858292258636,12676.921171616064,24.97854124903845,1290.0,1750.0,22.200000000000003,6.0822,0.3712641284189155,-3.1222497876228985e-15,-1.3575615681480785e-16,2.2419291067550975,-6.612255017662538e-14,,8.485299999999585e-05,2.7755575615628914e-17,0.0,11.605799999999999,0.9976751201923059,,,,,,,3.9959993665566224e-16,-0.007349650603687268,1.0197869005214297,1.4890711366399307e-15,-0.27299908320201116,0.0015448614086711176,,,,0.18456777556708193,-1.5468325435458813e-15,2.2142143038439074e-16,0.9828197882736281,2.2419291067550975,-6.612255017662538e-14,1.6053073582914987e-14,0.0,0.0,-6.0822,,,,0.0,0.0,6.098858292258636,,,,,,,1290.0,1290.0,1290.0,1290.0,12676.921171616064,12676.921171616064,12676.921171616064,12676.921171616064,1.524714573064659,1.524714573064659,1.524714573064659,1.524714573064659,,,,
0.9375,1.0197821679342502,-0.0011358209230764135,,,6.098831045648217,12676.892854552305,24.97848545192307,1290.0,1750.0,22.200000000000003,6.0822,0.38037215984783607,-3.415642924298847e-15,-1.7460807889264187e-16,2.185927542940932,-6.892259914419832e-14,,7.99988546197894e-05,-2.7755575615628914e-17,0.0,11.605799999999999,0.9976647873931606,,,,,,,4.052991044780287e-16,-0.008549104042554798,1.0197821679342502,1.3678002773679482e-15,-0.2878688253282072,-0.0011358209230764135,,,,0.18904162297911453,-1.6935319592181747e-15,2.3711947408108304e-16,0.981969075267354,2.185927542940932,-6.892259914419832e-14,1.7170814292862998e-14,0.0,0.0,-6.0822,,,,0.0,0.0,6.098831045648217,,,,,,,1290.0,1290.0,1290.0,1290.0,12676.892854552305,12676.892854552305,12676.892854552305,12676.892854552305,1.5247077614120543,1.5247077614120543,1.5247077614120543,1.5247077614120543,,,,
0.9416666666666667,1.019765694227169,-0.003953689699529146,,,6.098803799100882,12676.864537490854,24.978429654807684,1290.0,1750.0,22.200000000000003,6.0822,0.3892086765639305,-3.721409847647473e-15,-2.1587891770691725e-16,2.1207640118626636,-7.173623097673747e-14,,7.505904446231115e-05,-2.7755575615628914e-17,0.0,11.605799999999999,0.9976544545940152,,,,,,,4.1044557826089337e-16,-0.009811961346487225,1.019765694227169,1.2351537078875223e-15,-0.30308575294378226,-0.003953689699529146,,,,0.1933783567992412,-1.8464558943390896e-15,2.539180390990517e-16,0.9811242587570779,2.1207640118626636,-7.173623097673747e-14,1.8365140727457896e-14,0.0,0.0,-6.0822,,,,0.0,0.0,6.098803799100882,,,,,,,1290.0,1290.0,1290.0,1290.0,12676.864537490854,12676.864537490854,12676.864537490854,12676.864537490854,1.5247009497752204,1.5247009497752204,1.5247009497752204,1.5247009497752204,,,,
0.9458333333333333,1.0197369122413686,-0.00690767659205431,,,6.098776552616445,12676.83622043152,24.978373857692297,1290.0,1750.0,22.200000000000003,6.0822,0.39773348670140635,-4.039430571781647e-15,-2.592858521401543e-16,2.0459544329941837,-7.448683340573495e-14,,7.003885919992792e-05,2.7755575615628914e-17,0.0,11.605799999999999,0.9976441217948699,,,,,,,4.1499006412819935e-16,-0.011139620950995209,1.0197369122413686,1.0906766081534358e-15,-0.31863830508191615,-0.00690767659205431,,,,0.19755853649412186,-2.0055209694680247e-15,2.719241904742889e-16,0.9802910917978908,2.0459544329941837,-7.448683340573495e-14,1.9641205133283098e-14,0.0,0.0,-6.0822,,,,0.0,0.0,6.098776552616445,,,,,,,1290.0,1290.0,1290.0,1290.0,12676.83622043152,12676.83622043152,12676.83622043152,12676.83622043152,1.5246941381541113,1.5246941381541113,1.5246941381541113,1.5246941381541113,,,,
0.95,1.0196952631116005,-0.009995791144326267,,,6.098749306194738,12676.807903374125,24.978318060576914,1290.0,1750.0,22.200000000000003,6.0822,0.4059043369426638,-4.3698440639069655e-15,-3.0459896106512073e-16,1.9610040579018517,-7.723655390420176e-14,,6.494367457293704e-05,2.7755575615628914e-17,0.0,11.605799999999999,0.9976337889957246,,,,,,,4.1888140953598847e-16,-0.012533427145584329,1.0196952631116005,9.339228978693873e-16,-0.334513486701389,-0.009995791144326267,,,,0.20156178251262866,-2.1707760155837642e-15,2.91223123485243e-16,0.9794758025751998,1.9610040579018517,-7.723655390420176e-14,2.1004484124220484e-14,0.0,0.0,-6.0822,,,,0.0,0.0,6.098749306194738,,,,,,,1290.0,1290.0,1290.0,1290.0,12676.807903374125,12676.807903374125,12676.807903374125,12676.807903374125,1.5246873265486844,1.5246873265486844,1.5246873265486844,1.5246873265486844,,,,
0.9541666666666666,1.0196402004133263,-0.013215047585826969,,,6.098722059835603,12676.77958631851,24.978262263461527,1290.0,1750.0,22.200000000000003,6.0822,0.41367686979123514,-4.712777681109022e-15,-3.515287228018134e-16,1.865407883657072,-7.997727475009444e-14,,5.977894663250494e-05,2.7755575615628914e-17,0.0,11.605799999999999,0.9976234561965793,,,,,,,4.2206659181031256e-16,-0.013994663869062621,1.0196402004133263,7.644437458377849e-16,-0.35069681363479027,-0.013215047585826969,,,,0.20536675475732788,-2.342258769742517e-15,3.1190597011402606e-16,0.9786850852242736,1.865407883657072,-7.997727475009444e-14,2.2460816579900693e-14,0.0,0.0,-6.0822,,,,0.0,0.0,6.098722059835603,,,,,,,1290.0,1290.0,1290.0,1290.0,12676.77958631851,12676.77958631851,12676.77958631851,12676.77958631851,1.5246805149589007,1.5246805149589007,1.5246805149589007,1.5246805149589007,,,,
0.9583333333333334,1.0195711946079458,-0.01656139329129858,,,6.098694813538897,12676.751269264521,24.97820646634614,1290.0,1750.0,22.200000000000003,6.0822,0.4210045827645839,-5.068479154132623e-15,-3.9977855618553046e-16,1.7586511136037162,-8.273509288218806e-14,,5.4550205898729054e-05,0.0,0.0,11.605799999999999,0.997613123397434,,,,,,,4.2449070827020577e-16,-0.015524548267757211,1.0195711946079458,5.817879503743717e-16,-0.3671722556867014,-0.01656139329129858,,,,0.20895113002865873,-2.520066075398366e-15,3.3405528448441137e-16,0.9779260837403544,1.7586511136037162,-8.273509288218806e-14,2.401642923822461e-14,0.0,0.0,-6.0822,,,,0.0,0.0,6.098694813538897,,,,,,,1290.0,1290.0,1290.0,1290.0,12676.751269264521,12676.751269264521,12676.751269264521,12676.751269264521,1.5246737033847242,1.5246737033847242,1.5246737033847242,1.5246737033847242,,,,
0.9625,1.0194877377750404,-0.020029639897293356,,,6.098667567304492,12676.722952212029,24.978150669230757,1290.0,1750.0,22.200000000000003,6.0822,0.42783878971162576,-5.4371817520654156e-15,-4.489821309792789e-16,1.6402096672900681,-8.550063156902258e-14,,4.9263051438097616e-05,-2.7755575615628914e-17,0.0,11.605799999999999,0.9976027905982887,,,,,,,4.2609694302471953e-16,-0.01712422400662179,1.0194877377750404,3.854963410832977e-16,-0.3839221773274989,-0.020029639897293356,,,,0.21229157822523453,-2.7042818788515695e-15,3.577598488483347e-16,0.9772063680792503,1.6402096672900681,-8.550063156902258e-14,2.5677979606575542e-14,0.0,0.0,-6.0822,,,,0.0,0.0,6.098667567304492,,,,,,,1290.0,1290.0,1290.0,1290.0,12676.722952212029,12676.722952212029,12676.722952212029,12676.722952212029,1.524666891826123,1.524666891826123,1.524666891826123,1.524666891826123,,,,
0.9666666666666667,1.0193893486158387,-0.023613398208395142,,,6.098640321132267,12676.694635160906,24.97809487211537,1290.0,1750.0,22.200000000000003,6.0822,0.43412858446767355,-5.818839521256771e-15,-4.985746523379488e-16,1.509550741451455,-8.819418680887825e-14,,4.392314486811877e-05,0.0,0.0,11.605799999999999,0.9975924577991434,,,,,,,4.2682653509604594e-16,-0.018794754320529655,1.0193893486158387,1.7510209711834327e-16,-0.4009272753378879,-0.023613398208395142,,,,0.21536373708284934,-2.8948344800754223e-15,3.831459871770412e-16,0.9765339014850991,1.509550741451455,-8.819418680887825e-14,2.7452592374640882e-14,0.0,0.0,-6.0822,,,,0.0,0.0,6.098640321132267,,,,,,,1290.0,1290.0,1290.0,1290.0,12676.694635160906,12676.694635160906,12676.694635160906,12676.694635160906,1.5246600802830668,1.5246600802830668,1.5246600802830668,1.5246600802830668,,,,
0.9708333333333333,1.0192755777068498,-0.02730501815732549,,,6.098613075022112,12676.666318111038,24.97803907499999,1290.0,1750.0,22.200000000000003,6.0822,0.4398208070677848,-6.213523308140856e-15,-5.479631132588974e-16,1.3661334240267173,-9.08398780412687e-14,,3.853620429450366e-05,0.0,0.0,11.605799999999999,0.9975821249999981,,,,,,,4.2661879730015016e-16,-0.020537114789978175,1.0192755777068498,-4.985707101498657e-17,-0.41816651266764526,-0.02730501815732549,,,,0.2181421852423208,-3.0917084424726957e-15,4.103325179882475e-16,0.9759169980165859,1.3661334240267173,-9.08398780412687e-14,2.934786258085698e-14,0.0,0.0,-6.0822,,,,0.0,0.0,6.098613075022112,,,,,,,1290.0,1290.0,1290.0,1290.0,12676.666318111038,12676.666318111038,12676.666318111038,12676.666318111038,1.524653268755528,1.524653268755528,1.524653268755528,1.524653268755528,,,,
0.975,1.0191460129767396,-0.031095535226468372,,,6.098585828973927,12676.638001062322,24.977983277884604,1290.0,1750.0,22.200000000000003,6.0822,0.444860012748252,-6.621154862200638e-15,-5.963977450821803e-16,1.2094093633120873,-9.339146306143812e-14,,3.3107998188064425e-05,2.7755575615628914e-17,0.0,11.605799999999999,0.9975717922008528,,,,,,,4.254111113852728e-16,-0.022352185821985334,1.0191460129767396,-2.8984461957056355e-16,-0.4356170476817178,-0.031095535226468372,,,,0.22060041345426087,-3.294801731207465e-15,4.3946222468814523e-16,0.9753642691752703,1.2094093633120873,-9.339146306143812e-14,3.1371905559546917e-14,0.0,0.0,-6.0822,,,,0.0,0.0,6.098585828973927,,,,,,,1290.0,1290.0,1290.0,1290.0,12676.638001062322,12676.638001062322,12676.638001062322,12676.638001062322,1.5246464572434817,1.5246464572434817,1.5246464572434817,1.5246464572434817,,,,
0.9791666666666666,1.01900028537301,-0.034974624895092246,,,6.098558582987619,12676.60968401466,24.977927480769218,1290.0,1750.0,22.200000000000003,6.0822,0.44918844397534674,-7.0420288427669746e-15,-6.432127435500135e-16,1.0388234945027608,-9.594132722280339e-14,,2.7644339207932855e-05,-2.7755575615628914e-17,0.0,11.605799999999999,0.9975614594017075,,,,,,,4.23138948869043e-16,-0.024240744813155118,1.01900028537301,-5.45319003895161e-16,-0.45325415788074824,-0.034974624895092246,,,,0.22271079375952876,-3.5042077998926327e-15,4.706388308760887e-16,0.9748845584698738,1.0388234945027608,-9.594132722280339e-14,3.3533374861657225e-14,0.0,0.0,-6.0822,,,,0.0,0.0,6.098558582987619,,,,,,,1290.0,1290.0,1290.0,1290.0,12676.60968401466,12676.60968401466,12676.60968401466,12676.60968401466,1.5246396457469047,1.5246396457469047,1.5246396457469047,1.5246396457469047,,,,
0.9833333333333333,1.018838074677807,-0.038930566848735394,,,6.098531337063101,12676.581366967965,24.977871683653838,1290.0,1750.0,22.200000000000003,6.0822,0.4527460057505475,-7.47602249669532e-15,-6.874452235263201e-16,0.8538148260481986,-9.837213483286224e-14,,2.215107797687299e-05,0.0,0.0,11.605799999999999,0.9975511266025622,,,,,,,4.1973581831819584e-16,-0.026203457967758855,1.018838074677807,-8.167513322033164e-16,-0.4710511571048971,-0.038930566848735394,,,,0.224444546530057,-3.719789519788431e-15,5.040230699909126e-16,0.9744868626784648,0.8538148260481986,-9.837213483286224e-14,3.584156910950042e-14,0.0,0.0,-6.0822,,,,0.0,0.0,6.098531337063101,,,,,,,1290.0,1290.0,1290.0,1290.0,12676.581366967965,12676.581366967965,12676.581366967965,12676.581366967965,1.5246328342657753,1.5246328342657753,1.5246328342657753,1.5246328342657753,,,,
0.9874999999999999,1.0186591154241522,-0.0429502208771362,,,6.098504091200301,12676.553049922157,24.97781588653845,1290.0,1750.0,22.200000000000003,6.0822,0.4554702444524412,-7.92311605430235e-15,-7.280754771637139e-16,0.653817288454466,-1.0070515987599473e-13,,1.6634096816736665e-05,0.0,0.0,11.605799999999999,0.9975407938034169,,,,,,,4.151332877033613e-16,-0.028240871739274934,1.0186591154241522,-1.1046073475602872e-15,-0.48897930516385896,-0.0429502208771362,,,,0.22577170531878654,-3.941460964748586e-15,5.39769340515783e-16,0.9741802384966793,0.653817288454466,-1.0070515987599473e-13,3.8306417733586095e-14,0.0,0.0,-6.0822,,,,0.0,0.0,6.098504091200301,,,,,,,1290.0,1290.0,1290.0,1290.0,12676.553049922157,12676.553049922157,12676.553049922157,12676.553049922157,1.5246260228000752,1.5246260228000752,1.5246260228000752,1.5246260228000752,,,,
0.9916666666666667,1.018463202854997,-0.04701901659726149,,,6.098476845399146,12676.524732877162,24.977760089423068,1290.0,1750.0,22.200000000000003,6.0822,0.4572963304874739,-8.38325624926064e-15,-7.639563531560126e-16,0.4382606484078183,-1.029261143925109e-13,,1.1099303449113584e-05,0.0,0.0,11.605799999999999,0.9975304610042716,,,,,,,4.092609826443661e-16,-0.030353403859222652,1.018463202854997,-1.409353214158842e-15,-0.507007708787452,-0.04701901659726149,,,,0.2266610795527563,-4.169115110872106e-15,5.780422604547391e-16,0.9739736931847692,0.4382606484078183,-1.029261143925109e-13,4.093855292062062e-14,0.0,0.0,-6.0822,,,,0.0,0.0,6.098476845399146,,,,,,,1290.0,1290.0,1290.0,1290.0,12676.524732877162,12676.524732877162,12676.524732877162,12676.524732877162,1.5246192113497865,1.5246192113497865,1.5246192113497865,1.5246192113497865,,,,
0.9958333333333333,1.0182501988576171,-0.051120959371124805,,,6.098449599659568,12676.496415832911,24.97770429230768,1290.0,1750.0,22.200000000000003,6.0822,0.458157045034848,-8.856219562386017e-15,-7.937405281168025e-16,0.20657149136979788,-1.0498515105441642e-13,,5.552624669336037e-06,2.7755575615628914e-17,0.0,11.605799999999999,0.9975201282051263,,,,,,,4.020465853477725e-16,-0.03254133391241551,1.0182501988576171,-1.7314553511824623e-15,-0.5251032127662867,-0.051120959371124805,,,,0.22708021521340735,-4.402551481966535e-15,6.190336739025151e-16,0.973876057749975,0.20657149136979788,-1.0498515105441642e-13,4.374936654157348e-14,0.0,0.0,-6.0822,,,,0.0,0.0,6.098449599659568,,,,,,,1290.0,1290.0,1290.0,1290.0,12676.496415832911,12676.496415832911,12676.496415832911,12676.496415832911,1.524612399914892,1.524612399914892,1.524612399914892,1.524612399914892,,,,
