time_s,altitude_m,vertical_velocity_mps,vertical_acceleration_mps2,normal_force_n,total_thrust_n,motor_rpm_mean,battery_voltage_v,pwm_command_us,motor_kv_rpm_per_v,nominal_battery_voltage_v,hover_thrust_target_n,roll_rad,pitch_rad,yaw_rad,roll_rate_rad_s,pitch_rate_rad_s,yaw_rate_rad_s,roll_torque_nm,pitch_torque_nm,yaw_torque_nm,battery_current_a,battery_soc,target_altitude_m,altitude_error_m,pid_p_n,pid_i_n,pid_d_n,controller_output_n,disturbance_roll_torque_nm,disturbance_pitch_torque_nm,controller_roll_torque_nm,controller_pitch_torque_nm,position_world_m_0,position_world_m_1,position_world_m_2,velocity_world_mps_0,velocity_world_mps_1,velocity_world_mps_2,acceleration_world_mps2_0,acceleration_world_mps2_1,acceleration_world_mps2_2,orientation_quaternion_0,orientation_quaternion_1,orientation_quaternion_2,orientation_quaternion_3,angular_velocity_body_rad_s_0,angular_velocity_body_rad_s_1,angular_velocity_body_rad_s_2,gravity_force_world_n_0,gravity_force_world_n_1,gravity_force_world_n_2,contact_force_world_n_0,contact_force_world_n_1,contact_force_world_n_2,thrust_force_world_n_0,thrust_force_world_n_1,thrust_force_world_n_2,net_force_world_n_0,net_force_world_n_1,net_force_world_n_2,net_torque_body_nm_0,net_torque_body_nm_1,net_torque_body_nm_2,motor_command_us_0,motor_command_us_1,motor_command_us_2,motor_command_us_3,motor_rpm_0,motor_rpm_1,motor_rpm_2,motor_rpm_3,motor_thrust_n_0,motor_thrust_n_1,motor_thrust_n_2,motor_thrust_n_3,motor_reaction_torque_nm_0,motor_reaction_torque_nm_1,motor_reaction_torque_nm_2,motor_reaction_torque_nm_3
0.0,1.0000029738741805,0.0007137298033170852,,,6.188402994733583,12769.644658467992,24.995247068495946,1287.0656824636849,1750.0,22.200000000000003,6.0822,8.874351572958066e-07,-0.0,-0.0,0.0002129844377509936,0.0,,0.0001697059999999917,0.0,0.0,11.372125434671078,0.9999898752444492,1.0,-2.9738741804674618e-06,0.0,0.0,-0.0,0.0,0.0001697059999999917,0.0,0.0,0.0,0.0,0.0,1.0000029738741805,0.0,0.0,0.0007137298033170852,,,,4.4371757864788873e-07,-0.0,-0.0,0.9999999999999015,0.0002129844377509936,0.0,0.0,0.0,0.0,-6.0822,,,,0.0,0.0,6.188402994733583,,,,,,,1287.0656824636849,1287.0656824636849,1287.0656824636849,1287.0656824636849,12769.644658467992,12769.644658467992,12769.644658467992,12769.644658467992,1.5471007486833956,1.5471007486833956,1.5471007486833956,1.5471007486833956,,,,
0.004166666666666667,1.0000086647614455,0.0013658129436121044,,,6.179229971278333,12760.176974332446,24.991885325199785,1289.3746689411591,1750.0,22.200000000000003,6.0822,2.6393233181128256e-06,-1.4514085307679788e-19,-2.559383668585833e-25,0.00042045315859608434,-3.48338047384901e-17,,0.00016961513728225297,-2.7755575615628914e-17,0.0,11.555802465423154,0.9999795869587784,1.0,-8.664761445453806e-06,-4.460811270701193e-06,-6.195571209307212e-10,-0.0017843245082927132,-0.0017887859391205352,0.00016961513728225297,-2.7755575615628914e-17,-4.304060512884662e-06,0.0,0.0,-1.5355247316105592e-10,1.0000086647614455,0.0,-3.685259355865342e-08,0.0013658129436121044,,,,1.3196616590560297e-06,-7.257042653850463e-20,-3.220077394511295e-26,0.9999999999991293,0.00042045315859608434,-3.48338047384901e-17,2.938735877055719e-38,0.0,0.0,-6.0822,,,,0.0,0.0,6.179229971278333,,,,,,,1289.3746689411591,1289.3746689411591,1289.3746689411591,1289.3746689411591,12760.176974332446,12760.176974332446,12760.176974332446,12760.176974332446,1.5448074928195832,1.5448074928195832,1.5448074928195832,1.5448074928195832,,,,
0.008333333333333333,1.0000168373020206,0.001961409738045483,,,6.17082480303318,12751.495639339122,24.991829880808012,1289.3745908110668,1750.0,22.200000000000003,6.0822,5.2320785051203936e-06,-4.317415166341228e-19,-1.3839122371201421e-24,0.0006222612448818163,-6.878415925430996e-17,,0.0001693426464271508,-2.7755575615628914e-17,0.0,11.555796225375984,0.9999692986786632,1.0,-1.6837302020622502e-05,-1.2997142168180709e-05,-2.424715755400264e-09,-0.003414532359030261,-0.003427531925914197,0.0001693426464271508,-2.7755575615628914e-17,-8.541029337827328e-06,7.039331374236418e-19,-2.5079490818233303e-23,-7.631645843881833e-10,1.0000168373020206,-6.019077796375993e-21,-1.4630690669451057e-07,0.001961409738045483,,,,2.6160392525572127e-06,-2.158707583181329e-19,-1.2722974132097936e-25,0.9999999999965782,0.0006222612448818163,-6.878415925430996e-17,1.4941842089576522e-28,0.0,0.0,-6.0822,,,,0.0,0.0,6.17082480303318,,,,,,,1289.3745908110668,1289.3745908110668,1289.3745908110668,1289.3745908110668,12751.495639339122,12751.495639339122,12751.495639339122,12751.495639339122,1.542706200758295,1.542706200758295,1.542706200758295,1.542706200758295,,,,
0.0125,1.0000272724201344,0.002504428347306622,,,6.1630011691424125,12743.409631581524,24.991824785022022,1289.3394975608633,1750.0,22.200000000000003,6.0822,8.641524144992224e-06,-8.561755596189476e-19,-4.328120708011242e-24,0.0008182669535692393,-1.018641703188581e-16,,0.00016888881922466625,-2.7755575615628914e-17,0.0,11.55299358913064,0.9999590128937726,1.0,-2.727242013444986e-05,-2.5255953030933753e-05,-5.9324870096966185e-09,-0.004903524345113708,-0.004928786230631651,0.00016888881922466625,-2.7755575615628914e-17,-1.2706828822892344e-05,1.3972702609179054e-18,-1.2466680734747753e-22,-2.2757030493326816e-09,1.0000272724201344,-2.3900955967018615e-20,-3.6300923158667957e-07,0.002504428347306622,,,,4.320762072482668e-06,-4.280877798148282e-19,-3.1439491129133453e-25,0.9999999999906655,0.0008182669535692393,-1.018641703188581e-16,1.4786237433598852e-27,0.0,0.0,-6.0822,,,,0.0,0.0,6.1630011691424125,,,,,,,1289.3394975608633,1289.3394975608633,1289.3394975608633,1289.3394975608633,12743.409631581524,12743.409631581524,12743.409631581524,12743.409631581524,1.5407502922856031,1.5407502922856031,1.5407502922856031,1.5407502922856031,,,,
0.016666666666666666,1.0000397661892098,0.002998504578096928,,,6.15571854337144,12735.878161653955,24.991816158263212,1289.3068654914664,1750.0,22.200000000000003,6.0822,1.2842902542376214e-05,-1.12458746169927e-18,-7.211428132940995e-24,0.0010083308153721574,-6.441885650304149e-17,,0.0001682541416442862,2.7755575615628914e-17,0.0,11.55038781402864,0.9999487294288385,1.0,-3.976618920975561e-05,-4.090863020167479e-05,-1.1614241204373673e-08,-0.0062610708682665555,-0.0063019911127094345,0.0001682541416442862,2.7755575615628914e-17,-1.67974152786344e-05,2.0800921843581096e-18,-3.718340905199012e-22,-5.27779097724925e-09,1.0000397661892098,-5.932014796138168e-20,-7.205011026999765e-07,0.002998504578096928,,,,6.4214512711439755e-06,-5.622937308611958e-19,5.0277263245204334e-27,0.9999999999793825,0.0010083308153721574,-6.441885650304149e-17,7.317914893152737e-27,0.0,0.0,-6.0822,,,,0.0,0.0,6.15571854337144,,,,,,,1289.3068654914664,1289.3068654914664,1289.3068654914664,1289.3068654914664,12735.878161653955,12735.878161653955,12735.878161653955,12735.878161653955,1.53892963584286,1.53892963584286,1.53892963584286,1.53892963584286,,,,
0.020833333333333332,1.0000541288339972,0.0034470347489877805,,,6.148941289935663,12728.865329290362,24.991803403167154,1289.277110331931,1750.0,22.200000000000003,6.0822,1.7810880835697943e-05,-1.5310971065055297e-18,-1.3441894553539278e-23,0.0011923147903972133,-9.756231476506168e-17,,0.00016743929331480834,-2.7755575615628914e-17,0.0,11.54801202555492,0.9999384480791006,1.0,-5.412883399724677e-05,-5.9649283814633414e-05,-1.9898863956406094e-08,-0.007496261445242319,-0.0075559306279209095,0.00016743929331480834,-2.7755575615628914e-17,-2.080876143456196e-05,1.3446065031457932e-18,-8.126343899721688e-22,-1.0491187533169456e-08,1.0000541288339972,-1.0579207186854422e-19,-1.2512151734208494e-06,0.0034470347489877805,,,,8.90544041773126e-06,-7.655485532822613e-19,9.659975136973608e-26,0.9999999999603465,0.0011923147903972133,-9.756231476506168e-17,1.5090332176551084e-26,0.0,0.0,-6.0822,,,,0.0,0.0,6.148941289935663,,,,,,,1289.277110331931,1289.277110331931,1289.277110331931,1289.277110331931,12728.865329290362,12728.865329290362,12728.865329290362,12728.865329290362,1.5372353224839157,1.5372353224839157,1.5372353224839157,1.5372353224839157,,,,
0.025,1.0000701837993564,0.0038531916862122326,,,6.142636153233306,12722.337553473399,24.991786789607026,1289.2500444471189,1750.0,22.200000000000003,6.0822,2.351955366469124e-05,-1.926977025311067e-18,-2.1622731843422296e-23,0.0013700814789583916,-9.501118053374478e-17,,0.00016644514679609035,0.0,0.0,11.54585117334711,0.9999281686531984,1.0,-7.018379935641583e-05,-8.119325099587016e-05,-3.117570437249917e-08,-0.00861758687246945,-0.008698811299169693,0.00016644514679609035,0.0,-2.473683984972916e-05,2.0278011506265103e-18,-1.516790772548054e-21,-1.8768141451782984e-08,1.0000701837993564,-1.6899753181821248e-19,-1.986468940467247e-06,0.0038531916862122326,,,,1.175977683207457e-05,-9.634885127160512e-19,5.1904396813294805e-25,0.9999999999308538,0.0013700814789583916,-9.501118053374478e-17,2.573721296157207e-26,0.0,0.0,-6.0822,,,,0.0,0.0,6.142636153233306,,,,,,,1289.2500444471189,1289.2500444471189,1289.2500444471189,1289.2500444471189,12722.337553473399,12722.337553473399,12722.337553473399,12722.337553473399,1.5356590383083264,1.5356590383083264,1.5356590383083264,1.5356590383083264,,,,
0.029166666666666667,1.0000877668801882,0.004219939399633866,,,6.136772061454477,12716.263388637986,24.991766583507832,1289.2254828503826,1750.0,22.200000000000003,6.0822,2.9942442774395408e-05,-2.3123681247926067e-18,-3.192449972969126e-23,0.0015414933863290002,-9.249386390877313e-17,,0.00016527276664524138,0.0,0.0,11.543890430345103,0.999917890972972,1.0,-8.776688018818923e-05,-0.00010527569903462375,-4.579732923841914e-08,-0.009632979215530581,-0.009738300711894443,0.00016527276664524138,0.0,-2.8577607262402392e-05,1.996572461940449e-18,-2.5520800732423246e-21,-3.10867099485229e-08,1.0000877668801882,-2.4846943216662496e-19,-2.95645643921758e-06,0.004219939399633866,,,,1.4971221386638433e-05,-1.1561840625057056e-18,1.3472376987812848e-24,0.9999999998879312,0.0015414933863290002,-9.249386390877313e-17,2.9018460861635667e-26,0.0,0.0,-6.0822,,,,0.0,0.0,6.136772061454477,,,,,,,1289.2254828503826,1289.2254828503826,1289.2254828503826,1289.2254828503826,12716.263388637986,12716.263388637986,12716.263388637986,12716.263388637986,1.5341930153636192,1.5341930153636192,1.5341930153636192,1.5341930153636192,,,,
0.03333333333333333,1.0001067254083993,0.0045500467706720005,,,6.131319979558992,12710.613389399241,24.9917430335563,1289.2032524682825,1750.0,22.200000000000003,6.0822,3.7052493775538514e-05,-2.687399985445038e-18,-4.4487123334511154e-23,0.001706412240274347,-9.000764660727127e-17,,0.0001639234082762009,0.0,0.0,11.542115930876175,0.9999076148726062,1.0,-0.00010672540839928857,-0.00013165032028228385,-6.408209594429191e-08,-0.010549848499084665,-0.010681562901462893,0.0001639234082762009,0.0,-3.232698986529977e-05,1.965495684415093e-18,-3.9843751110317344e-21,-4.8546034986258e-08,1.0001067254083993,-3.4375080906945827e-19,-4.190238009056423e-06,0.0045500467706720005,,,,1.852624688670949e-05,-1.3436999929040151e-18,2.6501561434087956e-24,0.999999999828389,0.001706412240274347,-9.000764660727127e-17,-1.3789954727951728e-27,0.0,0.0,-6.0822,,,,0.0,0.0,6.131319979558992,,,,,,,1289.2032524682825,1289.2032524682825,1289.2032524682825,1289.2032524682825,12710.613389399241,12710.613389399241,12710.613389399241,12710.613389399241,1.532829994889748,1.532829994889748,1.532829994889748,1.532829994889748,,,,
0.0375,1.000126917493088,0.004846100325315002,,,6.126252773136207,12705.359984356437,24.991716372106232,1289.1831915268833,1750.0,22.200000000000003,6.0822,4.482207027674177e-05,-2.907048163929923e-18,-5.347940810866789e-23,0.0018646983602887807,-5.2715562880681736e-17,,0.00016239851661575821,2.7755575615628914e-17,0.0,11.540514720111023,0.9998973401978197,1.0,-0.00012691749308801903,-0.00016008811259893285,-8.631655602747702e-08,-0.011375116926680001,-0.011535291355834962,0.00016239851661575821,2.7755575615628914e-17,-3.5980869494263865e-05,1.9345229314176774e-18,-5.877683018785182e-21,-7.236156921675927e-08,1.000126917493088,-4.543938978608274e-19,-5.7157282153203035e-06,0.004846100325315002,,,,2.241103513649488e-05,-1.4535240821992064e-18,5.835275225039335e-24,0.9999999997488728,0.0018646983602887807,-5.2715562880681736e-17,-1.1648159271207025e-25,0.0,0.0,-6.0822,,,,0.0,0.0,6.126252773136207,,,,,,,1289.1831915268833,1289.1831915268833,1289.1831915268833,1289.1831915268833,12705.359984356437,12705.359984356437,12705.359984356437,12705.359984356437,1.5315631932840517,1.5315631932840517,1.5315631932840517,1.5315631932840517,,,,
0.041666666666666664,1.0001482113104045,0.0051105161559832635,,,6.1215450817525845,12700.477357806587,24.991686816244627,1289.1651488237585,1750.0,22.200000000000003,6.0822,5.322294559979607e-05,-3.1202360589722626e-18,-6.393238156583328e-23,0.002016210077533034,-5.1165094871815295e-17,,0.0001606997245561237,0.0,0.0,11.539074694608763,0.9998870668051073,1.0,-0.0001482113104045446,-0.00019037623963202854,-1.1275770042081431e-07,-0.012115250813287506,-0.012305739810619956,0.0001606997245561237,0.0,-3.953507071961271e-05,1.199663665810131e-18,-8.269300357181577e-21,-1.0386024423368203e-07,1.0001482113104045,-5.739881612151347e-19,-7.559682004061464e-06,0.0051105161559832635,,,,2.6611472796757125e-05,-1.5601180297843839e-18,9.550847729802627e-24,0.9999999996459148,0.002016210077533034,-5.1165094871815295e-17,-4.723612164324271e-25,0.0,0.0,-6.0822,,,,0.0,0.0,6.1215450817525845,,,,,,,1289.1651488237585,1289.1651488237585,1289.1651488237585,1289.1651488237585,12700.477357806587,12700.477357806587,12700.477357806587,12700.477357806587,1.5303862704381461,1.5303862704381461,1.5303862704381461,1.5303862704381461,,,,
0.04583333333333333,1.0001704844397845,0.005345551051195318,,,6.117173201071557,12695.94133886884,24.99165456879025,1289.1489830448352,1750.0,22.200000000000003,6.0822,6.222629228537414e-05,-3.472134872236149e-18,-8.425081536261261e-23,0.002160803204538736,-8.445571532439901e-17,,0.00015882885120627188,-2.7755575615628914e-17,0.0,11.537784546629004,0.9998767945610308,1.0,-0.0001704844397845129,-0.0002223169656068169,-1.4363505675509445e-07,-0.012776290389958159,-0.01299875099062173,0.00015882885120627188,-2.7755575615628914e-17,-4.2985348830650484e-05,1.179313700384919e-18,-1.119538858476769e-20,-1.4447557405435296e-07,1.0001704844397845,-7.022611746206672e-19,-9.74767915696102e-06,0.005345551051195318,,,,3.1113146137667334e-05,-1.7360674365884477e-18,1.1889112183870077e-23,0.9999999995159861,0.002160803204538736,-8.445571532439901e-17,-1.2501293286715299e-24,0.0,0.0,-6.0822,,,,0.0,0.0,6.117173201071557,,,,,,,1289.1489830448352,1289.1489830448352,1289.1489830448352,1289.1489830448352,12695.94133886884,12695.94133886884,12695.94133886884,12695.94133886884,1.5292933002678892,1.5292933002678892,1.5292933002678892,1.5292933002678892,,,,
0.05,1.000193623243483,0.005553312887638104,,,6.1131149730980185,12691.729297560882,24.991619819225722,1289.1345621256241,1750.0,22.200000000000003,6.0822,7.180266959293405e-05,-3.668796124681303e-18,-9.744062068083436e-23,0.002298330553814378,-4.719870069317195e-17,,0.00015678789994438835,2.7755575615628914e-17,0.0,11.536633712149547,0.9998665233415578,1.0,-0.00019362324348293214,-0.00025572665967676933,-1.7915264837686797e-07,-0.013363877627988296,-0.013619783440313442,0.00015678789994438835,2.7755575615628914e-17,-4.632737870504343e-05,1.862721050099788e-18,-1.4715830521668246e-20,-1.957426869967926e-07,1.000193623243483,-8.449060648561338e-19,-1.2304107106185514e-05,0.005553312887638104,,,,3.5901334788754784e-05,-1.8343980629075926e-18,1.7137028662915563e-23,0.9999999993555471,0.002298330553814378,-4.719870069317195e-17,-2.5568508031145456e-24,0.0,0.0,-6.0822,,,,0.0,0.0,6.1131149730980185,,,,,,,1289.1345621256241,1289.1345621256241,1289.1345621256241,1289.1345621256241,12691.729297560882,12691.729297560882,12691.729297560882,12691.729297560882,1.5282787432745046,1.5282787432745046,1.5282787432745046,1.5282787432745046,,,,
0.05416666666666667,1.0002175222865464,0.005735770335241806,,,6.109349683952184,12687.820047396395,24.991582744567726,1289.1217626539383,1750.0,22.200000000000003,6.0822,8.192200919522133e-05,-3.713952953174388e-18,-1.0093158367252356e-22,0.0024286415045489413,-1.083763887077048e-17,,0.00015457905627208612,2.7755575615628914e-17,0.0,11.535612322336597,0.9998562530314418,1.0,-0.00021752228654636774,-0.0002904348652243982,-2.1949082410247882e-07,-0.01388328221909526,-0.01417393657514376,0.00015457905627208612,2.7755575615628914e-17,-4.9556744555934266e-05,1.1274138200975041e-18,-1.8863903462986696e-20,-2.592932793413262e-07,1.0002175222865464,-9.955375059164281e-19,-1.525214216268807e-05,0.005735770335241806,,,,4.096100458615657e-05,-1.8569764770965023e-18,2.5597830179946993e-23,0.999999999161098,0.0024286415045489413,-1.083763887077048e-17,-4.8248417278142755e-24,0.0,0.0,-6.0822,,,,0.0,0.0,6.109349683952184,,,,,,,1289.1217626539383,1289.1217626539383,1289.1217626539383,1289.1217626539383,12687.820047396395,12687.820047396395,12687.820047396395,12687.820047396395,1.527337420988046,1.527337420988046,1.527337420988046,1.527337420988046,,,,
0.058333333333333334,1.0002420837945554,0.005894761922179176,,,6.105857968625146,12684.193754098813,24.99154351017955,1289.110469311352,1750.0,22.200000000000003,6.0822,9.255359926469118e-05,-3.756405294634219e-18,-1.0467139346743115e-22,0.0025515816166727626,-1.0188561989938443e-17,,0.00015220468547461063,0.0,0.0,11.534711158229372,0.9998459835236442,1.0,-0.00024208379455537,-0.0003262834298195516,-2.648079671329721e-07,-0.014339425838104516,-0.0146659740758912,0.00015220468547461063,0.0,-5.266893055073989e-05,4.02450425074129e-19,-2.364696938169735e-20,-3.3685048436761745e-07,1.0002420837945554,-1.1479358204905574e-18,-1.8613729206309898e-05,0.005894761922179176,,,,4.62767996158283e-05,-1.8782026477279126e-18,3.4581510870136076e-23,0.9999999989292289,0.0025515816166727626,-1.0188561989938443e-17,-8.726575679630019e-24,0.0,0.0,-6.0822,,,,0.0,0.0,6.105857968625146,,,,,,,1289.110469311352,1289.110469311352,1289.110469311352,1289.110469311352,12684.193754098813,12684.193754098813,12684.193754098813,12684.193754098813,1.5264644921562864,1.5264644921562864,1.5264644921562864,1.5264644921562864,,,,
0.0625,1.0002672171466525,0.006032004503320103,,,6.102621722211814,12680.831850051123,24.991502270529942,1289.100574350854,1750.0,22.200000000000003,6.0822,0.00010366606714632015,-3.941198658381985e-18,-1.2286357159116897e-22,0.002666992291590963,-4.4350407514603957e-17,,0.00014966733008753286,-2.7755575615628914e-17,0.0,11.533921608419128,0.9998357147187934,1.0,-0.0002672171466524542,-0.000363125691833055,-3.152420909986742e-07,-0.01473690480544794,-0.015100345739371994,0.00014966733008753286,-2.7755575615628914e-17,-5.565931229668981e-05,3.915915045304798e-19,-2.907194615696607e-20,-4.302236505424078e-07,1.0002672171466525,-1.3019944260644928e-18,-2.2409559881949693e-05,0.006032004503320103,,,,5.1833033549950426e-05,-1.9705993297280198e-18,4.0710355430405306e-23,0.9999999986566683,0.002666992291590963,-4.4350407514603957e-17,-1.4911672917799622e-23,0.0,0.0,-6.0822,,,,0.0,0.0,6.102621722211814,,,,,,,1289.100574350854,1289.100574350854,1289.100574350854,1289.100574350854,12680.831850051123,12680.831850051123,12680.831850051123,12680.831850051123,1.5256554305529535,1.5256554305529535,1.5256554305529535,1.5256554305529535,,,,
0.06666666666666667,1.0002928384015382,0.0061491011725489835,,,6.099624017156531,12677.716954124768,24.991459169901944,1289.0919771083072,1750.0,22.200000000000003,6.0822,0.00011522736080866646,-3.974257663036707e-18,-1.2658069185487766e-22,0.002774710478963113,-7.934161167295756e-18,,0.00014696970717459346,2.7755575615628914e-17,0.0,11.533235629517822,0.9998254465246788,1.0,-0.00029283840153815355,-0.00040082571997868133,-3.7091232988460215e-07,-0.015080011258300257,-0.015481207890608823,0.00014696970717459346,2.7755575615628914e-17,-5.852314918913527e-05,1.0840680832111785e-18,-3.5170081252731194e-20,-5.413030228047121e-07,1.0002928384015382,-1.4635524229836297e-18,-2.665904934295302e-05,0.0061491011725489835,,,,5.761368037246004e-05,-1.987128831866769e-18,5.119545953560055e-23,0.9999999983403319,0.002774710478963113,-7.934161167295756e-18,-2.374099724252145e-23,0.0,0.0,-6.0822,,,,0.0,0.0,6.099624017156531,,,,,,,1289.0919771083072,1289.0919771083072,1289.0919771083072,1289.0919771083072,12677.716954124768,12677.716954124768,12677.716954124768,12677.716954124768,1.5249060042891327,1.5249060042891327,1.5249060042891327,1.5249060042891327,,,,
0.07083333333333333,1.0003188698542735,0.00624754865647175,,,6.09684902608269,12674.832796552399,24.99141434305512,1289.084583545497,1750.0,22.200000000000003,6.0822,0.00012720472926264388,-4.0043291573366274e-18,-1.3037781770616697e-22,0.0028745684289545772,-7.217158689467352e-18,,0.00014411470541819682,0.0,0.0,11.532645709226937,0.9998151788557781,1.0,-0.0003188698542735402,-0.0004392576023072303,-4.3192033020505085e-07,-0.015372752931372458,-0.015812442454009895,0.00014411470541819682,0.0,-6.125557761969559e-05,3.573961064977505e-19,-4.1946712341169787e-20,-6.720543210574338e-07,1.0003188698542735,-1.6263914612252624e-18,-3.1380311580653207e-05,0.00624754865647175,,,,6.360236458844058e-05,-2.0021645787648436e-18,6.21534927772932e-23,0.9999999979773696,0.0028745684289545772,-7.217158689467352e-18,-3.6474773993268454e-23,0.0,0.0,-6.0822,,,,0.0,0.0,6.09684902608269,,,,,,,1289.084583545497,1289.084583545497,1289.084583545497,1289.084583545497,12674.832796552399,12674.832796552399,12674.832796552399,12674.832796552399,1.5242122565206726,1.5242122565206726,1.5242122565206726,1.5242122565206726,,,,
0.075,1.000345239621875,0.006328744224380942,,,6.094281949810807,12672.164148529868,24.991367915844258,1289.0783058226993,1750.0,22.200000000000003,6.0822,0.0001395647021352943,-4.176405585109207e-18,-1.535559568312278e-22,0.002966393489436106,-4.129834304028873e-17,,0.00014110538202544154,-2.7755575615628914e-17,0.0,11.532144831830447,0.9998049116328153,1.0,-0.00034523962187504864,-0.0004783047814103103,-4.983515498453718e-07,-0.015618871641179375,-0.01609767477413953,0.00014110538202544154,-2.7755575615628914e-17,-6.385160504222374e-05,3.445596316561784e-19,-4.94066854661309e-20,-8.245132101307551e-07,1.000345239621875,-1.7903935499906674e-18,-3.659013337759711e-05,0.006328744224380942,,,,6.978235101101208e-05,-2.0882027928280197e-18,6.89417220235452e-23,0.9999999975652117,0.002966393489436106,-4.129834304028873e-17,-5.418566159887177e-23,0.0,0.0,-6.0822,,,,0.0,0.0,6.094281949810807,,,,,,,1289.0783058226993,1289.0783058226993,1289.0783058226993,1289.0783058226993,12672.164148529868,12672.164148529868,12672.164148529868,12672.164148529868,1.5235704874527018,1.5235704874527018,1.5235704874527018,1.5235704874527018,,,,
0.07916666666666666,1.0003718812558204,0.006393992146891534,,,6.09190895019961,12669.6967562521,24.991320005797604,1289.0730618988348,1750.0,22.200000000000003,6.0822,0.00015227306858387949,-4.341499454898959e-18,-1.779683487204157e-22,0.0030500079476604405,-3.962252918291453e-17,,0.00013794495945529395,0.0,0.0,11.53172644594832,0.999794644782347,1.0,-0.00037188125582043874,-0.000517859432812573,-5.702764710693403e-07,-0.015821860560952354,-0.016340290270235997,0.00013794495945529395,0.0,-6.630610489548684e-05,1.034787140061235e-18,-5.757908809507834e-20,-1.000779655636363e-06,1.0003718812558204,-1.9613766309473863e-18,-4.230394692134587e-05,0.006393992146891534,,,,7.613653421838205e-05,-2.170749727932756e-18,7.628918680120346e-23,0.999999997101614,0.0030500079476604405,-3.962252918291453e-17,-7.729878128641201e-23,0.0,0.0,-6.0822,,,,0.0,0.0,6.09190895019961,,,,,,,1289.0730618988348,1289.0730618988348,1289.0730618988348,1289.0730618988348,12669.6967562521,12669.6967562521,12669.6967562521,12669.6967562521,1.5229772375499024,1.5229772375499024,1.5229772375499024,1.5229772375499024,,,,
0.08333333333333333,1.0003987333797095,0.006444509733390319,,,6.089717087472421,12667.417279105684,24.99127072265726,1289.06877515741,1750.0,22.200000000000003,6.0822,0.00016529485573383028,-4.499482939742335e-18,-2.0349904531212474e-22,0.0031252289159881836,-3.791603685762929e-17,,0.00013463682196745985,0.0,0.0,11.531384434398728,0.9997843782363762,1.0,-0.00039873337970952605,-0.0005578218837306581,-6.477517326985984e-07,-0.015984980367228833,-0.01654345000269219,0.00013463682196745985,0.0,-6.861381238240278e-05,1.0095255564032387e-18,-6.649181619653544e-20,-1.2030121602854952e-06,1.0003987333797095,-2.1390547443497015e-18,-4.853580111579175e-05,0.006444509733390319,,,,8.264742777282658e-05,-2.249741470596965e-18,8.418582333015269e-23,0.9999999965847013,0.0031252289159881836,-3.791603685762929e-17,-1.0690864708390505e-22,0.0,0.0,-6.0822,,,,0.0,0.0,6.089717087472421,,,,,,,1289.06877515741,1289.06877515741,1289.06877515741,1289.06877515741,12667.417279105684,12667.417279105684,12667.417279105684,12667.417279105684,1.5224292718681052,1.5224292718681052,1.5224292718681052,1.5224292718681052,,,,
0.0875,1.0004257393504443,0.006481432976342667,,,6.087694261716486,12665.313231758115,24.99122016888425,1289.0653740565645,1750.0,22.200000000000003,6.0822,0.00017859430682250807,-4.505068883047243e-18,-2.0506054085838184e-22,0.0031918682612826752,-1.3406264378079929e-18,,0.00013118451199839454,2.7755575615628914e-17,0.0,11.531113086027688,0.9997741119319905,1.0,-0.00042573935044432076,-0.0005981000695642891,-7.308211868047496e-07,-0.016111274333475797,-0.01671010522422689,0.00013118451199839454,2.7755575615628914e-17,-7.076932110645519e-05,9.832948841397026e-19,-7.61715547231587e-20,-1.4334218754005726e-06,1.0004257393504443,-2.323137246389582e-18,-5.529833162761859e-05,0.006481432976342667,,,,8.929715329257839e-05,-2.252534441698449e-18,9.861464330114364e-23,0.9999999960130092,0.0031918682612826752,-1.3406264378079929e-18,-1.4424548287330303e-22,0.0,0.0,-6.0822,,,,0.0,0.0,6.087694261716486,,,,,,,1289.0653740565645,1289.0653740565645,1289.0653740565645,1289.0653740565645,12665.313231758115,12665.313231758115,12665.313231758115,12665.313231758115,1.5219235654291214,1.5219235654291214,1.5219235654291214,1.5219235654291214,,,,
0.09166666666666666,1.0004528469413967,0.006505821828557167,,,6.0858291582660975,12663.372929899673,24.991168440130785,1289.0627918016544,1750.0,22.200000000000003,6.0822,0.00019213485922932647,-4.5069140476145715e-18,-2.0620288705920242e-22,0.0032497325776364196,-4.428395393739961e-19,,0.00012759172636800375,0.0,0.0,11.53090706937499,0.9997638458110242,1.0,-0.0004528469413966896,-0.0006386090256664811,-8.195168848139832e-07,-0.016203582440856668,-0.016843010983407965,0.00012759172636800375,0.0,-7.27670805667789e-05,2.52065972908522e-19,-8.661902060624698e-20,-1.6942665825122569e-06,1.0004528469413967,-2.5073918119411865e-18,-6.260272970680424e-05,0.006505821828557167,,,,9.606742946689629e-05,-2.253457023313454e-18,1.1338238063744634e-22,0.9999999953855245,0.0032497325776364196,-4.428395393739961e-19,-1.9207632540554207e-22,0.0,0.0,-6.0822,,,,0.0,0.0,6.0858291582660975,,,,,,,1289.0627918016544,1289.0627918016544,1289.0627918016544,1289.0627918016544,12663.372929899673,12663.372929899673,12663.372929899673,12663.372929899673,1.5214572895665244,1.5214572895665244,1.5214572895665244,1.5214572895665244,,,,
0.09583333333333333,1.0004800080461371,0.006518665137709442,,,6.084111196701787,12661.585439409007,24.99111562568164,1289.060966038906,1750.0,22.200000000000003,6.0822,0.0002058791225715475,-4.649920410993895e-18,-2.357136290451847e-22,0.0032986232021330357,-3.432152794115904e-17,,0.00012386231232125455,-2.7755575615628914e-17,0.0,11.53076140805368,0.9997535798197421,1.0,-0.0004800080461371259,-0.0006792704120950344,-9.138599976049601e-07,-0.016264554571392916,-0.016944738843485557,0.00012386231232125455,-2.7755575615628914e-17,-7.460139451419471e-05,2.342024931682085e-19,-9.783431147686279e-20,-1.9878445401033775e-06,1.0004800080461371,-2.6916698089477943e-18,-7.045870982186891e-05,0.006518665137709442,,,,0.00010293956110397299,-2.3249602053107937e-18,1.2147356923990427e-22,0.9999999947017234,0.0032986232021330357,-3.432152794115904e-17,-2.523541280970036e-22,0.0,0.0,-6.0822,,,,0.0,0.0,6.084111196701787,,,,,,,1289.060966038906,1289.060966038906,1289.060966038906,1289.060966038906,12661.585439409007,12661.585439409007,12661.585439409007,12661.585439409007,1.5210277991754468,1.5210277991754468,1.5210277991754468,1.5210277991754468,,,,
0.1,1.0005071784013904,0.006520885260759024,,,6.082530483217495,12659.940528727711,24.991061808867,1289.0598385687763,1750.0,22.200000000000003,6.0822,0.00021978885704399234,-4.639868973012307e-18,-2.3492969165993003e-22,0.0033383362733867654,2.4123451010060098e-18,,0.00012000026340802661,2.7755575615628914e-17,0.0,11.530671457730165,0.999743313908544,1.0,-0.0005071784013903624,-0.0007200120692056888,-1.013861673883528e-06,-0.016296662844273606,-0.017017688775153177,0.00012000026340802661,2.7755575615628914e-17,-7.626642017123808e-05,9.189265793728756e-19,-1.098415849398893e-19,-2.316488190740338e-06,1.0005071784013904,-2.8817456311263636e-18,-7.887447615287051e-05,0.006520885260759024,,,,0.00010989442830080093,-2.3199344854062104e-18,1.374830289692398e-22,0.9999999939616073,0.0033383362733867654,2.4123451010060098e-18,-3.2528406366888426e-22,0.0,0.0,-6.0822,,,,0.0,0.0,6.082530483217495,,,,,,,1289.0598385687763,1289.0598385687763,1289.0598385687763,1289.0598385687763,12659.940528727711,12659.940528727711,12659.940528727711,12659.940528727711,1.5206326208043737,1.5206326208043737,1.5206326208043737,1.5206326208043737,,,,
0.10416666666666667,1.000534317327971,0.0065133423793469316,,,6.081077766125623,12658.428624242462,24.991007067448344,1289.0593550777394,1750.0,22.200000000000003,6.0822,0.00023382495217999502,-4.480222279412002e-18,-2.0044947453332533e-22,0.003368662832640641,3.8315207355778846e-17,,0.00011600971520714376,2.7755575615628914e-17,0.0,11.530632884598285,0.999733048031688,1.0,-0.0005343173279710456,-0.0007607676020855436,-1.1195238408398534e-06,-0.01630221315189756,-0.017064100277823943,0.00011600971520714376,2.7755575615628914e-17,-7.775616831993493e-05,1.8374654663049516e-19,-1.2263894027125178e-19,-2.682557724023231e-06,1.000534317327971,-3.071365279526999e-18,-8.785668798789431e-05,0.0065133423793469316,,,,0.00011691247582366062,-2.2401111361140135e-18,1.616722028814903e-22,0.9999999931657365,0.003368662832640641,3.8315207355778846e-17,-4.1490140564382057e-22,0.0,0.0,-6.0822,,,,0.0,0.0,6.081077766125623,,,,,,,1289.0593550777394,1289.0593550777394,1289.0593550777394,1289.0593550777394,12658.428624242462,12658.428624242462,12658.428624242462,12658.428624242462,1.5202694415314058,1.5202694415314058,1.5202694415314058,1.5202694415314058,,,,
0.10833333333333334,1.000561387488537,0.0064968385358275165,,,6.079744394286612,12657.040768485844,24.990951473979493,1289.0594648873066,1750.0,22.200000000000003,6.0822,0.00024794740621014944,-4.174369949454274e-18,-1.289670044060822e-22,0.0033893889672370757,7.340456119336608e-17,,0.00011189494089730578,2.7755575615628914e-17,0.0,11.530641645249172,0.9997227821470324,1.0,-0.0005613874885370684,-0.0008014759919565684,-1.2308399508338214e-06,-0.01628335594836733,-0.01708606278027473,0.00011189494089730578,2.7755575615628914e-17,-7.906450426181256e-05,-5.422930331449768e-19,-1.36199025380525e-19,-3.088434490989664e-06,1.000561387488537,-3.2544204262255743e-18,-9.741042407194389e-05,0.0064968385358275165,,,,0.00012397370278750618,-2.0871849666819227e-18,1.9427254801186848e-22,0.9999999923152605,0.0033893889672370757,7.340456119336608e-17,-5.263512949465517e-22,0.0,0.0,-6.0822,,,,0.0,0.0,6.079744394286612,,,,,,,1289.0594648873066,1289.0594648873066,1289.0594648873066,1289.0594648873066,12657.040768485844,12657.040768485844,12657.040768485844,12657.040768485844,1.519936098571653,1.519936098571653,1.519936098571653,1.519936098571653,,,,
0.1125,1.0005883546610714,0.006472121408256656,,,6.078522278264897,12655.768580978698,24.99089509614408,1289.0601207191687,1750.0,22.200000000000003,6.0822,0.0002621153061947779,-3.870771338436372e-18,-5.431498081826449e-23,0.003400295996310817,7.286366884460875e-17,,0.0001076603466823034,0.0,0.0,11.530693967844893,0.9997125162157932,1.0,-0.000588354661071433,-0.0008420812328056027,-1.3477956776123772e-06,-0.01624209633956879,-0.017085525368052006,0.0001076603466823034,0.0,-8.018514965524899e-05,-1.259372726394608e-18,-1.5046962796711342e-19,-3.5365142658258215e-06,1.0005883546610714,-3.42494462078122e-18,-0.00010753914596067783,0.006472121408256656,,,,0.00013105765272221223,-1.935385656156186e-18,2.264896127440411e-22,0.9999999914119458,0.003400295996310817,7.286366884460875e-17,-6.6603444232382045e-22,0.0,0.0,-6.0822,,,,0.0,0.0,6.078522278264897,,,,,,,1289.0601207191687,1289.0601207191687,1289.0601207191687,1289.0601207191687,12655.768580978698,12655.768580978698,12655.768580978698,12655.768580978698,1.5196305695662242,1.5196305695662242,1.5196305695662242,1.5196305695662242,,,,
0.11666666666666667,1.0006151875270775,0.006439887841422305,,,6.0774038540273425,12654.604221547926,24.99083799707134,1289.061278475414,1750.0,22.200000000000003,6.0822,0.0002762868091055266,-3.714136223165966e-18,-1.5641615571202398e-23,0.003401160698579697,3.759242880168345e-17,,0.00010331046707140468,-2.7755575615628914e-17,0.0,11.530786334510028,0.9997022502023187,1.0,-0.0006151875270774543,-0.0008825319916071495,-1.4703695653355925e-06,-0.01618030352064164,-0.017064305881814127,0.00010331046707140468,-2.7755575615628914e-17,-8.111168523595525e-05,-1.2637348099703564e-18,-1.6539895142984108e-19,-4.029200350972992e-06,1.0006151875270775,-3.583037631054639e-18,-0.00011824466043532095,0.006439887841422305,,,,0.00013814340411338438,-1.8570680949436032e-18,2.48720902893511e-22,0.9999999904582,0.003401160698579697,3.759242880168345e-17,-8.383138418242253e-22,0.0,0.0,-6.0822,,,,0.0,0.0,6.0774038540273425,,,,,,,1289.061278475414,1289.061278475414,1289.061278475414,1289.061278475414,12654.604221547926,12654.604221547926,12654.604221547926,12654.604221547926,1.5193509635068356,1.5193509635068356,1.5193509635068356,1.5193509635068356,,,,
0.12083333333333333,1.0006418574735352,0.006400787149854331,,,6.0763820490131755,12653.540355963962,24.99078023563143,1289.062897032856,1750.0,22.200000000000003,6.0822,0.0002904191240311219,-3.700341881706971e-18,-1.608250656679055e-23,0.0033917555821428554,3.3106417872999906e-18,,9.884996002468283e-05,-2.7755575615628914e-17,0.0,11.530915464861796,0.9996919840738778,1.0,-0.000641857473535179,-0.0009227812906161814,-1.598533633476729e-06,-0.016099719603555763,-0.01702409942780542,9.884996002468283e-05,-2.7755575615628914e-17,-8.183755442687027e-05,-5.661417648753707e-19,-1.8096023361341657e-19,-4.568896521969997e-06,1.0006418574735352,-3.734707724058119e-18,-0.00012952708103928116,0.006400787149854331,,,,0.00014520956150525057,-1.8501709225149695e-18,2.606212578324744e-22,0.9999999894570916,0.0033917555821428554,3.3106417872999906e-18,-1.0438940399721757e-21,0.0,0.0,-6.0822,,,,0.0,0.0,6.0763820490131755,,,,,,,1289.062897032856,1289.062897032856,1289.062897032856,1289.062897032856,12653.540355963962,12653.540355963962,12653.540355963962,12653.540355963962,1.5190955122532939,1.5190955122532939,1.5190955122532939,1.5190955122532939,,,,
0.125,1.000668338407734,0.006355424207683158,,,6.0754502504165915,12652.570123751912,24.990721866711628,1289.0649380505547,1750.0,22.200000000000003,6.0822,0.00030446849568202723,-3.680170780207427e-18,-1.5425715640793802e-23,0.0033718491962172786,4.841064192665228e-18,,9.428360196483965e-05,0.0,0.0,11.531078300603603,0.999681717800462,1.0,-0.0006683384077339483,-0.0009627862103027685,-1.7322539404632247e-06,-0.016001967874635828,-0.01696648633887906,9.428360196483965e-05,0.0,-8.23560678444132e-05,1.1880425833934875e-19,-1.9715103086453658e-19,-5.157999808642901e-06,1.000668338407734,-3.8857913402688e-18,-0.00014138478880149703,0.006355424207683158,,,,0.0001522342472530021,-1.8400853699556404e-18,2.7241115651266243e-22,0.9999999884123669,0.0033718491962172786,4.841064192665228e-18,-1.2823147904783564e-21,0.0,0.0,-6.0822,,,,0.0,0.0,6.0754502504165915,,,,,,,1289.0649380505547,1289.0649380505547,1289.0649380505547,1289.0649380505547,12652.570123751912,12652.570123751912,12652.570123751912,12652.570123751912,1.5188625626041479,1.5188625626041479,1.5188625626041479,1.5188625626041479,,,,
0.12916666666666665,1.0006946065841473,0.006304362339223557,,,6.074602275534259,12651.687108039472,24.99066294147481,1289.067365789687,1750.0,22.200000000000003,6.0822,0.0003183901893685644,-3.508132451961364e-18,3.1665478719358366e-23,0.0033412064847689158,4.1289200296844566e-17,,8.961628266251909e-05,2.7755575615628914e-17,0.0,11.531271991113243,0.999671451354601,1.0,-0.0006946065841473281,-0.0010025076116009224,-1.8714911087411307e-06,-0.015888560519207895,-0.01689293962191756,8.961628266251909e-05,2.7755575615628914e-17,-8.266040870844694e-05,8.718725515706681e-20,-2.1396782421747502e-19,-5.798893109544161e-06,1.0006946065841473,-4.0360304047052264e-18,-0.00015381439221630243,0.006304362339223557,,,,0.00015919509401186657,-1.754066201233469e-18,2.9507147690708867e-22,0.999999987328461,0.0033412064847689158,4.1289200296844566e-17,-1.5567817229518652e-21,0.0,0.0,-6.0822,,,,0.0,0.0,6.074602275534259,,,,,,,1289.067365789687,1289.067365789687,1289.067365789687,1289.067365789687,12651.687108039472,12651.687108039472,12651.687108039472,12651.687108039472,1.5186505688835648,1.5186505688835648,1.5186505688835648,1.5186505688835648,,,,
0.13333333333333333,1.0007206404425775,0.006248126023236164,,,6.07383234404029,12650.885307313261,24.990603507601136,1289.0701469449673,1750.0,22.200000000000003,6.0822,0.0003321384776269584,-3.1875489442626708e-18,1.2812206508888968e-22,0.003299589182014548,7.694004530801684e-17,,8.485299999999585e-05,2.7755575615628914e-17,0.0,11.53149387996033,0.9996611847111894,1.0,-0.0007206404425774693,-0.0010419098762209922,-2.016200813771824e-06,-0.015760905848058893,-0.016804831925093657,8.485299999999585e-05,2.7755575615628914e-17,-8.274363916380655e-05,-6.503773833388232e-19,-2.313812743584022e-19,-6.493937636854997e-06,1.0007206404425775,-4.1792280338225194e-18,-0.0001668106865546007,0.006248126023236164,,,,0.00016606923805014215,-1.5937744395154218e-18,3.2873794387169387e-22,0.999999986210504,0.003299589182014548,7.694004530801684e-17,-1.876271485505423e-21,0.0,0.0,-6.0822,,,,0.0,0.0,6.07383234404029,,,,,,,1289.0701469449673,1289.0701469449673,1289.0701469449673,1289.0701469449673,12650.885307313261,12650.885307313261,12650.885307313261,12650.885307313261,1.5184580860100725,1.5184580860100725,1.5184580860100725,1.5184580860100725,,,,
0.1375,1.0007464204568397,0.006187203422959677,,,6.073135052060743,12650.1591089633,24.990543609514287,1289.07325048688,1750.0,22.200000000000003,6.0822,0.00034566662866774927,-2.866819626569386e-18,2.2743599757454636e-22,0.0032467562497898073,7.697503990435234e-17,,7.99988546198449e-05,0.0,0.0,11.531741492292955,0.9996509178473252,1.0,-0.0007464204568397026,-0.001080960663866204,-2.166334239308797e-06,-0.01562031505809041,-0.016703442056195922,7.99988546198449e-05,0.0,-8.259870752163888e-05,-1.3794234589472034e-18,-2.4933679478095324e-19,-7.245465189298214e-06,1.0007464204568397,-4.30932490141225e-18,-0.0001803666125863721,0.006187203422959677,,,,0.00017283331347341376,-1.4334097722214882e-18,3.6145896468411867e-22,0.9999999850643227,0.0032467562497898073,7.697503990435234e-17,-2.2516933854033026e-21,0.0,0.0,-6.0822,,,,0.0,0.0,6.073135052060743,,,,,,,1289.07325048688,1289.07325048688,1289.07325048688,1289.07325048688,12650.1591089633,12650.1591089633,12650.1591089633,12650.1591089633,1.5182837630151857,1.5182837630151857,1.5182837630151857,1.5182837630151857,,,,
0.14166666666666666,1.0007719289933115,0.006122048753206059,,,6.072505347928578,12649.50326450286,24.990483288592994,1289.076647514025,1750.0,22.200000000000003,6.0822,0.00035892689682104627,-2.4003200918380227e-18,3.805780091646811e-22,0.0031824643567912856,1.1195989433685268e-16,,7.505904446231115e-05,2.7755575615628914e-17,0.0,11.532012523036792,0.9996406507421587,1.0,-0.0007719289933114659,-0.001119630685259554,-2.321838501150402e-06,-0.015468008557399193,-0.0165899610811599,7.505904446231115e-05,2.7755575615628914e-17,-8.221845642918361e-05,-1.3961598167585774e-18,-2.677797921299279e-19,-8.055770250964778e-06,1.0007719289933115,-4.426319363753912e-18,-0.00019447321479997508,0.006122048753206059,,,,0.0001794634474471894,-1.2001599924422357e-18,4.0567386084701215e-22,0.9999999838964354,0.0031824643567912856,1.1195989433685268e-16,-2.6890249011474165e-21,0.0,0.0,-6.0822,,,,0.0,0.0,6.072505347928578,,,,,,,1289.076647514025,1289.076647514025,1289.076647514025,1289.076647514025,12649.50326450286,12649.50326450286,12649.50326450286,12649.50326450286,1.5181263369821445,1.5181263369821445,1.5181263369821445,1.5181263369821445,,,,
0.14583333333333334,1.0007971501787076,0.006053084495065517,,,6.071938509508101,12648.912866357983,24.990422583369085,1289.0803111149298,1750.0,22.200000000000003,6.0822,0.0003718705151531975,-1.9363854619739513e-18,5.3675628127620845e-22,0.0031064683997163453,1.1134431743117979e-16,,7.003885919998343e-05,0.0,0.0,11.532304825854034,0.999630383376751,1.0,-0.0007971501787076285,-0.0011578934899671989,-2.482657041423624e-06,-0.015305121883015147,-0.01646549803002377,7.003885919998343e-05,0.0,-8.159563197687802e-05,-2.1191818821451524e-18,-2.866309042367582e-19,-8.927101914336973e-06,1.0007971501787076,-4.524266905639266e-18,-0.00020911959920932673,0.006053084495065517,,,,0.00018593525650524229,-9.681926643498764e-19,4.483992997815048e-22,0.9999999827140401,0.0031064683997163453,1.1134431743117979e-16,-3.2022835097698682e-21,0.0,0.0,-6.0822,,,,0.0,0.0,6.071938509508101,,,,,,,1289.0803111149298,1289.0803111149298,1289.0803111149298,1289.0803111149298,12648.912866357983,12648.912866357983,12648.912866357983,12648.912866357983,1.5179846273770252,1.5179846273770252,1.5179846273770252,1.5179846273770252,,,,
0.15,1.0008220697764914,0.005980703468073582,,,6.071430122985588,12648.383326127627,24.990361529712654,1289.0842162387207,1750.0,22.200000000000003,6.0822,0.00038444769042957164,-1.3293322494278819e-18,7.504888212810262e-22,0.0030185220663297616,1.4569277999264705e-16,,6.494367457293704e-05,2.7755575615628914e-17,0.0,11.532616402813051,0.9996201157339423,1.0,-0.000822069776491352,-0.0011957252680614427,-2.6487299953210465e-06,-0.015132711237663792,-0.016331085235720556,6.494367457293704e-05,2.7755575615628914e-17,-8.072289375198678e-05,-2.1300670755248985e-18,-3.0581122296877776e-19,-9.861655626194662e-06,1.0008220697764914,-4.603276495684702e-18,-0.00022429289084584532,0.005980703468073582,,,,0.00019222384403100708,-6.64666040303309e-19,5.030090811975778e-22,0.9999999815249967,0.0030185220663297616,1.4569277999264705e-16,-3.799240322223286e-21,0.0,0.0,-6.0822,,,,0.0,0.0,6.071430122985588,,,,,,,1289.0842162387207,1289.0842162387207,1289.0842162387207,1289.0842162387207,12648.383326127627,12648.383326127627,12648.383326127627,12648.383326127627,1.517857530746397,1.517857530746397,1.517857530746397,1.517857530746397,,,,
0.15416666666666667,1.0008466750713623,0.005905270769045025,,,6.070976063029757,12647.910354221596,24.990300161005422,1289.0883395740832,1750.0,22.200000000000003,6.0822,0.0003966076005983008,-7.274423163323907e-19,9.668039999285318e-22,0.002918378440494979,1.444535932028601e-16,,5.977894663256045e-05,0.0,0.0,11.532945394722661,0.9996098477982276,1.0,-0.0008466750713622684,-0.001233104664737028,-2.819994532090078e-06,-0.014951758670183956,-0.016187683329453074,5.977894663256045e-05,0.0,-7.959282584807381e-05,-2.847388987381547e-18,-3.252175257374817e-19,-1.086156475551963e-05,1.0008466750713623,-4.657512664488944e-18,-0.00023997819103799227,0.005905270769045025,,,,0.00019830379899945413,-3.637210551541847e-19,5.555292779003576e-22,0.9999999803378015,0.002918378440494979,1.444535932028601e-16,-4.4974776728342036e-21,0.0,0.0,-6.0822,,,,0.0,0.0,6.070976063029757,,,,,,,1289.0883395740832,1289.0883395740832,1289.0883395740832,1289.0883395740832,12647.910354221596,12647.910354221596,12647.910354221596,12647.910354221596,1.5177440157574393,1.5177440157574393,1.5177440157574393,1.5177440157574393,,,,
0.15833333333333333,1.0008709547613046,0.005827125586175972,,,6.070572474232286,12647.489940789235,24.990238508302884,1289.09265943598,1750.0,22.200000000000003,6.0822,0.0004082983949700025,-1.3012620959941832e-19,1.1850840824807707e-21,0.002805790649208449,1.4335587509056183e-16,,5.4550205898729054e-05,0.0,0.0,11.533290072087922,0.999599579555642,1.0,-0.0008709547613046098,-0.0012700126070434026,-2.996385171957217e-06,-0.014763176922612564,-0.016036185914827923,5.4550205898729054e-05,0.0,-7.819794883981462e-05,-2.852699748240583e-18,-3.4474748410170244e-19,-1.1928891982966915e-05,1.0008709547613046,-4.687190007412973e-18,-0.00025615853458734817,0.005827125586175972,,,,0.00020414919606695048,-6.506298247691372e-20,6.058246094312096e-22,0.9999999791615527,0.002805790649208449,1.4335587509056183e-16,-5.306780739662342e-21,0.0,0.0,-6.0822,,,,0.0,0.0,6.070572474232286,,,,,,,1289.09265943598,1289.09265943598,1289.09265943598,1289.09265943598,12647.489940789235,12647.489940789235,12647.489940789235,12647.489940789235,1.5176431185580714,1.5176431185580714,1.5176431185580714,1.5176431185580714,,,,
0.1625,1.0008948988567066,0.005746582896452726,,,6.0702157537446615,12647.11833785737,24.990176600486066,1289.097155659635,1750.0,22.200000000000003,6.0822,0.0004194671972686554,4.63195857184255e-19,1.4046617469524457e-21,0.002680512551676675,1.4239730564362653e-16,,4.926305143815313e-05,0.0,0.0,11.533648826647793,0.9995893109936526,1.0,-0.0008948988567065719,-0.0013064321419569147,-3.177834080562344e-06,-0.01456781396543993,-0.015877423941477408,4.926305143815313e-05,0.0,-7.653073273266911e-05,-2.8606111913312654e-18,-3.6429956083410366e-19,-1.3065620511951848e-05,1.0008948988567066,-4.692498415776294e-18,-0.0002728148469563843,0.005746582896452726,,,,0.0002097335970966944,2.31598070800722e-19,6.537569913853234e-22,0.9999999780059089,0.002680512551676675,1.4239730564362653e-16,-6.237154397769185e-21,0.0,0.0,-6.0822,,,,0.0,0.0,6.0702157537446615,,,,,,,1289.097155659635,1289.097155659635,1289.097155659635,1289.097155659635,12647.11833785737,12647.11833785737,12647.11833785737,12647.11833785737,1.5175539384361654,1.5175539384361654,1.5175539384361654,1.5175539384361654,,,,
0.16666666666666666,1.0009184985860977,0.00566393505388088,,,6.069902535033261,12646.792042601075,24.990114464403494,1289.1018095013096,1750.0,22.200000000000003,6.0822,0.0004300601117289411,1.1982317053603603e-18,1.6864666227729433e-21,0.002542299470468611,1.764086163770148e-16,,4.392314486817428e-05,2.7755575615628914e-17,0.0,11.534020163456542,0.9995790421010569,1.0,-0.0009184985860977157,-0.0013423482850598578,-3.3642713423762132e-06,-0.014366457241131815,-0.01571216979753405,4.392314486817428e-05,2.7755575615628914e-17,-7.458361089696627e-05,-2.8711059057317434e-18,-3.8377290893084086e-19,-1.427364510190783e-05,1.0009184985860977,-4.673603543216928e-18,-0.0002899259015894356,0.00566393505388088,,,,0.00021503005420737996,5.99116020149748e-19,7.144053776134728e-22,0.9999999768810377,0.002542299470468611,1.764086163770148e-16,-7.298796785324849e-21,0.0,0.0,-6.0822,,,,0.0,0.0,6.069902535033261,,,,,,,1289.1018095013096,1289.1018095013096,1289.1018095013096,1289.1018095013096,12646.792042601075,12646.792042601075,12646.792042601075,12646.792042601075,1.5174756337583153,1.5174756337583153,1.5174756337583153,1.5174756337583153,,,,
0.17083333333333334,1.0009417463080792,0.005579453275558365,,,6.069629672679763,12646.507781675671,24.990052125004066,1289.106603545445,1750.0,22.200000000000003,6.0822,0.0004400222324154857,1.926710594086959e-18,1.967901763529229e-21,0.002390908964770645,1.748349461350138e-16,,3.853620429450366e-05,0.0,0.0,11.534402693474478,0.9995687728678896,1.0,-0.0009417463080791943,-0.0013777478791465736,-3.5556252144799044e-06,-0.0141598376347022,-0.015541141139063254,3.853620429450366e-05,0.0,-7.234899499581929e-05,-3.5880839128083145e-18,-4.0304260485342837e-19,-1.555476292480295e-05,1.0009417463080792,-4.624727021421003e-18,-0.00030746827749482907,0.005579453275558365,,,,0.00022001111443280716,9.633554902080554e-19,7.72001985453313e-22,0.9999999757975544,0.002390908964770645,1.748349461350138e-16,-8.515964510631509e-21,0.0,0.0,-6.0822,,,,0.0,0.0,6.069629672679763,,,,,,,1289.106603545445,1289.106603545445,1289.106603545445,1289.106603545445,12646.507781675671,12646.507781675671,12646.507781675671,12646.507781675671,1.5174074181699408,1.5174074181699408,1.5174074181699408,1.5174074181699408,,,,
0.175,1.0009646354290465,0.0054933890321591725,,,6.069394228158926,12646.262496542864,24.98998960546138,1289.1115216177561,1750.0,22.200000000000003,6.0822,0.0004492976559394769,2.6492195155368534e-18,2.2479175513917564e-21,0.0022261016457579648,1.7340215388867953e-16,,3.3107998188119936e-05,0.0,0.0,11.534795126634522,0.9995585032853338,1.0,-0.0009646354290464565,-0.0014126194621187915,-3.751822361996403e-06,-0.013948633188895913,-0.0153650044733767,3.3107998188119936e-05,0.0,-6.98192909161872e-05,-3.5930344524046244e-18,-4.219848486511669e-19,-1.6910664246564053e-05,1.0009646354290465,-4.546138511457249e-18,-0.0003254163172226643,0.0054933890321591725,,,,0.00022464882608017617,1.3246099768398425e-18,8.263867202373872e-22,0.9999999747664522,0.0022261016457579648,1.7340215388867953e-16,-9.901201419094257e-21,0.0,0.0,-6.0822,,,,0.0,0.0,6.069394228158926,,,,,,,1289.1115216177561,1289.1115216177561,1289.1115216177561,1289.1115216177561,12646.262496542864,12646.262496542864,12646.262496542864,12646.262496542864,1.5173485570397316,1.5173485570397316,1.5173485570397316,1.5173485570397316,,,,
0.17916666666666667,1.0009871603263338,0.00540597534896776,,,6.069193456530244,12646.053329728164,24.98992692729006,1289.116548703903,1750.0,22.200000000000003,6.0822,0.00045782949774814536,3.3663218743959728e-18,2.5253889687692002e-21,0.0020476420340803697,1.7210457862826404e-16,,2.7644339207877344e-05,0.0,0.0,11.535196265354964,0.9995482333456389,1.0,-0.0009871603263338358,-0.0014469531435696847,-3.952788076381081e-06,-0.013733472580397931,-0.015184378512043998,2.7644339207877344e-05,0.0,-6.698691571213315e-05,-3.600504053550433e-18,-4.404768619870015e-19,-1.8342922935644747e-05,1.0009871603263338,-4.4380832006003e-18,-0.00034374208537936657,0.00540597534896776,,,,0.000228914746874809,1.683161182146907e-18,8.773940914125225e-22,0.999999973799019,0.0020476420340803697,1.7210457862826404e-16,-1.1467226606133868e-20,0.0,0.0,-6.0822,,,,0.0,0.0,6.069193456530244,,,,,,,1289.116548703903,1289.116548703903,1289.116548703903,1289.116548703903,12646.053329728164,12646.053329728164,12646.053329728164,12646.053329728164,1.517298364132561,1.517298364132561,1.517298364132561,1.517298364132561,,,,
0.18333333333333332,1.0010093162764304,0.005317428023205562,,,6.06902479398419,12645.87761195067,24.9898641104546,1289.1216708733773,1750.0,22.200000000000003,6.0822,0.00046555991216248963,4.0785540276023934e-18,2.7991106613998606e-21,0.0018552994594426687,1.709357288816719e-16,,2.215107797687299e-05,0.0,0.0,11.535604998468665,0.9995379630420435,1.0,-0.0010093162764304164,-0.0014807404895007537,-4.158446477700631e-06,-0.013514938372419398,-0.014999837308397853,2.215107797687299e-05,0.0,-6.384431556901467e-05,-3.6104076662850794e-18,-4.583967904271131e-19,-1.9852986801589863e-05,1.0010093162764304,-4.300782825626797e-18,-0.0003624153278268274,0.005317428023205562,,,,0.00023277995397898935,2.0392772843389726e-18,9.248524833583691e-22,0.9999999729067461,0.0018552994594426687,1.709357288816719e-16,-1.3226913286765834e-20,0.0,0.0,-6.0822,,,,0.0,0.0,6.06902479398419,,,,,,,1289.1216708733773,1289.1216708733773,1289.1216708733773,1289.1216708733773,12645.87761195067,12645.87761195067,12645.87761195067,12645.87761195067,1.5172561984960475,1.5172561984960475,1.5172561984960475,1.5172561984960475,,,,
0.1875,1.001031099387943,0.005227946763019441,,,6.068885846187755,12645.73285007005,24.989801173471225,1289.126875208276,1750.0,22.200000000000003,6.0822,0.0004724301163384595,4.78642194739554e-18,3.0677919033485376e-21,0.0016488490022327402,1.6988831230912457e-16,,1.6634096816736665e-05,0.0,0.0,11.536020295542878,0.9995276923687034,1.0,-0.0010310993879429908,-0.0015139744146456247,-4.3687207019569675e-06,-0.013293570058013906,-0.014811913193361488,1.6634096816736665e-05,0.0,-6.038398479697786e-05,-3.622642279013558e-18,-4.7562361055525e-19,-2.144216776709279e-05,1.001031099387943,-4.1344368307528716e-18,-0.00038140343172070215,0.005227946763019441,,,,0.00023621505597252603,2.3932112692594296e-18,9.68583444774366e-22,0.9999999721012233,0.0016488490022327402,1.6988831230912457e-16,-1.51932721346244e-20,0.0,0.0,-6.0822,,,,0.0,0.0,6.068885846187755,,,,,,,1289.126875208276,1289.126875208276,1289.126875208276,1289.126875208276,12645.73285007005,12645.73285007005,12645.73285007005,12645.73285007005,1.5172214615469388,1.5172214615469388,1.5172214615469388,1.5172214615469388,,,,
0.19166666666666665,1.0010525065389977,0.005137716253154013,,,6.068774377377541,12645.61671579899,24.989738133503224,1289.1321497366457,1750.0,22.200000000000003,6.0822,0.0004783804183264826,5.3452571658232806e-18,3.261050790250955e-21,0.0014280724771255358,1.3412045931687226e-16,,1.1099303449169096e-05,-2.7755575615628914e-17,0.0,11.536441201564106,0.9995174213206252,1.0,-0.0010525065389976884,-0.0015466490819144862,-4.58353307444509e-06,-0.013069866907548602,-0.014621099522537533,1.1099303449169096e-05,-2.7755575615628914e-17,-5.659848586157778e-05,-3.637087343552268e-18,-4.920370424545657e-19,-2.3111631877714607e-05,1.0010525065389977,-3.939223655835748e-18,-0.0004006713865492367,0.005137716253154013,,,,0.0002391902068824847,2.6726288964641925e-18,9.91258764816027e-22,0.9999999713940221,0.0014280724771255358,1.3412045931687226e-16,-1.737943952181392e-20,0.0,0.0,-6.0822,,,,0.0,0.0,6.068774377377541,,,,,,,1289.1321497366457,1289.1321497366457,1289.1321497366457,1289.1321497366457,12645.61671579899,12645.61671579899,12645.61671579899,12645.61671579899,1.5171935943443853,1.5171935943443853,1.5171935943443853,1.5171935943443853,,,,
0.19583333333333333,1.0010735353187976,0.00504690715200566,,,6.06868830015217,12645.527035132676,24.98967500645009,1289.137483370107,1750.0,22.200000000000003,6.0822,0.0004833502494037996,5.7591763853778896e-18,3.3776894428315877e-21,0.0011927594585560896,9.934061466886628e-17,,5.552624669336037e-06,-2.7755575615628914e-17,0.0,11.53686683196465,0.9995071498936023,1.0,-0.0010735353187976138,-0.0015787598084965326,-4.802805270069609e-06,-0.012844290632885032,-0.014427853246651634,5.552624669336037e-06,-2.7755575615628914e-17,-5.248047045883485e-05,-2.9496720446286093e-18,-5.075421324693868e-19,-2.4862389154134763e-05,1.0010735353187976,-3.721221603557082e-18,-0.0004201817463408376,0.00504690715200566,,,,0.00024167512234931873,2.8795885167468394e-18,9.929198433119761e-22,0.9999999707965672,0.0011927594585560896,9.934061466886628e-17,-1.977618166520297e-20,0.0,0.0,-6.0822,,,,0.0,0.0,6.06868830015217,,,,,,,1289.137483370107,1289.137483370107,1289.137483370107,1289.137483370107,12645.527035132676,12645.527035132676,12645.527035132676,12645.527035132676,1.5171720750380424,1.5171720750380424,1.5171720750380424,1.5171720750380424,,,,
0.2,1.0010941839730663,0.0049556770244523415,,,6.068625665918864,12645.461778449922,24.989611807031007,1289.1428658454893,1750.0,22.200000000000003,6.0822,0.00048727820085346765,6.177342813408128e-18,3.487423320817051e-21,0.0009427083479203087,1.0035994368973686e-16,,0.0,0.0,0.0,11.53729636796928,0.9994968780841579,1.0,-0.001094183973066265,-0.0016103029781964207,-5.026458461485778e-06,-0.01261726788001415,-0.014232597316672056,0.0,0.0,-4.802270164131178e-05,-2.2747711126462203e-18,-5.220685516886248e-19,-2.6695283292532537e-05,1.0010941839730663,-3.4863406126171264e-18,-0.00043989459321546603,0.0049556770244523415,,,,0.00024363909801633051,3.0886717398686158e-18,9.911904930569448e-22,0.9999999703199945,0.0009427083479203087,1.0035994368973686e-16,-2.2369978311651825e-20,0.0,0.0,-6.0822,,,,0.0,0.0,6.068625665918864,,,,,,,1289.1428658454893,1289.1428658454893,1289.1428658454893,1289.1428658454893,12645.461778449922,12645.461778449922,12645.461778449922,12645.461778449922,1.517156416479716,1.517156416479716,1.517156416479716,1.517156416479716,,,,
0.20416666666666666,1.001114451353127,0.0048641712145703255,,,6.068584655952049,12645.419051243422,24.9895485488629,1289.148287670214,1750.0,22.200000000000003,6.0822,0.0004901020653631238,6.600002526753522e-18,3.589103040559857e-21,0.0006777274823175068,1.0143833101584585e-16,,-5.552624669391548e-06,0.0,0.0,11.53772905224111,0.9994866058894889,1.0,-0.0011144513531269329,-0.0016412759595993975,-5.254413455874583e-06,-0.012389192561130854,-0.014035722934186127,-5.552624669391548e-06,0.0,-4.3218077001079556e-05,-2.3160660144651436e-18,-5.355452471826702e-19,-2.8610981219456786e-05,1.001114451353127,-3.234406918570882e-18,-0.0004597675024618194,0.0048641712145703255,,,,0.00024505103022900916,3.300001604050908e-18,9.858827570510042e-22,0.9999999699749959,0.0006777274823175068,1.0143833101584585e-16,-2.5168779780403964e-20,0.0,0.0,-6.0822,,,,0.0,0.0,6.068584655952049,,,,,,,1289.148287670214,1289.148287670214,1289.148287670214,1289.148287670214,12645.419051243422,12645.419051243422,12645.419051243422,12645.419051243422,1.5171461639880122,1.5171461639880122,1.5171461639880122,1.5171461639880122,,,,
0.20833333333333334,1.0011343368683856,0.004772523662083929,,,6.0685635730245995,12645.397085439277,24.9894852445335,1289.15374007119,1750.0,22.200000000000003,6.0822,0.0004917588832156482,7.172501699579633e-18,3.752741099688182e-21,0.00039763628460584083,1.3739980420110943e-16,,-1.1099303449169096e-05,2.7755575615628914e-17,0.0,11.538164184807707,0.9994763333074155,1.0,-0.0011343368683855992,-0.0016716770296903993,-5.486590821109361e-06,-0.012160428036425815,-0.013837591656937324,-1.1099303449169096e-05,2.7755575615628914e-17,-3.805965291450633e-05,-2.3587667466545932e-18,-5.479003997561234e-19,-3.060996250832825e-05,1.0011343368683856,-2.9652366176287965e-18,-0.0004797555093291514,0.004772523662083929,,,,0.0002458794391303142,3.58625120274431e-18,9.945851455975727e-22,0.9999999697716503,0.00039763628460584083,1.3739980420110943e-16,-2.818061753932539e-20,0.0,0.0,-6.0822,,,,0.0,0.0,6.0685635730245995,,,,,,,1289.15374007119,1289.15374007119,1289.15374007119,1289.15374007119,12645.397085439277,12645.397085439277,12645.397085439277,12645.397085439277,1.5171408932561499,1.5171408932561499,1.5171408932561499,1.5171408932561499,,,,
0.2125,1.0011538404419946,0.004680857666146794,,,6.068560833574861,12645.394231268498,24.989421905669712,1289.1592149469998,1750.0,22.200000000000003,6.0822,0.0004921849934426822,7.746181739077474e-18,3.9039613405812415e-21,0.00010226645448813251,1.3768321067237636e-16,,-1.6634096816736665e-05,0.0,0.0,11.538601119249602,0.9994660603363336,1.0,-0.0011538404419946247,-0.0017015053025783988,-5.722911002023028e-06,-0.011931309155209823,-0.013638537368790246,-1.6634096816736665e-05,0.0,-3.2540669852899227e-05,-3.1066211690011702e-18,-5.590367247974016e-19,-3.2692508665534327e-05,1.0011538404419946,-2.6727180099067757e-18,-0.0004998110777294581,0.004680857666146794,,,,0.0002460924942373853,3.8730912326264e-18,9.988420186903346e-22,0.9999999697192417,0.00010226645448813251,1.3768321067237636e-16,-3.1443419288322444e-20,0.0,0.0,-6.0822,,,,0.0,0.0,6.068560833574861,,,,,,,1289.1592149469998,1289.1592149469998,1289.1592149469998,1289.1592149469998,12645.394231268498,12645.394231268498,12645.394231268498,12645.394231268498,1.5171402083937153,1.5171402083937153,1.5171402083937153,1.5171402083937153,,,,
0.21666666666666667,1.0011729624694938,0.00458928659982196,,,6.068574960375061,12645.4089496555,24.9893585430015,1289.1647048231607,1750.0,22.200000000000003,6.0822,0.0004913160901105613,8.321217204593678e-18,4.041032765398795e-21,-0.00020853679970900935,1.3800851121456814e-16,,-2.215107797687299e-05,0.0,0.0,11.539039259134261,0.9994557869751698,1.0,-0.0011729624694938323,-0.001730760662991937,-5.9632944274385745e-06,-0.011702144165366985,-0.01343886812278636,-2.215107797687299e-05,0.0,-2.665457876189676e-05,-3.140973300401401e-18,-5.688567334602333e-19,-3.4858692294920233e-05,1.0011729624694938,-2.3568020790795874e-18,-0.0005198840710526171,0.00458928659982196,,,,0.0002456580425844571,4.1606089731109945e-18,9.984293565321668e-22,0.9999999698260627,-0.00020853679970900935,1.3800851121456814e-16,-3.4968619696165673e-20,0.0,0.0,-6.0822,,,,0.0,0.0,6.068574960375061,,,,,,,1289.1647048231607,1289.1647048231607,1289.1647048231607,1289.1647048231607,12645.4089496555,12645.4089496555,12645.4089496555,12645.4089496555,1.5171437400937653,1.5171437400937653,1.5171437400937653,1.5171437400937653,,,,
0.22083333333333333,1.0011917037802371,0.004497914578411578,,,6.068604575668902,12645.439805090864,24.9892951664218,1289.170202810271,1750.0,22.200000000000003,6.0822,0.0004890872839065601,8.897736053674223e-18,4.162110559690028e-21,-0.0005349134889602506,1.383645213996312e-16,,-2.7644339207877344e-05,0.0,0.0,11.539478054679982,0.9994455132233405,1.0,-0.001191703780237141,-0.0017594437042407485,-6.207661608583123e-06,-0.0114732164995549,-0.013238867865404232,-2.7644339207877344e-05,0.0,-2.0395068511347878e-05,-3.176231084521047e-18,-5.772627025073399e-19,-3.71083661503531e-05,1.0011917037802371,-2.0174325713055818e-18,-0.000539921725303888,0.004497914578411578,,,,0.0002445436395159302,4.448868402721247e-18,9.931128386110018e-22,0.9999999700992037,-0.0005349134889602506,1.383645213996312e-16,-3.876785312381559e-20,0.0,0.0,-6.0822,,,,0.0,0.0,6.068604575668902,,,,,,,1289.170202810271,1289.170202810271,1289.170202810271,1289.170202810271,12645.439805090864,12645.439805090864,12645.439805090864,12645.439805090864,1.5171511439172256,1.5171511439172256,1.5171511439172256,1.5171511439172256,,,,
0.225,1.001210065601423,0.0044068370845847,,,6.068648394748227,12645.485458957643,24.98923178504242,1289.1757025648508,1750.0,22.200000000000003,6.0822,0.00048543316919141106,9.620958506043945e-18,4.335953966674169e-21,-0.000876987531635784,1.7357338829338836e-16,,-3.3107998188064425e-05,2.7755575615628914e-17,0.0,11.53991699963475,0.9994352390807126,1.0,-0.0012100656014228939,-0.0017875556703557116,-6.455933229465861e-06,-0.011244786446028944,-0.013038798049614123,-3.3107998188064425e-05,2.7755575615628914e-17,-1.3756094416122995e-05,-3.2121772306763353e-18,-5.841566521348022e-19,-3.944115208693628e-05,1.001210065601423,-1.6545479105909487e-18,-0.0005598686247799629,0.0044068370845847,,,,0.00024271658221257898,4.810479637530047e-18,1.0003938363798562e-21,0.9999999705443299,-0.000876987531635784,1.7357338829338836e-16,-4.285299256694295e-20,0.0,0.0,-6.0822,,,,0.0,0.0,6.068648394748227,,,,,,,1289.1757025648508,1289.1757025648508,1289.1757025648508,1289.1757025648508,12645.485458957643,12645.485458957643,12645.485458957643,12645.485458957643,1.5171620986870566,1.5171620986870566,1.5171620986870566,1.5171620986870566,,,,
0.22916666666666666,1.0012280495245607,0.004316141553062791,,,6.068705219940645,12645.544663282522,24.989168407246446,1289.1811982527142,1750.0,22.200000000000003,6.0822,0.00048028789668183174,1.0342091576456176e-17,4.487183276277827e-21,-0.0012348654022990902,1.7307193424833198e-16,,-3.853620429450366e-05,0.0,0.0,11.540355628356837,0.9994249645475677,1.0,-0.0012280495245606815,-0.0018150984021343408,-6.708030229762298e-06,-0.01101709271146175,-0.012838899143825853,-3.853620429450366e-05,0.0,-6.731907826854876e-06,-3.9525156911699646e-18,-5.894156676504622e-19,-4.18564299223799e-05,1.0012280495245607,-1.2621637237584001e-18,-0.0005796666805064704,0.004316141553062791,,,,0.00024014394603276765,5.171046177908218e-18,1.001796232744724e-21,0.9999999711654421,-0.0012348654022990902,1.7307193424833198e-16,-4.727457436630344e-20,0.0,0.0,-6.0822,,,,0.0,0.0,6.068705219940645,,,,,,,1289.1811982527142,1289.1811982527142,1289.1811982527142,1289.1811982527142,12645.544663282522,12645.544663282522,12645.544663282522,12645.544663282522,1.5171763049851612,1.5171763049851612,1.5171763049851612,1.5171763049851612,,,,
0.23333333333333334,1.0012456574742168,0.004225907917445286,,,6.068773934981757,12645.616254884868,24.98910504073717,1289.1866845147008,1750.0,22.200000000000003,6.0822,0.0004735852519242488,1.1206307262161918e-17,4.682489940407175e-21,-0.0016086347418199022,2.0741176333567907e-16,,-4.392314486817428e-05,2.7755575615628914e-17,0.0,11.5407935130835,0.9994146896245681,1.0,-0.001245657474216788,-0.0018420742868410223,-6.96387388071244e-06,-0.010790353882656978,-0.012639392043378713,-4.392314486817428e-05,2.7755575615628914e-17,6.829132118902168e-07,-3.978543263789448e-18,-5.929171836804485e-19,-4.435332622099022e-05,1.0012456574742168,-8.403638471967063e-19,-0.0005992551116664762,0.004225907917445286,,,,0.00023679262374926778,5.603154028383992e-18,1.0144594549920124e-21,0.9999999719646262,-0.0016086347418199022,2.0741176333567907e-16,-5.204865865377258e-20,0.0,0.0,-6.0822,,,,0.0,0.0,6.068773934981757,,,,,,,1289.1866845147008,1289.1866845147008,1289.1866845147008,1289.1866845147008,12645.616254884868,12645.616254884868,12645.616254884868,12645.616254884868,1.5171934837454393,1.5171934837454393,1.5171934837454393,1.5171934837454393,,,,
0.2375,1.0012628916788902,0.004136209121592342,,,6.068853499747377,12645.699149898463,24.98904169258394,1289.192156434627,1750.0,22.200000000000003,6.0822,0.0004652587397180209,1.2209899540827713e-17,4.91511967899697e-21,-0.0019983629294946246,2.4086214655102034e-16,,-4.9263051438097616e-05,2.7755575615628914e-17,0.0,11.541230261376734,0.9994044143127258,1.0,-0.0012628916788901545,-0.0018684862113251821,-7.223385854507605e-06,-0.010564769793613215,-0.012440479390792904,-4.9263051438097616e-05,2.7755575615628914e-17,8.493432240185601e-06,-4.7085506298216775e-18,-5.945143134291127e-19,-4.693070301372389e-05,1.0012628916788902,-3.8331113967942703e-19,-0.0006185704302560811,0.004136209121592342,,,,0.00023262936776083222,6.104950176925424e-18,1.0373691676982973e-21,0.9999999729417883,-0.0019983629294946246,2.4086214655102034e-16,-5.72348544435996e-20,0.0,0.0,-6.0822,,,,0.0,0.0,6.068853499747377,,,,,,,1289.192156434627,1289.192156434627,1289.192156434627,1289.192156434627,12645.699149898463,12645.699149898463,12645.699149898463,12645.699149898463,1.5172133749368442,1.5172133749368442,1.5172133749368442,1.5172133749368442,,,,
0.24166666666666667,1.0012797546438812,0.00404711159782727,,,6.068942945322721,12645.792338642308,24.988978369265006,1289.1976095093064,1750.0,22.200000000000003,6.0822,0.0004552416746432105,1.3058876726229722e-17,5.043780408609845e-21,-0.002404095617954545,2.0375451712851668e-16,,-5.4550205898784565e-05,-2.7755575615628914e-17,0.0,11.541665513733822,0.9993941386133723,1.0,-0.0012797546438811924,-0.0018943375183352318,-7.48648828760972e-06,-0.010340522803980855,-0.012242346810603696,-5.4550205898784565e-05,-2.7755575615628914e-17,1.6704321603991445e-05,-5.427737908061793e-18,-5.940364770728348e-19,-4.958714646876411e-05,1.0012797546438812,1.146807255067037e-19,-0.0006375464292096539,0.00404711159782727,,,,0.00022762083535605206,6.529438768000449e-18,1.0356539243557284e-21,0.9999999740943774,-0.002404095617954545,2.0375451712851668e-16,-6.289948696633654e-20,0.0,0.0,-6.0822,,,,0.0,0.0,6.068942945322721,,,,,,,1289.1976095093064,1289.1976095093064,1289.1976095093064,1289.1976095093064,12645.792338642308,12645.792338642308,12645.792338642308,12645.792338642308,1.5172357363306803,1.5172357363306803,1.5172357363306803,1.5172357363306803,,,,
0.24583333333333332,1.001296249126023,0.003958675714076117,,,6.069041369387003,12645.894880818349,24.988915076707567,1289.203039620515,1750.0,22.200000000000003,6.0822,0.0004434672778443268,1.39020233836201e-17,5.135071667889177e-21,-0.002825855231732089,2.023551871904477e-16,,-5.977894663256045e-05,0.0,0.0,11.542098941352835,0.9993838625281325,1.0,-0.001296249126023108,-0.0019196319658217886,-7.753103838418302e-06,-0.010117778994568175,-0.012045164064228382,-5.977894663256045e-05,0.0,2.5319828626930376e-05,-4.72803417888182e-18,-5.913393623560061e-19,-5.232095552811231e-05,1.001296249126023,6.473075320388905e-19,-0.0006561141742435684,0.003958675714076117,,,,0.0002217336371052112,6.951012090243062e-18,1.0262626668412133e-21,0.9999999754170967,-0.002825855231732089,2.023551871904477e-16,-6.90193108361153e-20,0.0,0.0,-6.0822,,,,0.0,0.0,6.069041369387003,,,,,,,1289.203039620515,1289.203039620515,1289.203039620515,1289.203039620515,12645.894880818349,12645.894880818349,12645.894880818349,12645.894880818349,1.5172603423467508,1.5172603423467508,1.5172603423467508,1.5172603423467508,,,,
0.25,1.001312378110156,0.0038709561919269245,,,6.069147931893298,12646.005901015405,24.98885182032528,1289.2084430087707,1750.0,22.200000000000003,6.0822,0.0004298687802174243,1.473917962820111e-17,5.185564542330991e-21,-0.003263639430456552,2.0091748483729214e-16,,-6.494367457299255e-05,0.0,0.0,11.542530244042917,0.9993735860588981,1.0,-0.0013123781101560539,-0.001944373689034662,-8.023155739673117e-06,-0.009896689285190292,-0.011849086129964628,-6.494367457299255e-05,0.0,3.434374074242544e-05,-4.7422049129899594e-18,-5.862796400565122e-19,-5.513013052675185e-05,1.001312378110156,1.2143333518785237e-18,-0.0006742019996734907,0.0038709561919269245,,,,0.00021493438845383226,7.369590201152924e-18,1.0088039314270902e-21,0.9999999769016041,-0.003263639430456552,2.0091748483729214e-16,-7.561595665661812e-20,0.0,0.0,-6.0822,,,,0.0,0.0,6.069147931893298,,,,,,,1289.2084430087707,1289.2084430087707,1289.2084430087707,1289.2084430087707,12646.005901015405,12646.005901015405,12646.005901015405,12646.005901015405,1.5172869829733244,1.5172869829733244,1.5172869829733244,1.5172869829733244,,,,
0.25416666666666665,1.0013281447872289,0.0037840024974640824,,,6.069261851024776,12646.124584499888,24.988788605053283,1289.2138162488166,1750.0,22.200000000000003,6.0822,0.0004143795321434658,1.57152568509928e-17,5.252958130468199e-21,-0.0037174195377500737,2.342585194288523e-16,,-7.003885919992792e-05,2.7755575615628914e-17,0.0,11.542959148270178,0.9993633092078046,1.0,-0.0013281447872288688,-0.001968567165234081,-8.296567845955629e-06,-0.009677390479817312,-0.011654254212897348,-7.003885919992792e-05,2.7755575615628914e-17,4.377934959825982e-05,-4.755308678155898e-18,-5.787149909565941e-19,-5.801236181202807e-05,1.0013281447872289,1.8155157839803623e-18,-0.0006917355084662929,0.0037840024974640824,,,,0.000207189764589373,7.857628801021419e-18,9.984588251505146e-22,0.9999999785362005,-0.0037174195377500737,2.342585194288523e-16,-8.271172312131048e-20,0.0,0.0,-6.0822,,,,0.0,0.0,6.069261851024776,,,,,,,1289.2138162488166,1289.2138162488166,1289.2138162488166,1289.2138162488166,12646.124584499888,12646.124584499888,12646.124584499888,12646.124584499888,1.517315462756194,1.517315462756194,1.517315462756194,1.517315462756194,,,,
0.2583333333333333,1.0013435525339232,0.0036978592066153125,,,6.069382399409725,12646.250173275115,24.988725435380978,1289.2191562266974,1750.0,22.200000000000003,6.0822,0.0003969331199059386,1.668113143672264e-17,5.268162402190525e-21,-0.0041871389370065305,2.318098829853745e-16,,-7.505904446225564e-05,0.0,0.0,11.543385405330623,0.9993530319772087,1.0,-0.0013435525339231535,-0.001992217180843303,-8.57326467662831e-06,-0.009460006243660207,-0.011460796689180139,-7.505904446225564e-05,0.0,5.3629414147828185e-05,-5.470933231126686e-18,-5.684794774873904e-19,-6.0965018382001064e-05,1.0013435525339232,2.456523232608872e-18,-0.0007086375767935181,0.0036978592066153125,,,,0.00019846655865007022,8.340566076875184e-18,9.787577739004598e-22,0.9999999803055123,-0.0041871389370065305,2.318098829853745e-16,-9.038612511247194e-20,0.0,0.0,-6.0822,,,,0.0,0.0,6.069382399409725,,,,,,,1289.2191562266974,1289.2191562266974,1289.2191562266974,1289.2191562266974,12646.250173275115,12646.250173275115,12646.250173275115,12646.250173275115,1.5173455998524312,1.5173455998524312,1.5173455998524312,1.5173455998524312,,,,
0.2625,1.0013586048937009,0.003612566346637482,,,6.069508900578767,12646.38196239219,24.98866231538266,1289.2244601183265,1750.0,22.200000000000003,6.0822,0.0003774634889253245,1.7781622233695427e-17,5.283157037920297e-21,-0.004672711435347347,2.641177728724531e-16,,-7.99988546197894e-05,2.7755575615628914e-17,0.0,11.54380878964177,0.999342754369668,1.0,-0.0013586048937008766,-0.0020153288008847303,-8.853171454528966e-06,-0.00924464801653828,-0.01126882998887754,-7.99988546197894e-05,2.7755575615628914e-17,6.389612274483368e-05,-5.470254231543623e-18,-5.554088867208375e-19,-6.398513656266346e-05,1.0013586048937009,3.1369417839726992e-18,-0.0007248283633589747,0.003612566346637482,,,,0.00018873174334223516,8.890811457053548e-18,9.636001901048752e-22,0.9999999821901644,-0.004672711435347347,2.641177728724531e-16,-9.866724608793677e-20,0.0,0.0,-6.0822,,,,0.0,0.0,6.069508900578767,,,,,,,1289.2244601183265,1289.2244601183265,1289.2244601183265,1289.2244601183265,12646.38196239219,12646.38196239219,12646.38196239219,12646.38196239219,1.5173772251446918,1.5173772251446918,1.5173772251446918,1.5173772251446918,,,,
0.26666666666666666,1.0013733055591811,0.0035281597152642154,,,6.069640725648869,12646.519296496484,24.988599248746155,1289.2297253694512,1750.0,22.200000000000003,6.0822,0.0003559050739371139,1.8722365184350962e-17,5.179586139875206e-21,-0.005174019597170574,2.2577828386824493e-16,,-8.485299999999585e-05,-2.7755575615628914e-17,0.0,11.544229097145768,0.999332476387922,1.0,-0.0013733055591811372,-0.002037907340551315,-9.136214140716649e-06,-0.009031415866593704,-0.011078459421285736,-8.485299999999585e-05,-2.7755575615628914e-17,7.458105426068072e-05,-6.171436569133833e-18,-5.393161167738106e-19,-6.706940874507378e-05,1.0013733055591811,3.862264787286461e-18,-0.000740225323778477,0.0035281597152642154,,,,0.00017795253602935,9.361182904814947e-18,9.239468464205463e-22,0.9999999841664473,-0.005174019597170574,2.2577828386824493e-16,-1.0764636869595563e-19,0.0,0.0,-6.0822,,,,0.0,0.0,6.069640725648869,,,,,,,1289.2297253694512,1289.2297253694512,1289.2297253694512,1289.2297253694512,12646.519296496484,12646.519296496484,12646.519296496484,12646.519296496484,1.5174101814122172,1.5174101814122172,1.5174101814122172,1.5174101814122172,,,,
0.2708333333333333,1.0013876583557602,0.0034446711789410944,,,6.069777290219671,12646.661566594787,24.988536238799618,1289.234949676924,1750.0,22.200000000000003,6.0822,0.00033219293623363986,1.9506612215377893e-17,4.960686493693537e-21,-0.00569091304883379,1.8821925823621412e-16,,-8.961628266251909e-05,-2.7755575615628914e-17,0.0,11.544646143816568,0.9993221980348738,1.0,-0.0013876583557601574,-0.0020599583387717058,-9.422319465546054e-06,-0.008820399288160538,-0.01088977994639779,-8.961628266251909e-05,-2.7755575615628914e-17,8.568513824655578e-05,-5.451683936582447e-18,-5.200412066216114e-19,-7.021417220463606e-05,1.0013876583557602,4.625978436527806e-18,-0.0007547432302949503,0.0034446711789410944,,,,0.00016609646735310732,9.753306385127916e-18,8.603535231322487e-22,0.9999999862059816,-0.00569091304883379,1.8821925823621412e-16,-1.1729256928331438e-19,0.0,0.0,-6.0822,,,,0.0,0.0,6.069777290219671,,,,,,,1289.234949676924,1289.234949676924,1289.234949676924,1289.234949676924,12646.661566594787,12646.661566594787,12646.661566594787,12646.661566594787,1.5174443225549177,1.5174443225549177,1.5174443225549177,1.5174443225549177,,,,
0.275,1.0014016672263912,0.0033621289514837215,,,6.069918051468584,12646.808207029106,24.988473288536532,1289.2401309712,1750.0,22.200000000000003,6.0822,0.00030626290808304974,2.0282614182521443e-17,4.6768717166454105e-21,-0.006223206756141625,1.8624044088573048e-16,,-9.428360196483965e-05,0.0,0.0,11.545059764264693,0.9993119193135737,1.0,-0.0014016672263912344,-0.002081487533640236,-9.71141495632942e-06,-0.008611677947352736,-0.010702876895949301,-9.428360196483965e-05,0.0,9.720861416499381e-05,-4.739715775493177e-18,-4.974507851264819e-19,-7.341539802595714e-05,1.0014016672263912,5.421701158831071e-18,-0.0007682941971170575,0.0033621289514837215,,,,0.00015313145344305544,1.0141307330445821e-17,7.854827362083113e-22,0.9999999882753788,-0.006223206756141625,1.8624044088573048e-16,-1.275687009495259e-19,0.0,0.0,-6.0822,,,,0.0,0.0,6.069918051468584,,,,,,,1289.2401309712,1289.2401309712,1289.2401309712,1289.2401309712,12646.808207029106,12646.808207029106,12646.808207029106,12646.808207029106,1.517479512867146,1.517479512867146,1.517479512867146,1.517479512867146,,,,
0.2791666666666667,1.0014153362174514,0.003280557854408934,,,6.070062505432002,12646.95869264403,24.988410400639108,1289.2452673999783,1750.0,22.200000000000003,6.0822,0.0002780517444311867,2.1049656646394385e-17,4.323873009784451e-21,-0.006770679276447127,1.840901587275412e-16,,-9.884996002462731e-05,0.0,0.0,11.545469810433325,0.999301640227204,1.0,-0.0014153362174513795,-0.0021025008395868516,-1.0003428961827594e-05,-0.008405322378709303,-0.010517826647257983,-9.884996002462731e-05,0.0,0.00010915098971868003,-4.738939526840681e-18,-4.714128743061411e-19,-7.666868015793283e-05,1.0014153362174514,6.249098596881787e-18,-0.0007807877116741644,0.003280557854408934,,,,0.0001390258717677402,1.0524828522049344e-17,6.987130511607693e-22,0.9999999903359035,-0.006770679276447127,1.840901587275412e-16,-1.3850298335942978e-19,0.0,0.0,-6.0822,,,,0.0,0.0,6.070062505432002,,,,,,,1289.2452673999783,1289.2452673999783,1289.2452673999783,1289.2452673999783,12646.95869264403,12646.95869264403,12646.95869264403,12646.95869264403,1.5175156263580005,1.5175156263580005,1.5175156263580005,1.5175156263580005,,,,
0.2833333333333333,1.0014286694656185,0.0031999795601102775,,,6.070210184460748,12647.112536135344,24.98834757750011,1289.250357312919,1750.0,22.200000000000003,6.0822,0.00024749728198403536,2.1806935793642062e-17,3.897344681834994e-21,-0.007333070987316285,1.817469621722735e-16,,-0.00010331046707134917,0.0,0.0,11.545876150379884,0.9992913607790644,1.0,-0.0014286694656184817,-0.0021230043261770692,-1.0298290673796632e-05,-0.008201394636022336,-0.010334697252873202,-0.00010331046707134917,0.0,0.00012151099830738322,-4.7342860068705434e-18,-4.417970109064722e-19,-7.99692246249529e-05,1.0014286694656185,7.107807215920539e-18,-0.0007921306720848147,0.0031999795601102775,,,,0.00012374864067617557,1.0903468054480225e-17,5.993829951088587e-22,0.999999992343137,-0.007333070987316285,1.817469621722735e-16,-1.501252728571164e-19,0.0,0.0,-6.0822,,,,0.0,0.0,6.070210184460748,,,,,,,1289.250357312919,1289.250357312919,1289.250357312919,1289.250357312919,12647.112536135344,12647.112536135344,12647.112536135344,12647.112536135344,1.517552546115187,1.517552546115187,1.517552546115187,1.517552546115187,,,,
0.2875,1.0014416711856975,0.003120412818974556,,,6.0703606548386855,12647.26928556842,24.98828482124334,1289.2553992473636,1750.0,22.200000000000003,6.0822,0.00021453860575964474,2.2553556740919853e-17,3.392880651113793e-21,-0.00791008229385377,1.7918899460352496e-16,,-0.0001076603466823034,0.0,0.0,11.546278667137733,0.9992810809725587,1.0,-0.0014416711856974906,-0.0021430041984277226,-1.0595930145800483e-05,-0.007999948900275694,-0.010153549028849218,-0.0001076603466823034,0.0,0.00013428655564712391,-4.725286033127573e-18,-4.084743832022182e-19,-8.331183892136916e-05,1.0014416711856975,7.997430649020953e-18,-0.0008022274311399034,0.003120412818974556,,,,0.00010726930267410302,1.1276778487556626e-17,4.867881635870341e-22,0.9999999942466483,-0.00791008229385377,1.7918899460352496e-16,-1.6246724444350694e-19,0.0,0.0,-6.0822,,,,0.0,0.0,6.0703606548386855,,,,,,,1289.2553992473636,1289.2553992473636,1289.2553992473636,1289.2553992473636,12647.26928556842,12647.26928556842,12647.26928556842,12647.26928556842,1.5175901637096714,1.5175901637096714,1.5175901637096714,1.5175901637096714,,,,
0.2916666666666667,1.0014543456593286,0.0030418736714669567,,,6.070513514554065,12647.428522055583,24.98822213374264,1289.2603919149951,1750.0,22.200000000000003,6.0822,0.00017911622318905797,2.3433672808034074e-17,2.8346008388493178e-21,-0.008501371816940823,2.112278256545179e-16,,-0.00011189494089730578,2.7755575615628914e-17,0.0,11.546677257652684,0.9992708008111826,1.0,-0.0014543456593285597,-0.002162506778546236,-1.0896278309487461e-05,-0.00780103204743639,-0.009974435104292113,-0.00011189494089730578,2.7755575615628914e-17,0.00014747471558909317,-4.7114577291164916e-18,-3.713179833131255e-19,-8.669092161764168e-05,1.0014543456593286,8.917535973382258e-18,-0.000810979847105407,0.0030418736714669567,,,,8.955811147480986e-05,1.1716836483959432e-17,3.6796267293775174e-22,0.9999999959896724,-0.008501371816940823,2.112278256545179e-16,-1.7556258487138866e-19,0.0,0.0,-6.0822,,,,0.0,0.0,6.070513514554065,,,,,,,1289.2603919149951,1289.2603919149951,1289.2603919149951,1289.2603919149951,12647.428522055583,12647.428522055583,12647.428522055583,12647.428522055583,1.5176283786385163,1.5176283786385163,1.5176283786385163,1.5176283786385163,,,,
0.29583333333333334,1.0014666972245208,0.0029643756461472156,,,6.0706683912139,12647.589857582374,24.98815951663975,1289.2653341893797,1750.0,22.200000000000003,6.0822,0.0001411722458357434,2.4152239618488275e-17,2.1599603539715257e-21,-0.009106554564795493,1.724560063783872e-16,,-0.00011600971520714376,-2.7755575615628914e-17,0.0,11.547071831789703,0.9992605202985119,1.0,-0.0014666972245207521,-0.0021815184889928396,-1.1199266988514243e-05,-0.007604684178667392,-0.009797401934648746,-0.00011600971520714376,-2.7755575615628914e-17,0.00016107162517936356,-5.396240153492062e-18,-3.301781028683094e-19,-9.010045220786171e-05,1.0014666972245208,9.873571306755869e-18,-0.0008182873416528077,0.0029643756461472156,,,,7.058612285925698e-05,1.2076119855391716e-17,2.2757369777690225e-22,0.9999999975087996,-0.009106554564795493,1.724560063783872e-16,-1.8953155382124675e-19,0.0,0.0,-6.0822,,,,0.0,0.0,6.0706683912139,,,,,,,1289.2653341893797,1289.2653341893797,1289.2653341893797,1289.2653341893797,12647.589857582374,12647.589857582374,12647.589857582374,12647.589857582374,1.517667097803475,1.517667097803475,1.517667097803475,1.517667097803475,,,,
0.3,1.0014787302659562,0.0028879299445188685,,,6.070824940092267,12647.752932973262,24.98809697136094,1289.2702250943325,1750.0,22.200000000000003,6.0822,0.00010065057879230112,2.4856956620932364e-17,1.3937972069972112e-21,-0.009725200090426146,1.6913205712874448e-16,,-0.0001200002634079711,0.0,0.0,11.547462311405361,0.9992502394381919,1.0,-0.0014787302659562407,-0.002200045836781128,-1.15048289102894e-05,-0.007410939115368039,-0.009622489781059456,-0.0001200002634079711,0.0,0.00017507247900412268,-4.656732108492158e-18,-2.849324871237319e-19,-9.353398122964597e-05,1.0014787302659562,1.0858947778698605e-17,-0.0008240469652282227,0.0028879299445188685,,,,5.0325289374907964e-05,1.2428478329799408e-17,7.143183515213297e-23,0.9999999987336826,-0.009725200090426146,1.6913205712874448e-16,-2.043291526252022e-19,0.0,0.0,-6.0822,,,,0.0,0.0,6.070824940092267,,,,,,,1289.2702250943325,1289.2702250943325,1289.2702250943325,1289.2702250943325,12647.752932973262,12647.752932973262,12647.752932973262,12647.752932973262,1.5177062350230668,1.5177062350230668,1.5177062350230668,1.5177062350230668,,,,
0.30416666666666664,1.0014904492060128,0.002812545613556656,,,6.070982842303987,12647.917415987933,24.988034499132546,1289.2750637930542,1750.0,22.200000000000003,6.0822,5.7497117801782274e-05,2.5546548134033024e-17,5.316747850940159e-22,-0.010356830637724532,1.6550194627846464e-16,,-0.00012386231232131006,0.0,0.0,11.547848629481628,0.9992399582339277,1.0,-0.0014904492060128227,-0.002218095398934361,-1.181289771569695e-05,-0.007219824861297171,-0.00944973315794723,-0.00012386231232131006,0.0,0.00018947147286890785,-4.625488973621508e-18,-2.3546122853515593e-19,-9.698462068870298e-05,1.0014904492060128,1.1873102061258224e-17,-0.0008281534701736819,0.002812545613556656,,,,2.8748558896931116e-05,1.277327406938053e-17,-1.0137582938511377e-22,0.9999999995867601,-0.010356830637724532,1.6550194627846464e-16,-2.1999625773985454e-19,0.0,0.0,-6.0822,,,,0.0,0.0,6.070982842303987,,,,,,,1289.2750637930542,1289.2750637930542,1289.2750637930542,1289.2750637930542,12647.917415987933,12647.917415987933,12647.917415987933,12647.917415987933,1.5177457105759968,1.5177457105759968,1.5177457105759968,1.5177457105759968,,,,
0.30833333333333335,1.0015018584964575,0.0027382297067042377,,,6.071141803095711,12648.082999539869,24.987972100995457,1289.279849577989,1750.0,22.200000000000003,6.0822,1.1659954138821356e-05,2.6219640052067104e-17,-4.307867567838101e-22,-0.011000919279110616,1.615420522584211e-16,,-0.00012759172636800375,0.0,0.0,11.548230729317217,0.999229676689475,1.0,-0.0015018584964574533,-0.002235673809019234,-1.2123407966949621e-05,-0.00703136403389164,-0.009279161250877823,-0.00012759172636800375,0.0,0.00020426175686440152,-4.587366332270944e-18,-1.8164698394102025e-19,-0.00010044503482168616,1.0015018584964575,1.2915418702592562e-17,-0.000830499391915964,0.0027382297067042377,,,,5.829977069377653e-06,1.310982002455502e-17,-2.918233285236881e-22,0.9999999999830057,-0.011000919279110616,1.615420522584211e-16,-2.3657665787595547e-19,0.0,0.0,-6.0822,,,,0.0,0.0,6.071141803095711,,,,,,,1289.279849577989,1289.279849577989,1289.279849577989,1289.279849577989,12648.082999539869,12648.082999539869,12648.082999539869,12648.082999539869,1.5177854507739277,1.5177854507739277,1.5177854507739277,1.5177854507739277,,,,
0.3125,1.0015129626107662,0.0026649874340847943,,,6.071301550246938,12648.249400029454,24.987909777818697,1289.284581861359,1750.0,22.200000000000003,6.0822,-3.6910412727136854e-05,2.7019899795502508e-17,-1.4997123201090235e-21,-0.011656888047829972,1.9206234166697332e-16,,-0.00013118451199839454,2.7755575615628914e-17,0.0,11.548608563772776,0.9992193948086312,1.0,-0.0015129626107661664,-0.00225278774468618,-1.2436295153711592e-05,-0.006845574266760595,-0.009110798306600486,-0.00013118451199839454,2.7755575615628914e-17,0.00021943538787527126,-4.541823047771777e-18,-1.23375208509807e-19,-0.00010390743123226895,1.0015129626107662,1.398522610349118e-17,-0.0008309751385398702,0.0026649874340847943,,,,-1.8455206362520803e-05,1.3509949909289295e-17,-5.005272466164971e-22,0.9999999998297027,-0.011656888047829972,1.9206234166697332e-16,-2.5411730414126676e-19,0.0,0.0,-6.0822,,,,0.0,0.0,6.071301550246938,,,,,,,1289.284581861359,1289.284581861359,1289.284581861359,1289.284581861359,12648.249400029454,12648.249400029454,12648.249400029454,12648.249400029454,1.5178253875617345,1.5178253875617345,1.5178253875617345,1.5178253875617345,,,,
0.31666666666666665,1.001523766037027,0.002592822302620737,,,6.071461832573964,12648.41635578432,24.987847530312038,1289.2892601663311,1750.0,22.200000000000003,6.0822,-8.826085467788951e-05,2.779693194412326e-17,-2.6848837100348072e-21,-0.012324106068180636,1.864877331261662e-16,,-0.00013463682196745985,0.0,0.0,11.548982094566483,0.9992091125952279,1.0,-0.0015237660370270856,-0.0022694439161492497,-1.2751495697621209e-05,-0.006662468585211986,-0.008944663997058858,-0.00013463682196745985,0.0,0.00023498328159295628,-5.192241823114592e-18,-6.050973094618159e-20,-0.00010736355243670125,1.001523766037027,1.50877146152701e-17,-0.0008294690890637514,0.002592822302620737,,,,-4.41304273246208e-05,1.3898466017770566e-17,-7.290966112064236e-22,0.9999999990262527,-0.012324106068180636,1.864877331261662e-16,-2.7276968119982678e-19,0.0,0.0,-6.0822,,,,0.0,0.0,6.071461832573964,,,,,,,1289.2892601663311,1289.2892601663311,1289.2892601663311,1289.2892601663311,12648.41635578432,12648.41635578432,12648.41635578432,12648.41635578432,1.517865458143491,1.517865458143491,1.517865458143491,1.517865458143491,,,,
0.3208333333333333,1.0015342732713883,0.00252173624671542,,,6.071622418530193,12648.583625600124,24.987785359037765,1289.2938841187736,1750.0,22.200000000000003,6.0822,-0.00014243538670764727,2.854911688340151e-17,-3.990779733470274e-21,-0.013001887687141845,1.8052442039973625e-16,,-0.00013794495945529395,0.0,0.0,11.54935129161664,0.9991988300531236,1.0,-0.0015342732713883311,-0.0022856490555406284,-1.3068946955335185e-05,-0.0064820557565518425,-0.008780773759047806,-0.00013794495945529395,0.0,0.00025089516409750723,-5.119601259729487e-18,7.08167840339037e-21,-0.00011080466785643246,1.0015342732713883,1.622193824389727e-17,-0.000825867700735491,0.00252173624671542,,,,-7.121769329362141e-05,1.4274558547607825e-17,-9.787887366719491e-22,0.99999999746402,-0.013001887687141845,1.8052442039973625e-16,-2.9259189502324836e-19,0.0,0.0,-6.0822,,,,0.0,0.0,6.071622418530193,,,,,,,1289.2938841187736,1289.2938841187736,1289.2938841187736,1289.2938841187736,12648.583625600124,12648.583625600124,12648.583625600124,12648.583625600124,1.5179056046325483,1.5179056046325483,1.5179056046325483,1.5179056046325483,,,,
0.325,1.0015444888120137,0.0024517297501093936,,,6.071783094896704,12648.750987375357,24.987723264421746,1289.298453439567,1750.0,22.200000000000003,6.0822,-0.00019947493092042668,2.941987268773959e-17,-5.446497536044886e-21,-0.013689490611067065,2.089814497426527e-16,,-0.00014110538202544154,2.7755575615628914e-17,0.0,11.549716132428498,0.9991885471861965,1.0,-0.0015444888120137445,-0.0023014099070824967,-1.3388587220207753e-05,-0.006304340616788549,-0.008619139111091254,-0.00014110538202544154,2.7755575615628914e-17,0.0002671595230782193,-5.0379442521648e-18,7.95270317202521e-20,-0.00011422156629671132,1.0015444888120137,1.7386884796046814e-17,-0.0008200556256669272,0.0024517297501093936,,,,-9.973746529485589e-05,1.4709936542315726e-17,-1.2561169888913462e-21,0.999999995026219,-0.013689490611067065,2.089814497426527e-16,-3.1364582049260165e-19,0.0,0.0,-6.0822,,,,0.0,0.0,6.071783094896704,,,,,,,1289.298453439567,1289.298453439567,1289.298453439567,1289.298453439567,12648.750987375357,12648.750987375357,12648.750987375357,12648.750987375357,1.517945773724176,1.517945773724176,1.517945773724176,1.517945773724176,,,,
0.32916666666666666,1.0015544171535116,0.0023828019594858145,,,6.071943665557284,12648.918236834224,24.987661246763636,1289.3029679374317,1750.0,22.200000000000003,6.0822,-0.00025941707280085943,3.025855049164968e-17,-7.03938114729323e-21,-0.014386114051303878,2.0128275538563178e-16,,-0.00014411470541819682,0.0,0.0,11.550076601522116,0.9991782639983391,1.0,-0.001554417153511567,-0.002316733218020617,-1.3710355722710617e-05,-0.006129324375273484,-0.008459767949016811,-0.00014411470541819682,0.0,0.00028376355876736265,-5.650622629240034e-18,1.5697450792719673e-19,-0.0001176045489513941,1.0015544171535116,1.8587394289666717e-17,-0.0008119158371238665,0.0023828019594858145,,,,-0.0001297085360367204,1.5129275575088986e-17,-1.557294400605909e-21,0.9999999915878478,-0.014386114051303878,2.0128275538563178e-16,-3.36108552542631e-19,0.0,0.0,-6.0822,,,,0.0,0.0,6.071943665557284,,,,,,,1289.3029679374317,1289.3029679374317,1289.3029679374317,1289.3029679374317,12648.918236834224,12648.918236834224,12648.918236834224,12648.918236834224,1.517985916389321,1.517985916389321,1.517985916389321,1.517985916389321,,,,
0.3333333333333333,1.0015640627818048,0.0023149507903642984,,,6.0721039503525684,12649.085186331962,24.98759930624646,1289.307427502239,1750.0,22.200000000000003,6.0822,-0.00032229580981254976,3.120841376662988e-17,-8.815880466327494e-21,-0.015090896882805687,2.2796730039958164e-16,,-0.00014696970717459346,2.7755575615628914e-17,0.0,11.550432689898939,0.9991679804934513,1.0,-0.0015640627818047648,-0.0023316257302673504,-1.4034192629692194e-05,-0.005957004898714536,-0.008302664821611579,-0.00014696970717459346,2.7755575615628914e-17,0.0003006931346661206,-5.538582632295119e-18,2.395668393334697e-19,-0.00012094342297550802,1.0015640627818048,1.9822159537505507e-17,-0.0008013297657873399,0.0023149507903642984,,,,-0.00016114790420880938,1.56042073910352e-17,-1.8933549398427447e-21,0.9999999870156764,-0.015090896882805687,2.2796730039958164e-16,-3.600540950746584e-19,0.0,0.0,-6.0822,,,,0.0,0.0,6.0721039503525684,,,,,,,1289.307427502239,1289.307427502239,1289.307427502239,1289.307427502239,12649.085186331962,12649.085186331962,12649.085186331962,12649.085186331962,1.5180259875881421,1.5180259875881421,1.5180259875881421,1.5180259875881421,,,,
0.3375,1.0015734301694121,0.0022481730257896725,,,6.072263784008245,12649.25166373737,24.987537442945563,1289.3118320987762,1750.0,22.200000000000003,6.0822,-0.00038814129239591455,3.226379645365562e-17,-1.0797766315692778e-20,-0.015802915820007528,2.532919979123503e-16,,-0.00014966733008753286,2.7755575615628914e-17,0.0,11.550784394544362,0.9991576966754363,1.0,-0.0015734301694121378,-0.002346094172707147,-1.4360039042568188e-05,-0.005787376975910746,-0.008147831187660461,-0.00014966733008753286,2.7755575615628914e-17,0.00031793272814674124,-6.119766696323127e-18,3.274656707420469e-19,-0.0001242274956684229,1.0015734301694121,2.1095719538058523e-17,-0.0007881774462995657,0.0022481730257896725,,,,-0.00019407064497973002,1.6131898970801357e-17,-2.2681551625483618e-21,0.9999999811682921,-0.015802915820007528,2.532919979123503e-16,-3.8567861365353596e-19,0.0,0.0,-6.0822,,,,0.0,0.0,6.072263784008245,,,,,,,1289.3118320987762,1289.3118320987762,1289.3118320987762,1289.3118320987762,12649.25166373737,12649.25166373737,12649.25166373737,12649.25166373737,1.5180659460020614,1.5180659460020614,1.5180659460020614,1.5180659460020614,,,,
0.3416666666666667,1.0015825237711133,0.002182464408291115,,,6.0724230151325935,12649.417511387624,24.9874756568369,1289.31618176093,1750.0,22.200000000000003,6.0822,-0.00045697955745610904,3.327383750488299e-17,-1.2946193324441811e-20,-0.016521183614446718,2.4241004858205577e-16,,-0.00015220468547461063,0.0,0.0,11.551131717963845,0.9991474125481945,1.0,-0.0015825237711133422,-0.0023601452541182066,-1.468783699452905e-05,-0.005620432564474181,-0.007995265655586916,-0.00015220468547461063,0.0,0.0003354653810199463,-6.679029780929788e-18,4.2085059732402866e-19,-0.00012744556931177772,1.0015825237711133,2.2412382379675628e-17,-0.0007723376744051603,0.002182464408291115,,,,-0.00022848977673990486,1.6636919797191282e-17,-2.6717306418632604e-21,0.9999999738962106,-0.016521183614446718,2.4241004858205577e-16,-4.1318962900377985e-19,0.0,0.0,-6.0822,,,,0.0,0.0,6.0724230151325935,,,,,,,1289.31618176093,1289.31618176093,1289.31618176093,1289.31618176093,12649.417511387624,12649.417511387624,12649.417511387624,12649.417511387624,1.5181057537831484,1.5181057537831484,1.5181057537831484,1.5181057537831484,,,,
0.3458333333333333,1.0015913480199699,0.002117819725558396,,,6.072581505278918,12649.582585110758,24.987413947804836,1289.320476586269,1750.0,22.200000000000003,6.0822,-0.0005288322544512229,3.409129992235205e-17,-1.5193633297284874e-20,-0.01724464727882729,1.961912222682018e-16,,-0.00015457905627208612,-2.7755575615628914e-17,0.0,11.551474667750607,0.9991371281156199,1.0,-0.0015913480199698515,-0.0023737856566700133,-1.501752944684433e-05,-0.005456161020727788,-0.007844964206844645,-0.00015457905627208612,-2.7755575615628914e-17,0.00035327265016173984,-6.511892846885265e-18,5.198935129592743e-19,-0.00013058593670758794,1.0015913480199699,2.3770299752458943e-17,-0.0007536881749944553,0.002117819725558396,,,,-0.0002644161241444634,1.704565137401596e-17,-3.0896716868159587e-21,0.999999965042056,-0.01724464727882729,1.961912222682018e-16,-4.426818391380541e-19,0.0,0.0,-6.0822,,,,0.0,0.0,6.072581505278918,,,,,,,1289.320476586269,1289.320476586269,1289.320476586269,1289.320476586269,12649.582585110758,12649.582585110758,12649.582585110758,12649.582585110758,1.5181453763197295,1.5181453763197295,1.5181453763197295,1.5181453763197295,,,,
0.35,1.0015999073236792,0.002054232890255186,,,6.072739128068764,12649.746753311505,24.98735231564933,1289.3247167309905,1750.0,22.200000000000003,6.0822,-0.0006037163642113974,3.500793531748735e-17,-1.7688233758925353e-20,-0.017972186342441965,2.1999279864249183e-16,,-0.00015678789994438835,2.7755575615628914e-17,0.0,11.551813256182573,0.9991268433815955,1.0,-0.001599907323679206,-0.0023870220299547773,-1.534906028433805e-05,-0.00529454931389599,-0.007696920404135105,-0.00015678789994438835,2.7755575615628914e-17,0.00037133455829910694,-5.628389441481638e-18,6.247335721543852e-19,-0.00013363637746321833,1.0015999073236792,2.516161420682662e-17,-0.0007321057813512921,0.002054232890255186,,,,-0.0003018581775215616,1.750396953094625e-17,-3.560400699667238e-21,0.9999999544408193,-0.017972186342441965,2.1999279864249183e-16,-4.74127923500865e-19,0.0,0.0,-6.0822,,,,0.0,0.0,6.072739128068764,,,,,,,1289.3247167309905,1289.3247167309905,1289.3247167309905,1289.3247167309905,12649.746753311505,12649.746753311505,12649.746753311505,12649.746753311505,1.518184782017191,1.518184782017191,1.518184782017191,1.518184782017191,,,,
0.3541666666666667,1.001608206061239,0.0019916970143640657,,,6.072895768372,12649.909896116442,24.9872907600927,1289.328902405214,1750.0,22.200000000000003,6.0822,-0.0006816439106409253,3.601768022300362e-17,-2.0452846033717333e-20,-0.018702611143086606,2.423391537603989e-16,,-0.00015882885120627188,2.7755575615628914e-17,0.0,11.552147499846804,0.9991165583499896,1.0,-0.0016082060612390148,-0.002399860985518809,-1.5682374310104552e-05,-0.0051355822256379646,-0.007551125585466879,-0.00015882885120627188,2.7755575615628914e-17,0.0003896295450594092,-6.150252738724204e-18,7.355268002662762e-19,-0.00013658415507114473,1.001608206061239,2.6590374746853837e-17,-0.0007074666259023376,0.0019916970143640657,,,,-0.000340821948722172,1.8008842550941366e-17,-4.088614441881976e-21,0.9999999419201979,-0.018702611143086606,2.423391537603989e-16,-5.077605010591477e-19,0.0,0.0,-6.0822,,,,0.0,0.0,6.072895768372,,,,,,,1289.328902405214,1289.328902405214,1289.328902405214,1289.328902405214,12649.909896116442,12649.909896116442,12649.909896116442,12649.909896116442,1.518223942093,1.518223942093,1.518223942093,1.518223942093,,,,
0.35833333333333334,1.0016162485798992,0.0019302044784346294,,,6.073051321540134,12650.071904574648,24.98722928078591,1289.3330338685942,1750.0,22.200000000000003,6.0822,-0.0007626216654777068,3.7114409673606855e-17,-2.3510763377384086e-20,-0.019434661160827576,2.6321552955988265e-16,,-0.00016069972455606818,2.7755575615628914e-17,0.0,11.552477419289493,0.9991062730246519,1.0,-0.001616248579899171,-0.002412309091858522,-1.6017417239529347e-05,-0.004979242535910164,-0.007407569045008216,-0.00016069972455606818,2.7755575615628914e-17,0.00040813441839377844,-6.647667086358159e-18,8.524450635016007e-19,-0.00013941601483263957,1.0016162485798992,2.806038317647787e-17,-0.000679646342758765,0.0019302044784346294,,,,-0.00038131082349855114,1.8557207970167935e-17,-4.6793177759350375e-21,0.9999999273010253,-0.019434661160827576,2.6321552955988265e-16,-5.438237567744562e-19,0.0,0.0,-6.0822,,,,0.0,0.0,6.073051321540134,,,,,,,1289.3330338685942,1289.3330338685942,1289.3330338685942,1289.3330338685942,12650.071904574648,12650.071904574648,12650.071904574648,12650.071904574648,1.5182628303850334,1.5182628303850334,1.5182628303850334,1.5182628303850334,,,,
0.3625,1.001624039192383,0.001869746996084007,,,6.073205692689472,12650.23267991033,24.98716787731441,1289.3371114262318,1750.0,22.200000000000003,6.0822,-0.0008466508463077343,3.8291934884312524e-17,-2.6885632105987097e-20,-0.020167003399206594,2.8260661089729357e-16,,-0.00016239851661575821,2.7755575615628914e-17,0.0,11.552803038689644,0.999095987409411,1.0,-0.0016240391923829645,-0.0024243728698487566,-1.6354135693675005e-05,-0.004825511196086573,-0.007266238201629005,-0.00016239851661575821,2.7755575615628914e-17,0.0004268243064904369,-7.120031074877995e-18,9.756750283345849e-19,-0.000142118182675698,1.001624039192383,2.957519155991619e-17,-0.0006485202823340238,0.001869746996084007,,,,-0.0004233254105102365,1.9145971417320977e-17,-5.337840321421156e-21,0.9999999103977943,-0.020167003399206594,2.8260661089729357e-16,-5.825731829479967e-19,0.0,0.0,-6.0822,,,,0.0,0.0,6.073205692689472,,,,,,,1289.3371114262318,1289.3371114262318,1289.3371114262318,1289.3371114262318,12650.23267991033,12650.23267991033,12650.23267991033,12650.23267991033,1.518301423172368,1.518301423172368,1.518301423172368,1.518301423172368,,,,
0.36666666666666664,1.0016315821743582,0.001810315674078773,,,6.073358796030899,12650.392132824065,24.987106549203588,1289.3411354248653,1750.0,22.200000000000003,6.0822,-0.000933726808056472,3.939885973747674e-17,-3.0472152663646844e-20,-0.02089823081969707,2.656626258265026e-16,,-0.0001639234082762009,0.0,0.0,11.553124385555137,0.9990857015080705,1.0,-0.0016315821743582148,-0.0024360587885744467,-1.6692477192088123e-05,-0.004674367490210017,-0.007127118755976552,-0.0001639234082762009,0.0,0.00044567261029951864,-7.566728962161497e-18,1.1054171099473961e-18,-0.0001446763649186703,1.0016315821743582,3.113809958707468e-17,-0.0006139637383133541,0.001810315674078773,,,,-0.000466863387068533,1.969943483504658e-17,-6.039132119546677e-21,0.999999891019283,-0.02089823081969707,2.656626258265026e-16,-6.24275311382669e-19,0.0,0.0,-6.0822,,,,0.0,0.0,6.073358796030899,,,,,,,1289.3411354248653,1289.3411354248653,1289.3411354248653,1289.3411354248653,12650.392132824065,12650.392132824065,12650.392132824065,12650.392132824065,1.5183396990077247,1.5183396990077247,1.5183396990077247,1.5183396990077247,,,,
0.37083333333333335,1.0016388817621429,0.001751901068307908,,,6.073510554243292,12650.55018283955,24.987045295923892,1289.345106249319,1750.0,22.200000000000003,6.0822,-0.001023838728204206,4.0432540370130033e-17,-3.427168085537282e-20,-0.021626860835456122,2.4808412562577227e-16,,-0.00016527276664524138,0.0,0.0,11.553441490439306,0.9990754153244074,1.0,-0.0016388817621428853,-0.0024473732615373223,-1.703239014507942e-05,-0.004525789185196932,-0.006990194836879334,-0.00016527276664524138,0.0,0.000464650956796765,-7.28319550340389e-18,1.2418597252445864e-18,-0.00014707574903217714,1.0016388817621429,3.274622767132566e-17,-0.0005758521872416374,0.001751901068307908,,,,-0.0005119193417430493,2.0216276308280835e-17,-6.786738456726874e-21,0.9999998689692852,-0.021626860835456122,2.4808412562577227e-16,-6.690666583727016e-19,0.0,0.0,-6.0822,,,,0.0,0.0,6.073510554243292,,,,,,,1289.345106249319,1289.345106249319,1289.345106249319,1289.345106249319,12650.55018283955,12650.55018283955,12650.55018283955,12650.55018283955,1.518377638560823,1.518377638560823,1.518377638560823,1.518377638560823,,,,
0.375,1.0016459421506259,0.001694493235938589,,,6.073660897887753,12650.706757692924,24.98698411689553,1289.3490243191925,1750.0,22.200000000000003,6.0822,-0.0011169692859985692,4.1390205316100693e-17,-3.828464953296836e-20,-0.02235133387064722,2.298404863642508e-16,,-0.00016644514679609035,0.0,0.0,11.55375438667667,0.9990651288621685,1.0,-0.0016459421506258565,-0.002458322643214328,-1.7373823845525855e-05,-0.00437975267076977,-0.006855449137829624,-0.00016644514679609035,0.0,0.00048372915311933277,-6.983309531021947e-18,1.385178842105797e-18,-0.00014930100545295247,1.0016459421506259,3.439658804669058e-17,-0.0005340615409860825,0.001694493235938589,,,,-0.0005584846139669173,2.0695110121290293e-17,-7.584425362202956e-21,0.9999998440474558,-0.02235133387064722,2.298404863642508e-16,-7.170907631617626e-19,0.0,0.0,-6.0822,,,,0.0,0.0,6.073660897887753,,,,,,,1289.3490243191925,1289.3490243191925,1289.3490243191925,1289.3490243191925,12650.706757692924,12650.706757692924,12650.706757692924,12650.706757692924,1.5184152244719382,1.5184152244719382,1.5184152244719382,1.5184152244719382,,,,
0.37916666666666665,1.0016527674913926,0.0016380817840300605,,,6.073809764860059,12650.861792761927,24.98692301149291,1289.3528900857764,1750.0,22.200000000000003,6.0822,-0.0012130943359645768,4.2414094591420234e-17,-4.26795943798541e-20,-0.02307001199184185,2.4573448826428886e-16,,-0.00016743929331480834,2.7755575615628914e-17,0.0,11.55406311013681,0.999054842125069,1.0,-0.0016527674913926482,-0.0024689132259387847,-1.7716728460239573e-05,-0.004236233089846473,-0.006722863044245497,-0.00016743929331480834,2.7755575615628914e-17,0.0005028751417128728,-6.666319993090051e-18,1.5355375069096573e-18,-0.00015133629050428197,1.0016527674913926,3.6086079552926476e-17,-0.0004884684123190776,0.0016380817840300605,,,,-0.0006065471307908925,2.1207056338272294e-17,-8.476719574717445e-21,0.9999998160502722,-0.02307001199184185,2.4573448826428886e-16,-7.684988540800335e-19,0.0,0.0,-6.0822,,,,0.0,0.0,6.073809764860059,,,,,,,1289.3528900857764,1289.3528900857764,1289.3528900857764,1289.3528900857764,12650.861792761927,12650.861792761927,12650.861792761927,12650.861792761927,1.5184524412150147,1.5184524412150147,1.5184524412150147,1.5184524412150147,,,,
0.3833333333333333,1.0016593618910379,0.0015826559148646563,,,6.0739570998787995,12651.015230532303,24.986861979048772,1289.3567040291723,1750.0,22.200000000000003,6.0822,-0.0013121825760405786,4.3352355190774164e-17,-4.7295939192090075e-20,-0.02378117761824047,2.2518376334330193e-16,,-0.00016825414164434171,0.0,0.0,11.554367698994389,0.99904455511679,1.0,-0.0016593618910378805,-0.0024791512370889723,-1.8061055020946375e-05,-0.0040952044600751514,-0.00659241675218507,-0.00016825414164434171,0.0,0.0005220549566350659,-7.03539449485679e-18,1.6931100358459162e-18,-0.00015316525047867475,1.0016593618910379,3.7817406944702125e-17,-0.00043895039385427007,0.0015826559148646563,,,,-0.000656091240950576,2.167618844529502e-17,-9.426414248720056e-21,0.9999997847721186,-0.02378117761824047,2.2518376334330193e-16,-8.235978081859606e-19,0.0,0.0,-6.0822,,,,0.0,0.0,6.0739570998787995,,,,,,,1289.3567040291723,1289.3567040291723,1289.3567040291723,1289.3567040291723,12651.015230532303,12651.015230532303,12651.015230532303,12651.015230532303,1.5184892749696999,1.5184892749696999,1.5184892749696999,1.5184892749696999,,,,
0.3875,1.0016657294096556,0.001528204468240689,,,6.074102854006946,12651.167020099043,24.986801018858014,1289.3604666556062,1750.0,22.200000000000003,6.0822,-0.001414195210697609,4.420187939653428e-17,-5.2131323087511344e-20,-0.024483032317687215,2.0388720200150073e-16,,-0.00016888881922461074,0.0,0.0,11.554668193514724,0.9990342678409767,1.0,-0.001665729409655592,-0.0024890428365568207,-1.8406755414912603e-05,-0.003956639787161641,-0.006464089379133375,-0.00016888881922461074,0.0,0.0005412326811668383,-6.6712930264047465e-18,1.8580561875043833e-18,-0.00015477102693932268,1.0016657294096556,3.958707639803206e-17,-0.00038538635055550545,0.001528204468240689,,,,-0.0007070975464255348,2.2100952604141166e-17,-1.0438134793166285e-20,0.9999997500064987,-0.024483032317687215,2.0388720200150073e-16,-8.825562722366103e-19,0.0,0.0,-6.0822,,,,0.0,0.0,6.074102854006946,,,,,,,1289.3604666556062,1289.3604666556062,1289.3604666556062,1289.3604666556062,12651.167020099043,12651.167020099043,12651.167020099043,12651.167020099043,1.5185257135017365,1.5185257135017365,1.5185257135017365,1.5185257135017365,,,,
0.39166666666666666,1.001671874059493,0.001474715960957848,,,6.074246984204641,12651.317116700207,24.986740130181314,1289.3641784949216,1750.0,22.200000000000003,6.0822,-0.001519085609429631,4.510456687090051e-17,-5.739504759628208e-20,-0.0251736956956853,2.166466137390619e-16,,-0.0001693426464271508,2.7755575615628914e-17,0.0,11.554964635853635,0.9990239803012368,1.0,-0.0016718740594929837,-0.002498594114483388,-1.8753782375257518e-05,-0.003820511170601723,-0.006337859067460368,-0.0001693426464271508,2.7755575615628914e-17,0.0005603704068886248,-6.287838009856729e-18,2.0305206330682962e-18,-0.00015613626329775453,1.001671874059493,4.1391466935339096e-17,-0.0003276567260236448,0.001474715960957848,,,,-0.0007595427316841094,2.255229872718058e-17,-1.1568092553988871e-20,0.9999997115473778,-0.0251736956956853,2.166466137390619e-16,-9.455523351409555e-19,0.0,0.0,-6.0822,,,,0.0,0.0,6.074246984204641,,,,,,,1289.3641784949216,1289.3641784949216,1289.3641784949216,1289.3641784949216,12651.317116700207,12651.317116700207,12651.317116700207,12651.317116700207,1.5185617460511602,1.5185617460511602,1.5185617460511602,1.5185617460511602,,,,
0.3958333333333333,1.0016777998037585,0.0014221786237128232,,,6.074389452911194,12651.465481281191,24.98667931224849,1289.3678400982342,1750.0,22.200000000000003,6.0822,-0.0016267989610331737,4.6053361768862416e-17,-6.310797985205138e-20,-0.025851204384850297,2.2771265059214495e-16,,-0.00016961513728225297,2.7755575615628914e-17,0.0,11.555257069870178,0.999013692501139,1.0,-0.001677799803758484,-0.0025078110892394756,-1.910208947098522e-05,-0.0036867899023946197,-0.00621370308110508,-0.00016961513728225297,2.7755575615628914e-17,0.0005794281943851876,-6.588160618326264e-18,2.2106570913665356e-18,-0.00015724311272588136,1.0016777998037585,4.3232749991577406e-17,-0.00026564386275043764,0.0014221786237128232,,,,-0.0008133993908232033,2.3026698932986306e-17,-1.2824091283594486e-20,0.9999996691906607,-0.025851204384850297,2.2771265059214495e-16,-1.0129262858110396e-18,0.0,0.0,-6.0822,,,,0.0,0.0,6.074389452911194,,,,,,,1289.3678400982342,1289.3678400982342,1289.3678400982342,1289.3678400982342,12651.465481281191,12651.465481281191,12651.465481281191,12651.465481281191,1.5185973632277985,1.5185973632277985,1.5185973632277985,1.5185973632277985,,,,
0.4,1.0016835105555735,0.00137058043561038,,,6.07453022765435,12651.612080087445,24.986618564261615,1289.3714520357403,1750.0,22.200000000000003,6.0822,-0.0017372719241268047,4.6895988626430526e-17,-6.904627030608475e-20,-0.026513511142471635,2.0223255705816287e-16,,-0.0001697059999999917,0.0,0.0,11.555545540951636,0.9990034044442115,1.0,-0.0016835105555734753,-0.002516699705637726,-1.9451631096768242e-05,-0.003555446559282058,-0.006091597896016552,-0.0001697059999999917,0.0,0.0005983640357486647,-6.856921100286021e-18,2.3986271291788425e-18,-0.000158073247461346,1.0016835105555735,4.511280907495362e-17,-0.00019923233651151438,0.00137058043561038,,,,-0.0008686358528283178,2.3448015455159542e-17,-1.4155353591326344e-20,0.9999996227358064,-0.026513511142471635,2.0223255705816287e-16,-1.085029076382856e-18,0.0,0.0,-6.0822,,,,0.0,0.0,6.07453022765435,,,,,,,1289.3714520357403,1289.3714520357403,1289.3714520357403,1289.3714520357403,12651.612080087445,12651.612080087445,12651.612080087445,12651.612080087445,1.5186325569135875,1.5186325569135875,1.5186325569135875,1.5186325569135875,,,,
0.4041666666666667,1.0016890101770588,0.0013199091564837708,,,6.074669280685061,12651.756884283779,24.986557885397993,1289.375014894663,1750.0,22.200000000000003,6.0822,-0.0018504322743937967,4.77740540784819e-17,-7.546334981032302e-20,-0.02715848406407791,2.1073813224956392e-16,,-0.00016961513728225297,2.7755575615628914e-17,0.0,11.555830095849531,0.998993116133941,1.0,-0.0016890101770588029,-0.002525265833360213,-1.9802362462512717e-05,-0.00342645108902595,-0.005971519284848676,-0.00016961513728225297,2.7755575615628914e-17,0.0006171338190557729,-6.389450572484784e-18,2.594574259292593e-18,-0.00015860786956572995,1.0016890101770588,4.702731122730016e-17,-0.00012830930505214458,0.0013199091564837708,,,,-0.0009252160051955619,2.388705172524623e-17,-1.5630999022291152e-20,0.9999995719875803,-0.02715848406407791,2.1073813224956392e-16,-1.1620681133666553e-18,0.0,0.0,-6.0822,,,,0.0,0.0,6.074669280685061,,,,,,,1289.375014894663,1289.375014894663,1289.375014894663,1289.375014894663,12651.756884283779,12651.756884283779,12651.756884283779,12651.756884283779,1.5186673201712653,1.5186673201712653,1.5186673201712653,1.5186673201712653,,,,
0.4083333333333333,1.0016943024785472,0.0012701523572069338,,,6.074806588636051,12651.899869598492,24.9864972748129,1289.3785292773287,1750.0,22.200000000000003,6.0822,-0.00196619854906517,4.868020671341784e-17,-8.23776579130331e-20,-0.027783905921129348,2.1747940323882284e-16,,-0.0001693426464271508,2.7755575615628914e-17,0.0,11.556110782525947,0.9989828275737714,1.0,-0.0016943024785471827,-0.0025335152655882043,-2.0154239582733302e-05,-0.003299772891209427,-0.005853442396380365,-0.0001693426464271508,2.7755575615628914e-17,0.0006356912950012481,-6.603465348915374e-18,2.798648027228321e-18,-0.00015882772319572846,1.0016943024785472,4.897770430457472e-17,-5.2764871199642224e-05,0.0012701523572069338,,,,-0.0009830991161742758,2.434013208724875e-17,-1.7260074954771215e-20,0.9999995167579471,-0.027783905921129348,2.1747940323882284e-16,-1.2444171664125794e-18,0.0,0.0,-6.0822,,,,0.0,0.0,6.074806588636051,,,,,,,1289.3785292773287,1289.3785292773287,1289.3785292773287,1289.3785292773287,12651.899869598492,12651.899869598492,12651.899869598492,12651.899869598492,1.5187016471590127,1.5187016471590127,1.5187016471590127,1.5187016471590127,,,,
0.4125,1.0016993912179146,0.0012212974481708005,,,6.074942132202614,12652.041015990679,24.986436731642193,1289.3819957993576,1750.0,22.200000000000003,6.0822,-0.002084479689195094,4.9461873263871026e-17,-8.95127281282519e-20,-0.02838747363118184,1.876030556733196e-16,,-0.00016888881922461074,0.0,0.0,11.556387650009079,0.998972538767103,1.0,-0.0016993912179146253,-0.002541453717820774,-2.0507219265763964e-05,-0.0031753808930173348,-0.005737341830103873,-0.00016888881922461074,0.0,0.0006539880458758454,-6.783598400447348e-18,3.011002760976521e-18,-0.00015871310844787492,1.0016993912179146,5.0965136099568015e-17,2.750753948484874e-05,0.0012212974481708005,,,,-0.001042239655906305,2.4730969846632453e-17,-1.8980776870007896e-20,0.9999994568681023,-0.02838747363118184,1.876030556733196e-16,-1.3324600377665663e-18,0.0,0.0,-6.0822,,,,0.0,0.0,6.074942132202614,,,,,,,1289.3819957993576,1289.3819957993576,1289.3819957993576,1289.3819957993576,12652.041015990679,12652.041015990679,12652.041015990679,12652.041015990679,1.5187355330506536,1.5187355330506536,1.5187355330506536,1.5187355330506536,,,,
0.4166666666666667,1.0017042801000233,0.001173331706085709,,,6.0750758958441535,12652.18030733917,24.98637625500474,1289.3854150879647,1750.0,22.200000000000003,6.0822,-0.002205174680316288,5.0115219900719266e-17,-9.685754182438812e-20,-0.02896679786908673,1.5680661307187152e-16,,-0.00016825414164434171,0.0,0.0,11.556660748257443,0.9989622497172915,1.0,-0.0017042801000233254,-0.002549086826871938,-2.086125910282951e-05,-0.003053243620427001,-0.005623191706401768,-0.00016825414164434171,0.0,0.0006719734570833915,-6.225154776659944e-18,3.2317716164415065e-18,-0.00015824389683777063,1.0017042801000233,5.298452531159653e-17,0.00011261078642502621,0.001173331706085709,,,,-0.0011025871167557987,2.5057648116046354e-17,-2.080054356683823e-20,0.9999993921506403,-0.02896679786908673,1.5680661307187152e-16,-1.4264357405434157e-18,0.0,0.0,-6.0822,,,,0.0,0.0,6.0750758958441535,,,,,,,1289.3854150879647,1289.3854150879647,1289.3854150879647,1289.3854150879647,12652.18030733917,12652.18030733917,12652.18030733917,12652.18030733917,1.5187689739610384,1.5187689739610384,1.5187689739610384,1.5187689739610384,,,,
0.42083333333333334,1.0017089727762702,0.0011262422992624772,,,6.075207867505065,12652.317731151643,24.986315844004725,1289.388787780356,1750.0,22.200000000000003,6.0822,-0.0023281721920996304,5.063627496185052e-17,-1.043994450796241e-19,-0.029519402828002396,1.2505699630484694e-16,,-0.00016743929331486385,0.0,0.0,11.556930128031789,0.9989519604276477,1.0,-0.0017089727762702456,-0.002556420150034988,-2.1216317457001033e-05,-0.002933329265214272,-0.005510965732706262,-0.00016743929331486385,0.0,0.000689594691397549,-5.641893256473394e-18,3.4610659237307487e-18,-0.0001573995484750522,1.0017089727762702,5.503063374941818e-17,0.00020264360705242522,0.0011262422992624772,,,,-0.0011640858331416792,2.5318181091625726e-17,-2.2727202008908534e-20,0.9999993224518571,-0.029519402828002396,1.2505699630484694e-16,-1.5265975752727791e-18,0.0,0.0,-6.0822,,,,0.0,0.0,6.075207867505065,,,,,,,1289.388787780356,1289.388787780356,1289.388787780356,1289.388787780356,12652.317731151643,12652.317731151643,12652.317731151643,12652.317731151643,1.5188019668762662,1.5188019668762662,1.5188019668762662,1.5188019668762662,,,,
0.425,1.001713472844235,0.001080016311515332,,,6.075338038353671,12652.453278292556,24.98625549773382,1289.3921145222143,1750.0,22.200000000000003,6.0822,-0.0024533502176796508,5.102092990995848e-17,-1.1212414435155258e-19,-0.030042726139204733,9.232135607032807e-17,,-0.00016644514679609035,0.0,0.0,11.557195840774103,0.9989416709014362,1.0,-0.0017134728442349534,-0.0025634591644053684,-2.1572353452057335e-05,-0.002815605748156193,-0.005400637266013619,-0.00016644514679609035,0.0,0.0007067966661650295,-5.0329536741894655e-18,3.6989745099828855e-18,-0.0001561591309954975,1.001713472844235,5.709806070051292e-17,0.00029770019509312636,0.001080016311515332,,,,-0.00122667480120367,2.5510514531708674e-17,-2.4768985469327208e-20,0.999999247634183,-0.030042726139204733,9.232135607032807e-17,-1.6332143877703018e-18,0.0,0.0,-6.0822,,,,0.0,0.0,6.075338038353671,,,,,,,1289.3921145222143,1289.3921145222143,1289.3921145222143,1289.3921145222143,12652.453278292556,12652.453278292556,12652.453278292556,12652.453278292556,1.5188345095884177,1.5188345095884177,1.5188345095884177,1.5188345095884177,,,,
0.42916666666666664,1.0017177838474216,0.0010346407648208324,,,6.075466402537955,12652.586942728607,24.986195215273256,1289.3953959662642,1750.0,22.200000000000003,6.0822,-0.002580575713345839,5.126494101783607e-17,-1.2001571842259652e-19,-0.030534118959884927,5.856724749685776e-17,,-0.00016527276664524138,0.0,0.0,11.55745793849298,0.9989313811418755,1.0,-0.0017177838474216056,-0.00257020926635243,-2.192932696127295e-05,-0.00270004077878833,-0.005292179372102033,-0.00016527276664524138,0.0,0.0007235220336680773,-4.397473616904485e-18,3.945562998897144e-18,-0.00015450134031172824,1.0017177838474216,5.918123733942216e-17,0.00039786976410462,0.0010346407648208324,,,,-0.0012902874986518845,2.563252659929517e-17,-2.6934553002260376e-20,0.999999167578739,-0.030534118959884927,5.856724749685776e-17,-1.746571873383889e-18,0.0,0.0,-6.0822,,,,0.0,0.0,6.075466402537955,,,,,,,1289.3953959662642,1289.3953959662642,1289.3953959662642,1289.3953959662642,12652.586942728607,12652.586942728607,12652.586942728607,12652.586942728607,1.5188666006344886,1.5188666006344886,1.5188666006344886,1.5188666006344886,,,,
0.43333333333333335,1.0017219092750917,0.0009901026408583218,,,6.075592956956962,12652.71872129052,24.986134995695757,1289.3986327709101,1750.0,22.200000000000003,6.0822,-0.0027097042393388294,5.1218791439519265e-17,-1.2767273128605665e-19,-0.030990846238317594,-1.1070999132683404e-17,,-0.00016392340827614538,-2.7755575615628914e-17,0.0,11.557716473654743,0.9989210911521376,1.0,-0.0017219092750917486,-0.0025766757711324084,-2.228719859615245e-05,-0.002586601912052081,-0.005185564881780642,-0.00016392340827614538,-2.7755575615628914e-17,0.0007397111648649906,-3.734592000828959e-18,4.200873087250662e-18,-0.00015240452324390372,1.0017219092750917,6.127442120484427e-17,0.0005032360962778854,0.0009901026408583218,,,,-0.0013548517051695478,2.5609458703957958e-17,-2.91393735939683e-20,0.9999990821880073,-0.030990846238317594,-1.1070999132683404e-17,-1.8669739281273838e-18,0.0,0.0,-6.0822,,,,0.0,0.0,6.075592956956962,,,,,,,1289.3986327709101,1289.3986327709101,1289.3986327709101,1289.3986327709101,12652.71872129052,12652.71872129052,12652.71872129052,12652.71872129052,1.5188982392392405,1.5188982392392405,1.5188982392392405,1.5188982392392405,,,,
0.4375,1.0017258525621815,0.0009463889015487606,,,6.075717701046782,12652.848613450036,24.98607483806744,1289.401825598938,1750.0,22.200000000000003,6.0822,-0.002840579602530387,5.117193677256458e-17,-1.35853550207222e-19,-0.03141008716597389,-1.1239628078464444e-17,,-0.00016239851661575821,2.7755575615628914e-17,0.0,11.557971499079747,0.9989108009353471,1.0,-0.0017258525621814957,-0.002582863912637623,-2.26459296951299e-05,-0.0024752566021458045,-0.005080766444478557,-0.00016239851661575821,2.7755575615628914e-17,0.0007553021367332933,-2.3395195893222953e-18,4.4648971058584705e-18,-0.00014984670209161223,1.0017258525621815,6.336576446587402e-17,0.0006138770765499591,0.0009463889015487606,,,,-0.0014202893237583378,2.558603905565662e-17,-3.1587228854836837e-20,0.9999989913886098,-0.03141008716597389,-1.1239628078464444e-17,-1.9945957460982396e-18,0.0,0.0,-6.0822,,,,0.0,0.0,6.075717701046782,,,,,,,1289.401825598938,1289.401825598938,1289.401825598938,1289.401825598938,12652.848613450036,12652.848613450036,12652.848613450036,12652.848613450036,1.5189294252616956,1.5189294252616956,1.5189294252616956,1.5189294252616956,,,,
0.44166666666666665,1.001729617089301,0.0009034865087003802,,,6.075840636580085,12652.976621111051,24.986014741449562,1289.404975116276,1750.0,22.200000000000003,6.0822,-0.0029730335018067614,5.082572892462494e-17,-1.4372195882606582e-19,-0.03178893582632991,-8.308404327321317e-17,,-0.00016069972455606818,-2.7755575615628914e-17,0.0,11.55822306784323,0.9989005104945816,1.0,-0.0017296170893010832,-0.0025887788432722436,-2.3005482312251045e-05,-0.0023659722538719014,-0.004977756579456396,-0.00016069972455606818,-2.7755575615628914e-17,0.0007702307234459971,-2.3338042770589403e-18,4.737627263109231e-18,-0.0001468056012078451,1.001729617089301,6.545523774018251e-17,0.0007298642121041068,0.0009034865087003802,,,,-0.0014865162034361564,2.541294320701738e-17,-3.408426521733846e-20,0.9999988951341781,-0.03178893582632991,-8.308404327321317e-17,-2.1299359696305267e-18,0.0,0.0,-6.0822,,,,0.0,0.0,6.075840636580085,,,,,,,1289.404975116276,1289.404975116276,1289.404975116276,1289.404975116276,12652.976621111051,12652.976621111051,12652.976621111051,12652.976621111051,1.5189601591450212,1.5189601591450212,1.5189601591450212,1.5189601591450212,,,,
0.4458333333333333,1.001733206182813,0.0008613824428612005,,,6.075961767478264,12653.102748413881,24.985954704900266,1289.408081990804,1750.0,22.200000000000003,6.0822,-0.0031068851770163245,5.017909806182829e-17,-1.5122800904992114e-19,-0.03212440205029539,-1.5518521376576522e-16,,-0.00015882885120627188,-2.7755575615628914e-17,0.0,11.558471233180237,0.9988902198328712,1.0,-0.0017332061828130296,-0.0025944256339516247,-2.3365819205855438e-05,-0.0022587162717509508,-0.004876507724908431,-0.00015882885120627188,-2.7755575615628914e-17,0.0007844303916169364,-8.796055807669837e-19,5.019004833474594e-18,-0.00014325867563547755,1.001733206182813,6.75306168876872e-17,0.0008512621373682153,0.0008613824428612005,,,,-0.0015534419637178033,2.508963622004032e-17,-3.6638754974353284e-20,0.9999987934083048,-0.03212440205029539,-1.5518521376576522e-16,-2.2732185721837998e-18,0.0,0.0,-6.0822,,,,0.0,0.0,6.075961767478264,,,,,,,1289.408081990804,1289.408081990804,1289.408081990804,1289.408081990804,12653.102748413881,12653.102748413881,12653.102748413881,12653.102748413881,1.518990441869566,1.518990441869566,1.518990441869566,1.518990441869566,,,,
0.45,1.0017366231149858,0.0008200637214701498,,,6.076081099635298,12653.227001551759,24.985894727476172,1289.4111468912115,1750.0,22.200000000000003,6.0822,-0.0032419410623844274,4.952108497592795e-17,-1.592421851110645e-19,-0.03241341248834479,-1.5791623938593013e-16,,-0.00015678789994438835,2.7755575615628914e-17,0.0,11.558716048394324,0.9988799289531984,1.0,-0.0017366231149857914,-0.0025998092742195444,-2.372690382727482e-05,-0.002153456107153001,-0.00477699228519982,-0.00015678789994438835,2.7755575615628914e-17,0.0007978322998567241,5.947493722238902e-19,5.308919972518259e-18,-0.00013918314186607252,1.0017366231149858,6.95796333704796e-17,0.000978128104657206,0.0008200637214701498,,,,-0.0016209698213300128,2.4760639021633732e-17,-3.948489581878576e-20,0.9999986862275562,-0.03241341248834479,-1.5791623938593013e-16,-2.4247050130897463e-18,0.0,0.0,-6.0822,,,,0.0,0.0,6.076081099635298,,,,,,,1289.4111468912115,1289.4111468912115,1289.4111468912115,1289.4111468912115,12653.227001551759,12653.227001551759,12653.227001551759,12653.227001551759,1.5190202749088244,1.5190202749088244,1.5190202749088244,1.5190202749088244,,,,
0.45416666666666666,1.0017398711042207,0.0007795174163902145,,,6.076198640752481,12653.349388598659,24.98583480823405,1289.414170485893,1750.0,22.200000000000003,6.0822,-0.0033779944453410306,4.8697786311918345e-17,-1.6728784514872117e-19,-0.032652811909584425,-1.975842057212774e-16,,-0.0001545790562720306,0.0,0.0,11.55895756676918,0.9988696378584987,1.0,-0.0017398711042206916,-0.002604934672478687,-2.4088700309563527e-05,-0.0020501593036753745,-0.004679182676463625,-0.0001545790562720306,0.0,0.0008103653028861173,6.822705389222052e-19,5.607260892946868e-18,-0.00013455601078006345,1.0017398711042207,7.160182090286621e-17,0.0011105114606421763,0.0007795174163902145,,,,-0.0016889964196336296,2.4348999700067986e-17,-4.251860990593724e-20,0.9999985736445299,-0.032652811909584425,-1.975842057212774e-16,-2.584968726249837e-18,0.0,0.0,-6.0822,,,,0.0,0.0,6.076198640752481,,,,,,,1289.414170485893,1289.414170485893,1289.414170485893,1289.414170485893,12653.349388598659,12653.349388598659,12653.349388598659,12653.349388598659,1.5190496601881203,1.5190496601881203,1.5190496601881203,1.5190496601881203,,,,
0.4583333333333333,1.0017429533153495,0.0007397306708985576,,,6.0763144001832465,12653.469919347639,24.98577494623227,1289.4171534418788,1750.0,22.200000000000003,6.0822,-0.003514825131749891,4.755893717838137e-17,-1.7483989154111562e-19,-0.03283936473812649,-2.733159224543502e-16,,-0.00015220468547455512,-2.7755575615628914e-17,0.0,11.559195841483202,0.9988593465516598,1.0,-0.0017429533153494603,-0.0026098066563310374,-2.445117345627617e-05,-0.0019487935409755362,-0.0045830513707628496,-0.00015220468547455512,-2.7755575615628914e-17,0.0008219559604587401,1.5167947988296308e-18,5.913887678229772e-18,-0.0001293541228264484,1.0017429533153495,7.359042846789696e-17,0.0012484531088676112,0.0007397306708985576,,,,-0.0017574116612472813,2.3779585500600652e-17,-4.5629495375481053e-20,0.999998455750934,-0.03283936473812649,-2.733159224543502e-16,-2.7544642997680855e-18,0.0,0.0,-6.0822,,,,0.0,0.0,6.0763144001832465,,,,,,,1289.4171534418788,1289.4171534418788,1289.4171534418788,1289.4171534418788,12653.469919347639,12653.469919347639,12653.469919347639,12653.469919347639,1.5190786000458116,1.5190786000458116,1.5190786000458116,1.5190786000458116,,,,
0.46249999999999997,1.0017458728600004,0.0007006907162000241,,,6.076428388787331,12653.588605158935,24.985715140532342,1289.4200964237968,1750.0,22.200000000000003,6.0822,-0.0036521991185718213,4.639328334128727e-17,-1.8288594196303554e-19,-0.032969756837263706,-2.7974820493314023e-16,,-0.00014966733008753286,2.7755575615628914e-17,0.0,11.55943092552646,0.9988490550355223,1.0,-0.0017458728600003859,-0.0026144299730241904,-2.4814288730307305e-05,-0.001849326677246394,-0.004488570939000892,-0.00014966733008753286,2.7755575615628914e-17,0.0008325285513500244,3.088371590167936e-18,6.228606713318953e-18,-0.00012355418549903836,1.0017458728600004,7.553256842140338e-17,0.0013919849585784098,0.0007006907162000241,,,,-0.0018260985443887623,2.3196769978310632e-17,-4.9083464927413974e-20,0.9999983326806631,-0.032969756837263706,-2.7974820493314023e-16,-2.93354987723746e-18,0.0,0.0,-6.0822,,,,0.0,0.0,6.076428388787331,,,,,,,1289.4200964237968,1289.4200964237968,1289.4200964237968,1289.4200964237968,12653.588605158935,12653.588605158935,12653.588605158935,12653.588605158935,1.5191070971968328,1.5191070971968328,1.5191070971968328,1.5191070971968328,,,,
0.4666666666666667,1.0017486327970317,0.0006623848875219427,,,6.076540618793617,12653.705458817089,24.9856553902004,1289.423000092861,1750.0,22.200000000000003,6.0822,-0.0037898682750387024,4.490151274851516e-17,-1.903470554941078e-19,-0.03304059755205158,-3.580158008099961e-16,,-0.00014696970717459346,-2.7755575615628914e-17,0.0,11.5596628716198,0.9988387633128802,1.0,-0.0017486327970317461,-0.002618809290000579,-2.517801224280739e-05,-0.0017517267905000603,-0.004395714092743447,-0.00014696970717459346,-2.7755575615628914e-17,0.0008420050926738652,3.2752999315984408e-18,6.551219813407409e-18,-0.00011713281316503562,1.0017486327970317,7.742714402122938e-17,0.0015411293601606587,0.0006623848875219427,,,,-0.001894933003472412,2.2450896413916738e-17,-5.263067766722532e-20,0.9999982046128445,-0.03304059755205158,-3.580158008099961e-16,-3.122874653187653e-18,0.0,0.0,-6.0822,,,,0.0,0.0,6.076540618793617,,,,,,,1289.423000092861,1289.423000092861,1289.423000092861,1289.423000092861,12653.705458817089,12653.705458817089,12653.705458817089,12653.705458817089,1.5191351546984042,1.5191351546984042,1.5191351546984042,1.5191351546984042,,,,
0.4708333333333333,1.0017512361330312,0.0006248006398391332,,,6.076651103670984,12653.820494396437,24.98559569430855,1289.4258651058806,1750.0,22.200000000000003,6.0822,-0.003927570033459533,4.308194039103828e-17,-1.9717120640518184e-19,-0.033048422020999314,-4.366877952142105e-16,,-0.0001441147054181413,-2.7755575615628914e-17,0.0,11.55989173213566,0.9988284713864806,1.0,-0.0017512361330311865,-0.002622949195547619,-2.5542310742189003e-05,-0.0016559622188048566,-0.004304453725094665,-0.0001441147054181413,-2.7755575615628914e-17,0.0008503053647929669,4.915240378774163e-18,6.881473293512008e-18,-0.0001100665693002687,1.0017512361330312,7.926083522510375e-17,0.0016958985275440633,0.0006248006398391332,,,,-0.001963783754523034,2.1541122260484085e-17,-5.628360578072344e-20,0.9999980717748237,-0.033048422020999314,-4.366877952142105e-16,-3.322872336386861e-18,0.0,0.0,-6.0822,,,,0.0,0.0,6.076651103670984,,,,,,,1289.4258651058806,1289.4258651058806,1289.4258651058806,1289.4258651058806,12653.820494396437,12653.820494396437,12653.820494396437,12653.820494396437,1.519162775917746,1.519162775917746,1.519162775917746,1.519162775917746,,,,
0.475,1.0017536858228782,0.0005879255632691252,,,6.076759858006589,12653.93372713434,24.985536051936357,1289.428692114292,1750.0,22.200000000000003,6.0822,-0.004065027090824738,4.107790596495538e-17,-2.0388770364033695e-19,-0.03298969376764906,-4.809579801617268e-16,,-0.00014110538202538603,0.0,0.0,11.560117559020574,0.9988181792590242,1.0,-0.0017536858228781593,-0.00262685419954678,-2.5907151603237167e-05,-0.001562001599597833,-0.00421476295074785,-0.00014110538202538603,0.0,0.000857346942092963,6.579658884732295e-18,7.219057678987404e-18,-0.00010233201118376974,1.0017536858228782,8.102025251409528e-17,0.0018562939479597512,0.0005879255632691252,,,,-0.0020325121459893744,2.0539117760258822e-17,-6.019796984675063e-20,0.9999979344450549,-0.03298969376764906,-4.809579801617268e-16,-3.5340341262273346e-18,0.0,0.0,-6.0822,,,,0.0,0.0,6.076759858006589,,,,,,,1289.428692114292,1289.428692114292,1289.428692114292,1289.428692114292,12653.93372713434,12653.93372713434,12653.93372713434,12653.93372713434,1.5191899645016473,1.5191899645016473,1.5191899645016473,1.5191899645016473,,,,
0.4791666666666667,1.0017559847703705,0.0005517473981681706,,,6.076866897391006,12654.045173311555,24.98547646217215,1289.431481763208,1750.0,22.200000000000003,6.0822,-0.004201947122420106,3.888382650784008e-17,-2.1047280559817952e-19,-0.03286080758288877,-5.265680389896979e-16,,-0.00013794495945529395,0.0,0.0,11.560340403719175,0.9988078869331661,1.0,-0.0017559847703705334,-0.002630528734317239,-2.627250281633678e-05,-0.0014698139081728131,-0.004126615145306389,-0.00013794495945529395,0.0,0.0008630452298942182,7.565264304986768e-18,7.563632094174571e-18,-9.390573710254143e-05,1.0017559847703705,8.269785964491993e-17,0.002022305779494795,0.0005517473981681706,,,,-0.0021009720155626965,1.9442091443496608e-17,-6.438925486222009e-20,0.9999977929558594,-0.03286080758288877,-5.265680389896979e-16,-3.757012568603463e-18,0.0,0.0,-6.0822,,,,0.0,0.0,6.076866897391006,,,,,,,1289.431481763208,1289.431481763208,1289.431481763208,1289.431481763208,12654.045173311555,12654.045173311555,12654.045173311555,12654.045173311555,1.5192167243477515,1.5192167243477515,1.5192167243477515,1.5192167243477515,,,,
0.48333333333333334,1.001758135828912,0.0005162540499492768,,,6.076972238309711,12654.154850139244,24.985416924114404,1289.4342346904798,1750.0,22.200000000000003,6.0822,-0.0043380225087071254,3.6494086566582337e-17,-2.1690415881407563e-19,-0.03265809270888495,-5.735257669554395e-16,,-0.00013463682196745985,0.0,0.0,11.560560317099192,0.9987975944115163,1.0,-0.0017581358289120441,-0.0026339771555558,-2.663833297683064e-05,-0.0013793684954204266,-0.0040399839839530575,-0.00013463682196745985,0.0,0.0008673135077787807,8.587169454401954e-18,7.914823311069264e-18,-8.476443611531532e-05,1.001758135828912,8.428589205472613e-17,0.0021939122369342675,0.0005162540499492768,,,,-0.002169009553628688,1.8247235594294818e-17,-6.887381308784415e-20,0.9999976476960115,-0.03265809270888495,-5.735257669554395e-16,-3.992500044513858e-18,0.0,0.0,-6.0822,,,,0.0,0.0,6.076972238309711,,,,,,,1289.4342346904798,1289.4342346904798,1289.4342346904798,1289.4342346904798,12654.154850139244,12654.154850139244,12654.154850139244,12654.154850139244,1.5192430595774278,1.5192430595774278,1.5192430595774278,1.5192430595774278,,,,
0.4875,1.0017601418022606,0.00048143360363342815,,,6.077075898040444,12654.262775652085,24.985357436873056,1289.4369515257786,1750.0,22.200000000000003,6.0822,-0.004472930076771914,3.390305235137406e-17,-2.2316131137858136e-19,-0.032377816335548926,-6.218355618918839e-16,,-0.00013118451199833903,0.0,0.0,11.560777349377956,0.9987873016966397,1.0,-0.0017601418022605841,-0.002637203743368066,-2.700461127452065e-05,-0.001290635124873192,-0.003954843479515779,-0.00013118451199833903,0.0,0.0008700629796130553,9.645811010779674e-18,8.272224792448237e-18,-7.488494042184463e-05,1.0017601418022606,8.577635553095347e-17,0.002371078966432965,0.00048143360363342815,,,,-0.0022364631740036138,1.6951733327864807e-17,-7.366891260360917e-20,0.9999974991131085,-0.032377816335548926,-6.218355618918839e-16,-4.241230738420164e-18,0.0,0.0,-6.0822,,,,0.0,0.0,6.077075898040444,,,,,,,1289.4369515257786,1289.4369515257786,1289.4369515257786,1289.4369515257786,12654.262775652085,12654.262775652085,12654.262775652085,12654.262775652085,1.519268974510111,1.519268974510111,1.519268974510111,1.519268974510111,,,,
0.49166666666666664,1.0017620054453362,0.0004472743381352442,,,6.077177894555988,12654.368968607047,24.985297999570818,1289.4396328896873,1750.0,22.200000000000003,6.0822,-0.004606330857690472,3.110508659844659e-17,-2.292262815011172e-19,-0.032016187420453764,-6.714982540419536e-16,,-0.00012759172636800375,0.0,0.0,11.560991550049742,0.9987770087910574,1.0,-0.0017620054453362233,-0.002640212703390876,-2.737130748332494e-05,-0.0012035840090835704,-0.0038711680199577715,-0.00012759172636800375,0.0,0.0008712028305495743,1.0741558620268973e-17,8.635395731862544e-18,-6.42442803817942e-05,1.0017620054453362,8.716102545943352e-17,0.0025537584096121018,0.0004472743381352442,,,,-0.0023031633926283556,1.5552766022246596e-17,-7.879278837488358e-20,0.9999973477156762,-0.032016187420453764,-6.714982540419536e-16,-4.503982702545386e-18,0.0,0.0,-6.0822,,,,0.0,0.0,6.077177894555988,,,,,,,1289.4396328896873,1289.4396328896873,1289.4396328896873,1289.4396328896873,12654.368968607047,12654.368968607047,12654.368968607047,12654.368968607047,1.519294473638997,1.519294473638997,1.519294473638997,1.519294473638997,,,,
0.49583333333333335,1.0017637294650874,0.00041376474027357573,,,6.07727824643198,12654.473448387396,24.985238611344474,1289.4422793928068,1750.0,22.200000000000003,6.0822,-0.0047378698612033955,2.809456415041207e-17,-2.3508418368553755e-19,-0.03156936084310168,-7.225109337671766e-16,,-0.00012386231232131006,0.0,0.0,11.561202967814298,0.998766715697247,1.0,-0.0017637294650874047,-0.002643008168004335,-2.7738391951103322e-05,-0.0011181858453381105,-0.003788932405293549,-0.00012386231232131006,0.0,0.0008706402912935989,1.1874710750916742e-17,9.003860093028017e-18,-5.2819742224580445e-05,1.0017637294650874,8.843144667971349e-17,0.002741889157731302,0.00041376474027357573,,,,-0.0023689327149166695,1.4047521108892257e-17,-8.426469596485186e-20,0.9999971940749595,-0.03156936084310168,-7.225109337671766e-16,-4.7815800250777955e-18,0.0,0.0,-6.0822,,,,0.0,0.0,6.07727824643198,,,,,,,1289.4422793928068,1289.4422793928068,1289.4422793928068,1289.4422793928068,12654.473448387396,12654.473448387396,12654.473448387396,12654.473448387396,1.519319561607995,1.519319561607995,1.519319561607995,1.519319561607995,,,,
0.5,1.0017653165214144,0.00038089351848692574,,,6.077376972759364,12654.576234911563,24.985179271346155,1289.4448916348783,1750.0,22.200000000000003,6.0822,-0.004867175869138405,2.5011027441874613e-17,-2.4142095441906707e-19,-0.031033441904402093,-7.400329724858508e-16,,-0.00012000026340802661,2.7755575615628914e-17,0.0,11.561411650506649,0.9987564224176436,1.0,-0.0017653165214144284,-0.002645594197631107,-2.81058355896632e-05,-0.0010344118506839394,-0.0037081118839047095,-0.00012000026340802661,2.7755575615628914e-17,0.0008682807099222035,1.3045490467822929e-17,9.377105651265288e-18,-4.058892848856759e-05,1.0017653165214144,8.95789339769451e-17,0.002935395296643086,0.00038089351848692574,,,,-0.0024335855324765674,1.2505770449210475e-17,-9.027688249738814e-20,0.9999970388263437,-0.031033441904402093,-7.400329724858508e-16,-5.0748951108101404e-18,0.0,0.0,-6.0822,,,,0.0,0.0,6.077376972759364,,,,,,,1289.4448916348783,1289.4448916348783,1289.4448916348783,1289.4448916348783,12654.576234911563,12654.576234911563,12654.576234911563,12654.576234911563,1.519344243189841,1.519344243189841,1.519344243189841,1.519344243189841,,,,
0.5041666666666667,1.0017667692281487,0.00034864961622239275,,,6.07747409306118,12654.6773485465,24.985119978744553,1289.4474702039201,1750.0,22.200000000000003,6.0822,-0.004993861249064059,2.170010491371186e-17,-2.4753357395285174e-19,-0.03040449118215723,-7.946045154986559e-16,,-0.00011600971520708825,0.0,0.0,11.561617645027995,0.9987461289546405,1.0,-0.001766769228148668,-0.0026479747821216426,-2.847360986495787e-05,-0.0009522337962173143,-0.0036286821882039145,-0.00011600971520708825,0.0,0.0008640276315449621,1.3550108077623285e-17,9.754607739859816e-18,-2.7529821224835232e-05,1.0017667692281487,9.060050126268671e-17,0.0031341857432957664,0.00034864961622239275,,,,-0.0024969280299461986,1.0850327670425255e-17,-9.66746010486407e-20,0.9999968826703478,-0.03040449118215723,-7.946045154986559e-16,-5.384890579490348e-18,0.0,0.0,-6.0822,,,,0.0,0.0,6.07747409306118,,,,,,,1289.4474702039201,1289.4474702039201,1289.4474702039201,1289.4474702039201,12654.6773485465,12654.6773485465,12654.6773485465,12654.6773485465,1.519368523265295,1.519368523265295,1.519368523265295,1.519368523265295,,,,
0.5083333333333333,1.001768090154086,0.000317022224955131,,,6.077569627213361,12654.776810025245,24.985060732726186,1289.450015675382,1750.0,22.200000000000003,6.0822,-0.0051175217897026426,1.8301502135364667e-17,-2.541536008175025e-19,-0.029678529753259953,-8.156462106628966e-16,,-0.00011189494089730578,2.7755575615628914e-17,0.0,11.561820997278089,0.9987358353105903,1.0,-0.0017680901540859661,-0.002650153842223002,-2.8841686787488846e-05,-0.0008716240405559818,-0.0035506195695664726,-0.00011189494089730578,2.7755575615628914e-17,0.0008577828860963476,1.4807085064287525e-17,1.01358029782857e-17,-1.3620847997288493e-05,1.001768090154086,9.148685722221229e-17,0.0033381535746112175,0.000317022224955131,,,,-0.0025587581027079033,9.151046270330449e-18,-1.0366182596642739e-19,0.9999967263731276,-0.029678529753259953,-8.156462106628966e-16,-5.712517517698204e-18,0.0,0.0,-6.0822,,,,0.0,0.0,6.077569627213361,,,,,,,1289.450015675382,1289.450015675382,1289.450015675382,1289.450015675382,12654.776810025245,12654.776810025245,12654.776810025245,12654.776810025245,1.5193924068033402,1.5193924068033402,1.5193924068033402,1.5193924068033402,,,,
0.5125,1.0017692818240727,0.00028600079678373514,,,6.077663595369302,12654.874640368389,24.985001532496543,1289.4525286113205,1750.0,22.200000000000003,6.0822,-0.005237736559674293,1.4806184296521933e-17,-2.6130129972017893e-19,-0.028851544793195977,-8.388561557077419e-16,,-0.00010766034668224789,2.7755575615628914e-17,0.0,11.562021752089247,0.9987255414878053,1.0,-0.0017692818240726549,-0.0026521352311289492,-2.9210038902923417e-05,-0.0007925555623878275,-0.0034739008324197003,-0.00010766034668224789,2.7755575615628914e-17,0.0008494466845503313,1.53978491064897e-17,1.0520113047064443e-17,1.159049292821278e-06,1.0017692818240727,9.223441650689817e-17,0.0035471753496263453,0.00028600079678373514,,,,-0.0026188652862661186,7.40340891778037e-18,-1.1126250079038463e-19,0.9999965707664263,-0.028851544793195977,-8.388561557077419e-16,-6.058795648613896e-18,0.0,0.0,-6.0822,,,,0.0,0.0,6.077663595369302,,,,,,,1289.4525286113205,1289.4525286113205,1289.4525286113205,1289.4525286113205,12654.874640368389,12654.874640368389,12654.874640368389,12654.874640368389,1.5194158988423254,1.5194158988423254,1.5194158988423254,1.5194158988423254,,,,
0.5166666666666666,1.0017703467201415,0.00025557505653458405,,,6.077756017887937,12654.970860809228,24.984942377281303,1289.4550095595982,1750.0,22.200000000000003,6.0822,-0.005354067791188021,1.091499195157472e-17,-2.6746394480864944e-19,-0.02791949556329509,-9.338652344009883e-16,,-0.00010331046707140468,-2.7755575615628914e-17,0.0,11.5622199531623,0.9987152474885593,1.0,-0.0017703467201415357,-0.0026539227361089823,-2.9578639282938554e-05,-0.0007150019919593379,-0.0033985033673512586,-0.00010331046707140468,-2.7755575615628914e-17,0.0008389177238476342,1.6036813899328742e-17,1.090694314999117e-17,1.683034273386819e-05,1.0017703467201415,9.283922470241449e-17,0.0037611104258512594,0.00025557505653458405,,,,-0.002677030698096579,5.4578344247934345e-18,-1.1912160894689885e-19,0.9999964167469009,-0.02791949556329509,-9.338652344009883e-16,-6.424760726458535e-18,0.0,0.0,-6.0822,,,,0.0,0.0,6.077756017887937,,,,,,,1289.4550095595982,1289.4550095595982,1289.4550095595982,1289.4550095595982,12654.970860809228,12654.970860809228,12654.970860809228,12654.970860809228,1.5194390044719843,1.5194390044719843,1.5194390044719843,1.5194390044719843,,,,
0.5208333333333334,1.001771287282697,0.00022573501329567917,,,6.077846915265157,12655.06549272237,24.984883266327394,1289.4574590531095,1750.0,22.200000000000003,6.0822,-0.005466060790338042,6.62657602182012e-18,-2.7264476814626535e-19,-0.02687831979600524,-1.0291980348752247e-15,,-9.884996002468283e-05,-2.7755575615628914e-17,0.0,11.562415643004584,0.998704953315088,1.0,-0.0017712872826969317,-0.0026555200802123036,-2.9947461516301375e-05,-0.0006389376413364601,-0.003324405183065065,-9.884996002468283e-05,-2.7755575615628914e-17,0.0008260933008253028,1.813155509044103e-17,1.1295631099100553e-17,3.34128438624644e-05,1.001771287282697,9.328510778625195e-17,0.003979800270863091,0.00022573501329567917,,,,-0.002733026992795636,3.313648209445073e-18,-1.2726656937775996e-19,0.9999962652747543,-0.02687831979600524,-1.0291980348752247e-15,-6.81149765866597e-18,0.0,0.0,-6.0822,,,,0.0,0.0,6.077846915265157,,,,,,,1289.4574590531095,1289.4574590531095,1289.4574590531095,1289.4574590531095,12655.06549272237,12655.06549272237,12655.06549272237,12655.06549272237,1.5194617288162893,1.5194617288162893,1.5194617288162893,1.5194617288162893,,,,
0.525,1.001772105911744,0.0001964709712879603,,,6.077936308068387,12655.158557555655,24.984824198904114,1289.4598776090402,1750.0,22.200000000000003,6.0822,-0.005573243875705787,2.084804690744455e-18,-2.7766014683106803e-19,-0.02572394048825869,-1.0900018714417374e-15,,-9.428360196483965e-05,0.0,0.0,11.562608862870787,0.9986946589695904,1.0,-0.0017721059117439264,-0.0026569309240453975,-3.0316479700196567e-05,-0.000564337533239198,-0.003251584936984792,-9.428360196483965e-05,0.0,0.000810869435437007,2.0252631896413488e-17,1.1685447082573305e-17,5.09256262383898e-05,1.001772105911744,9.355583603346038e-17,0.004203067770222097,0.0001964709712879603,,,,-0.0027866183313794684,1.0427851645388037e-18,-1.3592475690566103e-19,0.9999961173716002,-0.02572394048825869,-1.0900018714417374e-15,-7.22020169476212e-18,0.0,0.0,-6.0822,,,,0.0,0.0,6.077936308068387,,,,,,,1289.4598776090402,1289.4598776090402,1289.4598776090402,1289.4598776090402,12655.158557555655,12655.158557555655,12655.158557555655,12655.158557555655,1.5194840770170968,1.5194840770170968,1.5194840770170968,1.5194840770170968,,,,
0.5291666666666667,1.0017728049681605,0.0001677735399686158,,,6.078024216874188,12655.250076765216,24.984765174304123,1289.4622657281652,1750.0,22.200000000000003,6.0822,-0.005675128347008967,-2.7151734658628e-18,-2.825482925345432e-19,-0.02445227311276279,-1.1519699404814468e-15,,-8.961628266246358e-05,0.0,0.0,11.562799652706648,0.9986843644542301,1.0,-0.0017728049681604574,-0.0026581588676158896,-3.0685668431809884e-05,-0.0004911774282199007,-0.0031800219642676,-8.961628266246358e-05,0.0,0.0007931410035504631,2.1695797194297524e-17,1.2075618148430154e-17,6.938694512533187e-05,1.0017728049681605,9.3641055805644e-17,0.004430716532866097,0.0001677735399686158,,,,-0.0028375603656034614,-1.3571803935285727e-18,-1.4512581182039112e-19,0.9999959741174819,-0.02445227311276279,-1.1519699404814468e-15,-7.652135177020542e-18,0.0,0.0,-6.0822,,,,0.0,0.0,6.078024216874188,,,,,,,1289.4622657281652,1289.4622657281652,1289.4622657281652,1289.4622657281652,12655.250076765216,12655.250076765216,12655.250076765216,12655.250076765216,1.519506054218547,1.519506054218547,1.519506054218547,1.519506054218547,,,,
0.5333333333333333,1.0017733867750074,0.000139633643248148,,,6.078110662208802,12655.34007175361,24.9847061918444,1289.4646238941912,1750.0,22.200000000000003,6.0822,-0.0057712084855788826,-7.632893413097135e-18,-2.8818956699546367e-19,-0.023059233256780106,-1.1802257098665011e-15,,-8.485299999999585e-05,2.7755575615628914e-17,0.0,11.562988051096363,0.9986740697711363,1.0,-0.0017733867750073795,-0.002659207452240686,-3.105500280017664e-05,-0.0004194338499215395,-0.003109696304962402,-8.485299999999585e-05,2.7755575615628914e-17,0.0007728018796057042,2.3175157482922078e-17,1.2465327377569663e-17,8.881415427204186e-05,1.0017733867750074,9.353021499348225e-17,0.004662530195210397,0.000139633643248148,,,,-0.0028856002381919365,-3.8160150173920094e-18,-1.551069231057411e-19,0.9999958366469659,-0.023059233256780106,-1.1802257098665011e-15,-8.108632301112112e-18,0.0,0.0,-6.0822,,,,0.0,0.0,6.078110662208802,,,,,,,1289.4646238941912,1289.4646238941912,1289.4646238941912,1289.4646238941912,12655.34007175361,12655.34007175361,12655.34007175361,12655.34007175361,1.5195276655522005,1.5195276655522005,1.5195276655522005,1.5195276655522005,,,,
0.5375,1.0017738536188727,0.00011204252768916145,,,6.078195664491556,12655.428563810921,24.98464725086713,1289.4669525731497,1750.0,22.200000000000003,6.0822,-0.005860961588485791,-1.2676509006167731e-17,-2.946516465937586e-19,-0.021540744697658407,-1.2104382495382786e-15,,-7.99988546197894e-05,2.7755575615628914e-17,0.0,11.563174095214077,0.9986637749224048,1.0,-0.0017738536188727227,-0.0026600801625110693,-3.142445837830318e-05,-0.00034908410812037,-0.0030405887290097426,-7.99988546197894e-05,2.7755575615628914e-17,0.0007497450894145463,2.398615886798488e-17,1.2853737790125978e-17,0.0001092236197939296,1.0017738536188727,9.321849901351557e-17,0.004898271725253059,0.00011204252768916145,,,,-0.0029304765998877393,-6.337795552655466e-18,-1.6589929720646323e-19,0.9999957061442302,-0.021540744697658407,-1.2104382495382786e-15,-8.591016508421208e-18,0.0,0.0,-6.0822,,,,0.0,0.0,6.078195664491556,,,,,,,1289.4669525731497,1289.4669525731497,1289.4669525731497,1289.4669525731497,12655.428563810921,12655.428563810921,12655.428563810921,12655.428563810921,1.519548916122889,1.519548916122889,1.519548916122889,1.519548916122889,,,,
0.5416666666666666,1.0017742077512457,8.499176954154767e-05,,,6.078279243981112,12655.515574058842,24.984588350740495,1289.469252212854,1750.0,22.200000000000003,6.0822,-0.005943848038169256,-1.814417184814711e-17,-3.0029888571913604e-19,-0.01989274792403167,-1.3122082246699662e-15,,-7.505904446231115e-05,-2.7755575615628914e-17,0.0,11.563357820780299,0.9986534799100999,1.0,-0.0017742077512457044,-0.002660780428309084,-3.179401121556833e-05,-0.0002801063192229036,-0.0029726807587475562,-7.505904446231115e-05,-2.7755575615628914e-17,0.0007238629733774578,2.484259044107396e-17,1.3239990957458952e-17,0.00013063063116084512,1.0017742077512457,9.270076015991393e-17,0.005137682728059721,8.499176954154767e-05,,,,-0.002971919644249772,-9.071599628185127e-18,-1.7711029014723945e-19,0.9999955838370629,-0.01989274792403167,-1.3122082246699662e-15,-9.10063508556534e-18,0.0,0.0,-6.0822,,,,0.0,0.0,6.078279243981112,,,,,,,1289.469252212854,1289.469252212854,1289.469252212854,1289.469252212854,12655.515574058842,12655.515574058842,12655.515574058842,12655.515574058842,1.519569810995278,1.519569810995278,1.519569810995278,1.519569810995278,,,,
0.5458333333333333,1.0017744513899143,5.847328045503637e-05,,,6.0783614207245416,12655.601123397682,24.984529490859355,1289.471523242421,1750.0,22.200000000000003,6.0822,-0.006019311409466073,-2.3890955149647236e-17,-3.0608733078978297e-19,-0.018111209111235982,-1.3791950091361566e-15,,-7.003885919998343e-05,0.0,0.0,11.563539262023667,0.9986431847362555,1.0,-0.0017744513899142778,-0.0026613116268685566,-3.2163637830411185e-05,-0.00021247942385386917,-0.0029059546885528372,-7.003885919998343e-05,0.0,0.0006950473603890962,2.715137308580668e-17,1.3623156254143207e-17,0.00015304930930283678,1.0017744513899143,9.195967120422132e-17,0.0053804827540779995,5.847328045503637e-05,,,,-0.003009651161144424,-1.194496286558724e-17,-1.8899469271204532e-19,0.9999954709896881,-0.018111209111235982,-1.3791950091361566e-15,-9.639114963941788e-18,0.0,0.0,-6.0822,,,,0.0,0.0,6.0783614207245416,,,,,,,1289.471523242421,1289.471523242421,1289.471523242421,1289.471523242421,12655.601123397682,12655.601123397682,12655.601123397682,12655.601123397682,1.5195903551811354,1.5195903551811354,1.5195903551811354,1.5195903551811354,,,,
0.55,1.0017745867203798,3.2479311696789376e-05,,,6.07844221450929,12655.6852324564,24.984470670645845,1289.4737660718756,1750.0,22.200000000000003,6.0822,-0.006086778615962195,-2.977539886115634e-17,-3.130025502152712e-19,-0.01619212955906881,-1.4122305729522019e-15,,-6.494367457293704e-05,2.7755575615628914e-17,0.0,11.563718451649228,0.9986328894028762,1.0,-0.0017745867203797783,-0.0026616770848714166,-3.2533315203309995e-05,-0.00014618320113759094,-0.0028403936012123174,-6.494367457293704e-05,2.7755575615628914e-17,0.0006631897526980233,2.87784479402055e-17,1.4002255523708904e-17,0.0001764925118520403,1.0017745867203798,9.098382469576713e-17,0.005626368611808844,3.2479311696789376e-05,,,,-0.003043384609893825,-1.48871541904969e-17,-2.0180954565744047e-19,0.9999953688943346,-0.01619212955906881,-1.4122305729522019e-15,-1.0208082696475691e-17,0.0,0.0,-6.0822,,,,0.0,0.0,6.07844221450929,,,,,,,1289.4737660718756,1289.4737660718756,1289.4737660718756,1289.4737660718756,12655.6852324564,12655.6852324564,12655.6852324564,12655.6852324564,1.5196105536273226,1.5196105536273226,1.5196105536273226,1.5196105536273226,,,,
0.5541666666666667,1.0017746158972827,7.002456688057324e-06,,,6.078521644818074,12655.767921545677,24.984411889549826,1289.4759810918424,1750.0,22.200000000000003,6.0822,-0.006145660097627044,-3.594970476341811e-17,-3.2027737204494175e-19,-0.014131555599564036,-1.4817950219370295e-15,,-5.977894663256045e-05,0.0,0.0,11.56389542081369,0.9986225939119389,1.0,-0.001774615897282672,-0.0026618800805696674,-3.290302077005579e-05,-8.119827924197345e-05,-0.0027759813805816966,-5.977894663256045e-05,0.0,0.0006281815219794859,2.9733381402101855e-17,1.4376287155697987e-17,0.00020097173554554427,1.0017746158972827,8.976759167737944e-17,0.005875013686440954,7.002456688057324e-06,,,,-0.003072825213059877,-1.7974275441748736e-17,-2.1537150958509357e-19,0.9999952788614604,-0.014131555599564036,-1.4817950219370295e-15,-1.0809086303833648e-17,0.0,0.0,-6.0822,,,,0.0,0.0,6.078521644818074,,,,,,,1289.4759810918424,1289.4759810918424,1289.4759810918424,1289.4759810918424,12655.767921545677,12655.767921545677,12655.767921545677,12655.767921545677,1.5196304112045185,1.5196304112045185,1.5196304112045185,1.5196304112045185,,,,
0.5583333333333333,1.0017745410458312,-1.796434833899807e-05,,,6.078599730786824,12655.849210614173,24.98435314704917,1289.4781686733397,1750.0,22.200000000000003,6.0822,-0.006195350051718532,-4.22717409963587e-17,-3.289505545783154e-19,-0.011925588981957412,-1.5172469664505984e-15,,-5.4550205898784565e-05,2.7755575615628914e-17,0.0,11.56407019910893,0.9986122982653941,1.0,-0.0017745410458311905,-0.002661923845924008,-3.327273241532301e-05,-1.750614172014331e-05,-0.0027127027200594743,-5.4550205898784565e-05,2.7755575615628914e-17,0.000589914116872633,3.143338567691149e-17,1.4744200178411425e-17,0.0002264970158211044,1.0017745410458312,8.829912545122508e-17,0.006126067266134433,-1.796434833899807e-05,,,,-0.0030976700718581005,-2.113525960253664e-17,-2.299464416559579e-19,0.9999952022085536,-0.011925588981957412,-1.5172469664505984e-15,-1.1443902366670669e-17,0.0,0.0,-6.0822,,,,0.0,0.0,6.078599730786824,,,,,,,1289.4781686733397,1289.4781686733397,1289.4781686733397,1289.4781686733397,12655.849210614173,12655.849210614173,12655.849210614173,12655.849210614173,1.519649932696706,1.519649932696706,1.519649932696706,1.519649932696706,,,,
0.5625,1.0017743642632237,-4.242782577607625e-05,,,6.078676491165815,12655.929119208093,24.984294442649926,1289.4803291676863,1750.0,22.200000000000003,6.0822,-0.006235226708974689,-4.889298624084407e-17,-3.3827384572927476e-19,-0.009570397741477941,-1.5890542584105489e-15,,-4.926305143815313e-05,0.0,0.0,11.564242814554412,0.9986020024651675,1.0,-0.0017743642632237488,-0.002661811568746786,-3.364242846653784e-05,4.491087084749518e-05,-0.0026505431263658284,-4.926305143815313e-05,0.0,0.0005482792822250748,3.2458526378829905e-17,1.510491845093127e-17,0.00025307682364494264,1.0017743642632237,8.657238540476225e-17,0.006379153877721178,-4.242782577607625e-05,,,,-0.0031176083042091965,-2.4445847013838805e-17,-2.453506908620612e-19,0.9999951402474222,-0.009570397741477941,-1.5890542584105489e-15,-1.2114190740790443e-17,0.0,0.0,-6.0822,,,,0.0,0.0,6.078676491165815,,,,,,,1289.4803291676863,1289.4803291676863,1289.4803291676863,1289.4803291676863,12655.929119208093,12655.929119208093,12655.929119208093,12655.929119208093,1.5196691227914538,1.5196691227914538,1.5196691227914538,1.5196691227914538,,,,
0.5666666666666667,1.0017740876200554,-6.639436038929206e-05,,,6.078751944284153,12656.00766643425,24.984235775886276,1289.4824629065354,1750.0,22.200000000000003,6.0822,-0.006264652657133084,-5.581567178268158e-17,-3.4843252922400853e-19,-0.007062227558014783,-1.6613968429654387e-15,,-4.392314486811877e-05,0.0,0.0,11.564413293599843,0.9985917065131611,1.0,-0.0017740876200553757,-0.0026615463948356233,-3.4012087688042786e-05,0.00010606956444019062,-0.0025894889180834756,-4.392314486811877e-05,0.0,0.0005031692902782933,3.422573448025318e-17,1.545731487823255e-17,0.00028071795961857605,1.0017740876200554,8.457514255230798e-17,0.006633872633672022,-6.639436038929206e-05,,,,-0.0031323212064490124,-2.7907153281729986e-17,-2.6163171614257607e-19,0.9999950942698967,-0.007062227558014783,-1.6613968429654387e-15,-1.2821896918678332e-17,0.0,0.0,-6.0822,,,,0.0,0.0,6.078751944284153,,,,,,,1289.4824629065354,1289.4824629065354,1289.4824629065354,1289.4824629065354,12656.00766643425,12656.00766643425,12656.00766643425,12656.00766643425,1.5196879860710382,1.5196879860710382,1.5196879860710382,1.5196879860710382,,,,
0.5708333333333333,1.0017737131616986,-8.987000562139856e-05,,,6.078826108017798,12656.084870926827,24.984177146320274,1289.4845702020489,1750.0,22.200000000000003,6.0822,-0.006282975213841753,-6.304162937921352e-17,-3.596365756806293e-19,-0.004397413610079856,-1.7341788230241621e-15,,-3.853620429450366e-05,0.0,0.0,11.564581661138966,0.9985814104112548,1.0,-0.001773713161698609,-0.0026611314300830635,-3.4381689275554325e-05,0.00016598590097323016,-0.0025295272183853876,-3.853620429450366e-05,0.0,0.0004544771840169499,3.6018720448442853e-17,1.5800211030104768e-17,0.0003094254454196769,1.0017737131616986,8.229507644933222e-17,0.0068897965922642,-8.987000562139856e-05,,,,-0.003141482439729013,-3.152009425515752e-17,-2.7883948636605533e-19,0.9999950655318659,-0.004397413610079856,-1.7341788230241621e-15,-1.3569082086383761e-17,0.0,0.0,-6.0822,,,,0.0,0.0,6.078826108017798,,,,,,,1289.4845702020489,1289.4845702020489,1289.4845702020489,1289.4845702020489,12656.084870926827,12656.084870926827,12656.084870926827,12656.084870926827,1.5197065270044494,1.5197065270044494,1.5197065270044494,1.5197065270044494,,,,
0.575,1.0017732429096458,-0.00011286049269246415,,,6.078898999761414,12656.160750818084,24.984118553541418,1289.4866513472261,1750.0,22.200000000000003,6.0822,-0.00628952685104512,-7.071740130043574e-17,-3.712100004491957e-19,-0.001572392928808296,-1.8421314017293684e-15,,-3.3107998188064425e-05,-2.7755575615628914e-17,0.0,11.564747940535803,0.9985711141613077,1.0,-0.0017732429096457558,-0.0026605697425479136,-3.4751212850908204e-05,0.0002246750140534964,-0.0024706459413453255,-3.3107998188064425e-05,-2.7755575615628914e-17,0.00040209703289368476,3.783565792944392e-17,1.613237682808866e-17,0.00033920241264037395,1.0017732429096458,7.971979151613457e-17,0.007146472132967296,-0.00011286049269246415,,,,-0.0031447582421494126,-3.53579421269185e-17,-2.9679864775306187e-19,0.9999950552355739,-0.001572392928808296,-1.8421314017293684e-15,-1.4357929792127747e-17,0.0,0.0,-6.0822,,,,0.0,0.0,6.078898999761414,,,,,,,1289.4866513472261,1289.4866513472261,1289.4866513472261,1289.4866513472261,12656.160750818084,12656.160750818084,12656.160750818084,12656.160750818084,1.5197247499403534,1.5197247499403534,1.5197247499403534,1.5197247499403534,,,,
0.5791666666666666,1.001772678862801,-0.00013537124275612834,,,6.078970636404258,12656.235323713312,24.9840599971659,1289.4887066164038,1750.0,22.200000000000003,6.0822,-0.006283625672945178,-7.869511663508656e-17,-3.843542540980892e-19,0.0014162827439851617,-1.9145940142956276e-15,,-2.7644339207877344e-05,0.0,0.0,11.564912153664483,0.9985608177651595,1.0,-0.0017726788628009693,-0.0026598643644686337,-3.5120638457084404e-05,0.00028215123173116037,-0.002412833771194558,-2.7644339207877344e-05,0.0,0.00034592420112842197,4.037849809960916e-17,1.645250559900837e-17,0.0003700499890951707,1.001772678862801,7.683090502073011e-17,0.007403418349151221,-0.00013537124275612834,,,,-0.003141807667675725,-3.9346760334495696e-17,-3.1579863898715225e-19,0.9999950645101102,0.0014162827439851617,-1.9145940142956276e-15,-1.519108305944719e-17,0.0,0.0,-6.0822,,,,0.0,0.0,6.078970636404258,,,,,,,1289.4887066164038,1289.4887066164038,1289.4887066164038,1289.4887066164038,12656.235323713312,12656.235323713312,12656.235323713312,12656.235323713312,1.5197426591010645,1.5197426591010645,1.5197426591010645,1.5197426591010645,,,,
0.5833333333333334,1.0017720229987077,-0.00015740738237739993,,,6.079041034310455,12656.308606670324,24.984001476835658,1289.4907362659421,1750.0,22.200000000000003,6.0822,-0.006264575949651629,-8.683015422588968e-17,-4.002775287733316e-19,0.0045719335904526245,-1.9523466174430514e-15,,-2.21510779769285e-05,2.7755575615628914e-17,0.0,11.565074320964023,0.9985505212246315,1.0,-0.0017720229987077118,-0.002659018294201454,-3.5489946553501275e-05,0.00033842810689032086,-0.0023560801338646346,-2.21510779769285e-05,2.7755575615628914e-17,0.00028585562876755566,4.222663611766688e-17,1.6759239244557133e-17,0.0004019671826797789,1.0017720229987077,7.361607493170321e-17,0.00766012646030597,-0.00015740738237739993,,,,-0.0031322828528964355,-4.341423724428991e-17,-3.3612608418200186e-19,0.9999950943900322,0.0045719335904526245,-1.9523466174430514e-15,-1.6071041366905675e-17,0.0,0.0,-6.0822,,,,0.0,0.0,6.079041034310455,,,,,,,1289.4907362659421,1289.4907362659421,1289.4907362659421,1289.4907362659421,12656.308606670324,12656.308606670324,12656.308606670324,12656.308606670324,1.5197602585776138,1.5197602585776138,1.5197602585776138,1.5197602585776138,,,,
0.5875,1.001771277274697,-0.00017897376260594247,,,6.079110209303957,12656.380616183837,24.983942992217084,1289.4927405351145,1750.0,22.200000000000003,6.0822,-0.006231668708644764,-9.527133165079968e-17,-4.1837028942262844e-19,0.007897737841647082,-2.0258159071392285e-15,,-1.6634096816736665e-05,0.0,0.0,11.565234461509299,0.9985402245415284,1.0,-0.0017712772746969474,-0.0026580344980615678,-3.585911801156538e-05,0.00039351845594349984,-0.0023003751601296334,-1.6634096816736665e-05,0.0,0.00022179012567352896,4.338844006015551e-17,1.70511928588654e-17,0.0004349507628716527,1.001771277274697,7.006886743398433e-17,0.00791605924604971,-0.00017897376260594247,,,,-0.003115829312684802,-4.7634782806767155e-17,-3.576087331911635e-19,0.9999951457920654,0.007897737841647082,-2.0258159071392285e-15,-1.7000057635761742e-17,0.0,0.0,-6.0822,,,,0.0,0.0,6.079110209303957,,,,,,,1289.4927405351145,1289.4927405351145,1289.4927405351145,1289.4927405351145,12656.380616183837,12656.380616183837,12656.380616183837,12656.380616183837,1.5197775523259893,1.5197775523259893,1.5197775523259893,1.5197775523259893,,,,
0.5916666666666667,1.001770443628939,-0.00020007498192496905,,,6.0791781766586,12656.451368175149,24.983884542999455,1289.4947196472162,1750.0,22.200000000000003,6.0822,-0.006184182386181409,-1.0401804285933941e-16,-4.38992422574043e-19,0.011396717391205503,-2.099139515566647e-15,,-1.1099303449113584e-05,0.0,0.0,11.565392593099606,0.9985299277176385,1.0,-0.001770443628938967,-0.002656915912045421,-3.6228134110460577e-05,0.0004474344065148562,-0.0022457096396410257,-1.1099303449113584e-05,0.0,0.00015362867859929657,4.527988472532455e-17,1.7326929394729736e-17,0.000468995139972857,1.001770443628939,6.617676860744026e-17,0.008170650504289034,-0.00020007498192496905,,,,-0.0030920862658313417,-5.2008094098793806e-17,-3.80311542845162e-19,0.9999952194898357,0.011396717391205503,-2.099139515566647e-15,-1.7980876557897913e-17,0.0,0.0,-6.0822,,,,0.0,0.0,6.0791781766586,,,,,,,1289.4947196472162,1289.4947196472162,1289.4947196472162,1289.4947196472162,12656.451368175149,12656.451368175149,12656.451368175149,12656.451368175149,1.51979454416465,1.51979454416465,1.51979454416465,1.51979454416465,,,,
0.5958333333333333,1.0017695239813833,-0.00022071541336087704,,,6.079244951093596,12656.520877987485,24.983826128892982,1289.496673810912,1750.0,22.200000000000003,6.0822,-0.006121383540776503,-1.1321423927264818e-16,-4.616460271233866e-19,0.01507172289717756,-2.207011911488692e-15,,-5.552624669336037e-06,-2.7755575615628914e-17,0.0,11.565548732366253,0.9985196307547357,1.0,-0.001769523981383303,-0.0026556654434084503,-3.65969765331562e-05,0.0005001874548124227,-0.002192074965129184,-5.552624669336037e-06,-2.7755575615628914e-17,8.127477148496038e-05,4.718369245429992e-17,1.7584959765546617e-17,0.0005040922422061191,1.0017695239813833,6.192728899605195e-17,0.008423304535982893,-0.00022071541336087704,,,,-0.003060686991715027,-5.660614801648288e-17,-4.0407860711604037e-19,0.9999953160865999,0.01507172289717756,-2.207011911488692e-15,-1.9016404652709625e-17,0.0,0.0,-6.0822,,,,0.0,0.0,6.079244951093596,,,,,,,1289.496673810912,1289.496673810912,1289.496673810912,1289.496673810912,12656.520877987485,12656.520877987485,12656.520877987485,12656.520877987485,1.519811237773399,1.519811237773399,1.519811237773399,1.519811237773399,,,,
0.6,1.0017685202345665,-0.00024089923604132568,,,6.079310546774936,12656.589160387482,24.98376774962652,1289.4986032218385,1750.0,22.200000000000003,6.0822,-0.006042527630891584,-1.2270930204801751e-16,-4.876908568494381e-19,0.018925418372380036,-2.2787349033099083e-15,,0.0,0.0,0.0,11.565702894900578,0.99850933365458,1.0,-0.0017685202345665285,-0.0026542859720749545,-3.6965627362611055e-05,0.0005517885334021926,-0.002139463066035373,0.0,0.0,4.6347190952739374e-06,4.980095019340625e-17,1.782371833852781e-17,0.0005402313907854921,1.0017685202345665,5.730205751548622e-17,0.008673395659049529,-0.00024089923604132568,,,,-0.0030212592190808933,-6.135363428027082e-17,-4.2921262055053526e-19,0.9999954359859504,0.018925418372380036,-2.2787349033099083e-15,-2.011021010671427e-17,0.0,0.0,-6.0822,,,,0.0,0.0,6.079310546774936,,,,,,,1289.4986032218385,1289.4986032218385,1289.4986032218385,1289.4986032218385,12656.589160387482,12656.589160387482,12656.589160387482,12656.589160387482,1.519827636693734,1.519827636693734,1.519827636693734,1.519827636693734,,,,
0.6041666666666666,1.0017674342742686,-0.00026063047149049793,,,6.07937497732313,12656.656229573284,24.98370940494489,1289.5005080644814,1750.0,22.200000000000003,6.0822,-0.005946859858955329,-1.3264597788520268e-16,-5.167311040565729e-19,0.022960265264701615,-2.384717570692244e-15,,5.552624669336037e-06,-2.7755575615628914e-17,0.0,11.565855095403816,0.9984990364189181,1.0,-0.00176743427426862,-0.0026527803518497928,-3.733406907814575e-05,0.0006022480901033142,-0.0020878663308246245,5.552624669336037e-06,-2.7755575615628914e-17,-7.638198590302148e-05,5.1710163168599043e-17,1.8041588573518094e-17,0.0005773991730940074,1.0017674342742686,5.2288856397667555e-17,0.008920267754043655,-0.00026063047149049793,,,,-0.002973425547989092,-6.632192752184251e-17,-4.555708796282465e-19,0.9999955793604842,0.022960265264701615,-2.384717570692244e-15,-2.1265607317740874e-17,0.0,0.0,-6.0822,,,,0.0,0.0,6.07937497732313,,,,,,,1289.5005080644814,1289.5005080644814,1289.5005080644814,1289.5005080644814,12656.656229573284,12656.656229573284,12656.656229573284,12656.656229573284,1.5198437443307824,1.5198437443307824,1.5198437443307824,1.5198437443307824,,,,
0.6083333333333333,1.001766267969998,-0.00027991302494875423,,,6.079438255827751,12656.722099189703,24.983651094605737,1289.5023885143423,1750.0,22.200000000000003,6.0822,-0.005833616083830823,-1.4272723561221536e-16,-5.510454667765178e-19,0.02717850602988143,-2.419411375243236e-15,,1.1099303449169096e-05,2.7755575615628914e-17,0.0,11.566005347860273,0.9984887390494845,1.0,-0.0017662679699979034,-0.00265115141140293,-3.7702284551951716e-05,0.0006515761787262448,-0.0020372775172286368,1.1099303449169096e-05,2.7755575615628914e-17,-0.00016186231234626585,5.4326650308105014e-17,1.8236878720821868e-17,0.0006155793141120026,1.001766267969998,4.686963535290557e-17,0.009163233844318844,-0.00027991302494875423,,,,-0.00291680390599559,-7.136251058794486e-17,-4.836752405100151e-19,0.9999957461184392,0.02717850602988143,-2.419411375243236e-15,-2.2486663487738477e-17,0.0,0.0,-6.0822,,,,0.0,0.0,6.079438255827751,,,,,,,1289.5023885143423,1289.5023885143423,1289.5023885143423,1289.5023885143423,12656.722099189703,12656.722099189703,12656.722099189703,12656.722099189703,1.5198595639569377,1.5198595639569377,1.5198595639569377,1.5198595639569377,,,,
0.6125,1.0017650231752813,-0.0002987507319996419,,,6.079500394869319,12656.786782351031,24.98359281837597,1289.5042447404187,1750.0,22.200000000000003,6.0822,-0.005702023803828983,-1.530981580202086e-16,-5.902977745500198e-19,0.03158214720044201,-2.4889256420051432e-15,,1.6634096816736665e-05,0.0,0.0,11.566153665735394,0.9984784415480015,1.0,-0.0017650231752812662,-0.002649401954996855,-3.807025704570128e-05,0.0006997825623718855,-0.001987689649670671,1.6634096816736665e-05,0.0,-0.00025188931640608746,5.552458928547549e-17,1.8407872385773182e-17,0.0006547525462514923,1.0017650231752813,4.103847958831545e-17,0.009401575713477531,-0.0002987507319996419,,,,-0.0028510080396175154,-7.654792643271675e-17,-5.133897274341906e-19,0.9999959358683204,0.03158214720044201,-2.4889256420051432e-15,-2.3776544727349735e-17,0.0,0.0,-6.0822,,,,0.0,0.0,6.079500394869319,,,,,,,1289.5042447404187,1289.5042447404187,1289.5042447404187,1289.5042447404187,12656.786782351031,12656.786782351031,12656.786782351031,12656.786782351031,1.5198750987173297,1.5198750987173297,1.5198750987173297,1.5198750987173297,,,,
0.6166666666666667,1.0017637017277363,-0.00031714741078056824,,,6.079561406549005,12656.850291671984,24.983534576027772,1289.5060769080096,1750.0,22.200000000000003,6.0822,-0.005551303212347001,-1.6375419905413658e-16,-6.35087385404019e-19,0.03617294195567583,-2.5573488835427375e-15,,2.215107797687299e-05,0.0,0.0,11.56630006219996,0.9984681439161797,1.0,-0.001763701727736322,-0.0026475347629218993,-3.8437970207218206e-05,0.0007468768299991048,-0.0019390959031300127,2.215107797687299e-05,0.0,-0.00034654175381739096,5.74334207411133e-17,1.855280382909517e-17,0.0006948964777639837,1.0017637017277363,3.478354639727759e-17,0.009634543562997951,-0.00031714741078056824,,,,-0.002775648042126334,-8.187590273725393e-17,-5.448044804833834e-19,0.9999961478815537,0.03617294195567583,-2.5573488835427375e-15,-2.513917027329994e-17,0.0,0.0,-6.0822,,,,0.0,0.0,6.079561406549005,,,,,,,1289.5060769080096,1289.5060769080096,1289.5060769080096,1289.5060769080096,12656.850291671984,12656.850291671984,12656.850291671984,12656.850291671984,1.5198903516372513,1.5198903516372513,1.5198903516372513,1.5198903516372513,,,,
0.6208333333333333,1.0017623054489029,-0.00033510692004351896,,,6.079621302526708,12656.912639307364,24.983476367334003,1289.5078851818669,1750.0,22.200000000000003,6.0822,-0.005380668328185089,-1.7469002274116378e-16,-6.860579098392844e-19,0.040952372198858326,-2.6244916159492875e-15,,2.7644339207877344e-05,0.0,0.0,11.566444550381824,0.9984578461557181,1.0,-0.0017623054489028789,-0.002645552591604483,-3.880540806716328e-05,0.0007928685269514206,-0.0018914894727202257,2.7644339207877344e-05,0.0,-0.0004458936784961665,5.933468762356158e-17,1.8669858739518212e-17,0.00073598545990154,1.0017623054489029,2.8093178501529854e-17,0.0098613557130135,-0.00033510692004351896,,,,-0.002690330918699713,-8.73437724122313e-17,-5.780146982005667e-19,0.9999963810532255,0.040952372198858326,-2.6244916159492875e-15,-2.65786853179916e-17,0.0,0.0,-6.0822,,,,0.0,0.0,6.079621302526708,,,,,,,1289.5078851818669,1289.5078851818669,1289.5078851818669,1289.5078851818669,12656.912639307364,12656.912639307364,12656.912639307364,12656.912639307364,1.519905325631677,1.519905325631677,1.519905325631677,1.519905325631677,,,,
0.625,1.0017608361438057,-0.0003526332233187806,,,6.079680094068057,12656.973837001004,24.983418192063198,1289.5096697297101,1750.0,22.200000000000003,6.0822,-0.0051893282025634166,-1.858994666069161e-16,-7.438982438909352e-19,0.04592163014920139,-2.6901555964624384e-15,,3.3107998188119936e-05,0.0,0.0,11.566587143646808,0.9984475482683038,1.0,-0.001760836143805733,-0.0026434581733543183,-3.917255503568471e-05,0.0008377673001087974,-0.0018448634282812056,3.3107998188119936e-05,0.0,-0.0005500140275679121,6.122433345604393e-17,1.875717514083939e-17,0.0007779904530236454,1.0017608361438057,2.0955936317082057e-17,0.010081198349305294,-0.0003526332233187806,,,,-0.0025946611899477045,-9.294845533978339e-17,-6.131209355314905e-19,0.9999966338609892,0.04592163014920139,-2.6901555964624384e-15,-2.8099474094579817e-17,0.0,0.0,-6.0822,,,,0.0,0.0,6.079680094068057,,,,,,,1289.5096697297101,1289.5096697297101,1289.5096697297101,1289.5096697297101,12656.973837001004,12656.973837001004,12656.973837001004,12656.973837001004,1.5199200235170143,1.5199200235170143,1.5199200235170143,1.5199200235170143,,,,
0.6291666666666667,1.0017592956002248,-0.00036973045941791666,,,6.0797377921009,12657.033896144592,24.98336004997393,1289.5114307261204,1750.0,22.200000000000003,6.0822,-0.004976488204824009,-1.9737550469736048e-16,-8.093434160161883e-19,0.05108159945745824,-2.7541337315634377e-15,,3.853620429450366e-05,0.0,0.0,11.566727855909754,0.9984372502556116,1.0,-0.0017592956002248084,-0.0026412542157085994,-3.953939589897757e-05,0.0008815830582969515,-0.0017992105533106255,3.853620429450366e-05,0.0,-0.0006589661928558571,6.309808525959458e-17,1.8812844439643916e-17,0.000820878891855532,1.0017592956002248,1.3360631713086541e-17,0.010293225319652767,-0.00036973045941791666,,,,-0.002488241534810832,-9.868643992224834e-17,-6.502294196459991e-19,0.9999969043222406,0.05108159945745824,-2.7541337315634377e-15,-2.970617374125957e-17,0.0,0.0,-6.0822,,,,0.0,0.0,6.0797377921009,,,,,,,1289.5114307261204,1289.5114307261204,1289.5114307261204,1289.5114307261204,12657.033896144592,12657.033896144592,12657.033896144592,12657.033896144592,1.519934448025225,1.519934448025225,1.519934448025225,1.519934448025225,,,,
0.6333333333333333,1.0017576855876436,-0.0003864030194915363,,,6.079794407281831,12657.092827846944,24.983301940808648,1289.5131683568259,1750.0,22.200000000000003,6.0822,-0.0047413513887591945,-2.092553493977639e-16,-8.824699975970214e-19,0.056432835855555544,-2.8510438024845864e-15,,4.392314486817428e-05,-2.7755575615628914e-17,0.0,11.566866701977078,0.9984269521193029,1.0,-0.0017576855876435538,-0.0026389434003372125,-3.990591581569107e-05,0.0009243261485447916,-0.0017545231676081119,4.392314486817428e-05,-2.7755575615628914e-17,-0.0007728075789079645,6.495144986613677e-17,1.8834912619975136e-17,0.0008646145501170726,1.0017576855876436,5.296363279493214e-18,0.010496557982769777,-0.0003864030194915363,,,,-0.002370673473806526,-1.046263346657451e-16,-6.892718119406642e-19,0.9999971899496921,0.056432835855555544,-2.8510438024845864e-15,-3.1403688989566584e-17,0.0,0.0,-6.0822,,,,0.0,0.0,6.079794407281831,,,,,,,1289.5131683568259,1289.5131683568259,1289.5131683568259,1289.5131683568259,12657.092827846944,12657.092827846944,12657.092827846944,12657.092827846944,1.5199486018204578,1.5199486018204578,1.5199486018204578,1.5199486018204578,,,,
0.6375,1.0017560078558485,-0.00040265563083243216,,,6.0798499500733545,12657.150643014327,24.983243864286937,1289.5148828233996,1750.0,22.200000000000003,6.0822,-0.004483119941458565,-2.2138131559027532e-16,-9.648684625918166e-19,0.06197554735215075,-2.9101097305224234e-15,,4.926305143815313e-05,0.0,0.0,11.56700369792206,0.9984166538610248,1.0,-0.001756007855848507,-0.0026365283814653306,-4.027210031311681e-05,0.0009660075487288409,-0.0017107929330496066,4.926305143815313e-05,0.0,-0.0008915891476731512,6.748364351957992e-17,1.8821356881546405e-17,0.0009091574047551342,1.0017560078558485,-3.2533772228953547e-18,0.010690285113134766,-0.00040265563083243216,,,,-0.00224155809357604,-1.1068929830325118e-16,-7.305525591429894e-19,0.9999974877055008,0.06197554735215075,-2.9101097305224234e-15,-3.319804906051611e-17,0.0,0.0,-6.0822,,,,0.0,0.0,6.0798499500733545,,,,,,,1289.5148828233996,1289.5148828233996,1289.5148828233996,1289.5148828233996,12657.150643014327,12657.150643014327,12657.150643014327,12657.150643014327,1.5199624875183386,1.5199624875183386,1.5199624875183386,1.5199624875183386,,,,
0.6416666666666666,1.0017542641331503,-0.00041849344758564203,,,6.0799044308322046,12657.20735244242,24.98318582009812,1289.516574348374,1750.0,22.200000000000003,6.0822,-0.004200996716510209,-2.337436165073481e-16,-1.057420023715537e-18,0.06770957398760546,-2.9668278141840856e-15,,5.4550205898729054e-05,0.0,0.0,11.567138861493623,0.9984063554824089,1.0,-0.001754264133150274,-0.0026340117837727606,-4.063793528308525e-05,0.0010066390770810804,-0.0016680106419747656,5.4550205898729054e-05,0.0,-0.0010153549499700867,6.927126038996223e-17,1.8770112483385975e-17,0.0009544635000263945,1.0017542641331503,-1.2298655558503033e-17,0.010873462865102485,-0.00041849344758564203,,,,-0.0021004968136563045,-1.1687043987540941e-16,-7.7419770634232585e-19,0.9999977939541346,0.06770957398760546,-2.9668278141840856e-15,-3.5094804514709046e-17,0.0,0.0,-6.0822,,,,0.0,0.0,6.0799044308322046,,,,,,,1289.516574348374,1289.516574348374,1289.516574348374,1289.516574348374,12657.20735244242,12657.20735244242,12657.20735244242,12657.20735244242,1.5199761077080511,1.5199761077080511,1.5199761077080511,1.5199761077080511,,,,
0.6458333333333334,1.0017524561241982,-0.00043392214849290807,,,6.079957859909416,12657.262966920483,24.983127807893297,1289.5182431807893,1750.0,22.200000000000003,6.0822,-0.003894186853328888,-2.4633144916093957e-16,-1.1610531933012172e-18,0.07363436716351723,-3.0209544303011846e-15,,5.977894663256045e-05,0.0,0.0,11.567272212559713,0.9983960569850686,1.0,-0.001752456124198165,-0.002631396199725411,-4.1003406977491557e-05,0.0010462336189641052,-0.0016261659877387974,5.977894663256045e-05,0.0,-0.0011441416439265989,7.102373710904911e-17,1.8679074408324726e-17,0.0010004848116920682,1.0017524561241982,-2.1849138014699993e-17,0.011045114799761656,-0.00043392214849290807,,,,-0.0019470921963700668,-1.2316436077046422e-16,-8.20340517403529e-19,0.9999981044141928,0.07363436716351723,-3.0209544303011846e-15,-3.709982164817266e-17,0.0,0.0,-6.0822,,,,0.0,0.0,6.079957859909416,,,,,,,1289.5182431807893,1289.5182431807893,1289.5182431807893,1289.5182431807893,12657.262966920483,12657.262966920483,12657.262966920483,12657.262966920483,1.519989464977354,1.519989464977354,1.519989464977354,1.519989464977354,,,,
0.65,1.0017505855073574,-0.0004489480417602428,,,6.080010247762661,12657.317497348302,24.983069827276683,1289.5198896021816,1750.0,22.200000000000003,6.0822,-0.0035618994843135913,-2.5927809537706776e-16,-1.2762022026062416e-18,0.07974896856367102,-3.1070704867403886e-15,,6.494367457293704e-05,-2.7755575615628914e-17,0.0,11.567403773585802,0.9983857583705978,1.0,-0.001750585507357405,-0.0026286841862972476,-4.136850200336617e-05,0.00108480537123227,-0.001585247317068344,6.494367457293704e-05,-2.7755575615628914e-17,-0.0012779780006039003,7.273566106407068e-17,1.85460992003848e-17,0.0010471691116007234,1.0017505855073574,-3.1914049905581924e-17,0.011204231978077227,-0.0004489480417602428,,,,-0.0017809488006928938,-1.296377056697992e-16,-8.68980595848463e-19,0.9999984141094271,0.07974896856367102,-3.1070704867403886e-15,-3.9219300972751496e-17,0.0,0.0,-6.0822,,,,0.0,0.0,6.080010247762661,,,,,,,1289.5198896021816,1289.5198896021816,1289.5198896021816,1289.5198896021816,12657.317497348302,12657.317497348302,12657.317497348302,12657.317497348302,1.5200025619406652,1.5200025619406652,1.5200025619406652,1.5200025619406652,,,,
0.6541666666666667,1.0017486539316196,-0.0004635781770933698,,,6.080061605081376,12657.37095486643,24.983011877796375,1289.5215139330185,1750.0,22.200000000000003,6.0822,-0.0032033495314591895,-2.7242178263758407e-16,-1.4044962608768379e-18,0.08605198868505676,-3.154362759643497e-15,,7.003885919998343e-05,0.0,0.0,11.567533570149246,0.9983754596405674,1.0,-0.0017486539316196037,-0.0026258782610361076,-4.173320731739897e-05,0.001122370104400607,-0.0015452413639528994,7.003885919998343e-05,0.0,-0.0014168843970577406,7.510531450366116e-17,1.8368982271049117e-17,0.0010944598329504203,1.0017486539316196,-4.250806304056439e-17,0.01134977312392728,-0.0004635781770933698,,,,-0.001601674080917071,-1.3620959183107445e-16,-9.20412683842179e-19,0.9999987173192466,0.08605198868505676,-3.154362759643497e-15,-4.146081577960042e-17,0.0,0.0,-6.0822,,,,0.0,0.0,6.080061605081376,,,,,,,1289.5215139330185,1289.5215139330185,1289.5215139330185,1289.5215139330185,12657.37095486643,12657.37095486643,12657.37095486643,12657.37095486643,1.520015401270344,1.520015401270344,1.520015401270344,1.520015401270344,,,,
0.6583333333333333,1.0017466630130158,-0.0004778204648964785,,,6.0801119429251616,12657.42335100026,24.982953958934413,1289.5231165395849,1750.0,22.200000000000003,6.0822,-0.002817759593961498,-2.8560334098033913e-16,-1.547443828846919e-18,0.09254158499944579,-3.163456401247265e-15,,7.505904446231115e-05,2.7755575615628914e-17,0.0,11.567661631489571,0.9983651607965223,1.0,-0.0017466630130158478,-0.0026229808974294055,-4.2097510219819716e-05,0.0011589454427334243,-0.0015061329649158008,7.505904446231115e-05,2.7755575615628914e-17,-0.0015608722971281758,7.670834432474915e-17,1.814548543913458e-17,0.0011422959365367242,1.0017466630130158,-5.363923965948858e-17,0.011480664860712947,-0.0004778204648964785,,,,-0.0014088793308899485,-1.4280043868284306e-16,-9.74911468497072e-19,0.9999990075290229,0.09254158499944579,-3.163456401247265e-15,-4.383135887300578e-17,0.0,0.0,-6.0822,,,,0.0,0.0,6.0801119429251616,,,,,,,1289.5231165395849,1289.5231165395849,1289.5231165395849,1289.5231165395849,12657.42335100026,12657.42335100026,12657.42335100026,12657.42335100026,1.5200279857312904,1.5200279857312904,1.5200279857312904,1.5200279857312904,,,,
0.6625,1.001744614330505,-0.0004916838025746935,,,6.0801612728759,12657.47469781836,24.982896070096174,1289.5246978413197,1750.0,22.200000000000003,6.0822,-0.0024043619282617668,-2.988112482517819e-16,-1.7060294514492978e-18,0.09921543976793551,-3.1697875838212562e-15,,7.99988546197894e-05,2.7755575615628914e-17,0.0,11.56778799109483,0.9983548618399775,1.0,-0.001744614330505101,-0.0026199945195237717,-4.246139834753135e-05,0.0011945511622411962,-0.0014679047556301068,7.99988546197894e-05,2.7755575615628914e-17,-0.0017099437202908409,7.754929507396227e-17,1.787336402814205e-17,0.0011906117783087424,1.001744614330505,-6.530913863820712e-17,0.011595802025284372,-0.0004916838025746935,,,,-0.0012021806745577542,-1.494044906846629e-16,-1.0326266633140042e-18,0.9999992773805517,0.09921543976793551,-3.1697875838212562e-15,-4.6337206227460884e-17,0.0,0.0,-6.0822,,,,0.0,0.0,6.0801612728759,,,,,,,1289.5246978413197,1289.5246978413197,1289.5246978413197,1289.5246978413197,12657.47469781836,12657.47469781836,12657.47469781836,12657.47469781836,1.520040318218975,1.520040318218975,1.520040318218975,1.520040318218975,,,,
0.6666666666666666,1.001742509421306,-0.0005051782078199058,,,6.080209607204008,12657.525008105516,24.9828382105992,1289.526258318605,1750.0,22.200000000000003,6.0822,-0.001962400521874891,-3.121778561292783e-16,-1.8809494108781425e-18,0.10607073753285,-3.2078866102331924e-15,,8.485300000005136e-05,0.0,0.0,11.567912687324077,0.998344562772414,1.0,-0.0017425094213059378,-0.0026169214957576514,-4.282485966638659e-05,0.0012292095064367337,-0.0014305368489873043,8.485300000005136e-05,0.0,-0.0018640906989456218,7.833631408901422e-17,1.755036882597626e-17,0.0012393369785711865,1.001742509421306,-7.751884851978915e-17,0.011694048062986611,-0.0005051782078199058,,,,-0.0009812001034950482,-1.560879301331507e-16,-1.0936287250876928e-18,0.9999995186230626,0.10607073753285,-3.2078866102331924e-15,-4.898494119596015e-17,0.0,0.0,-6.0822,,,,0.0,0.0,6.080209607204008,,,,,,,1289.526258318605,1289.526258318605,1289.526258318605,1289.526258318605,12657.525008105516,12657.525008105516,12657.525008105516,12657.525008105516,1.520052401801002,1.520052401801002,1.520052401801002,1.520052401801002,,,,
0.6708333333333333,1.0017403497756447,-0.0005183149586930798,,,6.080256959049149,12657.57429555084,24.98278037966131,1289.5277985209927,1750.0,22.200000000000003,6.0822,-0.0014911332622356051,-3.2583053232335074e-16,-2.073135914721119e-18,0.11310414231342848,-3.2765577852076413e-15,,8.961628266251909e-05,-2.7755575615628914e-17,0.0,11.56803576406493,0.9983342635952737,1.0,-0.001740349775644745,-0.0026137641319589067,-4.318788246249199e-05,0.0012629455195497644,-0.0013940064948716343,8.961628266251909e-05,-2.7755575615628914e-17,-0.0020232947245632554,7.976662501112776e-17,1.7174223548652e-17,0.0012883962931865443,1.0017403497756447,-9.027486655782243e-17,0.011774235507685877,-0.0005183149586930798,,,,-0.0007455665620448335,-1.6291444805144713e-16,-1.1580318441590434e-18,0.9999997220652121,0.11310414231342848,-3.2765577852076413e-15,-5.1782687241676647e-17,0.0,0.0,-6.0822,,,,0.0,0.0,6.080256959049149,,,,,,,1289.5277985209927,1289.5277985209927,1289.5277985209927,1289.5277985209927,12657.57429555084,12657.57429555084,12657.57429555084,12657.57429555084,1.5200642397622872,1.5200642397622872,1.5200642397622872,1.5200642397622872,,,,
0.675,1.0017381368308937,-0.000531106740243027,,,6.080303342615707,12657.622574951207,24.98272257638808,1289.5293190758698,1750.0,22.200000000000003,6.0822,-0.000989834201677921,-3.3960139808324365e-16,-2.2841381054301368e-18,0.1203117745338442,-3.3049424553751416e-15,,9.428360196483965e-05,0.0,0.0,11.568157271426083,0.9983239643099536,1.0,-0.001738136830893744,-0.0026105246634671175,-4.355045533241798e-05,0.0012957873967326993,-0.0013582877220668361,9.428360196483965e-05,0.0,-0.0021875261831567896,8.182268232032036e-17,1.6742603151588608e-17,0.001337709487147746,1.0017381368308937,-1.0358889529521404e-16,0.011835166550688432,-0.000531106740243027,,,,-0.0004949170806345528,-1.6980011301639986e-16,-1.226106179103583e-18,0.9999998775285341,0.1203117745338442,-3.3049424553751416e-15,-5.474029471709151e-17,0.0,0.0,-6.0822,,,,0.0,0.0,6.080303342615707,,,,,,,1289.5293190758698,1289.5293190758698,1289.5293190758698,1289.5293190758698,12657.622574951207,12657.622574951207,12657.622574951207,12657.622574951207,1.5200758356539268,1.5200758356539268,1.5200758356539268,1.5200758356539268,,,,
0.6791666666666667,1.0017358719650715,-0.0005435677973229539,,,6.080348773383234,12657.669862430308,24.982664799759785,1289.5308206975385,1750.0,22.200000000000003,6.0822,-0.00045779591953513786,-3.5332498948337517e-16,-2.5153170015645756e-18,0.12768918771426804,-3.2936209527089577e-15,,9.884996002468283e-05,2.7755575615628914e-17,0.0,11.56827726646304,0.9983136649178005,1.0,-0.0017358719650715226,-0.002607205246340616,-4.391256717218751e-05,0.0013277668506075674,-0.0013233509629052358,9.884996002468283e-05,2.7755575615628914e-17,-0.002356743780592988,8.307891901166501e-17,1.6253162408827857e-17,0.0013871912109082094,1.0017358719650715,-1.1746577826257994e-16,0.01187561370251119,-0.0005435677973229539,,,,-0.0002288979577687451,-1.7666220223817346e-16,-1.2980961520959384e-18,0.9999999738028621,0.12768918771426804,-3.2936209527089577e-15,-5.786692312646567e-17,0.0,0.0,-6.0822,,,,0.0,0.0,6.080348773383234,,,,,,,1289.5308206975385,1289.5308206975385,1289.5308206975385,1289.5308206975385,12657.669862430308,12657.669862430308,12657.669862430308,12657.669862430308,1.5200871933458084,1.5200871933458084,1.5200871933458084,1.5200871933458084,,,,
0.6833333333333333,1.0017335564896832,-0.0005557140931806747,,,6.080393268331966,12657.716175673368,24.982607048617712,1289.5323041966944,1750.0,22.200000000000003,6.0822,0.00010566801778956456,-3.6712844705521177e-16,-2.7677655005616577e-18,0.13523134495792852,-3.3128191424198725e-15,,0.00010331046707134917,0.0,0.0,11.568395813935716,0.9983033654201029,1.0,-0.0017335564896832079,-0.002603807947607284,-4.427420716491074e-05,0.0013589194933073846,-0.00128916266146481,0.00010331046707134917,0.0,-0.0025308939583086037,8.353866852834791e-17,1.5703564081477017e-17,0.0014367508798728108,1.0017335564896832,-1.319035985642014e-16,0.01189432055150435,-0.0005557140931806747,,,,5.283400887020186e-05,-1.835642963874758e-16,-1.3741843145352119e-18,0.9999999986042838,0.13523134495792852,-3.3128191424198725e-15,-6.117090953263434e-17,0.0,0.0,-6.0822,,,,0.0,0.0,6.080393268331966,,,,,,,1289.5323041966944,1289.5323041966944,1289.5323041966944,1289.5323041966944,12657.716175673368,12657.716175673368,12657.716175673368,12657.716175673368,1.5200983170829916,1.5200983170829916,1.5200983170829916,1.5200983170829916,,,,
0.6875,1.0017311916418778,-0.0005675634733068243,,,6.080436846183487,12657.761534177615,24.982549321649927,1289.5337704902827,1750.0,22.200000000000003,6.0822,0.0007012204980788159,-3.809886410638754e-16,-3.0427841631482236e-18,0.14293259526942032,-3.3264729696484383e-15,,0.0001076603466823034,0.0,0.0,11.568512987096117,0.9982930658180845,1.0,-0.0017311916418778495,-0.002600334734524812,-4.463536476692807e-05,0.0013892852329516867,-0.001255684866340053,0.0001076603466823034,0.0,-0.0027099103000480487,8.461280520115804e-17,1.5091457266710052e-17,0.001486292557470151,1.0017311916418778,-1.4690563554407145e-16,0.011890002623361642,-0.0005675634733068243,,,,0.0003506102418561317,-1.9049484223908377e-16,-1.4546027282696925e-18,0.9999999385362273,0.14293259526942032,-3.3264729696484383e-15,-6.46624388763129e-17,0.0,0.0,-6.0822,,,,0.0,0.0,6.080436846183487,,,,,,,1289.5337704902827,1289.5337704902827,1289.5337704902827,1289.5337704902827,12657.761534177615,12657.761534177615,12657.761534177615,12657.761534177615,1.5201092115458716,1.5201092115458716,1.5201092115458716,1.5201092115458716,,,,
0.6916666666666667,1.0017287785759033,-0.0005791358339277956,,,6.080479527656401,12657.805959518399,24.982491617376578,1289.535220611692,1750.0,22.200000000000003,6.0822,0.0013294982053366185,-3.948810150223561e-16,-3.3416912697470544e-18,0.15078664974187259,-3.334240925723328e-15,,0.0001118949408973613,0.0,0.0,11.568628868503241,0.9982827661128953,1.0,-0.001728778575903256,-0.002596787462816774,-4.4996029692319296e-05,0.0014189086832670607,-0.0012228748092420326,0.0001118949408973613,0.0,-0.002893712930292347,8.557889144616253e-17,1.4414481331300082e-17,0.0015357148422434118,1.0017287785759033,-1.6247422449839311e-16,0.011861348345582615,-0.0005791358339277956,,,,0.0006647490537104951,-1.9744157458060621e-16,-1.5395968751752325e-18,0.9999997790543234,0.15078664974187259,-3.334240925723328e-15,-6.835228987458345e-17,0.0,0.0,-6.0822,,,,0.0,0.0,6.080479527656401,,,,,,,1289.535220611692,1289.535220611692,1289.535220611692,1289.535220611692,12657.805959518399,12657.805959518399,12657.805959518399,12657.805959518399,1.5201198819141002,1.5201198819141002,1.5201198819141002,1.5201198819141002,,,,
0.6958333333333333,1.0017263183538432,-0.000590453294425882,,,6.0805213357368935,12657.849475630766,24.982433934134725,1289.5366557212626,1750.0,22.200000000000003,6.0822,0.0019911088622241676,-4.087795524889595e-16,-3.665816947357974e-18,0.15878655765301175,-3.335773610510514e-15,,0.00011600971520708825,0.0,0.0,11.568743550862905,0.998272466305603,1.0,-0.0017263183538431814,-0.002593167863854884,-4.535619189563247e-05,0.0014478395848194889,-0.0011906844709310275,0.00011600971520708825,0.0,-0.0030822079051042828,8.642886926558436e-17,1.3670270087611345e-17,0.0015849107594141341,1.0017263183538432,-1.7861069848529684e-16,0.011807020120973333,-0.000590453294425882,,,,0.0009955542666583428,-2.043914997160605e-16,-1.6294264515534982e-18,0.9999995044357283,0.15878655765301175,-3.335773610510514e-15,-7.225186946153177e-17,0.0,0.0,-6.0822,,,,0.0,0.0,6.0805213357368935,,,,,,,1289.5366557212626,1289.5366557212626,1289.5366557212626,1289.5366557212626,12657.849475630766,12657.849475630766,12657.849475630766,12657.849475630766,1.5201303339342234,1.5201303339342234,1.5201303339342234,1.5201303339342234,,,,
0.7,1.0017238119356229,-0.0006015403728596646,,,6.08056229596377,12657.892109106133,24.9823762700628,1289.5380771170524,1750.0,22.200000000000003,6.0822,0.0026866283726934667,-4.226567448975851e-16,-4.016496671900284e-18,0.1669246825126317,-3.330713982042444e-15,,0.0001200002634079711,0.0,0.0,11.568857137888342,0.9982621663971825,1.0,-0.0017238119356228765,-0.002589477530764772,-4.5715841552683136e-05,0.001476133236064705,-0.0011590601362527501,0.0001200002634079711,0.0,-0.0032752865961714435,8.715444983465826e-17,1.2856456217652692e-17,0.001633767657390327,1.0017238119356229,-1.953153287900766e-16,0.011725655514286297,-0.0006015403728596646,,,,0.0013433137823465947,-2.1133087948620455e-16,-1.7243662087040416e-18,0.999999097753634,0.1669246825126317,-3.330713982042444e-15,-7.637324917504284e-17,0.0,0.0,-6.0822,,,,0.0,0.0,6.08056229596377,,,,,,,1289.5380771170524,1289.5380771170524,1289.5380771170524,1289.5380771170524,12657.892109106133,12657.892109106133,12657.892109106133,12657.892109106133,1.5201405739909426,1.5201405739909426,1.5201405739909426,1.5201405739909426,,,,
0.7041666666666666,1.0017212601682743,-0.0006124241636414784,,,6.080602436727571,12657.933889503578,24.98231862308472,1289.5394862458234,1750.0,22.200000000000003,6.0822,0.003416597864803983,-4.3633842037326787e-16,-4.394621222262868e-18,0.175192678106524,-3.2838638312025184e-15,,0.00012386231232125455,2.7755575615628914e-17,0.0,11.568969745178357,0.9982518663885062,1.0,-0.0017212601682743411,-0.0025857179034343147,-4.607496903927123e-05,0.0015038509321491614,-0.0011279419403244246,0.00012386231232125455,2.7755575615628914e-17,-0.003472825068887308,8.774711688572814e-17,1.1970675950614636e-17,0.0016821671097074398,1.0017212601682743,-2.1258726408913354e-16,0.011615868556107044,-0.0006124241636414784,,,,0.0017082981015181854,-2.181726455082636e-16,-1.8246093573711e-18,0.9999985408577335,0.175192678106524,-3.2838638312025184e-15,-8.072920359638978e-17,0.0,0.0,-6.0822,,,,0.0,0.0,6.080602436727571,,,,,,,1289.5394862458234,1289.5394862458234,1289.5394862458234,1289.5394862458234,12657.933889503578,12657.933889503578,12657.933889503578,12657.933889503578,1.5201506091818928,1.5201506091818928,1.5201506091818928,1.5201506091818928,,,,
0.7083333333333334,1.0017186637744564,-0.0006231345163079232,,,6.080641789583108,12657.974849675122,24.98226099089385,1289.5408847141844,1750.0,22.200000000000003,6.0822,0.00418152063390611,-4.4994281594556e-16,-4.8018563248659344e-18,0.18358146458451086,-3.2654027605359715e-15,,0.00012759172636800375,0.0,0.0,11.56908150110802,0.9982415662803321,1.0,-0.001718663774456397,-0.0025818902524115117,-4.643356490766172e-05,0.001531060409103696,-0.0010972634082154775,0.00012759172636800375,0.0,-0.0036746834553706793,8.749419764271376e-17,1.1010598712076873e-17,0.0017299848229078273,1.0017186637744564,-2.304185372490631e-16,0.011476251168092992,-0.0006231345163079232,,,,0.0020907587937373804,-2.249759360282656e-16,-1.930561965313237e-18,0.9999978143614446,0.18358146458451086,-3.2654027605359715e-15,-8.533161407671708e-17,0.0,0.0,-6.0822,,,,0.0,0.0,6.080641789583108,,,,,,,1289.5408847141844,1289.5408847141844,1289.5408847141844,1289.5408847141844,12657.974849675122,12657.974849675122,12657.974849675122,12657.974849675122,1.520160447395777,1.520160447395777,1.520160447395777,1.520160447395777,,,,
0.7125,1.0017160233402307,-0.0006337042141929677,,,6.080680389574619,12658.015026104127,24.982203370936695,1289.542274299827,1750.0,22.200000000000003,6.0822,0.004981858986584748,-4.632925720778062e-16,-5.238836525772655e-18,0.19208120464287287,-3.204388433115665e-15,,0.00013118451199839454,2.7755575615628914e-17,0.0,11.569192547726852,0.9982312660732917,1.0,-0.001716023340230688,-0.0025779956616845956,-4.679161986067347e-05,0.001557836290769808,-0.0010669509907754613,0.00013118451199839454,2.7755575615628914e-17,-0.0038807053233855227,8.780519600799744e-17,9.973906984512742e-18,0.0017770905508814076,1.0017160233402307,-2.488060146153913e-16,0.011305374713659245,-0.0006337042141929677,,,,0.0024909269173691217,-2.316520921674334e-16,-2.0423961672964397e-18,0.9999968976367338,0.19208120464287287,-3.204388433115665e-15,-9.019473522689944e-17,0.0,0.0,-6.0822,,,,0.0,0.0,6.080680389574619,,,,,,,1289.542274299827,1289.542274299827,1289.542274299827,1289.542274299827,12658.015026104127,12658.015026104127,12658.015026104127,12658.015026104127,1.5201700973936547,1.5201700973936547,1.5201700973936547,1.5201700973936547,,,,
0.7166666666666667,1.0017133393020987,-0.000644169151682224,,,6.080718275572589,12658.054459255836,24.982145760396676,1289.5436569627875,1750.0,22.200000000000003,6.0822,0.005818030985977071,-4.765026836238364e-16,-5.707393241158843e-18,0.2006812798541576,-3.170987880023927e-15,,0.00013463682196745985,0.0,0.0,11.569303041659037,0.9982209657678771,1.0,-0.0017133393020987153,-0.002574035010346032,-4.714912472322153e-05,0.0015842605354824194,-0.001036923599586834,0.00013463682196745985,0.0,-0.004090717042186695,8.725239726620362e-17,8.858326498223126e-18,0.0018233480162071815,1.0017133393020987,-2.6773931670950784e-16,0.011101791678185728,-0.000644169151682224,,,,0.0029090113901288133,-2.3825863516296303e-16,-2.160608679023633e-18,0.9999957688174146,0.2006812798541576,-3.170987880023927e-15,-9.533192798901741e-17,0.0,0.0,-6.0822,,,,0.0,0.0,6.080718275572589,,,,,,,1289.5436569627875,1289.5436569627875,1289.5436569627875,1289.5436569627875,12658.054459255836,12658.054459255836,12658.054459255836,12658.054459255836,1.5201795688931472,1.5201795688931472,1.5201795688931472,1.5201795688931472,,,,
0.7208333333333333,1.001710611933313,-0.0006545685085919709,,,6.080755490621056,12658.093193938821,24.982088156177927,1289.5450348566471,1750.0,22.200000000000003,6.0822,0.006690407099310829,-4.89537639839513e-16,-6.208755642945999e-18,0.20937026720010213,-3.1290809536686045e-15,,0.00013794495945529395,0.0,0.0,11.569413154998902,0.9982106653644272,1.0,-0.001710611933313011,-0.002570008953148073,-4.750607041115876e-05,0.00161042287920556,-0.0010070921443536718,0.00013794495945529395,0.0,-0.004304527146382005,8.724489178167035e-17,7.661606641815442e-18,0.001868614839052138,1.001710611933313,-2.8721276553784456e-16,0.010864037482789609,-0.0006545685085919709,,,,0.0033451973106386375,-2.4477783514848887e-16,-2.285560453771155e-18,0.9999944048118234,0.20937026720010213,-3.1290809536686045e-15,-1.0075912074144792e-16,0.0,0.0,-6.0822,,,,0.0,0.0,6.080755490621056,,,,,,,1289.5450348566471,1289.5450348566471,1289.5450348566471,1289.5450348566471,12658.093193938821,12658.093193938821,12658.093193938821,12658.093193938821,1.520188872655264,1.520188872655264,1.520188872655264,1.520188872655264,,,,
0.725,1.0017078413294793,-0.0006649449200778713,,,6.080792082294019,12658.131279675898,24.982030554889302,1289.5464103395896,1750.0,22.200000000000003,6.0822,0.007599306748753298,-5.0250541647829e-16,-6.7451430201055155e-18,0.21813591586619246,-3.1131068326169605e-15,,0.00014110538202544154,-2.7755575615628914e-17,0.0,11.56952307619479,0.9982003648631129,1.0,-0.0017078413294793204,-0.0025659178999695165,-4.786244789726563e-05,0.0016364212714799272,-0.000977359076386855,0.00014110538202544154,-2.7755575615628914e-17,-0.004521925698967585,8.705850106534776e-17,6.381526498367837e-18,0.001912742474200746,1.0017078413294793,-3.0721923442742496e-16,0.010590632435665872,-0.0006649449200778713,,,,0.003799644231552324,-2.512637090995866e-16,-2.4178762610350514e-18,0.9999927813258022,0.21813591586619246,-3.1131068326169605e-15,-1.0649317945772098e-16,0.0,0.0,-6.0822,,,,0.0,0.0,6.080792082294019,,,,,,,1289.5464103395896,1289.5464103395896,1289.5464103395896,1289.5464103395896,12658.131279675898,12658.131279675898,12658.131279675898,12658.131279675898,1.5201980205735048,1.5201980205735048,1.5201980205735048,1.5201980205735048,,,,
0.7291666666666666,1.001705027393478,-0.0006753446403373688,,,6.080828103059368,12658.16877108287,24.981972952828738,1289.547785985213,1750.0,22.200000000000003,6.0822,0.008544994766916694,-5.152183625908525e-16,-7.316755586310938e-18,0.22696512435921512,-3.0521151590502928e-15,,0.00014411470541819682,0.0,0.0,11.569633010913543,0.9981900642639223,1.0,-0.001705027393477998,-0.0025617619942189807,-4.8218248174240495e-05,0.0016623623001946783,-0.0009476179421985427,0.00014411470541819682,0.0,-0.004742683654761514,8.738740747625371e-17,5.0158764479303e-18,0.001955576156804691,1.001705027393478,-3.277560121050088e-16,0.010280083824946745,-0.0006753446403373688,,,,0.004272484384942455,-2.576224604318744e-16,-2.5577131982617933e-18,0.9999908728969382,0.22696512435921512,-3.0521151590502928e-15,-1.1255382182618112e-16,0.0,0.0,-6.0822,,,,0.0,0.0,6.080828103059368,,,,,,,1289.547785985213,1289.547785985213,1289.547785985213,1289.547785985213,12658.16877108287,12658.16877108287,12658.16877108287,12658.16877108287,1.520207025764842,1.520207025764842,1.520207025764842,1.520207025764842,,,,
0.7333333333333333,1.0017021698197355,-0.0006858176982265629,,,6.080863610648484,12658.205728253171,24.981915345968094,1289.549164592995,1750.0,22.200000000000003,6.0822,0.009527677758633482,-5.274908778267226e-16,-7.923344005538899e-18,0.2358439180120288,-2.9465990249293145e-15,,0.00014696970717459346,2.7755575615628914e-17,0.0,11.569743182877186,0.9981797635666441,1.0,-0.0017021698197354773,-0.002557541090216997,-4.857346221454841e-05,0.0016883616008434219,-0.0009177529515881236,0.00014696970717459346,2.7755575615628914e-17,-0.004966552225530137,8.680322131054848e-17,3.5624901073322695e-18,0.0019969548574587186,1.0017021698197355,-3.4881272174352735e-16,0.009930888156966647,-0.0006858176982265629,,,,0.004763820860782874,-2.63761318874042e-16,-2.7051910256117905e-18,0.9999886529410253,0.2358439180120288,-2.9465990249293145e-15,-1.1895998604357491e-16,0.0,0.0,-6.0822,,,,0.0,0.0,6.080863610648484,,,,,,,1289.549164592995,1289.549164592995,1289.549164592995,1289.549164592995,12658.205728253171,12658.205728253171,12658.205728253171,12658.205728253171,1.520215902662121,1.520215902662121,1.520215902662121,1.520215902662121,,,,
0.7375,1.0016992680778907,-0.000696418042768731,,,6.080898668429463,12658.242217146264,24.98185772993867,1289.5505491982906,1750.0,22.200000000000003,6.0822,0.010547500370894688,-5.395747421017878e-16,-8.568541344626475e-18,0.24475742694268982,-2.901535722510681e-15,,0.00014966733008753286,-2.7755575615628914e-17,0.0,11.569853834662375,0.9981694627708511,1.0,-0.00169926807789067,-0.002553254729603216,-4.89280809269933e-05,0.0017145442455664072,-0.0008876385649638019,0.00014966733008753286,-2.7755575615628914e-17,-0.00519326224817225,8.530652438992242e-17,2.019275920748155e-18,0.0020367112472243153,1.0016992680778907,-3.7037140478018754e-16,0.009541533543743163,-0.000696418042768731,,,,0.005273725739503676,-2.6980621340543643e-16,-2.8614264915345023e-18,0.9999860938117212,0.24475742694268982,-2.901535722510681e-15,-1.2572976769734309e-16,0.0,0.0,-6.0822,,,,0.0,0.0,6.080898668429463,,,,,,,1289.5505491982906,1289.5505491982906,1289.5505491982906,1289.5505491982906,12658.242217146264,12658.242217146264,12658.242217146264,12658.242217146264,1.5202246671073658,1.5202246671073658,1.5202246671073658,1.5202246671073658,,,,
0.7416666666666667,1.0016963213959058,-0.0007072036763880033,,,6.080933345781634,12658.278309977388,24.98180010001761,1289.551943081746,1750.0,22.200000000000003,6.0822,0.011604541473136361,-5.514223270075801e-16,-9.253497759431635e-18,0.25368986453800074,-2.845066843475473e-15,,0.00015220468547455512,-2.7755575615628914e-17,0.0,11.569965228453224,0.9981591618758827,1.0,-0.0016963213959058088,-0.002548902116836005,-4.928209510988719e-05,0.0017410451069218276,-0.0008571391050240646,0.00015220468547455512,-2.7755575615628914e-17,-0.00542252355739853,8.500945155530301e-17,3.8417427067466546e-19,0.002074671673238463,1.0016963213959058,-3.9242439601763744e-16,0.009110502243395402,-0.0007072036763880033,,,,0.005802238179747573,-2.7573336792213676e-16,-3.0269291576063767e-18,0.9999831668743756,0.25368986453800074,-2.845066843475473e-15,-1.3288632267293073e-16,0.0,0.0,-6.0822,,,,0.0,0.0,6.080933345781634,,,,,,,1289.551943081746,1289.551943081746,1289.551943081746,1289.551943081746,12658.278309977388,12658.278309977388,12658.278309977388,12658.278309977388,1.5202333364454086,1.5202333364454086,1.5202333364454086,1.5202333364454086,,,,
0.7458333333333333,1.0016933287426826,-0.0007182367735599419,,,6.080967718468771,12658.314085605933,24.981742451115213,1289.5533497779884,1750.0,22.200000000000003,6.0822,0.012698810250363521,-5.626940698286073e-16,-9.975743669833949e-18,0.26262450653451963,-2.7071249916694076e-15,,0.00015457905627208612,2.7755575615628914e-17,0.0,11.57007764673626,0.9981488608808269,1.0,-0.001693328742682576,-0.002544482093858713,-4.96354954007009e-05,0.0017680091909700083,-0.0008261083982894059,0.00015457905627208612,2.7755575615628914e-17,-0.005654024364416832,8.447245321988846e-17,-1.3448344293832189e-18,0.002110656145559791,1.0016933287426826,-4.1496208801389226e-16,0.008636273357118713,-0.0007182367735599419,,,,0.006349362462614221,-2.813730334943719e-16,-3.2013969899116108e-18,0.9999798425949987,0.26262450653451963,-2.7071249916694076e-15,-1.4045410113901185e-16,0.0,0.0,-6.0822,,,,0.0,0.0,6.080967718468771,,,,,,,1289.5533497779884,1289.5533497779884,1289.5533497779884,1289.5533497779884,12658.314085605933,12658.314085605933,12658.314085605933,12658.314085605933,1.5202419296171927,1.5202419296171927,1.5202419296171927,1.5202419296171927,,,,
0.75,1.0016902888102557,-0.0007295837824318179,,,6.081001869008137,12658.349629919485,24.981684777763626,1289.554773083455,1750.0,22.200000000000003,6.0822,0.013830242211917887,-5.736366106364909e-16,-1.0739515847692727e-17,0.2715436707730482,-2.6284102867078626e-15,,0.00015678789994438835,-2.7755575615628914e-17,0.0,11.57019139292674,0.9981385597845013,1.0,-0.0016902888102556801,-0.002539993114023864,-4.998827222209311e-05,0.0017955919338998548,-0.0007943894523461021,0.00015678789994438835,-2.7755575615628914e-17,-0.005887430643208569,8.227720332481852e-17,-3.1696719298518736e-18,0.0021444783359190344,1.0016902888102557,-4.3796100011247706e-16,0.008117325686218394,-0.0007295837824318179,,,,0.006915065993843376,-2.8684857990806973e-16,-3.3862620268816405e-18,0.9999760906453218,0.2715436707730482,-2.6284102867078626e-15,-1.4845479759684542e-16,0.0,0.0,-6.0822,,,,0.0,0.0,6.081001869008137,,,,,,,1289.554773083455,1289.554773083455,1289.554773083455,1289.554773083455,12658.349629919485,12658.349629919485,12658.349629919485,12658.349629919485,1.5202504672520343,1.5202504672520343,1.5202504672520343,1.5202504672520343,,,,
0.7541666666666667,1.0016871999956438,-0.0007413155068305905,,,6.081035887032263,12658.38503621027,24.981627074106896,1289.5562170632088,1750.0,22.200000000000003,6.0822,0.014998695119024656,-5.839069126055782e-16,-1.1541449937377478e-17,0.28042869770562373,-2.4673907184307895e-15,,0.00015882885120627188,2.7755575615628914e-17,0.0,11.570306791913938,0.9981282585854344,1.0,-0.0016871999956438177,-0.00253543321538352,-5.034041572422971e-05,0.0018239594560795448,-0.000761814175028205,0.00015882885120627188,2.7755575615628914e-17,-0.006122385526056859,8.12500362659818e-17,-5.092204165844267e-18,0.002175945589054761,1.0016871999956438,-4.614077366381743e-16,0.007552140752574365,-0.0007413155068305905,,,,0.007499277265558288,-2.9198852284542534e-16,-3.581122778593529e-18,0.9999718800248807,0.28042869770562373,-2.4673907184307895e-15,-1.5691559933720937e-16,0.0,0.0,-6.0822,,,,0.0,0.0,6.081035887032263,,,,,,,1289.5562170632088,1289.5562170632088,1289.5562170632088,1289.5562170632088,12658.38503621027,12658.38503621027,12658.38503621027,12658.38503621027,1.5202589717580657,1.5202589717580657,1.5202589717580657,1.5202589717580657,,,,
0.7583333333333333,1.0016840603824524,-0.0007535071659486578,,,6.081069869639959,12658.420405540412,24.98156933389274,1289.5576860565793,1750.0,22.200000000000003,6.0822,0.016203944834595703,-5.934578709359826e-16,-1.2381640940995487e-17,0.289259931737051,-2.2950969917855854e-15,,0.00016069972455606818,2.7755575615628914e-17,0.0,11.570424190512792,0.998117957281846,1.0,-0.0016840603824523903,-0.0025307999934657266,-5.069191572332217e-05,0.0018532887670764764,-0.0007282031421125723,0.00016069972455606818,2.7755575615628914e-17,-0.006358508710063707,7.854315999889471e-17,-7.114182861897677e-18,0.0022048589473287745,1.0016840603824524,-4.852748870528182e-16,0.006939205985763223,-0.0007535071659486578,,,,0.008101883779367863,-2.967693538951968e-16,-3.786553933686289e-18,0.9999671792010104,0.289259931737051,-2.2950969917855854e-15,-1.6586094803419577e-16,0.0,0.0,-6.0822,,,,0.0,0.0,6.081069869639959,,,,,,,1289.5576860565793,1289.5576860565793,1289.5576860565793,1289.5576860565793,12658.420405540412,12658.420405540412,12658.420405540412,12658.420405540412,1.5202674674099899,1.5202674674099899,1.5202674674099899,1.5202674674099899,,,,
0.7625,1.0016808677223321,-0.0007662384288766871,,,6.081103921732921,12658.455847092162,24.981511550466234,1289.5591846814673,1750.0,22.200000000000003,6.0822,0.017445681099120834,-6.025308220710003e-16,-1.3264895991222574e-17,0.29801670348603193,-2.1807665974127547e-15,,0.00016239851661575821,-2.7755575615628914e-17,0.0,11.57054395780866,0.9981076558716272,1.0,-0.0016808677223321133,-0.0025260905736785855,-5.104276163633309e-05,0.0018837679148716443,-0.0006933654204432744,0.00016239851661575821,-2.7755575615628914e-17,-0.006595395876470805,7.557483338251084e-17,-9.23723753286443e-18,0.0022310131893283716,1.0016808677223321,-5.095331210320207e-16,0.006277018079903325,-0.0007662384288766871,,,,0.00872272993280931,-3.013118028274795e-16,-4.004338853975107e-18,0.9999619562675969,0.29801670348603193,-2.1807665974127547e-15,-1.7531677982416938e-16,0.0,0.0,-6.0822,,,,0.0,0.0,6.081103921732921,,,,,,,1289.5591846814673,1289.5591846814673,1289.5591846814673,1289.5591846814673,12658.455847092162,12658.455847092162,12658.455847092162,12658.455847092162,1.5202759804332302,1.5202759804332302,1.5202759804332302,1.5202759804332302,,,,
0.7666666666666666,1.0016776194164112,-0.0007795934210424794,,,6.081138156333862,12658.491478498903,24.981453716765674,1289.5607178371317,1750.0,22.200000000000003,6.0822,0.018723503236845702,-6.109225779331654e-16,-1.418894595262128e-17,0.30667731305396934,-2.0177026452218205e-15,,0.0001639234082762009,0.0,0.0,11.570666485380992,0.9980973543523204,1.0,-0.0016776194164112024,-0.00252130158349817,-5.139294241181895e-05,0.0019155960721917178,-0.0006570984537182713,0.0001639234082762009,0.0,-0.00683261812467668,7.374187305180511e-17,-1.1462916610167406e-17,0.0022541968831746714,1.0016776194164112,-5.341629785527141e-16,0.00556408652311201,-0.0007795934210424794,,,,0.00936161487130244,-3.0551431910884155e-16,-4.2345511448887896e-18,0.9999561791233661,0.30667731305396934,-2.0177026452218205e-15,-1.8531496835732581e-16,0.0,0.0,-6.0822,,,,0.0,0.0,6.081138156333862,,,,,,,1289.5607178371317,1289.5607178371317,1289.5607178371317,1289.5607178371317,12658.491478498903,12658.491478498903,12658.491478498903,12658.491478498903,1.5202845390834654,1.5202845390834654,1.5202845390834654,1.5202845390834654,,,,
0.7708333333333334,1.00167431249683,-0.0007936606995163971,,,6.081172694881912,12658.527426152463,24.98139582532089,1289.562290705279,1750.0,22.200000000000003,6.0822,0.0200369157968146,-6.185770807265245e-16,-1.515365915465867e-17,0.3152190143925343,-1.8412226583381157e-15,,0.00016527276664524138,0.0,0.0,11.570792187391417,0.9980870527210994,1.0,-0.0016743124968299217,-0.0025164291246168036,-5.1742446456904615e-05,0.0019489835526061985,-0.0006191880184675095,0.00016527276664524138,0.0,-0.007069721422921672,7.090018180109467e-17,-1.3792652866703417e-17,0.0022741924552674695,1.00167431249683,-5.591367015686427e-16,0.00479893730227156,-0.0007936606995163971,,,,0.010018290307982245,-3.093489258035369e-16,-4.477906952925401e-18,0.999949815670419,0.3152190143925343,-1.8412226583381157e-15,-1.958869236123495e-16,0.0,0.0,-6.0822,,,,0.0,0.0,6.081172694881912,,,,,,,1289.562290705279,1289.562290705279,1289.562290705279,1289.562290705279,12658.527426152463,12658.527426152463,12658.527426152463,12658.527426152463,1.520293173720478,1.520293173720478,1.520293173720478,1.520293173720478,,,,
0.775,1.0016709436085214,-0.0008085331940597219,,,6.081207667500657,12658.56382548194,24.98133786825426,1289.5639087492686,1750.0,22.200000000000003,6.0822,0.021385324133748287,-6.254365563107515e-16,-1.6158706327287364e-17,0.3236180008640861,-1.6509165923243538e-15,,0.00016644514679609035,0.0,0.0,11.570921500521358,0.9980767509747492,1.0,-0.0016709436085213802,-0.0025114687452448825,-5.209126156041085e-05,0.0019841517487909927,-0.0005794082580143005,0.00016644514679609035,0.0,-0.0073062260776914165,6.775330720308854e-17,-1.62277539003955e-17,0.0022907762752074345,1.0016709436085214,-5.844242480861002e-16,0.003980116785591584,-0.0008085331940597219,,,,0.010692458313977575,-3.12786789459709e-16,-4.735164146417222e-18,0.999942834033628,0.3236180008640861,-1.6509165923243538e-15,-2.0706586143945824e-16,0.0,0.0,-6.0822,,,,0.0,0.0,6.081207667500657,,,,,,,1289.5639087492686,1289.5639087492686,1289.5639087492686,1289.5639087492686,12658.56382548194,12658.56382548194,12658.56382548194,12658.56382548194,1.5203019168751644,1.5203019168751644,1.5203019168751644,1.5203019168751644,,,,
0.7791666666666667,1.0016675089913933,-0.0008243081107248845,,,6.0812432132339636,12658.600821198981,24.981279837284713,1289.5655777112356,1750.0,22.200000000000003,6.0822,0.022768029934131673,-6.315866368786411e-16,-1.720675272898375e-17,0.3318493920920132,-1.4812122985958144e-15,,0.00016743929331480834,-2.7755575615628914e-17,0.0,11.571054883743347,0.9980664491096461,1.0,-0.0016675089913933405,-0.0025064154127820704,-5.243937481218614e-05,0.002021332985149305,-0.0005375218024449516,0.00016743929331480834,-2.7755575615628914e-17,-0.007541626223969137,6.429015966202465e-17,-1.8769392327681106e-17,0.002303718757645893,1.0016675089913933,-6.099932225485452e-16,0.003106195785229968,-0.0008243081107248845,,,,0.011383769081910777,-3.158707947668092e-16,-5.007900675081468e-18,0.9999352028014064,0.3318493920920132,-1.4812122985958144e-15,-2.1888690543144135e-16,0.0,0.0,-6.0822,,,,0.0,0.0,6.0812432132339636,,,,,,,1289.5655777112356,1289.5655777112356,1289.5655777112356,1289.5655777112356,12658.600821198981,12658.600821198981,12658.600821198981,12658.600821198981,1.5203108033084909,1.5203108033084909,1.5203108033084909,1.5203108033084909,,,,
0.7833333333333333,1.0016640044630818,-0.0008410867947682773,,,6.081279480244426,12658.638567504124,24.981221723735004,1289.567303606936,1750.0,22.200000000000003,6.0822,0.02418422669330257,-6.368173812995723e-16,-1.8293961229301747e-17,0.33988722220101336,-1.2611579092095057e-15,,0.00016825414164434171,0.0,0.0,11.571192817910429,0.9980561471217385,1.0,-0.0016640044630817918,-0.002501263487090011,-5.2786772518726424e-05,0.002060770276812211,-0.0004932799827965261,0.00016825414164434171,0.0,-0.007775389338546847,6.120357781584834e-17,-2.141862040551166e-17,0.00231278448182086,1.0016640044630818,-6.358147386793327e-16,0.002175773801992193,-0.0008410867947682773,,,,0.012091818665605263,-3.1849601583152884e-16,-5.2961717417916e-18,0.9999268912882372,0.33988722220101336,-1.2611579092095057e-15,-2.3138943619951463e-16,0.0,0.0,-6.0822,,,,0.0,0.0,6.081279480244426,,,,,,,1289.567303606936,1289.567303606936,1289.567303606936,1289.567303606936,12658.638567504124,12658.638567504124,12658.638567504124,12658.638567504124,1.5203198700611065,1.5203198700611065,1.5203198700611065,1.5203198700611065,,,,
0.7875,1.0016604254024584,-0.0008589745496104896,,,6.081316625969004,12658.677228248565,24.9811635185426,1289.5690927181085,1750.0,22.200000000000003,6.0822,0.025632995149761938,-6.409209459181698e-16,-1.9415732163072828e-17,0.34770442955024794,-9.912554175681131e-16,,0.00016888881922466625,2.7755575615628914e-17,0.0,11.57133580514722,0.9980458450065274,1.0,-0.0016604254024583653,-0.0024960066946226878,-5.313344011520179e-05,0.0021027169869206933,-0.00044642314781719603,0.00016888881922466625,2.7755575615628914e-17,-0.008006955778685395,5.706402724916873e-17,-2.4176334312395277e-17,0.0023177323295453162,1.0016604254024584,-6.618513376520686e-16,0.0011874834538694566,-0.0008589745496104896,,,,0.012816146699205465,-3.2055857091834156e-16,-5.6000003399996436e-18,0.9999178698192089,0.34770442955024794,-9.912554175681131e-16,-2.446126849283008e-16,0.0,0.0,-6.0822,,,,0.0,0.0,6.081316625969004,,,,,,,1289.5690927181085,1289.5690927181085,1289.5690927181085,1289.5690927181085,12658.677228248565,12658.677228248565,12658.677228248565,12658.677228248565,1.520329156492251,1.520329156492251,1.520329156492251,1.520329156492251,,,,
0.7916666666666666,1.0016567667340892,-0.0008780804085771211,,,6.081354817226204,12658.716977045458,24.981105212274386,1289.5709515821525,1750.0,22.200000000000003,6.0822,0.027113298683366836,-6.441268323373987e-16,-2.0578158603119454e-17,0.3552728480651759,-7.76502036737341e-16,,0.0001693426464271508,-2.7755575615628914e-17,0.0,11.571484368026669,0.9980355427590487,1.0,-0.00165676673408921,-0.002490638103687548,-5.347936207404728e-05,0.002147436374026224,-0.0003966810917353713,0.0001693426464271508,-2.7755575615628914e-17,-0.008235738348493057,5.187115564727075e-17,-2.7043238786248572e-17,0.002318315642419898,1.0016567667340892,-6.880570737247911e-16,0.0001399950898996697,-0.0008780804085771211,,,,0.013556234099135847,-3.2217330294086514e-16,-5.922166774089417e-18,0.999908110036642,0.3552728480651759,-7.76502036737341e-16,-2.5859586973107796e-16,0.0,0.0,-6.0822,,,,0.0,0.0,6.081354817226204,,,,,,,1289.5709515821525,1289.5709515821525,1289.5709515821525,1289.5709515821525,12658.716977045458,12658.716977045458,12658.716977045458,12658.716977045458,1.520338704306551,1.520338704306551,1.520338704306551,1.520338704306551,,,,
0.7958333333333333,1.0016530229138552,-0.0008985168561801874,,,6.081394230268871,12658.75799732457,24.98104679514554,1289.5728869789123,1750.0,22.200000000000003,6.0822,0.028623978684519723,-6.463653379116336e-16,-2.1780106005193158e-17,0.3625632002766928,-5.450709284529698e-16,,0.00016961513728225297,-2.7755575615628914e-17,0.0,11.571639048515658,0.998025240373856,1.0,-0.0016530229138551622,-0.002485150101133815,-5.382452181031586e-05,0.0021952010214428028,-0.00034377360150132825,0.00016961513728225297,-2.7755575615628914e-17,-0.00846112189547186,4.7736382351616753e-17,-3.001988626285991e-17,0.0023142823990471564,1.0016530229138552,-7.143953943867213e-16,-0.0009679784094580631,-0.0008985168561801874,,,,0.014311500752552163,-3.2330542327843345e-16,-6.2637086903360184e-18,0.9998975852287122,0.3625632002766928,-5.450709284529698e-16,-2.7338514230717185e-16,0.0,0.0,-6.0822,,,,0.0,0.0,6.081394230268871,,,,,,,1289.5728869789123,1289.5728869789123,1289.5728869789123,1289.5728869789123,12658.75799732457,12658.75799732457,12658.75799732457,12658.75799732457,1.5203485575672178,1.5203485575672178,1.5203485575672178,1.5203485575672178,,,,
0.8,1.0016491879159561,-0.0009203994957573856,,,6.081435050776488,12658.800482323943,24.9809882570429,1289.5749059143695,1750.0,22.200000000000003,6.0822,0.030163749901932057,-6.474201912001465e-16,-2.3015929388671014e-17,0.3695450921789578,-2.6177235048163127e-16,,0.0001697059999999917,0.0,0.0,11.571800406673598,0.9980149378450038,1.0,-0.0016491879159561407,-0.0024795343707827433,-5.416890158403569e-05,0.0022462921404504685,-0.00028741113191631034,0.0001697059999999917,0.0,-0.008682462939759843,4.321968546464108e-17,-3.310666505263362e-17,0.002305375413028176,1.0016491879159561,-7.408269095456891e-16,-0.0021376766445552887,-0.0009203994957573856,,,,0.015081303196168952,-3.238468353756763e-16,-6.624685801928085e-18,0.9998862706797734,0.3695450921789578,-2.6177235048163127e-16,-2.890290998225288e-16,0.0,0.0,-6.0822,,,,0.0,0.0,6.081435050776488,,,,,,,1289.5749059143695,1289.5749059143695,1289.5749059143695,1289.5749059143695,12658.800482323943,12658.800482323943,12658.800482323943,12658.800482323943,1.520358762694122,1.520358762694122,1.520358762694122,1.520358762694122,,,,
0.8041666666666667,1.0016452552215378,-0.0009438466603780684,,,6.08147747378069,12658.844635012003,24.98092958755301,1289.577015601037,1750.0,22.200000000000003,6.0822,0.031731195777015296,-6.472224462921143e-16,-2.4283653652856367e-17,0.3761870100199799,3.802167290135585e-17,,0.00016961513728219746,0.0,0.0,11.571969019087641,0.9980046351660339,1.0,-0.0016452552215378002,-0.002473781873934211,-5.451248239985988e-05,0.002300998739393464,-0.00022729561694060686,0.00016961513728219746,0.0,-0.00889908933867576,3.760645656963995e-17,-3.630376254994641e-17,0.0022913325525246784,1.0016452552215378,-7.673033993550696e-16,-0.0033702865208394646,-0.0009438466603780684,,,,0.01586493228958166,-3.2376312400597717e-16,-7.006228561818505e-18,0.9998741440418624,0.3761870100199799,3.802167290135585e-17,-3.0557666216922006e-16,0.0,0.0,-6.0822,,,,0.0,0.0,6.08147747378069,,,,,,,1289.577015601037,1289.577015601037,1289.577015601037,1289.577015601037,12658.844635012003,12658.844635012003,12658.844635012003,12658.844635012003,1.5203693684451725,1.5203693684451725,1.5203693684451725,1.5203693684451725,,,,
0.8083333333333333,1.0016412178091876,-0.0009689789640537505,,,6.081521703517553,12658.89066793341,24.980870775995268,1289.5792234348628,1750.0,22.200000000000003,6.0822,0.03332476377343882,-6.4555664387589125e-16,-2.5576326424600806e-17,0.3824563191416445,3.8949138698236056e-16,,0.0001693426464271508,2.7755575615628914e-17,0.0,11.572145477029071,0.997994332329961,1.0,-0.0016412178091875784,-0.0024678828323067004,-5.4855243904346924e-05,0.002359616650945171,-0.0001631214252658759,0.0001693426464271508,2.7755575615628914e-17,-0.009110299989250363,3.16006888565786e-17,-3.9611153541882013e-17,0.00227188698217058,1.0016412178091876,-7.937738380645455e-16,-0.004666936884983586,-0.0009689789640537505,,,,0.01666161088743938,-3.229465870991303e-16,-7.40838122968549e-18,0.9998611857266165,0.3824563191416445,3.8949138698236056e-16,-3.2307953717068775e-16,0.0,0.0,-6.0822,,,,0.0,0.0,6.081521703517553,,,,,,,1289.5792234348628,1289.5792234348628,1289.5792234348628,1289.5792234348628,12658.89066793341,12658.89066793341,12658.89066793341,12658.89066793341,1.5203804258793883,1.5203804258793883,1.5203804258793883,1.5203804258793883,,,,
0.8125,1.0016370681475606,-0.0009959187904608922,,,6.081567953200079,12658.938802971807,24.980811811460335,1289.5815369684537,1750.0,22.200000000000003,6.0822,0.0349427607108904,-6.424997473955409e-16,-2.6896064270371797e-17,0.38831926498837854,7.224185507531791e-16,,0.00016888881922461074,0.0,0.0,11.572330384315643,0.9979840293292628,1.0,-0.0016370681475605942,-0.0024618267137813676,-5.5197164281261006e-05,0.002422447410134376,-9.457646792825286e-05,0.00016888881922461074,0.0,-0.009315364571504831,2.4488004454147352e-17,-4.302856355612063e-17,0.002246767428116366,1.0016370681475606,-8.201784034172687e-16,-0.006028692973011339,-0.0009959187904608922,,,,0.017470491515064523,-3.2143578805380843e-16,-7.83358649467825e-18,0.9998473793165745,0.38831926498837854,7.224185507531791e-16,-3.4159016884438357e-16,0.0,0.0,-6.0822,,,,0.0,0.0,6.081567953200079,,,,,,,1289.5815369684537,1289.5815369684537,1289.5815369684537,1289.5815369684537,12658.938802971807,12658.938802971807,12658.938802971807,12658.938802971807,1.5203919883000196,1.5203919883000196,1.5203919883000196,1.5203919883000196,,,,
0.8166666666666667,1.001632798190408,-0.0010247897165975189,,,6.081616444704288,12658.98927102259,24.980752682854117,1289.5839638804403,1750.0,22.200000000000003,6.0822,0.03658334811258238,-6.379785859179359e-16,-2.824012756713905e-17,0.39374097640607636,1.0728512280398191e-15,,0.00016825414164434171,0.0,0.0,11.572524354865722,0.9979737261558699,1.0,-0.001632798190408069,-0.0024556022213408912,-5.5538220145336127e-05,0.0024897969761522305,-2.1343465333996652e-05,0.00016825414164434171,0.0,-0.00951352333531209,1.7676616354713465e-17,-4.6555482034377814e-17,0.002215698466987428,1.001632798190408,-8.464604347817241e-16,-0.007456550670945009,-0.0010247897165975189,,,,0.01829065405235871,-3.191941950782451e-16,-8.283178862343074e-18,0.99983271199453,0.39374097640607636,1.0728512280398191e-15,-3.6116642652297833e-16,0.0,0.0,-6.0822,,,,0.0,0.0,6.081616444704288,,,,,,,1289.5839638804403,1289.5839638804403,1289.5839638804403,1289.5839638804403,12658.98927102259,12658.98927102259,12658.98927102259,12658.98927102259,1.520404111176072,1.520404111176072,1.520404111176072,1.520404111176072,,,,
0.8208333333333333,1.001628399374287,-0.0010557158690575083,,,6.081667408162234,12659.042311568772,24.98069337894751,1289.5865119408159,1750.0,22.200000000000003,6.0822,0.03824453757656245,-6.320637700833963e-16,-2.9610964596631625e-17,0.3986854713552168,1.4062561797180191e-15,,0.00016743929331480834,-2.7755575615628914e-17,0.0,11.572728009930664,0.9979634228011601,1.0,-0.0016283993742869374,-0.0024491972856121036,-5.5878386435004475e-05,0.0025619742914937973,5.689861944668936e-05,0.00016743929331480834,-2.7755575615628914e-17,-0.009703986933750647,1.0441904735100418e-17,-5.0191149929618173e-17,0.002178400839533699,1.001628399374287,-8.725602948576859e-16,-0.008951430588895002,-0.0010557158690575083,,,,0.01912110343107839,-3.162572036673059e-16,-8.759897124455173e-18,0.9998171749892968,0.3986854713552168,1.4062561797180191e-15,-3.8186947918979747e-16,0.0,0.0,-6.0822,,,,0.0,0.0,6.081667408162234,,,,,,,1289.5865119408159,1289.5865119408159,1289.5865119408159,1289.5865119408159,12659.042311568772,12659.042311568772,12659.042311568772,12659.042311568772,1.5204168520405585,1.5204168520405585,1.5204168520405585,1.5204168520405585,,,,
0.825,1.0016238626192415,-0.0010888212109190919,,,6.081721081455376,12659.098172153064,24.980633888432266,1289.5891889721042,1750.0,22.200000000000003,6.0822,0.039924186181413676,-6.245309632386956e-16,-3.100004399457273e-17,0.40311566516429753,1.793466596360149e-15,,0.00016644514679609035,0.0,0.0,11.572941974993912,0.9979531192559544,1.0,-0.0016238626192415229,-0.002442599061430406,-5.621763630464759e-05,0.002639289672643771,0.00014047297490871712,0.00016644514679609035,0.0,-0.00988593630593246,3.478064909809428e-18,-5.393457180900056e-17,0.0021345917897423812,1.0016238626192415,-8.984212510517727e-16,-0.01051417194991627,-0.0010888212109190919,,,,0.019960767350809767,-3.125126594380821e-16,-9.263875205167781e-18,0.9998007640358988,0.40311566516429753,1.793466596360149e-15,-4.037661018447443e-16,0.0,0.0,-6.0822,,,,0.0,0.0,6.081721081455376,,,,,,,1289.5891889721042,1289.5891889721042,1289.5891889721042,1289.5891889721042,12659.098172153064,12659.098172153064,12659.098172153064,12659.098172153064,1.520430270363844,1.520430270363844,1.520430270363844,1.520430270363844,,,,
0.8291666666666666,1.0016191783327515,-0.0011242287576123762,,,6.081777709601768,12659.157107739404,24.98057419998293,1289.5920028062167,1750.0,22.200000000000003,6.0822,0.04162029796685299,-6.153035123157065e-16,-3.240394297561044e-17,0.4070668285054325,2.1990141809242664e-15,,0.00016527276664524138,0.0,0.0,11.57316687632558,0.9979428155105161,1.0,-0.001619178332751492,-0.0024357939288622843,-5.655594101698958e-05,0.0027220530272977295,0.0002297031574184558,0.00016527276664524138,0.0,-0.01,-4.6427837652682036e-18,-5.778447769700636e-17,0.002083985430178307,1.0016191783327515,-9.239774131213922e-16,-0.012145526295377844,-0.0011242287576123762,,,,0.02080864700078331,-3.0792228347863507e-16,-9.796646589826166e-18,0.9997834766638208,0.4070668285054325,2.1990141809242664e-15,-4.2692450063220306e-16,0.0,0.0,-6.0822,,,,0.0,0.0,6.081777709601768,,,,,,,1289.5920028062167,1289.5920028062167,1289.5920028062167,1289.5920028062167,12659.157107739404,12659.157107739404,12659.157107739404,12659.157107739404,1.520444427400442,1.520444427400442,1.520444427400442,1.520444427400442,,,,
0.8333333333333334,1.0016143364150807,-0.0011620602409999857,,,6.081837544030722,12659.219379957309,24.980514302325272,1289.5949612368947,1750.0,22.200000000000003,6.0822,0.04333125632395241,-6.044487642618772e-16,-3.3825203119538753e-17,0.41063000570385955,2.588305881762032e-15,,0.00016392340827614538,-2.7755575615628914e-17,0.0,11.573403337184196,0.9979325115545535,1.0,-0.001614336415080686,-0.002428767499127238,-5.6893269836312805e-05,0.0028105718940309404,0.0003249111250673898,0.00016392340827614538,-2.7755575615628914e-17,-0.01,-1.3215108002699999e-17,-6.173931008739761e-17,0.0020262930822349734,1.0016143364150807,-9.491597736939004e-16,-0.01384616350640005,-0.0011620602409999857,,,,0.021663933229455777,-3.025198463980264e-16,-1.0361263497356164e-17,0.9997653094586897,0.41063000570385955,2.588305881762032e-15,-4.5141688411558005e-16,0.0,0.0,-6.0822,,,,0.0,0.0,6.081837544030722,,,,,,,1289.5949612368947,1289.5949612368947,1289.5949612368947,1289.5949612368947,12659.219379957309,12659.219379957309,12659.219379957309,12659.219379957309,1.5204593860076805,1.5204593860076805,1.5204593860076805,1.5204593860076805,,,,
0.8375,1.0016093262641388,-0.001202436226076605,,,6.08190084184573,12659.28525633396,24.980454184266485,1289.5980719987028,1750.0,22.200000000000003,6.0822,0.04505521835356157,-5.917394441867012e-16,-3.52539559653011e-17,0.4137508871062006,3.0321100985703307e-15,,0.00016239851661581373,0.0,0.0,11.573651976140493,0.9979222073772244,1.0,-0.0016093262641387884,-0.002421504622621029,-5.722958992278795e-05,0.0029051506024999644,0.00042641638995614744,0.00016239851661581373,0.0,-0.01,-2.154367942214678e-17,-6.579723550425718e-17,0.001961223551752745,1.0016093262641388,-9.73902100046298e-16,-0.015616687315734883,-0.001202436226076605,,,,0.022525703790478076,-2.961917094207404e-16,-1.0957831665847488e-17,0.9997462641434294,0.4137508871062006,3.0321100985703307e-15,-4.773219124572516e-16,0.0,0.0,-6.0822,,,,0.0,0.0,6.08190084184573,,,,,,,1289.5980719987028,1289.5980719987028,1289.5980719987028,1289.5980719987028,12659.28525633396,12659.28525633396,12659.28525633396,12659.28525633396,1.5204752104614325,1.5204752104614325,1.5204752104614325,1.5204752104614325,,,,
0.8416666666666667,1.0016041367839799,-0.001245475238143755,,,6.081967865170915,12659.355009613146,24.980393834685916,1289.6013427734165,1750.0,22.200000000000003,6.0822,0.046790105613315425,-5.772412084814628e-16,-3.6692912838464485e-17,0.41637294234092276,3.4600548227524874e-15,,0.00016069972455606818,-2.7755575615628914e-17,0.0,11.57391340759089,0.9979119029671393,1.0,-0.0016041367839798593,-0.0024139893962081826,-5.7564866227816865e-05,0.0030060905651915124,0.0005345363027555129,0.00016069972455606818,-2.7755575615628914e-17,-0.01,-3.1055229762071553e-17,-6.99561058472603e-17,0.0018884834430543545,1.0016041367839799,-9.98128882320749e-16,-0.017457626087613667,-0.001245475238143755,,,,0.023392918735216713,-2.889707998667364e-16,-1.1589757538718485e-17,0.9997263482338792,0.41637294234092276,3.4600548227524874e-15,-5.047208852639653e-16,0.0,0.0,-6.0822,,,,0.0,0.0,6.081967865170915,,,,,,,1289.6013427734165,1289.6013427734165,1289.6013427734165,1289.6013427734165,12659.355009613146,12659.355009613146,12659.355009613146,12659.355009613146,1.5204919662927288,1.5204919662927288,1.5204919662927288,1.5204919662927288,,,,
0.8458333333333333,1.0015987563973625,-0.001291292788157021,,,6.082038880372463,12659.428916944056,24.980333242610172,1289.6047811378476,1750.0,22.200000000000003,6.0822,0.048533594795595575,-5.608703252088017e-16,-3.813834121261299e-17,0.41843740374723737,3.9080228807158615e-15,,0.00015882885120627188,-2.7755575615628914e-17,0.0,11.574188237590276,0.9979015983123694,1.0,-0.0015987563973625107,-0.002406205175969789,-5.7899061391146e-05,0.0031136880953593874,0.0006495838579984527,0.00015882885120627188,-2.7755575615628914e-17,-0.01,-4.0339036030976603e-17,-7.421346967369869e-17,0.0018077775129503404,1.0015987563973625,-1.021767318345215e-15,-0.01936942322496339,-0.001291292788157021,,,,0.024264415772937198,-2.808152979678171e-16,-1.2258960796710805e-17,0.9997055757207709,0.41843740374723737,3.9080228807158615e-15,-5.337020197410394e-16,0.0,0.0,-6.0822,,,,0.0,0.0,6.082038880372463,,,,,,,1289.6047811378476,1289.6047811378476,1289.6047811378476,1289.6047811378476,12659.428916944056,12659.428916944056,12659.428916944056,12659.428916944056,1.5205097200931157,1.5205097200931157,1.5205097200931157,1.5205097200931157,,,,
0.85,1.001593173062809,-0.001340000292879674,,,6.082114157140777,12659.507258925065,24.980272397298485,1289.6083945044875,1750.0,22.200000000000003,6.0822,0.050283108347694644,-5.422526075305923e-16,-3.9572088452966753e-17,0.4198832525037772,4.445805538892887e-15,,0.00015678789994438835,2.7755575615628914e-17,0.0,11.574477059110427,0.9978912934004578,1.0,-0.001593173062808928,-0.002398134596043766,-5.823213564059652e-05,0.0032282319703925526,0.00077186523870819,0.00015678789994438835,2.7755575615628914e-17,-0.01,-5.0116941353877146e-17,-7.856655801860034e-17,0.0017188090662769758,1.001593173062809,-1.0447412027763982e-15,-0.02135242720160752,-0.001340000292879674,,,,0.02513890560426792,-2.7153801861416987e-16,-1.2963972641699345e-17,0.999683967774326,0.4198832525037772,4.445805538892887e-15,-5.643586556798299e-16,0.0,0.0,-6.0822,,,,0.0,0.0,6.082114157140777,,,,,,,1289.6083945044875,1289.6083945044875,1289.6083945044875,1289.6083945044875,12659.507258925065,12659.507258925065,12659.507258925065,12659.507258925065,1.5205285392851942,1.5205285392851942,1.5205285392851942,1.5205285392851942,,,,
0.8541666666666666,1.0015873742966124,-0.0013917038871586998,,,6.082193967422421,12659.590318491131,24.9802112883376,1289.612190055611,1750.0,22.200000000000003,6.0822,0.05203580504675229,-5.216006991426472e-16,-4.100449181800615e-17,0.42064720777383485,4.9323940511934335e-15,,0.00015457905627208612,-2.7755575615628914e-17,0.0,11.574780446775423,0.9978809882184361,1.0,-0.001587374296612376,-0.002389759594213392,-5.8564046695348384e-05,0.0033500007321991846,0.0009016770912904444,0.00015457905627208612,-2.7755575615628914e-17,-0.01,-6.180348040132813e-17,-8.301222068833548e-17,0.0016212803945374497,1.0015873742966124,-1.0669590407364335e-15,-0.02340688121748628,-0.0013917038871586998,,,,0.02601496723417366,-2.6124544785272297e-16,-1.3710594446194864e-17,0.9996615534668746,0.42064720777383485,4.9323940511934335e-15,-5.967862029693257e-16,0.0,0.0,-6.0822,,,,0.0,0.0,6.082193967422421,,,,,,,1289.612190055611,1289.612190055611,1289.612190055611,1289.612190055611,12659.590318491131,12659.590318491131,12659.590318491131,12659.590318491131,1.5205484918556051,1.5205484918556051,1.5205484918556051,1.5205484918556051,,,,
0.8583333333333333,1.0015813472002522,-0.00144650312645944,,,6.082278584191298,12659.678379633877,24.980149905746266,1289.616174670678,1750.0,22.200000000000003,6.0822,0.05378857054340201,-4.985396822910831e-16,-4.241636776190741e-17,0.42066371919593604,5.5089779447085106e-15,,0.00015220468547455512,2.7755575615628914e-17,0.0,11.575098951060978,0.9978706827528457,1.0,-0.001581347200252159,-0.002381061444918564,-5.88947496738093e-05,0.0034792597178967496,0.001039303523304376,0.00015220468547455512,2.7755575615628914e-17,-0.01,-7.25678460667363e-17,-8.754696261676747e-17,0.001514893259223338,1.0015813472002522,-1.088338062823677e-15,-0.025532912475386846,-0.00144650312645944,,,,0.02689104327129531,-2.4975000800995195e-16,-1.4497388291715784e-17,0.9996383705079459,0.42066371919593604,5.5089779447085106e-15,-6.310895740047962e-16,0.0,0.0,-6.0822,,,,0.0,0.0,6.082278584191298,,,,,,,1289.616174670678,1289.616174670678,1289.616174670678,1289.616174670678,12659.678379633877,12659.678379633877,12659.678379633877,12659.678379633877,1.5205696460478244,1.5205696460478244,1.5205696460478244,1.5205696460478244,,,,
0.8624999999999999,1.0015750784936739,-0.0015044895787659019,,,6.0823682800489545,12659.771725943801,24.98008824008969,1289.620354846902,1750.0,22.200000000000003,6.0822,0.055538007889487706,-4.731367171641303e-16,-4.3811269253240894e-17,0.41986496306056414,6.069315091347059e-15,,0.00014966733008747735,0.0,0.0,11.575433091947076,0.9978603769897653,1.0,-0.001575078493673887,-0.0023720208003782384,-5.922419700719517e-05,0.0036162578161486,0.0011850128187631663,0.00014966733008747735,0.0,-0.01,-8.525257477961606e-17,-9.216688002661958e-17,0.0013993494213976486,1.0015750784936739,-1.1087801783645072e-15,-0.02773052107816545,-0.0015044895787659019,,,,0.02776543522115471,-2.3708537291222224e-16,-1.5328765823772014e-17,0.9996144659852517,0.41986496306056414,6.069315091347059e-15,-6.673767642149646e-16,0.0,0.0,-6.0822,,,,0.0,0.0,6.0823682800489545,,,,,,,1289.620354846902,1289.620354846902,1289.620354846902,1289.620354846902,12659.771725943801,12659.771725943801,12659.771725943801,12659.771725943801,1.5205920700122386,1.5205920700122386,1.5205920700122386,1.5205920700122386,,,,
0.8666666666666667,1.0015685545548985,-0.0015657453060890177,,,6.082463325644467,12659.870638964745,24.98002628260383,1289.624736612919,1750.0,22.200000000000003,6.0822,0.057280428066679066,-4.451653387391653e-16,-4.517711857655836e-17,0.4181808425259248,6.683972555434898e-15,,0.00014696970717459346,2.7755575615628914e-17,0.0,11.575783352018169,0.9978500709148436,1.0,-0.0015685545548984603,-0.0023626177405108306,-5.955233836004389e-05,0.0037612239469147547,0.00133905386804388,0.00014696970717459346,2.7755575615628914e-17,-0.01,-9.772946596873466e-17,-9.686767198159632e-17,0.0012743512191227733,1.0015685545548985,-1.1281900691944183e-15,-0.02999956854597007,-0.0015657453060890177,,,,0.028636298781381204,-2.2313824030506354e-16,-1.6205351831070645e-17,0.9995898971038589,0.4181808425259248,6.683972555434898e-15,-7.057641931498796e-16,0.0,0.0,-6.0822,,,,0.0,0.0,6.082463325644467,,,,,,,1289.624736612919,1289.624736612919,1289.624736612919,1289.624736612919,12659.870638964745,12659.870638964745,12659.870638964745,12659.870638964745,1.5206158314111167,1.5206158314111167,1.5206158314111167,1.5206158314111167,,,,
0.8708333333333333,1.0015617614664103,-0.0016303412371364856,,,6.082563987905176,12659.975396351518,24.979964025329842,1289.6293254355498,1750.0,22.200000000000003,6.0822,0.05901184053433623,-4.1469271799704695e-16,-4.6518410179322005e-17,0.41553899223773044,7.282362842367699e-15,,0.00014411470541819682,0.0,0.0,11.576150169010727,0.9978397645133398,1.0,-0.0015617614664102941,-0.0023528318323476904,-5.987912055898107e-05,0.003914363265222544,0.0015016523123158728,0.00014411470541819682,0.0,-0.01,-1.1142118417173969e-16,-1.0164460185626978e-16,0.0011396021943163807,1.0015617614664103,-1.1464631699216297e-15,-0.032339765953534196,-0.0016303412371364856,,,,0.02950163914778942,-2.079422924212562e-16,-1.7132023638212284e-17,0.9995647319146438,0.41553899223773044,7.282362842367699e-15,-7.463740856698399e-16,0.0,0.0,-6.0822,,,,0.0,0.0,6.082563987905176,,,,,,,1289.6293254355498,1289.6293254355498,1289.6293254355498,1289.6293254355498,12659.975396351518,12659.975396351518,12659.975396351518,12659.975396351518,1.520640996976294,1.520640996976294,1.520640996976294,1.520640996976294,,,,
0.875,1.0015546850687678,-0.0016983354341996604,,,6.082670528070515,12660.08626982267,24.979901461258265,1289.6341261197408,1750.0,22.200000000000003,6.0822,0.060727943816544894,-3.8149278497094325e-16,-4.782316482876136e-17,0.41186478773007046,7.934972401325856e-15,,0.00014110538202544154,2.7755575615628914e-17,0.0,11.576533927814134,0.9978294577701704,1.0,-0.0015546850687677694,-0.002342642199615441,-6.020448753114988e-05,0.004075853092841214,0.0016730064056946227,0.00014110538202544154,2.7755575615628914e-17,-0.01,-1.2491262094750164e-16,-1.0649250889422e-16,0.0009948077706155116,1.0015546850687678,-1.163497689108056e-15,-0.034750661688208576,-0.0016983354341996604,,,,0.03035930634082528,-1.9138440699562784e-16,-1.8109632208114576e-17,0.9995390500218108,0.41186478773007046,7.934972401325856e-15,-7.893375723875857e-16,0.0,0.0,-6.0822,,,,0.0,0.0,6.082670528070515,,,,,,,1289.6341261197408,1289.6341261197408,1289.6341261197408,1289.6341261197408,12660.08626982267,12660.08626982267,12660.08626982267,12660.08626982267,1.5206676320176287,1.5206676320176287,1.5206676320176287,1.5206676320176287,,,,
0.8791666666666667,1.0015473110218551,-0.0017697712590176338,,,6.082783199522394,12660.203522901631,24.979838584482916,1289.6391427018455,1750.0,22.200000000000003,6.0822,0.062424116149863665,-3.4577825856972215e-16,-4.910612888408241e-17,0.40708135999650247,8.536294656781142e-15,,0.00013794495945534946,-2.7755575615628914e-17,0.0,11.576934951938274,0.9978191506699639,1.0,-0.0015473110218551245,-0.002332027603151654,-6.052838025380984e-05,0.004245838585499151,0.001853282602093687,0.00013794495945534946,-2.7755575615628914e-17,-0.01,-1.3962480877796996e-16,-1.1140576973648061e-16,0.0008396759838237268,1.0015473110218551,-1.1791826021425447e-15,-0.037231628830028354,-0.0017697712590176338,,,,0.03120699056260005,-1.7357114971912893e-16,-1.9145756280496152e-17,0.9995129432578779,0.40708135999650247,8.536294656781142e-15,-8.347925472364012e-16,0.0,0.0,-6.0822,,,,0.0,0.0,6.082783199522394,,,,,,,1289.6391427018455,1289.6391427018455,1289.6391427018455,1289.6391427018455,12660.203522901631,12660.203522901631,12660.203522901631,12660.203522901631,1.5206957998805986,1.5206957998805986,1.5206957998805986,1.5206957998805986,,,,
0.8833333333333333,1.0015396248741706,-0.0018446754442997674,,,6.08290224540711,12660.327408441,24.979775390364015,1289.6443783365262,1750.0,22.200000000000003,6.0822,0.06409540621499916,-3.073204703353268e-16,-5.0356116643871566e-17,0.40110961563252173,9.192443283357088e-15,,0.00013463682196745985,0.0,0.0,11.577353494469476,0.9978088431971234,1.0,-0.0015396248741705865,-0.0023209665327826867,-6.085073671669632e-05,0.004424428147544085,0.002042610878044702,0.00013463682196745985,0.0,-0.01,-1.5343698020713674e-16,-1.1637833481905625e-16,0.0006739182665079837,1.0015396248741706,-1.1934156198181531e-15,-0.03978185215577835,-0.0018446754442997674,,,,0.03204221759545151,-1.5438809396695196e-16,-2.0241515108707478e-17,0.9994865163130344,0.40110961563252173,9.192443283357088e-15,-8.828870714833502e-16,0.0,0.0,-6.0822,,,,0.0,0.0,6.08290224540711,,,,,,,1289.6443783365262,1289.6443783365262,1289.6443783365262,1289.6443783365262,12660.327408441,12660.327408441,12660.327408441,12660.327408441,1.5207255613517776,1.5207255613517776,1.5207255613517776,1.5207255613517776,,,,
0.8875,1.001531612140505,-0.0019230560797385194,,,6.083027896045472,12660.458165926631,24.979711875700026,1289.6498351776638,1750.0,22.200000000000003,6.0822,0.06573652397734303,-2.6618505199781183e-16,-5.158096113939696e-17,0.39386826296253336,9.832637571685301e-15,,0.00013118451199839454,-2.7755575615628914e-17,0.0,11.577789728545792,0.9977985353358978,1.0,-0.001531612140504901,-0.0023094373112558797,-6.117149189881519e-05,0.004611688610749418,0.0022410798075947233,0.00013118451199839454,-2.7755575615628914e-17,-0.01,-1.6848284215037543e-16,-1.2140368945104864e-16,0.0004972502883008211,1.001531612140505,-1.2060851116781767e-15,-0.04240031476971901,-0.0019230560797385194,,,,0.03286234425370602,-1.3386817668684955e-16,-2.1402818396740982e-17,0.9994598873042134,0.39386826296253336,9.832637571685301e-15,-9.337764737477332e-16,0.0,0.0,-6.0822,,,,0.0,0.0,6.083027896045472,,,,,,,1289.6498351776638,1289.6498351776638,1289.6498351776638,1289.6498351776638,12660.458165926631,12660.458165926631,12660.458165926631,12660.458165926631,1.520756974011368,1.520756974011368,1.520756974011368,1.520756974011368,,,,
0.8916666666666666,1.0015232583883227,-0.0020049005237374766,,,6.083160366129906,12660.596018560242,24.979648038907424,1289.6555142537954,1750.0,22.200000000000003,6.0822,0.06734183166307774,-2.221453349832791e-16,-5.2770493785681457e-17,0.38527384457632763,1.0527161632127616e-14,,0.00012759172636800375,0.0,0.0,11.578243737393034,0.9977882270704621,1.0,-0.0015232583883226791,-0.0022974182107573515,-6.149057776142038e-05,0.004807640199346298,0.0024487314108275265,0.00012759172636800375,0.0,-0.01,-1.8334349883381543e-16,-1.2647486511360618e-16,0.0003093928534492735,1.0015232583883227,-1.2170821590138084e-15,-0.045085784364371426,-0.0020049005237374766,,,,0.03366455390106918,-1.118979577667679e-16,-2.263107962363047e-17,0.999433188267551,0.38527384457632763,1.0527161632127616e-14,-9.876253071672367e-16,0.0,0.0,-6.0822,,,,0.0,0.0,6.083160366129906,,,,,,,1289.6555142537954,1289.6555142537954,1289.6555142537954,1289.6555142537954,12660.596018560242,12660.596018560242,12660.596018560242,12660.596018560242,1.5207900915324766,1.5207900915324766,1.5207900915324766,1.5207900915324766,,,,
0.8958333333333334,1.0015145493330946,-0.0020901732547267656,,,6.083299851709722,12660.741170121844,24.97958388020749,1289.6614153387522,1750.0,22.200000000000003,6.0822,0.06890533489937702,-1.752693058865189e-16,-5.393482682406275e-17,0.3752407767118327,1.1205131289972385e-14,,0.00012386231232125455,-2.7755575615628914e-17,0.0,11.578715503974779,0.9977779183850063,1.0,-0.0015145493330945836,-0.0022848875824840187,-6.180792325898761e-05,0.005012251309343692,0.0026655558036006856,0.00012386231232125455,-2.7755575615628914e-17,-0.01,-1.9943596589338838e-16,-1.315844008596424e-16,0.00011007285713455364,1.0015145493330946,-1.2262885790486899e-15,-0.04783679911553277,-0.0020901732547267656,,,,0.034445852046845866,-8.851156305420625e-17,-2.3932759730591306e-17,0.9994065655561638,0.3752407767118327,1.1205131289972385e-14,-1.0446063523405995e-15,0.0,0.0,-6.0822,,,,0.0,0.0,6.083299851709722,,,,,,,1289.6614153387522,1289.6614153387522,1289.6614153387522,1289.6614153387522,12660.741170121844,12660.741170121844,12660.741170121844,12660.741170121844,1.5208249629274304,1.5208249629274304,1.5208249629274304,1.5208249629274304,,,,
0.9,1.001505470942766,-0.0021788136788520912,,,6.083446526968438,12660.89380161613,24.979519401818898,1289.6675368183248,1750.0,22.200000000000003,6.0822,0.07042067404909601,-1.2533314919931812e-16,-5.506543681992704e-17,0.3636813959325553,1.1936722559574933e-14,,0.0001200002634079711,0.0,0.0,11.579204900322587,0.9977676092638343,1.0,-0.0015054709427659851,-0.0022718239996418754,-6.212345437004898e-05,0.0052254331368169135,0.0028914856828049893,0.0001200002634079711,0.0,-0.01,-2.1533916050512178e-16,-1.3672435500401598e-16,-0.00010097569793422403,1.001505470942766,-1.2335889946496625e-15,-0.050651653216506644,-0.0021788136788520912,,,,0.03520306203498662,-6.35969686052978e-17,-2.530959777068264e-17,0.9993801801233406,0.3636813959325553,1.1936722559574933e-14,-1.1049018946757205e-15,0.0,0.0,-6.0822,,,,0.0,0.0,6.083446526968438,,,,,,,1289.6675368183248,1289.6675368183248,1289.6675368183248,1289.6675368183248,12660.89380161613,12660.89380161613,12660.89380161613,12660.89380161613,1.5208616317421095,1.5208616317421095,1.5208616317421095,1.5208616317421095,,,,
0.9041666666666667,1.0014960095514576,-0.0022707339140150573,,,6.083600540800214,12661.054067710187,24.979454608154676,1289.6738755539632,1750.0,22.200000000000003,6.0822,0.07188111577226103,-7.211854929252287e-17,-5.615471753317854e-17,0.350506013559603,1.2720606093565329e-14,,0.00011600971520714376,2.7755575615628914e-17,0.0,11.579711676626506,0.9977572996914726,1.0,-0.0014960095514575666,-0.0022582064141489777,-6.24370941497919e-05,0.005447034197130228,0.003126390688831458,0.00011600971520714376,2.7755575615628914e-17,-0.01,-2.3246779373153273e-16,-1.4188626698235296e-16,-0.00032401062317334464,1.0014960095514576,-1.2388588748008722e-15,-0.053528382057388954,-0.0022707339140150573,,,,0.03593282084077789,-3.7044886545487994e-17,-2.6763515168120244e-17,0.9993542076693451,0.350506013559603,1.2720606093565329e-14,-1.1687034427448968e-15,0.0,0.0,-6.0822,,,,0.0,0.0,6.083600540800214,,,,,,,1289.6738755539632,1289.6738755539632,1289.6738755539632,1289.6738755539632,12661.054067710187,12661.054067710187,12661.054067710187,12661.054067710187,1.5209001352000535,1.5209001352000535,1.5209001352000535,1.5209001352000535,,,,
0.9083333333333333,1.0014861519824003,-0.00236581657372125,,,6.083762013195997,12661.22209297369,24.979389506021775,1289.6804267447205,1750.0,22.200000000000003,6.0822,0.0732795448486338,-1.5702391007123954e-17,-5.721729234183602e-17,0.335622978329473,1.3485738308730306e-14,,0.0001118949408973613,0.0,0.0,11.580235450182471,0.9977469896527884,1.0,-0.0014861519824003189,-0.00224401432718635,-6.274876280634556e-05,0.005676834785037643,0.0033700716950449475,0.0001118949408973613,0.0,-0.01,-2.5080619440668043e-16,-1.470611201241313e-16,-0.0005592804025739876,1.0014861519824003,-1.2419647540268031e-15,-0.05646474705615431,-0.00236581657372125,,,,0.03663157499084525,-8.89390585201291e-18,-2.8301843495847825e-17,0.9993288386280514,0.335622978329473,1.3485738308730306e-14,-1.2362128683035387e-15,0.0,0.0,-6.0822,,,,0.0,0.0,6.083762013195997,,,,,,,1289.6804267447205,1289.6804267447205,1289.6804267447205,1289.6804267447205,12661.22209297369,12661.22209297369,12661.22209297369,12661.22209297369,1.5209405032989993,1.5209405032989993,1.5209405032989993,1.5209405032989993,,,,
0.9125,1.0014758856799921,-0.002463912577967888,,,6.083931031453959,12661.397967936768,24.979324104821274,1289.6871837888511,1750.0,22.200000000000003,6.0822,0.07460845629763331,4.398473678091612e-17,-5.825916538820196e-17,0.3189387477598781,1.4267294475764722e-14,,0.0001076603466823034,0.0,0.0,11.580775694309153,0.9977366791331176,1.0,-0.0014758856799921283,-0.0022292279736004783,-6.305837780267896e-05,0.005914541434303125,0.003622255082899968,0.0001076603466823034,0.0,-0.01,-2.6892964662424994e-16,-1.5223935482139166e-16,-0.0008070229865291818,1.0014758856799921,-1.2427763273424892e-15,-0.05945822014924663,-0.002463912577967888,,,,0.03729557662302344,2.0890663231859727e-17,-2.99295346620543e-17,0.9993042779676049,0.3189387477598781,1.4267294475764722e-14,-1.307642534000086e-15,0.0,0.0,-6.0822,,,,0.0,0.0,6.083931031453959,,,,,,,1289.6871837888511,1289.6871837888511,1289.6871837888511,1289.6871837888511,12661.397967936768,12661.397967936768,12661.397967936768,12661.397967936768,1.5209827578634898,1.5209827578634898,1.5209827578634898,1.5209827578634898,,,,
0.9166666666666666,1.0014651988507317,-0.0025648390224817987,,,6.084107646233261,12661.581744985475,24.97925841674678,1289.6941381467163,1750.0,22.200000000000003,6.0822,0.07585994783395292,1.0715449081396286e-16,-5.927739935536672e-17,0.30035796871671,1.5099487781563482e-14,,0.00010331046707140468,2.7755575615628914e-17,0.0,11.581331727366491,0.9977263681184031,1.0,-0.0014651988507317082,-0.0022138285199881924,-6.336585398601065e-05,0.00615978144491972,0.0038825870709455167,0.00010331046707140468,2.7755575615628914e-17,-0.01,-2.8754512635434026e-16,-1.5741085669511198e-16,-0.0010674645196558428,1.0014651988507317,-1.2411604496928743e-15,-0.06250596795039862,-0.0025648390224817987,,,,0.03792087970357203,5.2414784128352345e-17,-3.164907816607055e-17,0.9992807447772158,0.30035796871671,1.5099487781563482e-14,-1.3832155082428364e-15,0.0,0.0,-6.0822,,,,0.0,0.0,6.084107646233261,,,,,,,1289.6941381467163,1289.6941381467163,1289.6941381467163,1289.6941381467163,12661.581744985475,12661.581744985475,12661.581744985475,12661.581744985475,1.5210269115583153,1.5210269115583153,1.5210269115583153,1.5210269115583153,,,,
0.9208333333333333,1.00145408061264,-0.002668377142007048,,,6.0842918674751365,12661.773434119883,24.979192456978357,1289.7012792068979,1750.0,22.200000000000003,6.0822,0.07702675772960854,1.7386734186721871e-16,-6.028207325255012e-17,0.2800343749573502,1.594591265083312e-14,,9.884996002468283e-05,2.7755575615628914e-17,0.0,11.581902702027593,0.9977160565953421,1.0,-0.001454080612639963,-0.0021977982760975623,-6.367110374657976e-05,0.006412097556204497,0.004150628176360355,9.884996002468283e-05,2.7755575615628914e-17,-0.009800156766031846,-3.073474801719678e-16,-1.6256492043373616e-16,-0.0013408180012704192,1.00145408061264,-1.236975297269805e-15,-0.06560483558749836,-0.002668377142007048,,,,0.03850385854787277,8.570865918883422e-17,-3.346596735419122e-17,0.9992584514913674,0.2800343749573502,1.594591265083312e-14,-1.4631669296192218e-15,0.0,0.0,-6.0822,,,,0.0,0.0,6.0842918674751365,,,,,,,1289.7012792068979,1289.7012792068979,1289.7012792068979,1289.7012792068979,12661.773434119883,12661.773434119883,12661.773434119883,12661.773434119883,1.5210729668687841,1.5210729668687841,1.5210729668687841,1.5210729668687841,,,,
0.9249999999999999,1.0014425211389055,-0.0027742736962474055,,,6.084483660220744,12661.972998605506,24.979126243868738,1289.7085941576831,1750.0,22.200000000000003,6.0822,0.0781019884699398,2.4418077329257507e-16,-6.128567835041754e-17,0.25805537767950193,1.680582333420989e-14,,9.428360196489516e-05,2.7755575615628914e-17,0.0,11.582487594977316,0.9977057445515431,1.0,-0.0014425211389055281,-0.0021811209189599445,-6.397403720754642e-05,0.00667094285501762,0.004425847898850129,9.428360196489516e-05,2.7755575615628914e-17,-0.00945202538562743,-3.2761162011002333e-16,-1.6769023943962006e-16,-0.0016272820547431253,1.0014425211389055,-1.2300765614121333e-15,-0.06875137283344945,-0.0027742736962474055,,,,0.0390410696598933,1.2080097654913177e-16,-3.538601657341235e-17,0.9992376068182238,0.25805537767950193,1.680582333420989e-14,-1.5477451832210816e-15,0.0,0.0,-6.0822,,,,0.0,0.0,6.084483660220744,,,,,,,1289.7085941576831,1289.7085941576831,1289.7085941576831,1289.7085941576831,12661.972998605506,12661.972998605506,12661.972998605506,12661.972998605506,1.521120915055186,1.521120915055186,1.521120915055186,1.521120915055186,,,,
0.9291666666666667,1.0014305117976545,-0.002882241900215841,,,6.084682941036402,12662.180351257544,24.979059798836154,1289.71606806251,1750.0,22.200000000000003,6.0822,0.07907852210095995,3.178595950707031e-16,-6.23261330225422e-17,0.23436807144483432,1.7608732885220418e-14,,8.961628266251909e-05,-2.7755575615628914e-17,0.0,11.583085212916922,0.9976954319756769,1.0,-0.0014305117976545212,-0.002163781708358292,-6.427456244481841e-05,0.006935684240618514,0.004707627969815403,8.961628266251909e-05,-2.7755575615628914e-17,-0.00906620697708703,-3.483255053488266e-16,-1.7277489596693516e-16,-0.0019270397586487252,1.0014305117976545,-1.2203175665556234e-15,-0.071941848937344,-0.002882241900215841,,,,0.03952895955094337,1.5757373842278738e-16,-3.7421039783532454e-17,0.9992184252488642,0.23436807144483432,1.7608732885220418e-14,-1.6372132798883498e-15,0.0,0.0,-6.0822,,,,0.0,0.0,6.084682941036402,,,,,,,1289.71606806251,1289.71606806251,1289.71606806251,1289.71606806251,12662.180351257544,12662.180351257544,12662.180351257544,12662.180351257544,1.5211707352591004,1.5211707352591004,1.5211707352591004,1.5211707352591004,,,,
0.9333333333333333,1.0014180452942372,-0.0029919608201496467,,,6.084889574914425,12662.39535122078,24.978993146290854,1289.723683911849,1750.0,22.200000000000003,6.0822,0.07994902182680735,3.9510646407926134e-16,-6.340986199860466e-17,0.20891993420337107,1.8460014028537095e-14,,8.485300000005136e-05,0.0,0.0,11.58369419668452,0.9976851188576243,1.0,-0.001418045294237169,-0.002145767696481782,-6.457258573599643e-05,0.007205604750539602,0.004995264468321823,8.485300000005136e-05,0.0,-0.008641287533944685,-3.680676374579435e-16,-1.7780640125370787e-16,-0.002240257440276595,1.0014180452942372,-1.2075612688254498e-15,-0.07517224359068876,-0.0029919608201496467,,,,0.039963865475600775,1.9612836022807773e-16,-3.957459353196268e-17,0.9992011256279929,0.20891993420337107,1.8460014028537095e-14,-1.7318459531267045e-15,0.0,0.0,-6.0822,,,,0.0,0.0,6.084889574914425,,,,,,,1289.723683911849,1289.723683911849,1289.723683911849,1289.723683911849,12662.39535122078,12662.39535122078,12662.39535122078,12662.39535122078,1.5212223937286062,1.5212223937286062,1.5212223937286062,1.5212223937286062,,,,
0.9375,1.0014051158149793,-0.0031030750218798086,,,6.085103372293974,12662.617800875143,24.978926313693925,1289.7314225833156,1750.0,22.200000000000003,6.0822,0.08070593415763697,4.761162939354332e-16,-6.454626831625397e-17,0.18165895939910615,1.9357782637334642e-14,,7.99988546197894e-05,2.7755575615628914e-17,0.0,11.584313018036946,0.9976748051886268,1.0,-0.001405115814979263,-0.0021270679413557536,-6.486801183896251e-05,0.007479902050374116,0.0052879660971794,7.99988546197894e-05,2.7755575615628914e-17,-0.008175849775407789,-3.8895560377470497e-16,-1.8277166079660772e-16,-0.0025670834316551604,1.0014051158149793,-1.1916622902959628e-15,-0.07843823793085573,-0.0031030750218798086,,,,0.0403420164310634,2.3656238754443654e-16,-4.185060722817831e-17,0.9991859294997482,0.18165895939910615,1.9357782637334642e-14,-1.831934793793176e-15,0.0,0.0,-6.0822,,,,0.0,0.0,6.085103372293974,,,,,,,1289.7314225833156,1289.7314225833156,1289.7314225833156,1289.7314225833156,12662.617800875143,12662.617800875143,12662.617800875143,12662.617800875143,1.5212758430734934,1.5212758430734934,1.5212758430734934,1.5212758430734934,,,,
0.9416666666666667,1.0013917191711987,-0.0032151945073264623,,,6.085324086238115,12662.84744290459,24.978859331596666,1289.739262815224,1750.0,22.200000000000003,6.0822,0.08134149163311066,5.606419873492385e-16,-6.57833582802821e-17,0.15253379411369616,2.0195585683006994e-14,,7.505904446231115e-05,-2.7755575615628914e-17,0.0,11.584939977505902,0.9976644909614388,1.0,-0.0013917191711987353,-0.0021076737224688946,-6.516074430041651e-05,0.007757687554699522,0.005584853087930211,7.505904446231115e-05,-2.7755575615628914e-17,-0.007668475895863972,-4.109614674434645e-16,-1.8765694090350398e-16,-0.0029076467883256793,1.0013917191711987,-1.172467225655103e-15,-0.08173520560092452,-0.0032151945073264623,,,,0.04065953443222474,2.7875182445134237e-16,-4.4262200763540056e-17,0.999173059214346,0.15253379411369616,2.0195585683006994e-14,-1.937790319624303e-15,0.0,0.0,-6.0822,,,,0.0,0.0,6.085324086238115,,,,,,,1289.739262815224,1289.739262815224,1289.739262815224,1289.739262815224,12662.84744290459,12662.84744290459,12662.84744290459,12662.84744290459,1.5213310215595288,1.5213310215595288,1.5213310215595288,1.5213310215595288,,,,
0.9458333333333333,1.0013778529421287,-0.0033278949768420643,,,6.08555140981378,12663.083957577892,24.97879223365505,1289.7471811975,1750.0,22.200000000000003,6.0822,0.0818477161470472,6.488731806268065e-16,-6.713722426091672e-17,0.12149388334476555,2.1078552962287083e-14,,7.003885919998343e-05,0.0,0.0,11.585573203641767,0.9976541761704811,1.0,-0.0013778529421286656,-0.002087578756798103,-6.545068579441626e-05,0.008037986268316156,0.005884956825723637,7.003885919998343e-05,0.0,-0.007117750463929456,-4.3194381302760184e-16,-1.924479107661047e-16,-0.0032620559711848698,1.0013778529421287,-1.1498327670241728e-15,-0.08505820388620569,-0.0033278949768420643,,,,0.04091243607520087,3.2279157746724455e-16,-4.681399759431043e-17,0.9991627357815105,0.12149388334476555,2.1078552962287083e-14,-2.0497356907670284e-15,0.0,0.0,-6.0822,,,,0.0,0.0,6.08555140981378,,,,,,,1289.7471811975,1289.7471811975,1289.7471811975,1289.7471811975,12663.083957577892,12663.083957577892,12663.083957577892,12663.083957577892,1.521387852453445,1.521387852453445,1.521387852453445,1.521387852453445,,,,
0.95,1.001363516615224,-0.0034407184571188915,,,6.085784973725551,12663.326960294244,24.978725056615755,1289.7551521822986,1750.0,22.200000000000003,6.0822,0.08221642289916764,7.407014156118605e-16,-6.865171381304389e-17,0.08848962050890291,2.1934882379558335e-14,,6.494367457293704e-05,-2.7755575615628914e-17,0.0,11.586210653833813,0.9976438608119931,1.0,-0.0013635166152239364,-0.0020667794131929984,-6.573773849069307e-05,0.00831973744210516,0.006187220290421468,6.494367457293704e-05,-2.7755575615628914e-17,-0.006522263474247671,-4.54014718277082e-16,-1.9712960982749176e-16,-0.0036303974918055447,1.001363516615224,-1.1236077747328938e-15,-0.08840196494896195,-0.0034407184571188915,,,,0.04109663440250395,3.6862714961696317e-16,-4.9517025253882e-17,0.999155176456984,0.08848962050890291,2.1934882379558335e-14,-2.168114719643926e-15,0.0,0.0,-6.0822,,,,0.0,0.0,6.085784973725551,,,,,,,1289.7551521822986,1289.7551521822986,1289.7551521822986,1289.7551521822986,12663.326960294244,12663.326960294244,12663.326960294244,12663.326960294244,1.5214462434313878,1.5214462434313878,1.5214462434313878,1.5214462434313878,,,,
0.9541666666666666,1.001348711722156,-0.003553174336296415,,,6.086024344258386,12663.575999450984,24.97865784027032,1289.7631481167814,1750.0,22.200000000000003,6.0822,0.0824392250002194,8.363057847273881e-16,-7.035082061060856e-17,0.05347250425242253,2.2833799068194292e-14,,5.977894663256045e-05,0.0,0.0,11.586850116903594,0.9976335448841824,1.0,-0.001348711722156004,-0.0020452749228359046,-6.602180445219806e-05,0.008601796142797229,0.0064904994155091265,5.977894663256045e-05,0.0,-0.00588061355513644,-4.757327183717598e-16,-2.016864660623529e-16,-0.0040127345217396745,1.001348711722156,-1.0936454963666729e-15,-0.09176088718419108,-0.003553174336296415,,,,0.041207941083560795,4.163482037366909e-16,-5.237675178455115e-17,0.9991505920488932,0.05347250425242253,2.2833799068194292e-14,-2.2932871835481054e-15,0.0,0.0,-6.0822,,,,0.0,0.0,6.086024344258386,,,,,,,1289.7631481167814,1289.7631481167814,1289.7631481167814,1289.7631481167814,12663.575999450984,12663.575999450984,12663.575999450984,12663.575999450984,1.5215060860645966,1.5215060860645966,1.5215060860645966,1.5215060860645966,,,,
0.9583333333333334,1.0013334419686155,-0.003664740849722655,,,6.086269021588677,12663.830554695145,24.978590627373617,1289.771139300613,1750.0,22.200000000000003,6.0822,0.08250753875707519,9.358558231502623e-16,-7.226321517414145e-17,0.01639530164538728,2.3772989939273362e-14,,5.4550205898784565e-05,2.7755575615628914e-17,0.0,11.587489217677382,0.9976232283873718,1.0,-0.001333441968615512,-0.002023067583234006,-6.630278606098056e-05,0.008882935840741037,0.00679356547144605,5.4550205898784565e-05,2.7755575615628914e-17,-0.00519141133505942,-4.984912706002553e-16,-2.0610226503117304e-16,-0.004409105466409734,1.0013334419686155,-1.0597917525168336e-15,-0.09512902672081429,-0.003664740849722655,,,,0.041242068924819436,4.660396487385503e-16,-5.539918141577999e-17,0.999149183931409,0.01639530164538728,2.3772989939273362e-14,-2.425636407196407e-15,0.0,0.0,-6.0822,,,,0.0,0.0,6.086269021588677,,,,,,,1289.771139300613,1289.771139300613,1289.771139300613,1289.771139300613,12663.830554695145,12663.830554695145,12663.830554695145,12663.830554695145,1.5215672553971693,1.5215672553971693,1.5215672553971693,1.5215672553971693,,,,
0.9625,1.0013177133558593,-0.0037748670615143595,,,6.086518438527388,12664.090035625002,24.97852346352278,1289.7790940708728,1750.0,22.200000000000003,6.0822,0.0824125896646844,1.0392218683922265e-15,-7.444660243909887e-17,-0.022787782173790218,2.4680394956917353e-14,,4.926305143815313e-05,0.0,0.0,11.588125423753935,0.9976129113241384,1.0,-0.0013177133558592846,-0.002000162952923268,-6.65805864711088e-05,0.009161852124306638,0.007095108584912261,4.926305143815313e-05,0.0,-0.004453282970761504,-5.222525899429804e-16,-2.1036012049703893e-16,-0.004819522504302401,1.0013177133558593,-1.0218853118078096e-15,-0.09850008909424013,-0.0037748670615143595,,,,0.041194634724272254,5.176364573533051e-16,-5.859688650908773e-17,0.9991511407539571,-0.022787782173790218,2.4680394956917353e-14,-2.565571865003423e-15,0.0,0.0,-6.0822,,,,0.0,0.0,6.086518438527388,,,,,,,1289.7790940708728,1289.7790940708728,1289.7790940708728,1289.7790940708728,12664.090035625002,12664.090035625002,12664.090035625002,12664.090035625002,1.521629609631847,1.521629609631847,1.521629609631847,1.521629609631847,,,,
0.9666666666666667,1.0013015342917402,-0.003882975388595543,,,6.086771959763327,12664.353781012298,24.978456396992566,1289.7869789171646,1750.0,22.200000000000003,6.0822,0.08214541913199828,1.146415963489238e-15,-7.695154527974624e-17,-0.06412092784467169,2.559014044529793e-14,,4.392314486811877e-05,0.0,0.0,11.588756054691324,0.9976025936994458,1.0,-0.0013015342917401806,-0.001976570033788927,-6.685511008691281e-05,0.009437167653785898,0.007393742509910059,4.392314486811877e-05,0.0,-0.0036648738397584155,-5.455689925579584e-16,-2.144424961341364e-16,-0.005243970092294324,1.0013015342917402,-9.797701529033934e-16,-0.10186742111806157,-0.003882975388595543,,,,0.04106116248585502,5.711446981485269e-16,-6.19799095901468e-17,0.9991566348352545,-0.06412092784467169,2.559014044529793e-14,-2.713522551522837e-15,0.0,0.0,-6.0822,,,,0.0,0.0,6.086771959763327,,,,,,,1289.7869789171646,1289.7869789171646,1289.7869789171646,1289.7869789171646,12664.353781012298,12664.353781012298,12664.353781012298,12664.353781012298,1.5216929899408318,1.5216929899408318,1.5216929899408318,1.5216929899408318,,,,
0.9708333333333333,1.00128491568876,-0.003988464715239913,,,6.087028881678974,12664.62105862028,24.978389478522903,1289.7947586298258,1750.0,22.200000000000003,6.0822,0.08169689196919394,1.2574430332196557e-15,-7.983400765311631e-17,-0.10764651907304079,2.6500524674302586e-14,,3.853620429450366e-05,0.0,0.0,11.589378293846016,0.9975922755207653,1.0,-0.001284915688759991,-0.001952301437610271,-6.712626306435867e-05,0.009707438471488857,0.007688010770814227,3.853620429450366e-05,0.0,-0.0028248523997064807,-5.691236070804206e-16,-2.1833120292249183e-16,-0.0056824034380635186,1.00128491568876,-9.332896292053022e-16,-0.10522400298460677,-0.003988464715239913,,,,0.04083708700985519,6.265669544255024e-16,-6.555886106852302e-17,0.9991658182326643,-0.10764651907304079,2.6500524674302586e-14,-2.8699419694917053e-15,0.0,0.0,-6.0822,,,,0.0,0.0,6.087028881678974,,,,,,,1289.7947586298258,1289.7947586298258,1289.7947586298258,1289.7947586298258,12664.62105862028,12664.62105862028,12664.62105862028,12664.62105862028,1.5217572204197436,1.5217572204197436,1.5217572204197436,1.5217572204197436,,,,
0.975,1.0012678710464797,-0.004090714147266746,,,6.087288432815507,12664.891065697087,24.978322761054343,1289.8023964842125,1750.0,22.200000000000003,6.0822,0.08105770466368435,1.3723004144558007e-15,-8.3155652348813e-17,-0.15340495332228865,2.7409746429491847e-14,,3.3107998188119936e-05,0.0,0.0,11.589989203102995,0.9975819567981843,1.0,-0.0012678710464797405,-0.0019273735331399866,-6.739395383285035e-05,0.009971161788099783,0.007976394301126946,3.3107998188119936e-05,0.0,-0.0019319142169988814,-5.928826451470345e-16,-2.2200739766796947e-16,-0.0061347469406727514,1.0012678710464797,-8.822867389146313e-16,-0.10856244062621581,-0.004090714147266746,,,,0.040517757876182385,6.839021130630034e-16,-6.934495119501278e-17,0.9991788184787982,-0.15340495332228865,2.7409746429491847e-14,-3.0353095728974404e-15,0.0,0.0,-6.0822,,,,0.0,0.0,6.087288432815507,,,,,,,1289.8023964842125,1289.8023964842125,1289.8023964842125,1289.8023964842125,12664.891065697087,12664.891065697087,12664.891065697087,12664.891065697087,1.5218221082038768,1.5218221082038768,1.5218221082038768,1.5218221082038768,,,,
0.9791666666666666,1.0012504165154135,-0.004189087455904089,,,6.087549775067933,12665.162930228389,24.97825629940691,1289.8098544641234,1750.0,22.200000000000003,6.0822,0.08021839447251715,1.4909773661722304e-15,-8.69841338453448e-17,-0.20143444588013298,2.8315903021816035e-14,,2.7644339207877344e-05,0.0,0.0,11.590585740743265,0.9975716375444977,1.0,-0.001250416515413466,-0.0019018065697196107,-6.76580936342003e-05,0.010226785368166865,0.008257320704813054,2.7644339207877344e-05,0.0,-0.0009847861667384443,-6.168099493126269e-16,-2.2545158271705277e-16,-0.0066008926005538815,1.0012504165154135,-8.266044117799886e-16,-0.11187495837147124,-0.004189087455904089,,,,0.04009844383811684,7.4314514766634e-16,-7.335002382174216e-17,0.9991957339789644,-0.20143444588013298,2.8315903021816035e-14,-3.2101322954111306e-15,0.0,0.0,-6.0822,,,,0.0,0.0,6.087549775067933,,,,,,,1289.8098544641234,1289.8098544641234,1289.8098544641234,1289.8098544641234,12665.162930228389,12665.162930228389,12665.162930228389,12665.162930228389,1.5218874437669832,1.5218874437669832,1.5218874437669832,1.5218874437669832,,,,
0.9833333333333333,1.0012325709393222,-0.004282938261898969,,,6.087812005695196,12665.435713037292,24.97819014989795,1289.8170935274786,1750.0,22.200000000000003,6.0822,0.07916934935883106,1.6135992382821134e-15,-9.138182899151923e-17,-0.25177082728467,2.9251822213244793e-14,,2.21510779769285e-05,2.7755575615628914e-17,0.0,11.591164782698712,0.9975613177752823,1.0,-0.001232570939322164,-0.0018756247731201992,-6.791859707491144e-05,0.010472718639760223,0.008529175269565113,2.21510779769285e-05,2.7755575615628914e-17,1.776919397680158e-05,-6.408669287449322e-16,-2.2864360693817346e-16,-0.007080698400275464,1.0012325709393222,-7.660858130689687e-16,-0.11515339193317976,-0.004282938261898969,,,,0.03957433764495537,8.043594080914669e-16,-7.75836821010583e-17,0.9992166290649706,-0.25177082728467,2.9251822213244793e-14,-3.3949461691852743e-15,0.0,0.0,-6.0822,,,,0.0,0.0,6.087812005695196,,,,,,,1289.8170935274786,1289.8170935274786,1289.8170935274786,1289.8170935274786,12665.435713037292,12665.435713037292,12665.435713037292,12665.435713037292,1.521953001423799,1.521953001423799,1.521953001423799,1.521953001423799,,,,
0.9874999999999999,1.001214355872611,-0.004371616010679071,,,6.088074160234038,12665.708410823574,24.978124369894253,1289.824073917417,1750.0,22.200000000000003,6.0822,0.07790081880005419,1.739844549834697e-15,-9.645264755259587e-17,-0.30444733410644054,3.0110008021624175e-14,,1.6634096816792177e-05,-2.7755575615628914e-17,0.0,11.591723147448201,0.9975509975089474,1.0,-0.0012143558726109838,-0.001848856408983246,-6.817538268727022e-05,0.010707345654747421,0.008790313863076904,1.6634096816792177e-05,-2.7755575615628914e-17,0.0010769490777518473,-6.657164061790016e-16,-2.315626433004459e-16,-0.00757398665764088,1.001214355872611,-7.005687269453821e-16,-0.11838918176769989,-0.004371616010679071,,,,0.03894056131281703,8.673845037232715e-16,-8.206500717775649e-17,0.9992415287029671,-0.30444733410644054,3.0110008021624175e-14,-3.590324929352571e-15,0.0,0.0,-6.0822,,,,0.0,0.0,6.088074160234038,,,,,,,1289.824073917417,1289.824073917417,1289.824073917417,1289.824073917417,12665.708410823574,12665.708410823574,12665.708410823574,12665.708410823574,1.5220185400585096,1.5220185400585096,1.5220185400585096,1.5220185400585096,,,,
0.9916666666666667,1.0011957955693227,-0.004454472789208491,,,6.088335216409025,12665.979960238032,24.97805901729391,1289.8307555220026,1750.0,22.200000000000003,6.0822,0.07640292549548412,1.8696788622913525e-15,-1.0228322071441917e-16,-0.35949439309681214,3.0959690168956235e-14,,1.1099303449169096e-05,-2.7755575615628914e-17,0.0,11.592257624810768,0.9975406767667601,1.0,-0.0011957955693226996,-0.0018215338089164756,-6.842837349406417e-05,0.010929040026697678,0.009039077844287138,1.1099303449169096e-05,-2.7755575615628914e-17,0.002193905742126101,-6.891923879242184e-16,-2.341872427253073e-16,-0.008080542352841889,1.0011957955693227,-6.299038619667458e-16,-0.12157336684824206,-0.004454472789208491,,,,0.03819217186374382,9.322041751423561e-16,-8.68078463150623e-17,0.9992704128554644,-0.35949439309681214,3.0959690168956235e-14,-3.79686143582986e-15,0.0,0.0,-6.0822,,,,0.0,0.0,6.088335216409025,,,,,,,1289.8307555220026,1289.8307555220026,1289.8307555220026,1289.8307555220026,12665.979960238032,12665.979960238032,12665.979960238032,12665.979960238032,1.5220838041022562,1.5220838041022562,1.5220838041022562,1.5220838041022562,,,,
0.9958333333333333,1.001176916940012,-0.004530871034585383,,,6.0885940991343785,12666.249243091132,24.97799414993331,1289.8370982857223,1750.0,22.200000000000003,6.0822,0.0746656780007857,2.003346864474913e-15,-1.0894521752820799e-16,-0.4169393987276148,3.18681965929814e-14,,5.552624669336037e-06,2.7755575615628914e-17,0.0,11.592765008890867,0.9975303555728419,1.0,-0.001176916940011985,-0.0017936933539840494,-6.86774975710064e-05,0.011136181973021228,0.009273811121466172,5.552624669336037e-06,2.7755575615628914e-17,0.0033697415871620363,-7.126777464936923e-16,-2.364953386871511e-16,-0.008600111431583735,1.001176916940012,-5.539430308425119e-16,-0.12469657889804311,-0.004530871034585383,,,,0.03732416755413121,9.989423319312153e-16,-9.182127984165344e-17,0.9993032105003922,-0.4169393987276148,3.18681965929814e-14,-4.0151818292811785e-15,0.0,0.0,-6.0822,,,,0.0,0.0,6.0885940991343785,,,,,,,1289.8370982857223,1289.8370982857223,1289.8370982857223,1289.8370982857223,12666.249243091132,12666.249243091132,12666.249243091132,12666.249243091132,1.5221485247835946,1.5221485247835946,1.5221485247835946,1.5221485247835946,,,,
