time_s,phase,x_m,y_m,z_m,vx_mps,vz_mps,command_vx_mps,command_vz_mps,command_altitude_m,command_thrust_n,command_pitch_deg,measured_pitch_deg,pitch_error_deg,pitch_torque,ttc_s,bbox_scale_px,bbox_growth_px_s
0.0,takeoff,-10.0,0.0,0.049832812449765305,0.0,-0.04012501205632717,nan,nan,nan,16.847729166666667,0.0,-0.0,0.0,0.0,nan,nan,nan
0.004166666666666667,takeoff,-10.0,0.0,0.049506818961034205,0.0,-0.0782384372954648,nan,nan,nan,16.847729166666667,0.0,-0.0,0.0,0.0,nan,nan,nan
0.008333333333333333,takeoff,-10.0,0.0,0.049034343018779764,0.0,-0.11339422614106617,nan,nan,nan,16.85395833333333,0.0,-0.0,0.0,0.0,nan,nan,nan
0.0125,takeoff,-10.0,0.0,0.04843057923452264,0.0,-0.14490330822170994,nan,nan,nan,16.85395833333333,0.0,-0.0,0.0,0.0,nan,nan,nan
0.016666666666666666,takeoff,-10.0,0.0,0.04771273519831562,0.0,-0.17228256868968506,nan,nan,nan,16.8601875,0.0,-0.0,0.0,0.0,nan,nan,nan
0.020833333333333332,takeoff,-10.0,0.0,0.0468993353167503,0.0,-0.1952159715756776,nan,nan,nan,16.8601875,0.0,-0.0,0.0,0.0,nan,nan,nan
0.025,takeoff,-10.0,0.0,0.04600967548563965,0.0,-0.21351835946655567,nan,nan,nan,16.866416666666666,0.0,-0.0,0.0,0.0,nan,nan,nan
0.029166666666666667,takeoff,-10.0,0.0,0.045063381883228885,0.0,-0.2271104645785846,nan,nan,nan,16.866416666666666,0.0,-0.0,0.0,0.0,nan,nan,nan
0.03333333333333333,takeoff,-10.0,0.0,0.04408013393950371,0.0,-0.23597950649404192,nan,nan,nan,16.918828152037776,0.0,-0.0,0.0,0.0,nan,nan,nan
0.0375,takeoff,-10.0,0.0,0.04307934180255889,0.0,-0.24019011286675798,nan,nan,nan,16.918828152037776,0.0,-0.0,0.0,0.0,nan,nan,nan
0.041666666666666664,takeoff,-10.0,0.0,0.0420799460871897,0.0,-0.23985497168860498,nan,nan,nan,16.918828152037776,0.0,-0.0,0.0,0.0,nan,nan,nan
0.04583333333333333,takeoff,-10.0,0.0,0.041100269760562747,0.0,-0.23512231839046863,nan,nan,nan,16.918828152037776,0.0,-0.0,0.0,0.0,nan,nan,nan
0.05,takeoff,-10.0,0.0,0.04015791219679682,0.0,-0.22616581530382185,nan,nan,nan,16.918828152037776,0.0,-0.0,0.0,0.0,nan,nan,nan
0.05416666666666667,takeoff,-10.0,0.0,0.039269677151411886,0.0,-0.21317641089238354,nan,nan,nan,16.918828152037776,0.0,-0.0,0.0,0.0,nan,nan,nan
0.058333333333333334,takeoff,-10.0,0.0,0.03845152784286899,0.0,-0.19635583405029566,nan,nan,nan,16.918828152037776,0.0,-0.0,0.0,0.0,nan,nan,nan
0.0625,takeoff,-10.0,0.0,0.037718563527163226,0.0,-0.17591143576938312,nan,nan,nan,16.918828152037776,0.0,-0.0,0.0,0.0,nan,nan,nan
0.06666666666666667,takeoff,-10.0,0.0,0.03708512152774853,0.0,-0.1520260798595272,nan,nan,nan,16.98202147080526,0.0,-0.0,0.0,0.0,nan,nan,nan
0.07083333333333333,takeoff,-10.0,0.0,0.03656467118565386,0.0,-0.12490808210272167,nan,nan,nan,16.98202147080526,0.0,-0.0,0.0,0.0,nan,nan,nan
0.075,takeoff,-10.0,0.0,0.03616982991424567,0.0,-0.09476190513796529,nan,nan,nan,16.98202147080526,0.0,-0.0,0.0,0.0,nan,nan,nan
0.07916666666666666,takeoff,-10.0,0.0,0.03591238691980828,0.0,-0.061786318664974006,nan,nan,nan,16.98202147080526,0.0,-0.0,0.0,0.0,nan,nan,nan
0.08333333333333333,takeoff,-10.0,0.0,0.03580333251367621,0.0,-0.026173057471696,nan,nan,nan,16.98202147080526,0.0,-0.0,0.0,0.0,nan,nan,nan
0.0875,takeoff,-10.0,0.0,0.03585289134273151,0.0,0.011894118973270806,nan,nan,nan,16.98202147080526,0.0,-0.0,0.0,0.0,nan,nan,nan
0.09166666666666666,takeoff,-10.0,0.0,0.03607055819656016,0.0,0.05224004491887643,nan,nan,nan,16.98202147080526,0.0,-0.0,0.0,0.0,nan,nan,nan
0.09583333333333333,takeoff,-10.0,0.0,0.03646513532295654,0.0,0.09469851033513105,nan,nan,nan,16.98202147080526,0.0,-0.0,0.0,0.0,nan,nan,nan
0.1,takeoff,-10.0,0.0,0.037044733378263146,0.0,0.1391035332735856,nan,nan,nan,16.96323047018757,0.0,-0.0,0.0,0.0,nan,nan,nan
0.10416666666666667,takeoff,-10.0,0.0,0.037816848816998365,0.0,0.18530770529645282,nan,nan,nan,16.96323047018757,0.0,-0.0,0.0,0.0,nan,nan,nan
0.10833333333333334,takeoff,-10.0,0.0,0.0387884013032752,0.0,0.2331725967064395,nan,nan,nan,16.96323047018757,0.0,-0.0,0.0,0.0,nan,nan,nan
0.1125,takeoff,-10.0,0.0,0.03996577022268133,0.0,0.28256854065747256,nan,nan,nan,16.96323047018757,0.0,-0.0,0.0,0.0,nan,nan,nan
0.11666666666666667,takeoff,-10.0,0.0,0.04135483001450633,0.0,0.3333743500379996,nan,nan,nan,16.96323047018757,0.0,-0.0,0.0,0.0,nan,nan,nan
0.12083333333333333,takeoff,-10.0,0.0,0.04296098412422403,0.0,0.3854769863322469,nan,nan,nan,16.96323047018757,0.0,-0.0,0.0,0.0,nan,nan,nan
0.125,takeoff,-10.0,0.0,0.04478919744046535,0.0,0.4387711958979163,nan,nan,nan,16.96323047018757,0.0,-0.0,0.0,0.0,nan,nan,nan
0.12916666666666665,takeoff,-10.0,0.0,0.04684402713209047,0.0,0.49315912599002876,nan,nan,nan,16.96323047018757,0.0,-0.0,0.0,0.0,nan,nan,nan
0.13333333333333333,takeoff,-10.0,0.0,0.049129651841676315,0.0,0.5485499303006042,nan,nan,nan,16.96323047018757,0.0,-0.0,0.0,0.0,nan,nan,nan
0.1375,takeoff,-10.0,0.0,0.051649899223680226,0.0,0.6048593716809391,nan,nan,nan,16.96323047018757,0.0,-0.0,0.0,0.0,nan,nan,nan
0.14166666666666666,takeoff,-10.0,0.0,0.05440796165108119,0.0,0.661934982576231,nan,nan,nan,16.81674074378564,0.0,-0.0,0.0,0.0,nan,nan,nan
0.14583333333333334,takeoff,-10.0,0.0,0.057406754613581204,0.0,0.7197103110000039,nan,nan,nan,16.81674074378564,0.0,-0.0,0.0,0.0,nan,nan,nan
0.15,takeoff,-10.0,0.0,0.06064893782817457,0.0,0.7781239715024089,nan,nan,nan,16.81674074378564,0.0,-0.0,0.0,0.0,nan,nan,nan
0.15416666666666667,takeoff,-10.0,0.0,0.06413693491409998,0.0,0.8371193006220996,nan,nan,nan,16.81674074378564,0.0,-0.0,0.0,0.0,nan,nan,nan
0.15833333333333333,takeoff,-10.0,0.0,0.06787295169960268,0.0,0.8966440285206473,nan,nan,nan,16.81674074378564,0.0,-0.0,0.0,0.0,nan,nan,nan
0.1625,takeoff,-10.0,0.0,0.0718589932306917,0.0,0.9566499674613621,nan,nan,nan,16.81674074378564,0.0,-0.0,0.0,0.0,nan,nan,nan
0.16666666666666666,takeoff,-10.0,0.0,0.07609687955326534,0.0,1.0170927174176756,nan,nan,nan,16.81674074378564,0.0,-0.0,0.0,0.0,nan,nan,nan
0.17083333333333334,takeoff,-10.0,0.0,0.08058826033994132,0.0,1.077931388802234,nan,nan,nan,16.81674074378564,0.0,-0.0,0.0,0.0,nan,nan,nan
0.175,takeoff,-10.0,0.0,0.08533401148274977,0.0,1.138980274274028,nan,nan,nan,16.532994513029678,0.0,-0.0,0.0,0.0,nan,nan,nan
0.17916666666666667,takeoff,-10.0,0.0,0.09033491510141971,0.0,1.2002168684807855,nan,nan,nan,16.532994513029678,0.0,-0.0,0.0,0.0,nan,nan,nan
0.18333333333333332,takeoff,-10.0,0.0,0.09559166719155544,0.0,1.2616205016325757,nan,nan,nan,16.532994513029678,0.0,-0.0,0.0,0.0,nan,nan,nan
0.1875,takeoff,-10.0,0.0,0.10110488466748187,0.0,1.3231721942223407,nan,nan,nan,16.532994513029678,0.0,-0.0,0.0,0.0,nan,nan,nan
0.19166666666666665,takeoff,-10.0,0.0,0.10687511184491422,0.0,1.3848545225837645,nan,nan,nan,16.532994513029678,0.0,-0.0,0.0,0.0,nan,nan,nan
0.19583333333333333,takeoff,-10.0,0.0,0.11290282640570391,0.0,1.4466514945895277,nan,nan,nan,16.532994513029678,0.0,-0.0,0.0,0.0,nan,nan,nan
0.2,takeoff,-10.0,0.0,0.11918844488411168,0.0,1.5085484348178642,nan,nan,nan,16.532994513029678,0.0,-0.0,0.0,0.0,nan,nan,nan
0.20416666666666666,takeoff,-10.0,0.0,0.12573232771137613,0.0,1.5705318785434683,nan,nan,nan,16.532994513029678,0.0,-0.0,0.0,0.0,nan,nan,nan
0.20833333333333334,takeoff,-10.0,0.0,0.13253393498562693,0.0,1.6323857458201902,nan,nan,nan,16.148095510312178,0.0,-0.0,0.0,0.0,nan,nan,nan
0.2125,takeoff,-10.0,0.0,0.1395927514118024,0.0,1.6941159422821177,nan,nan,nan,16.148095510312178,0.0,-0.0,0.0,0.0,nan,nan,nan
0.21666666666666667,takeoff,-10.0,0.0,0.14690828425084862,0.0,1.7557278813710901,nan,nan,nan,16.148095510312178,0.0,-0.0,0.0,0.0,nan,nan,nan
0.22083333333333333,takeoff,-10.0,0.0,0.1544800614425554,0.0,1.8172265260096325,nan,nan,nan,16.148095510312178,0.0,-0.0,0.0,0.0,nan,nan,nan
0.225,takeoff,-10.0,0.0,0.16230762988716152,0.0,1.878616426705465,nan,nan,nan,16.148095510312178,0.0,-0.0,0.0,0.0,nan,nan,nan
0.22916666666666666,takeoff,-10.0,0.0,0.17039055387215904,0.0,1.9399017563994019,nan,nan,nan,16.148095510312178,0.0,-0.0,0.0,0.0,nan,nan,nan
0.23333333333333334,takeoff,-10.0,0.0,0.17872841363190997,0.0,2.001086342340226,nan,nan,nan,16.148095510312178,0.0,-0.0,0.0,0.0,9.113584354413762,16.492422502470642,1.8096526965796138
0.2375,takeoff,-10.0,0.0,0.18732080402876253,0.0,2.0621736952446144,nan,nan,nan,16.148095510312178,0.0,-0.0,0.0,0.0,9.113584354413762,16.492422502470642,1.8096526965796138
0.24166666666666667,takeoff,-10.0,0.0,0.19616733334533376,0.0,2.1231670359770938,nan,nan,nan,16.148095510312178,0.0,-0.0,0.0,0.0,9.113584354413762,16.492422502470642,1.8096526965796138
0.24583333333333332,takeoff,-10.0,0.0,0.2052676221785174,0.0,2.1840693199640753,nan,nan,nan,16.148095510312178,0.0,-0.0,0.0,0.0,9.113584354413762,16.492422502470642,1.8096526965796138
0.25,takeoff,-10.0,0.0,0.2146202595837619,0.0,2.244632977258681,nan,nan,nan,15.678580514876536,0.0,-0.0,0.0,0.0,9.113584354413762,16.492422502470642,1.8096526965796138
0.25416666666666665,takeoff,-10.0,0.0,0.2242239348809805,0.0,2.3048820713324627,nan,nan,nan,15.678580514876536,0.0,-0.0,0.0,0.0,9.113584354413762,16.492422502470642,1.8096526965796138
0.2583333333333333,takeoff,-10.0,0.0,0.23407742906188378,0.0,2.364838603416788,nan,nan,nan,15.678580514876536,0.0,-0.0,0.0,0.0,9.113584354413762,16.492422502470642,1.8096526965796138
0.2625,takeoff,-10.0,0.0,0.24417960695229365,0.0,2.42452269369837,nan,nan,nan,15.678580514876536,0.0,-0.0,0.0,0.0,9.113584354413762,16.492422502470642,1.8096526965796138
0.26666666666666666,takeoff,-10.0,0.0,0.254529410060462,0.0,2.4839527459603983,nan,nan,nan,15.678580514876536,0.0,-0.0,0.0,0.0,nan,nan,nan
0.2708333333333333,takeoff,-10.0,0.0,0.2651258500491203,0.0,2.5431455972780057,nan,nan,nan,15.678580514876536,0.0,-0.0,0.0,0.0,nan,nan,nan
0.275,takeoff,-10.0,0.0,0.2759680027749803,0.0,2.6021166542064003,nan,nan,nan,15.678580514876536,0.0,-0.0,0.0,0.0,nan,nan,nan
0.2791666666666667,takeoff,-10.0,0.0,0.28705500284477015,0.0,2.6608800167495623,nan,nan,nan,15.678580514876536,0.0,-0.0,0.0,0.0,nan,nan,nan
0.2833333333333333,takeoff,-10.0,0.0,0.2983848779006389,0.0,2.719170013408496,nan,nan,nan,15.158374124456802,0.0,-0.0,0.0,0.0,nan,nan,nan
0.2875,takeoff,-10.0,0.0,0.30995580614022217,0.0,2.777022777499989,nan,nan,nan,15.158374124456802,0.0,-0.0,0.0,0.0,nan,nan,nan
0.2916666666666667,takeoff,-10.0,0.0,0.32176610322696725,0.0,2.8344713008188176,nan,nan,nan,15.158374124456802,0.0,-0.0,0.0,0.0,nan,nan,nan
0.29583333333333334,takeoff,-10.0,0.0,0.3338142103780362,0.0,2.8915457162565494,nan,nan,nan,15.158374124456802,0.0,-0.0,0.0,0.0,nan,nan,nan
0.3,takeoff,-10.0,0.0,0.3460986835180145,0.0,2.9482735535947806,nan,nan,nan,15.158374124456802,0.0,-0.0,0.0,0.0,6.406737683243425,16.492422502470642,2.5742309608844978
0.30416666666666664,takeoff,-10.0,0.0,0.35861818339812673,0.0,3.0046799712269423,nan,nan,nan,15.158374124456802,0.0,-0.0,0.0,0.0,6.406737683243425,16.492422502470642,2.5742309608844978
0.30833333333333335,takeoff,-10.0,0.0,0.37137146659083825,0.0,3.0607879662507607,nan,nan,nan,15.158374124456802,0.0,-0.0,0.0,0.0,6.406737683243425,16.492422502470642,2.5742309608844978
0.3125,takeoff,-10.0,0.0,0.3843573772787574,0.0,3.1166185651005986,nan,nan,nan,15.158374124456802,0.0,-0.0,0.0,0.0,6.406737683243425,16.492422502470642,2.5742309608844978
0.31666666666666665,takeoff,-10.0,0.0,0.39757357646977015,0.0,3.171887805843053,nan,nan,nan,14.593659548751134,0.0,-0.0,0.0,0.0,6.406737683243425,16.492422502470642,2.5742309608844978
0.3208333333333333,takeoff,-10.0,0.0,0.4110179096999086,0.0,3.2266399752332253,nan,nan,nan,14.593659548751134,0.0,-0.0,0.0,0.0,6.406737683243425,16.492422502470642,2.5742309608844978
0.325,takeoff,-10.0,0.0,0.4246883908259446,0.0,3.2809154702486483,nan,nan,nan,14.593659548751134,0.0,-0.0,0.0,0.0,6.406737683243425,16.492422502470642,2.5742309608844978
0.32916666666666666,takeoff,-10.0,0.0,0.4385831873005045,0.0,3.334751153894369,nan,nan,nan,14.593659548751134,0.0,-0.0,0.0,0.0,6.406737683243425,16.492422502470642,2.5742309608844978
0.3333333333333333,takeoff,-10.0,0.0,0.4527006067853394,0.0,3.388180676360379,nan,nan,nan,14.593659548751134,0.0,-0.0,0.0,0.0,9.856519512682192,16.492422502470642,1.6732501245749236
0.3375,takeoff,-10.0,0.0,0.46703908497372354,0.0,3.441234765212193,nan,nan,nan,14.593659548751134,0.0,-0.0,0.0,0.0,9.856519512682192,16.492422502470642,1.6732501245749236
0.3416666666666667,takeoff,-10.0,0.0,0.4815971745064828,0.0,3.4939414878622226,nan,nan,nan,14.593659548751134,0.0,-0.0,0.0,0.0,9.856519512682192,16.492422502470642,1.6732501245749236
0.3458333333333333,takeoff,-10.0,0.0,0.4963735348781191,0.0,3.5463264891927095,nan,nan,nan,14.593659548751134,0.0,-0.0,0.0,0.0,9.856519512682192,16.492422502470642,1.6732501245749236
0.35,takeoff,-10.0,0.0,0.5113669232400877,0.0,3.5984132068724675,nan,nan,nan,14.593659548751134,0.0,-0.0,0.0,0.0,9.856519512682192,16.492422502470642,1.6732501245749236
0.3541666666666667,takeoff,-10.0,0.0,0.5265761860176827,0.0,3.6502230666227997,nan,nan,nan,14.593659548751134,0.0,-0.0,0.0,0.0,9.856519512682192,16.492422502470642,1.6732501245749236
0.35833333333333334,takeoff,-10.0,0.0,0.5419989222192674,0.0,3.701456688380321,nan,nan,nan,13.998705948264618,0.0,-0.0,0.0,0.0,9.856519512682192,16.492422502470642,1.6732501245749236
0.3625,takeoff,-10.0,0.0,0.5576329228167975,0.0,3.7521601434072456,nan,nan,nan,13.998705948264618,0.0,-0.0,0.0,0.0,9.856519512682192,16.492422502470642,1.6732501245749236
0.36666666666666664,takeoff,-10.0,0.0,0.5734761538176004,0.0,3.802375440192696,nan,nan,nan,13.998705948264618,0.0,-0.0,0.0,0.0,15.163876173357218,16.492422502470642,1.0876125809737003
0.37083333333333335,takeoff,-10.0,0.0,0.5895267408947179,0.0,3.852140898508201,nan,nan,nan,13.998705948264618,0.0,-0.0,0.0,0.0,15.163876173357218,16.492422502470642,1.0876125809737003
0.375,takeoff,-10.0,0.0,0.6057829554225513,0.0,3.90149148668003,nan,nan,nan,13.998705948264618,0.0,-0.0,0.0,0.0,15.163876173357218,16.492422502470642,1.0876125809737003
0.37916666666666665,takeoff,-10.0,0.0,0.6222432017810329,0.0,3.950459126035563,nan,nan,nan,13.998705948264618,0.0,-0.0,0.0,0.0,15.163876173357218,16.492422502470642,1.0876125809737003
0.3833333333333333,takeoff,-10.0,0.0,0.63890600580607,0.0,3.9990729660089324,nan,nan,nan,13.998705948264618,0.0,-0.0,0.0,0.0,15.163876173357218,16.492422502470642,1.0876125809737003
0.3875,takeoff,-10.0,0.0,0.6557700042768254,0.0,4.04735963298128,nan,nan,nan,13.998705948264618,0.0,-0.0,0.0,0.0,15.163876173357218,16.492422502470642,1.0876125809737003
0.39166666666666666,takeoff,-10.0,0.0,0.6728325738482439,0.0,4.095016697140429,nan,nan,nan,13.390327840055804,0.0,-0.0,0.0,0.0,15.163876173357218,16.492422502470642,1.0876125809737003
0.3958333333333333,takeoff,-10.0,0.0,0.6900913048485925,0.0,4.14209544008367,nan,nan,nan,13.390327840055804,0.0,-0.0,0.0,0.0,15.163876173357218,16.492422502470642,1.0876125809737003
0.4,takeoff,-10.0,0.0,0.7075439822877666,0.0,4.188642585401786,nan,nan,nan,13.390327840055804,0.0,-0.0,0.0,0.0,23.329040266703412,16.492422502470642,0.7069481776329052
0.4041666666666667,takeoff,-10.0,0.0,0.7251885686364123,0.0,4.234700723674984,nan,nan,nan,13.390327840055804,0.0,-0.0,0.0,0.0,23.329040266703412,16.492422502470642,0.7069481776329052
0.4083333333333333,takeoff,-10.0,0.0,0.7430231881984805,0.0,4.280308694896334,nan,nan,nan,13.390327840055804,0.0,-0.0,0.0,0.0,23.329040266703412,16.492422502470642,0.7069481776329052
0.4125,takeoff,-10.0,0.0,0.7610461129193521,0.0,4.325501933009183,nan,nan,nan,13.390327840055804,0.0,-0.0,0.0,0.0,23.329040266703412,16.492422502470642,0.7069481776329052
0.4166666666666667,takeoff,-10.0,0.0,0.779255749488822,0.0,4.370312776672778,nan,nan,nan,13.390327840055804,0.0,-0.0,0.0,0.0,23.329040266703412,16.492422502470642,0.7069481776329052
0.42083333333333334,takeoff,-10.0,0.0,0.7976506276133007,0.0,4.414770749874881,nan,nan,nan,13.390327840055804,0.0,-0.0,0.0,0.0,23.329040266703412,16.492422502470642,0.7069481776329052
0.425,takeoff,-10.0,0.0,0.8162293893448854,0.0,4.458902815580317,nan,nan,nan,13.390327840055804,0.0,-0.0,0.0,0.0,23.329040266703412,16.492422502470642,0.7069481776329052
0.42916666666666664,takeoff,-10.0,0.0,0.8349907793666809,0.0,4.5027336052308975,nan,nan,nan,13.390327840055804,0.0,-0.0,0.0,0.0,23.329040266703412,16.492422502470642,0.7069481776329052
0.43333333333333335,takeoff,-10.0,0.0,0.8539322777239772,0.0,4.545959605751116,nan,nan,nan,12.781603628994358,0.0,-0.0,0.0,0.0,nan,nan,nan
0.4375,takeoff,-10.0,0.0,0.8730515708855047,0.0,4.588630358766607,nan,nan,nan,12.781603628994358,0.0,-0.0,0.0,0.0,nan,nan,nan
0.44166666666666665,takeoff,-10.0,0.0,0.892346533379726,0.0,4.630790998613118,nan,nan,nan,12.781603628994358,0.0,-0.0,0.0,0.0,nan,nan,nan
0.4458333333333333,takeoff,-10.0,0.0,0.9118152111458857,0.0,4.672482663878316,nan,nan,nan,12.781603628994358,0.0,-0.0,0.0,0.0,nan,nan,nan
0.45,takeoff,-10.0,0.0,0.9314558064276711,0.0,4.7137428676285085,nan,nan,nan,12.781603628994358,0.0,-0.0,0.0,0.0,nan,nan,nan
0.45416666666666666,takeoff,-10.0,0.0,0.9512666640563409,0.0,4.754605830880728,nan,nan,nan,12.781603628994358,0.0,-0.0,0.0,0.0,nan,nan,nan
0.4583333333333333,takeoff,-10.0,0.0,0.9712462589868505,0.0,4.795102783322298,nan,nan,nan,12.781603628994358,0.0,-0.0,0.0,0.0,nan,nan,nan
0.46249999999999997,takeoff,-10.0,0.0,0.9913931849651698,0.0,4.83526223479664,nan,nan,nan,12.781603628994358,0.0,-0.0,0.0,0.0,nan,nan,nan
0.4666666666666667,takeoff,-10.0,0.0,1.0117048047440858,0.0,4.87478874693982,nan,nan,nan,12.182108310140926,0.0,-0.0,0.0,0.0,7.822474452854087,16.492422502470642,2.108338301629513
0.4708333333333333,takeoff,-10.0,0.0,1.0321786998889753,0.0,4.9137348347734635,nan,nan,nan,12.182108310140926,0.0,-0.0,0.0,0.0,7.822474452854087,16.492422502470642,2.108338301629513
0.475,takeoff,-10.0,0.0,1.052812651191535,0.0,4.952148312614361,nan,nan,nan,12.182108310140926,0.0,-0.0,0.0,0.0,7.822474452854087,16.492422502470642,2.108338301629513
0.4791666666666667,takeoff,-10.0,0.0,1.073604620930407,0.0,4.99007273732931,nan,nan,nan,12.182108310140926,0.0,-0.0,0.0,0.0,7.822474452854087,16.492422502470642,2.108338301629513
0.48333333333333334,takeoff,-10.0,0.0,1.0945527367906955,0.0,5.027547806469215,nan,nan,nan,12.182108310140926,0.0,-0.0,0.0,0.0,7.822474452854087,16.492422502470642,2.108338301629513
0.4875,takeoff,-10.0,0.0,1.1156552772754713,0.0,5.064609716346202,nan,nan,nan,12.182108310140926,0.0,-0.0,0.0,0.0,7.822474452854087,16.492422502470642,2.108338301629513
0.49166666666666664,takeoff,-10.0,0.0,1.1369106584608355,0.0,5.1012914844873825,nan,nan,nan,12.182108310140926,0.0,-0.0,0.0,0.0,7.822474452854087,16.492422502470642,2.108338301629513
0.49583333333333335,takeoff,-10.0,0.0,1.1583174219623131,0.0,5.137623240354611,nan,nan,nan,12.182108310140926,0.0,-0.0,0.0,0.0,7.822474452854087,16.492422502470642,2.108338301629513
0.5,takeoff,-10.0,0.0,1.1798742239945987,0.0,5.173632487748551,nan,nan,nan,12.182108310140926,0.0,-0.0,0.0,0.0,12.03457608131398,16.492422502470642,1.3704198960591836
0.5041666666666667,takeoff,-10.0,0.0,1.2015798254192116,0.0,5.2093443419070775,nan,nan,nan,12.182108310140926,0.0,-0.0,0.0,0.0,12.03457608131398,16.492422502470642,1.3704198960591836
0.5083333333333333,takeoff,-10.0,0.0,1.223431785100771,0.0,5.244470323574265,nan,nan,nan,11.599163377476387,0.0,-0.0,0.0,0.0,12.03457608131398,16.492422502470642,1.3704198960591836
0.5125,takeoff,-10.0,0.0,1.2454278649406907,0.0,5.279059161580745,nan,nan,nan,11.599163377476387,0.0,-0.0,0.0,0.0,12.03457608131398,16.492422502470642,1.3704198960591836
0.5166666666666666,takeoff,-10.0,0.0,1.2675660117256298,0.0,5.313155228385388,nan,nan,nan,11.599163377476387,0.0,-0.0,0.0,0.0,12.03457608131398,16.492422502470642,1.3704198960591836
0.5208333333333334,takeoff,-10.0,0.0,1.2898443406842939,0.0,5.346798950079363,nan,nan,nan,11.599163377476387,0.0,-0.0,0.0,0.0,12.03457608131398,16.492422502470642,1.3704198960591836
0.525,takeoff,-10.0,0.0,1.312261120579129,0.0,5.38002717476042,nan,nan,nan,11.599163377476387,0.0,-0.0,0.0,0.0,12.03457608131398,16.492422502470642,1.3704198960591836
0.5291666666666667,takeoff,-10.0,0.0,1.3348147601788614,0.0,5.412873503935753,nan,nan,nan,11.599163377476387,0.0,-0.0,0.0,0.0,12.03457608131398,16.492422502470642,1.3704198960591836
0.5333333333333333,takeoff,-10.0,0.0,1.3575037959748355,0.0,5.44536859103379,nan,nan,nan,11.599163377476387,0.0,-0.0,0.0,0.0,nan,nan,nan
0.5375,takeoff,-10.0,0.0,1.380326881019026,0.0,5.477540410605679,nan,nan,nan,11.599163377476387,0.0,-0.0,0.0,0.0,nan,nan,nan
0.5416666666666666,takeoff,-10.0,0.0,1.4032815242020709,0.0,5.509114363930808,nan,nan,nan,11.037790535462545,0.0,-0.0,0.0,0.0,nan,nan,nan
0.5458333333333333,takeoff,-10.0,0.0,1.4263654436398046,0.0,5.540140665056086,nan,nan,nan,11.037790535462545,0.0,-0.0,0.0,0.0,nan,nan,nan
0.55,takeoff,-10.0,0.0,1.4495765478766947,0.0,5.5706650168536385,nan,nan,nan,11.037790535462545,0.0,-0.0,0.0,0.0,nan,nan,nan
0.5541666666666667,takeoff,-10.0,0.0,1.472912918872044,0.0,5.600729038883861,nan,nan,nan,11.037790535462545,0.0,-0.0,0.0,0.0,nan,nan,nan
0.5583333333333333,takeoff,-10.0,0.0,1.4963727965859777,0.0,5.630370651344102,nan,nan,nan,11.037790535462545,0.0,-0.0,0.0,0.0,nan,nan,nan
0.5625,takeoff,-10.0,0.0,1.519954565002975,0.0,5.659624420079406,nan,nan,nan,11.037790535462545,0.0,-0.0,0.0,0.0,nan,nan,nan
0.5666666666666667,takeoff,-10.0,0.0,1.5436567394488363,0.0,5.688521867006712,nan,nan,nan,11.037790535462545,0.0,-0.0,0.0,0.0,6.904480468558585,16.492422502470642,2.388655102664616
0.5708333333333333,takeoff,-10.0,0.0,1.5674779550728557,0.0,5.717091749764639,nan,nan,nan,11.037790535462545,0.0,-0.0,0.0,0.0,6.904480468558585,16.492422502470642,2.388655102664616
0.575,takeoff,-10.0,0.0,1.5914169563809175,0.0,5.745360313934813,nan,nan,nan,11.037790535462545,0.0,-0.0,0.0,0.0,6.904480468558585,16.492422502470642,2.388655102664616
0.5791666666666666,takeoff,-10.0,0.0,1.6154725877174891,0.0,5.773351520777213,nan,nan,nan,11.037790535462545,0.0,-0.0,0.0,0.0,6.904480468558585,16.492422502470642,2.388655102664616
0.5833333333333334,takeoff,-10.0,0.0,1.6396425955010947,0.0,5.80080186806534,nan,nan,nan,10.501679013871815,0.0,-0.0,0.0,0.0,6.904480468558585,16.492422502470642,2.388655102664616
0.5875,takeoff,-10.0,0.0,1.663924915587703,0.0,5.827756820785986,nan,nan,nan,10.501679013871815,0.0,-0.0,0.0,0.0,6.904480468558585,16.492422502470642,2.388655102664616
0.5916666666666667,takeoff,-10.0,0.0,1.6883176562983118,0.0,5.854257770546095,nan,nan,nan,10.501679013871815,0.0,-0.0,0.0,0.0,6.904480468558585,16.492422502470642,2.388655102664616
0.5958333333333333,takeoff,-10.0,0.0,1.7128190830495198,0.0,5.880342420289934,nan,nan,nan,10.501679013871815,0.0,-0.0,0.0,0.0,6.904480468558585,16.492422502470642,2.388655102664616
0.6,takeoff,-10.0,0.0,1.737427604423497,0.0,5.906045129754551,nan,nan,nan,10.501679013871815,0.0,-0.0,0.0,0.0,10.622277643936284,16.492422502470642,1.5526258167320004
0.6041666666666666,takeoff,-10.0,0.0,1.7621417595321798,0.0,5.931397226083832,nan,nan,nan,10.501679013871815,0.0,-0.0,0.0,0.0,10.622277643936284,16.492422502470642,1.5526258167320004
0.6083333333333333,takeoff,-10.0,0.0,1.7869602065466368,0.0,5.956427283469691,nan,nan,nan,10.501679013871815,0.0,-0.0,0.0,0.0,10.622277643936284,16.492422502470642,1.5526258167320004
0.6125,takeoff,-10.0,0.0,1.8118817122766886,0.0,5.98116137521243,nan,nan,nan,10.501679013871815,0.0,-0.0,0.0,0.0,10.622277643936284,16.492422502470642,1.5526258167320004
0.6166666666666667,takeoff,-10.0,0.0,1.83690406250352,0.0,6.0053640544395295,nan,nan,nan,10.01466929711366,0.0,-0.0,0.0,0.0,10.622277643936284,16.492422502470642,1.5526258167320004
0.6208333333333333,takeoff,-10.0,0.0,1.8620252302841056,0.0,6.029080267340537,nan,nan,nan,10.01466929711366,0.0,-0.0,0.0,0.0,10.622277643936284,16.492422502470642,1.5526258167320004
0.625,takeoff,-10.0,0.0,1.887243359133398,0.0,6.052350923830175,nan,nan,nan,10.01466929711366,0.0,-0.0,0.0,0.0,10.622277643936284,16.492422502470642,1.5526258167320004
0.6291666666666667,takeoff,-10.0,0.0,1.9125567478007837,0.0,6.075213280172581,nan,nan,nan,10.01466929711366,0.0,-0.0,0.0,0.0,10.622277643936284,16.492422502470642,1.5526258167320004
0.6333333333333333,takeoff,-10.0,0.0,1.9379638364772591,0.0,6.0977012823541115,nan,nan,nan,10.01466929711366,0.0,-0.0,0.0,0.0,nan,nan,nan
0.6375,takeoff,-10.0,0.0,1.963463194288304,0.0,6.119845874650782,nan,nan,nan,10.01466929711366,0.0,-0.0,0.0,0.0,nan,nan,nan
0.6416666666666666,takeoff,-10.0,0.0,1.98905350794363,0.0,6.1416752772782,nan,nan,nan,10.01466929711366,0.0,-0.0,0.0,0.0,nan,nan,nan
0.6458333333333334,takeoff,-10.0,0.0,2.0147335714291725,0.0,6.16321523653016,nan,nan,nan,10.01466929711366,0.0,-0.0,0.0,0.0,nan,nan,nan
0.65,takeoff,-10.0,0.0,2.0405012284267006,0.0,6.184237679406737,nan,nan,nan,9.541609898220678,0.0,-0.0,0.0,0.0,nan,nan,nan
0.6541666666666667,takeoff,-10.0,0.0,2.066354505988655,0.0,6.20478661486904,nan,nan,nan,9.541609898220678,0.0,-0.0,0.0,0.0,nan,nan,nan
0.6583333333333333,takeoff,-10.0,0.0,2.0922915980406747,0.0,6.2249020924847205,nan,nan,nan,9.541609898220678,0.0,-0.0,0.0,0.0,nan,nan,nan
0.6625,takeoff,-10.0,0.0,2.118310850452614,0.0,6.244620578865371,nan,nan,nan,9.541609898220678,0.0,-0.0,0.0,0.0,nan,nan,nan
0.6666666666666666,takeoff,-10.0,0.0,2.1444107475164818,0.0,6.263975295328345,nan,nan,nan,9.541609898220678,0.0,-0.0,0.0,0.0,6.688909115911321,16.492422502470642,2.465637104148881
0.6708333333333333,takeoff,-10.0,0.0,2.1705898996881325,0.0,6.2829965211961625,nan,nan,nan,9.541609898220678,0.0,-0.0,0.0,0.0,6.688909115911321,16.492422502470642,2.465637104148881
0.675,takeoff,-10.0,0.0,2.196847032465591,0.0,6.301711866590051,nan,nan,nan,9.541609898220678,0.0,-0.0,0.0,0.0,6.688909115911321,16.492422502470642,2.465637104148881
0.6791666666666667,takeoff,-10.0,0.0,2.2231809762909838,0.0,6.320146518094205,nan,nan,nan,9.541609898220678,0.0,-0.0,0.0,0.0,6.688909115911321,16.492422502470642,2.465637104148881
0.6833333333333333,takeoff,-10.0,0.0,2.2495906573753697,0.0,6.338323460252644,nan,nan,nan,9.541609898220678,0.0,-0.0,0.0,0.0,6.688909115911321,16.492422502470642,2.465637104148881
0.6875,takeoff,-10.0,0.0,2.276075089356627,0.0,6.356263675501821,nan,nan,nan,9.541609898220678,0.0,-0.0,0.0,0.0,6.688909115911321,16.492422502470642,2.465637104148881
0.6916666666666667,takeoff,-10.0,0.0,2.3026323820383916,0.0,6.373750243623477,nan,nan,nan,9.095340562265475,0.0,-0.0,0.0,0.0,6.688909115911321,16.492422502470642,2.465637104148881
0.6958333333333333,takeoff,-10.0,0.0,2.3292608058286675,0.0,6.390821709666241,nan,nan,nan,9.095340562265475,0.0,-0.0,0.0,0.0,6.688909115911321,16.492422502470642,2.465637104148881
0.7,takeoff,-10.0,0.0,2.3559587773612765,0.0,6.407513167826198,nan,nan,nan,9.095340562265475,0.0,-0.0,0.0,0.0,10.29062940909434,16.492422502470642,1.6026641176967729
0.7041666666666666,takeoff,-10.0,0.0,2.382724846473984,0.0,6.423856587049742,nan,nan,nan,9.095340562265475,0.0,-0.0,0.0,0.0,10.29062940909434,16.492422502470642,1.6026641176967729
0.7083333333333334,takeoff,-10.0,0.0,2.409557684404995,0.0,6.439881103442593,nan,nan,nan,9.095340562265475,0.0,-0.0,0.0,0.0,10.29062940909434,16.492422502470642,1.6026641176967729
0.7125,takeoff,-10.0,0.0,2.4364560730850715,0.0,6.45561328321835,nan,nan,nan,9.095340562265475,0.0,-0.0,0.0,0.0,10.29062940909434,16.492422502470642,1.6026641176967729
0.7166666666666667,takeoff,-10.0,0.0,2.463418895416131,0.0,6.471077359454305,nan,nan,nan,9.095340562265475,0.0,-0.0,0.0,0.0,10.29062940909434,16.492422502470642,1.6026641176967729
0.7208333333333333,takeoff,-10.0,0.0,2.4904451264391314,0.0,6.486295445520119,nan,nan,nan,9.095340562265475,0.0,-0.0,0.0,0.0,10.29062940909434,16.492422502470642,1.6026641176967729
0.725,takeoff,-10.0,0.0,2.5175329024460416,0.0,6.501066241658433,nan,nan,nan,8.676656899431268,0.0,-0.0,0.0,0.0,10.29062940909434,16.492422502470642,1.6026641176967729
0.7291666666666666,takeoff,-10.0,0.0,2.5446805190109623,0.0,6.515427975580943,nan,nan,nan,8.676656899431268,0.0,-0.0,0.0,0.0,10.29062940909434,16.492422502470642,1.6026641176967729
0.7333333333333333,takeoff,-10.0,0.0,2.571886416694958,0.0,6.529415444159028,nan,nan,nan,8.676656899431268,0.0,-0.0,0.0,0.0,15.83173755245283,16.492422502470642,1.0417316765029023
0.7375,takeoff,-10.0,0.0,2.5991491681049834,0.0,6.543060338406075,nan,nan,nan,8.676656899431268,0.0,-0.0,0.0,0.0,15.83173755245283,16.492422502470642,1.0417316765029023
0.7416666666666667,takeoff,-10.0,0.0,2.626467466168095,0.0,6.5563915351468385,nan,nan,nan,8.676656899431268,0.0,-0.0,0.0,0.0,15.83173755245283,16.492422502470642,1.0417316765029023
0.7458333333333333,takeoff,-10.0,0.0,2.6538401134978646,0.0,6.569435359144731,nan,nan,nan,8.676656899431268,0.0,-0.0,0.0,0.0,15.83173755245283,16.492422502470642,1.0417316765029023
0.75,takeoff,-10.0,0.0,2.6812660127436345,0.0,6.582215818984757,nan,nan,nan,8.676656899431268,0.0,-0.0,0.0,0.0,15.83173755245283,16.492422502470642,1.0417316765029023
0.7541666666666667,takeoff,-10.0,0.0,2.708744157825307,0.0,6.59475481960141,nan,nan,nan,8.676656899431268,0.0,-0.0,0.0,0.0,15.83173755245283,16.492422502470642,1.0417316765029023
0.7583333333333333,takeoff,-10.0,0.0,2.7362736259669234,0.0,6.607072353987912,nan,nan,nan,8.676656899431268,0.0,-0.0,0.0,0.0,15.83173755245283,16.492422502470642,1.0417316765029023
0.7625,takeoff,-10.0,0.0,2.76385357045158,0.0,6.6191866763175335,nan,nan,nan,8.676656899431268,0.0,-0.0,0.0,0.0,15.83173755245283,16.492422502470642,1.0417316765029023
0.7666666666666666,takeoff,-10.0,0.0,2.7914823565051194,0.0,6.630908652849462,nan,nan,nan,8.285745607535645,0.0,-0.0,0.0,0.0,24.35651931146589,16.492422502470642,0.6771255897268865
0.7708333333333334,takeoff,-10.0,0.0,2.8191584890284442,0.0,6.642271805597979,nan,nan,nan,8.285745607535645,0.0,-0.0,0.0,0.0,24.35651931146589,16.492422502470642,0.6771255897268865
0.775,takeoff,-10.0,0.0,2.8468806001227214,0.0,6.653306662626543,nan,nan,nan,8.285745607535645,0.0,-0.0,0.0,0.0,24.35651931146589,16.492422502470642,0.6771255897268865
0.7791666666666667,takeoff,-10.0,0.0,2.874647437787329,0.0,6.664041039505833,nan,nan,nan,8.285745607535645,0.0,-0.0,0.0,0.0,24.35651931146589,16.492422502470642,0.6771255897268865
0.7833333333333333,takeoff,-10.0,0.0,2.9024578556715745,0.0,6.67450029221895,nan,nan,nan,8.285745607535645,0.0,-0.0,0.0,0.0,24.35651931146589,16.492422502470642,0.6771255897268865
0.7875,takeoff,-10.0,0.0,2.930310803774521,0.0,6.684707544707206,nan,nan,nan,8.285745607535645,0.0,-0.0,0.0,0.0,24.35651931146589,16.492422502470642,0.6771255897268865
0.7916666666666666,takeoff,-10.0,0.0,2.958205319998912,0.0,6.6946838938537505,nan,nan,nan,8.285745607535645,0.0,-0.0,0.0,0.0,24.35651931146589,16.492422502470642,0.6771255897268865
0.7958333333333333,takeoff,-10.0,0.0,2.986140522475411,0.0,6.704448594359847,nan,nan,nan,8.285745607535645,0.0,-0.0,0.0,0.0,24.35651931146589,16.492422502470642,0.6771255897268865
0.8,takeoff,-10.0,0.0,3.014114804903561,0.0,6.7138277827559385,nan,nan,nan,7.922118946991268,0.0,-0.0,0.0,0.0,37.47156817148599,16.492422502470642,0.44013163332247623
0.8041666666666667,takeoff,-10.0,0.0,3.0421266989419236,0.0,6.722854569207022,nan,nan,nan,7.922118946991268,0.0,-0.0,0.0,0.0,37.47156817148599,16.492422502470642,0.44013163332247623
0.8083333333333333,takeoff,-10.0,0.0,3.0701748618619895,0.0,6.73155910081583,nan,nan,nan,7.922118946991268,0.0,-0.0,0.0,0.0,37.47156817148599,16.492422502470642,0.44013163332247623
0.8125,takeoff,-10.0,0.0,3.098258065366459,0.0,6.739968841072655,nan,nan,nan,7.922118946991268,0.0,-0.0,0.0,0.0,37.47156817148599,16.492422502470642,0.44013163332247623
0.8166666666666667,takeoff,-10.0,0.0,3.126375185453236,0.0,6.748108820826439,nan,nan,nan,7.922118946991268,0.0,-0.0,0.0,0.0,37.47156817148599,16.492422502470642,0.44013163332247623
0.8208333333333333,takeoff,-10.0,0.0,3.154525193219817,0.0,6.756001863979523,nan,nan,nan,7.922118946991268,0.0,-0.0,0.0,0.0,37.47156817148599,16.492422502470642,0.44013163332247623
0.825,takeoff,-10.0,0.0,3.182707146514438,0.0,6.763668790709068,nan,nan,nan,7.922118946991268,0.0,-0.0,0.0,0.0,37.47156817148599,16.492422502470642,0.44013163332247623
0.8291666666666666,takeoff,-10.0,0.0,3.2109201823505766,0.0,6.771128600673248,nan,nan,nan,7.922118946991268,0.0,-0.0,0.0,0.0,37.47156817148599,16.492422502470642,0.44013163332247623
0.8333333333333334,takeoff,-10.0,0.0,3.239163510010418,0.0,6.778398638361938,nan,nan,nan,7.922118946991268,0.0,-0.0,0.0,0.0,57.64856641767074,16.492422502470642,0.2860855616596096
0.8375,takeoff,-10.0,0.0,3.2674364047708058,0.0,6.785494742493071,nan,nan,nan,7.922118946991268,0.0,-0.0,0.0,0.0,57.64856641767074,16.492422502470642,0.2860855616596096
0.8416666666666667,takeoff,-10.0,0.0,3.295737466340858,0.0,6.792254776812545,nan,nan,nan,7.585125371591487,0.0,-0.0,0.0,0.0,57.64856641767074,16.492422502470642,0.2860855616596096
0.8458333333333333,takeoff,-10.0,0.0,3.3240654146898865,0.0,6.798707603766844,nan,nan,nan,7.585125371591487,0.0,-0.0,0.0,0.0,57.64856641767074,16.492422502470642,0.2860855616596096
0.85,takeoff,-10.0,0.0,3.352419079341182,0.0,6.804879516310936,nan,nan,nan,7.585125371591487,0.0,-0.0,0.0,0.0,57.64856641767074,16.492422502470642,0.2860855616596096
0.8541666666666666,takeoff,-10.0,0.0,3.3807973896672507,0.0,6.810794478256472,nan,nan,nan,7.585125371591487,0.0,-0.0,0.0,0.0,57.64856641767074,16.492422502470642,0.2860855616596096
0.8583333333333333,takeoff,-10.0,0.0,3.4091993660856015,0.0,6.816474340404226,nan,nan,nan,7.585125371591487,0.0,-0.0,0.0,0.0,57.64856641767074,16.492422502470642,0.2860855616596096
0.8624999999999999,takeoff,-10.0,0.0,3.437624112065383,0.0,6.821939035147574,nan,nan,nan,7.585125371591487,0.0,-0.0,0.0,0.0,57.64856641767074,16.492422502470642,0.2860855616596096
0.8666666666666667,takeoff,-10.0,0.0,3.466070806864979,0.0,6.827206751903031,nan,nan,nan,7.585125371591487,0.0,-0.0,0.0,0.0,3.259540341786945,16.97056274847714,5.206428198146963
0.8708333333333333,takeoff,-10.0,0.0,3.494538698929303,0.0,6.832294095437718,nan,nan,nan,7.585125371591487,0.0,-0.0,0.0,0.0,3.259540341786945,16.97056274847714,5.206428198146963
0.875,takeoff,-10.0,0.0,3.5230264200202277,0.0,6.837053061821947,nan,nan,nan,7.2737491282824465,0.0,-0.0,0.0,0.0,3.259540341786945,16.97056274847714,5.206428198146963
0.8791666666666667,takeoff,-10.0,0.0,3.5515327199427857,0.0,6.841511981413937,nan,nan,nan,7.2737491282824465,0.0,-0.0,0.0,0.0,3.259540341786945,16.97056274847714,5.206428198146963
0.8833333333333333,takeoff,-10.0,0.0,3.5800564560218655,0.0,6.845696658979131,nan,nan,nan,7.2737491282824465,0.0,-0.0,0.0,0.0,3.259540341786945,16.97056274847714,5.206428198146963
0.8875,takeoff,-10.0,0.0,3.608596583565471,0.0,6.849630610465344,nan,nan,nan,7.2737491282824465,0.0,-0.0,0.0,0.0,3.259540341786945,16.97056274847714,5.206428198146963
0.8916666666666666,takeoff,-10.0,0.0,3.637152147214821,0.0,6.853335275844098,nan,nan,nan,7.2737491282824465,0.0,-0.0,0.0,0.0,3.259540341786945,16.97056274847714,5.206428198146963
0.8958333333333334,takeoff,-10.0,0.0,3.6657222730926717,0.0,6.856830210684147,nan,nan,nan,7.2737491282824465,0.0,-0.0,0.0,0.0,3.259540341786945,16.97056274847714,5.206428198146963
0.9,takeoff,-10.0,0.0,3.694306161670979,0.0,6.860133258793725,nan,nan,nan,7.2737491282824465,0.0,-0.0,0.0,0.0,5.014677448902992,16.97056274847714,3.384178328795526
0.9041666666666667,takeoff,-10.0,0.0,3.7229030812875754,0.0,6.863260707983136,nan,nan,nan,7.2737491282824465,0.0,-0.0,0.0,0.0,5.014677448902992,16.97056274847714,3.384178328795526
0.9083333333333333,takeoff,-10.0,0.0,3.7515123622490445,0.0,6.86622743075257,nan,nan,nan,7.2737491282824465,0.0,-0.0,0.0,0.0,5.014677448902992,16.97056274847714,3.384178328795526
0.9125,takeoff,-10.0,0.0,3.780133391463611,0.0,6.86904701149601,nan,nan,nan,7.2737491282824465,0.0,-0.0,0.0,0.0,5.014677448902992,16.97056274847714,3.384178328795526
0.9166666666666666,takeoff,-10.0,0.0,3.808764984146834,0.0,6.871582243973513,nan,nan,nan,6.98697146148501,0.0,-0.0,0.0,0.0,5.014677448902992,16.97056274847714,3.384178328795526
0.9208333333333333,takeoff,-10.0,0.0,3.8374060577699867,0.0,6.8738576695566405,nan,nan,nan,6.98697146148501,0.0,-0.0,0.0,0.0,5.014677448902992,16.97056274847714,3.384178328795526
0.9249999999999999,takeoff,-10.0,0.0,3.8660556229944163,0.0,6.875895653863064,nan,nan,nan,6.98697146148501,0.0,-0.0,0.0,0.0,5.014677448902992,16.97056274847714,3.384178328795526
0.9291666666666667,takeoff,-10.0,0.0,3.8947127754483524,0.0,6.877716588944647,nan,nan,nan,6.98697146148501,0.0,-0.0,0.0,0.0,5.014677448902992,16.97056274847714,3.384178328795526
0.9333333333333333,takeoff,-10.0,0.0,3.9233766882620627,0.0,6.879339075290448,nan,nan,nan,6.98697146148501,0.0,-0.0,0.0,0.0,7.714888382927679,16.97056274847714,2.199715913717092
0.9375,takeoff,-10.0,0.0,3.952046605286479,0.0,6.880780085859909,nan,nan,nan,6.98697146148501,0.0,-0.0,0.0,0.0,7.714888382927679,16.97056274847714,2.199715913717092
0.9416666666666667,takeoff,-10.0,0.0,3.9807218349285276,0.0,6.882055114091679,nan,nan,nan,6.98697146148501,0.0,-0.0,0.0,0.0,7.714888382927679,16.97056274847714,2.199715913717092
0.9458333333333333,takeoff,-10.0,0.0,4.009401744543527,0.0,6.883178307599779,nan,nan,nan,6.98697146148501,0.0,-0.0,0.0,0.0,7.714888382927679,16.97056274847714,2.199715913717092
0.95,takeoff,-10.0,0.0,4.0380851828111295,0.0,6.884025184224694,nan,nan,nan,6.723563295169623,0.0,-0.0,0.0,0.0,7.714888382927679,16.97056274847714,2.199715913717092
0.9541666666666666,takeoff,-10.0,0.0,4.066771098179674,0.0,6.8846196884506785,nan,nan,nan,6.723563295169623,0.0,-0.0,0.0,0.0,7.714888382927679,16.97056274847714,2.199715913717092
0.9583333333333334,takeoff,-10.0,0.0,4.095458530014177,0.0,6.8849836402807965,nan,nan,nan,6.723563295169623,0.0,-0.0,0.0,0.0,7.714888382927679,16.97056274847714,2.199715913717092
0.9625,takeoff,-10.0,0.0,4.124146600568005,0.0,6.8851369329186065,nan,nan,nan,6.723563295169623,0.0,-0.0,0.0,0.0,7.714888382927679,16.97056274847714,2.199715913717092
0.9666666666666667,takeoff,-10.0,0.0,4.152834507695822,0.0,6.885097710676011,nan,nan,nan,6.723563295169623,0.0,-0.0,0.0,0.0,11.869059050657969,16.97056274847714,1.4298153439161099
0.9708333333333333,takeoff,-10.0,0.0,4.1815215182345,0.0,6.884882529282703,nan,nan,nan,6.723563295169623,0.0,-0.0,0.0,0.0,11.869059050657969,16.97056274847714,1.4298153439161099
0.975,takeoff,-10.0,0.0,4.2102069619866125,0.0,6.884506500506999,nan,nan,nan,6.723563295169623,0.0,-0.0,0.0,0.0,11.869059050657969,16.97056274847714,1.4298153439161099
0.9791666666666666,takeoff,-10.0,0.0,4.238890226248145,0.0,6.883983422767857,nan,nan,nan,6.723563295169623,0.0,-0.0,0.0,0.0,11.869059050657969,16.97056274847714,1.4298153439161099
0.9833333333333333,takeoff,-10.0,0.0,4.267570750828222,0.0,6.883325899218321,nan,nan,nan,6.723563295169623,0.0,-0.0,0.0,0.0,11.869059050657969,16.97056274847714,1.4298153439161099
0.9874999999999999,takeoff,-10.0,0.0,4.296248023514086,0.0,6.882545444607323,nan,nan,nan,6.723563295169623,0.0,-0.0,0.0,0.0,11.869059050657969,16.97056274847714,1.4298153439161099
0.9916666666666667,takeoff,-10.0,0.0,4.324921053834768,0.0,6.881527276963866,nan,nan,nan,6.482364380559991,0.0,-0.0,0.0,0.0,11.869059050657969,16.97056274847714,1.4298153439161099
0.9958333333333333,takeoff,-10.0,0.0,4.35358893724474,0.0,6.880292018393065,nan,nan,nan,6.482364380559991,0.0,-0.0,0.0,0.0,11.869059050657969,16.97056274847714,1.4298153439161099
1.0,takeoff,-10.0,0.0,4.382250847543541,0.0,6.878858471712374,nan,nan,nan,6.482364380559991,0.0,-0.0,0.0,0.0,18.260090847166104,16.97056274847714,0.9293799735454714
1.0041666666666667,takeoff,-10.0,0.0,4.4109060299942895,0.0,6.877243788179718,nan,nan,nan,6.482364380559991,0.0,-0.0,0.0,0.0,18.260090847166104,16.97056274847714,0.9293799735454714
1.0083333333333333,takeoff,-10.0,0.0,4.439553795072062,0.0,6.875463618665305,nan,nan,nan,6.482364380559991,0.0,-0.0,0.0,0.0,18.260090847166104,16.97056274847714,0.9293799735454714
1.0125,takeoff,-10.0,0.0,4.468193512780641,0.0,6.873532250059224,nan,nan,nan,6.482364380559991,0.0,-0.0,0.0,0.0,18.260090847166104,16.97056274847714,0.9293799735454714
1.0166666666666666,takeoff,-10.0,0.0,4.49682460748269,0.0,6.871462728491623,nan,nan,nan,6.482364380559991,0.0,-0.0,0.0,0.0,18.260090847166104,16.97056274847714,0.9293799735454714
1.0208333333333333,takeoff,-10.0,0.0,4.525446553194171,0.0,6.8692669707554765,nan,nan,nan,6.482364380559991,0.0,-0.0,0.0,0.0,18.260090847166104,16.97056274847714,0.9293799735454714
1.025,takeoff,-10.0,0.0,4.554058392590268,0.0,6.8668414550632315,nan,nan,nan,6.2620950862415485,0.0,-0.0,0.0,0.0,18.260090847166104,16.97056274847714,0.9293799735454714
1.0291666666666666,takeoff,-10.0,0.0,4.582659251702574,0.0,6.864206186953275,nan,nan,nan,6.2620950862415485,0.0,-0.0,0.0,0.0,18.260090847166104,16.97056274847714,0.9293799735454714
1.0333333333333332,takeoff,-10.0,0.0,4.611248332563707,0.0,6.861379406671899,nan,nan,nan,6.2620950862415485,0.0,-0.0,0.0,0.0,28.09244745717862,16.97056274847714,0.6040969828045565
1.0375,takeoff,-10.0,0.0,4.639824906530339,0.0,6.858377751991667,nan,nan,nan,6.2620950862415485,0.0,-0.0,0.0,0.0,28.09244745717862,16.97056274847714,0.6040969828045565
1.0416666666666667,takeoff,-10.0,0.0,4.668388308217618,0.0,6.855216404947033,nan,nan,nan,6.2620950862415485,0.0,-0.0,0.0,0.0,28.09244745717862,16.97056274847714,0.6040969828045565
1.0458333333333334,takeoff,-10.0,0.0,4.696937929985241,0.0,6.851909224229619,nan,nan,nan,6.2620950862415485,0.0,-0.0,0.0,0.0,28.09244745717862,16.97056274847714,0.6040969828045565
1.05,takeoff,-10.0,0.0,4.725473216921808,0.0,6.848468864776064,nan,nan,nan,6.2620950862415485,0.0,-0.0,0.0,0.0,28.09244745717862,16.97056274847714,0.6040969828045565
1.0541666666666667,takeoff,-10.0,0.0,4.753993662279723,0.0,6.844906885899577,nan,nan,nan,6.2620950862415485,0.0,-0.0,0.0,0.0,28.09244745717862,16.97056274847714,0.6040969828045565
1.0583333333333333,takeoff,-10.0,0.0,4.7824984120514085,0.0,6.841139945204618,nan,nan,nan,6.080973427891466,0.0,-0.0,0.0,0.0,28.09244745717862,16.97056274847714,0.6040969828045565
1.0625,takeoff,-10.0,0.0,4.810986686749698,0.0,6.83718592758944,nan,nan,nan,6.080973427891466,0.0,-0.0,0.0,0.0,28.09244745717862,16.97056274847714,0.6040969828045565
1.0666666666666667,takeoff,-10.0,0.0,4.839457774857987,0.0,6.83306114598933,nan,nan,nan,6.080973427891466,0.0,-0.0,0.0,0.0,43.21914993412095,16.97056274847714,0.3926630388229617
1.0708333333333333,takeoff,-10.0,0.0,4.86791102688062,0.0,6.828780485431895,nan,nan,nan,6.080973427891466,0.0,-0.0,0.0,0.0,43.21914993412095,16.97056274847714,0.3926630388229617
1.075,takeoff,-10.0,0.0,4.896345849934772,0.0,6.824357532996535,nan,nan,nan,6.080973427891466,0.0,-0.0,0.0,0.0,43.21914993412095,16.97056274847714,0.3926630388229617
1.0791666666666666,takeoff,-10.0,0.0,4.924761702831385,0.0,6.819804695187316,nan,nan,nan,6.080973427891466,0.0,-0.0,0.0,0.0,43.21914993412095,16.97056274847714,0.3926630388229617
1.0833333333333333,takeoff,-10.0,0.0,4.953158091598257,0.0,6.815133304049189,nan,nan,nan,6.080973427891466,0.0,-0.0,0.0,0.0,43.21914993412095,16.97056274847714,0.3926630388229617
1.0875,takeoff,-10.0,0.0,4.981534565403265,0.0,6.8103537132017244,nan,nan,nan,6.080973427891466,0.0,-0.0,0.0,0.0,43.21914993412095,16.97056274847714,0.3926630388229617
1.0916666666666666,takeoff,-10.0,0.0,5.009890712840051,0.0,6.805475384828923,nan,nan,nan,6.080973427891466,0.0,-0.0,0.0,0.0,43.21914993412095,16.97056274847714,0.3926630388229617
1.0958333333333332,takeoff,-10.0,0.0,5.038226158542324,0.0,6.800506968545389,nan,nan,nan,6.080973427891466,0.0,-0.0,0.0,0.0,43.21914993412095,16.97056274847714,0.3926630388229617
1.1,takeoff,-10.0,0.0,5.0665401658653675,0.0,6.7953617575304355,nan,nan,nan,5.897770750122157,0.0,-0.0,0.0,0.0,66.49099989864763,16.97056274847714,0.2552309752349251
1.1041666666666667,takeoff,-10.0,0.0,5.094832062639039,0.0,6.790055225681177,nan,nan,nan,5.897770750122157,0.0,-0.0,0.0,0.0,66.49099989864763,16.97056274847714,0.2552309752349251
1.1083333333333334,takeoff,-10.0,0.0,5.123101235529597,0.0,6.784601493733905,nan,nan,nan,5.897770750122157,0.0,-0.0,0.0,0.0,66.49099989864763,16.97056274847714,0.2552309752349251
1.1125,takeoff,-10.0,0.0,5.151347124913875,0.0,6.779013452226705,nan,nan,nan,5.897770750122157,0.0,-0.0,0.0,0.0,66.49099989864763,16.97056274847714,0.2552309752349251
1.1166666666666667,takeoff,-10.0,0.0,5.179569220216295,0.0,6.773302872580636,nan,nan,nan,5.897770750122157,0.0,-0.0,0.0,0.0,66.49099989864763,16.97056274847714,0.2552309752349251
1.1208333333333333,takeoff,-10.0,0.0,5.207767055664425,0.0,6.7674805075511975,nan,nan,nan,5.897770750122157,0.0,-0.0,0.0,0.0,66.49099989864763,16.97056274847714,0.2552309752349251
1.125,takeoff,-10.0,0.0,5.235940206423407,0.0,6.761556182155645,nan,nan,nan,5.897770750122157,0.0,-0.0,0.0,0.0,66.49099989864763,16.97056274847714,0.2552309752349251
1.1291666666666667,takeoff,-10.0,0.0,5.264088285073633,0.0,6.755538876054458,nan,nan,nan,5.897770750122157,0.0,-0.0,0.0,0.0,66.49099989864763,16.97056274847714,0.2552309752349251
1.1333333333333333,takeoff,-10.0,0.0,5.292210622142752,0.0,6.749360896588519,nan,nan,nan,5.750687843405539,0.0,-0.0,0.0,0.0,102.2938459979194,16.97056274847714,0.16590013390270134
1.1375,takeoff,-10.0,0.0,5.320306606954285,0.0,6.74303635476785,nan,nan,nan,5.750687843405539,0.0,-0.0,0.0,0.0,102.2938459979194,16.97056274847714,0.16590013390270134
1.1416666666666666,takeoff,-10.0,0.0,5.348375682500383,0.0,6.736578131063635,nan,nan,nan,5.750687843405539,0.0,-0.0,0.0,0.0,102.2938459979194,16.97056274847714,0.16590013390270134
1.1458333333333333,takeoff,-10.0,0.0,5.376417340778326,0.0,6.72999798670611,nan,nan,nan,5.750687843405539,0.0,-0.0,0.0,0.0,102.2938459979194,16.97056274847714,0.16590013390270134
1.15,takeoff,-10.0,0.0,5.404431118546259,0.0,6.7233066643039505,nan,nan,nan,5.750687843405539,0.0,-0.0,0.0,0.0,102.2938459979194,16.97056274847714,0.16590013390270134
1.1541666666666666,takeoff,-10.0,0.0,5.432416593458341,0.0,6.716513978899778,nan,nan,nan,5.750687843405539,0.0,-0.0,0.0,0.0,102.2938459979194,16.97056274847714,0.16590013390270134
1.1583333333333332,takeoff,-10.0,0.0,5.4603733805435395,0.0,6.709628900447525,nan,nan,nan,5.750687843405539,0.0,-0.0,0.0,0.0,102.2938459979194,16.97056274847714,0.16590013390270134
1.1625,takeoff,-10.0,0.0,5.488301128995977,0.0,6.702659628585091,nan,nan,nan,5.750687843405539,0.0,-0.0,0.0,0.0,102.2938459979194,16.97056274847714,0.16590013390270134
1.1666666666666667,takeoff,-10.0,0.0,5.516199233073304,0.0,6.695544978558474,nan,nan,nan,5.617392401361561,0.0,-0.0,0.0,0.0,3.4936299837732174,17.435595774162696,4.990681856735088
1.1708333333333334,takeoff,-10.0,0.0,5.544067140439289,0.0,6.688297767836242,nan,nan,nan,5.617392401361561,0.0,-0.0,0.0,0.0,3.4936299837732174,17.435595774162696,4.990681856735088
1.175,takeoff,-10.0,0.0,5.57190434751997,0.0,6.6809296993636185,nan,nan,nan,5.617392401361561,0.0,-0.0,0.0,0.0,3.4936299837732174,17.435595774162696,4.990681856735088
1.1791666666666667,takeoff,-10.0,0.0,5.599710395277792,0.0,6.673451461877297,nan,nan,nan,5.617392401361561,0.0,-0.0,0.0,0.0,3.4936299837732174,17.435595774162696,4.990681856735088
1.1833333333333333,takeoff,-10.0,0.0,5.627484865363905,0.0,6.665872820667088,nan,nan,nan,5.617392401361561,0.0,-0.0,0.0,0.0,3.4936299837732174,17.435595774162696,4.990681856735088
1.1875,takeoff,-10.0,0.0,5.655227376612953,0.0,6.658202699771646,nan,nan,nan,5.617392401361561,0.0,-0.0,0.0,0.0,3.4936299837732174,17.435595774162696,4.990681856735088
1.1916666666666667,takeoff,-10.0,0.0,5.6829375818482974,0.0,6.650449256482687,nan,nan,nan,5.617392401361561,0.0,-0.0,0.0,0.0,3.4936299837732174,17.435595774162696,4.990681856735088
1.1958333333333333,takeoff,-10.0,0.0,5.7106151649688535,0.0,6.642619948933524,nan,nan,nan,5.617392401361561,0.0,-0.0,0.0,0.0,3.4936299837732174,17.435595774162696,4.990681856735088
1.2,takeoff,-10.0,0.0,5.738259540620618,0.0,6.634650156423349,nan,nan,nan,5.47864931899846,0.0,-0.0,0.0,0.0,5.3748153596511035,17.435595774162696,3.243943206877807
1.2041666666666666,takeoff,-10.0,0.0,5.765870175248784,0.0,6.62655231075991,nan,nan,nan,5.47864931899846,0.0,-0.0,0.0,0.0,5.3748153596511035,17.435595774162696,3.243943206877807
1.2083333333333333,takeoff,-10.0,0.0,5.793446582594716,0.0,6.618337763023754,nan,nan,nan,5.47864931899846,0.0,-0.0,0.0,0.0,5.3748153596511035,17.435595774162696,3.243943206877807
1.2125,takeoff,-10.0,0.0,5.820988319598066,0.0,6.6100168808040225,nan,nan,nan,5.47864931899846,0.0,-0.0,0.0,0.0,5.3748153596511035,17.435595774162696,3.243943206877807
1.2166666666666666,takeoff,-10.0,0.0,5.848494982665479,0.0,6.601599136179236,nan,nan,nan,5.47864931899846,0.0,-0.0,0.0,0.0,5.3748153596511035,17.435595774162696,3.243943206877807
1.2208333333333332,takeoff,-10.0,0.0,5.875966204271308,0.0,6.593093185398875,nan,nan,nan,5.47864931899846,0.0,-0.0,0.0,0.0,5.3748153596511035,17.435595774162696,3.243943206877807
1.225,takeoff,-10.0,0.0,5.903401649859276,0.0,6.5845069411123625,nan,nan,nan,5.47864931899846,0.0,-0.0,0.0,0.0,5.3748153596511035,17.435595774162696,3.243943206877807
1.2291666666666667,takeoff,-10.0,0.0,5.930801015017179,0.0,6.575847637896716,nan,nan,nan,5.47864931899846,0.0,-0.0,0.0,0.0,5.3748153596511035,17.435595774162696,3.243943206877807
1.2333333333333334,takeoff,-10.0,0.0,5.958163795064136,0.0,6.567067211269568,nan,nan,nan,5.372305328143216,0.0,-0.0,0.0,0.0,8.268946707155544,17.435595774162696,2.1085630844705747
1.2375,takeoff,-10.0,0.0,5.98548953023204,0.0,6.558176440296816,nan,nan,nan,5.372305328143216,0.0,-0.0,0.0,0.0,8.268946707155544,17.435595774162696,2.1085630844705747
1.2416666666666667,takeoff,-10.0,0.0,6.012777801778656,0.0,6.549185171187778,nan,nan,nan,5.372305328143216,0.0,-0.0,0.0,0.0,8.268946707155544,17.435595774162696,2.1085630844705747
1.2458333333333333,takeoff,-10.0,0.0,6.040028228447747,0.0,6.540102400582011,nan,nan,nan,5.372305328143216,0.0,-0.0,0.0,0.0,8.268946707155544,17.435595774162696,2.1085630844705747
1.25,takeoff,-10.0,0.0,6.067240463243596,0.0,6.5309363510037715,nan,nan,nan,5.372305328143216,0.0,-0.0,0.0,0.0,8.268946707155544,17.435595774162696,2.1085630844705747
1.2541666666666667,takeoff,-10.0,0.0,6.094414190490595,0.0,6.52169453927974,nan,nan,nan,5.372305328143216,0.0,-0.0,0.0,0.0,8.268946707155544,17.435595774162696,2.1085630844705747
1.2583333333333333,takeoff,-10.0,0.0,6.121549123151539,0.0,6.512383838626459,nan,nan,nan,5.372305328143216,0.0,-0.0,0.0,0.0,8.268946707155544,17.435595774162696,2.1085630844705747
1.2625,takeoff,-10.0,0.0,6.148645000380855,0.0,6.50301053503584,nan,nan,nan,5.372305328143216,0.0,-0.0,0.0,0.0,8.268946707155544,17.435595774162696,2.1085630844705747
1.2666666666666666,takeoff,-10.0,0.0,6.175701585291349,0.0,6.493580378518612,nan,nan,nan,5.372305328143216,0.0,-0.0,0.0,0.0,nan,nan,nan
1.2708333333333333,takeoff,-10.0,0.0,6.202718662915121,0.0,6.484098629705323,nan,nan,nan,5.372305328143216,0.0,-0.0,0.0,0.0,nan,nan,nan
1.275,takeoff,-10.0,0.0,6.229695796273934,0.0,6.4745120061152885,nan,nan,nan,5.259040098942024,0.0,-0.0,0.0,0.0,nan,nan,nan
1.2791666666666666,takeoff,-10.0,0.0,6.256632587566396,0.0,6.464829910190925,nan,nan,nan,5.259040098942024,0.0,-0.0,0.0,0.0,nan,nan,nan
1.2833333333333332,takeoff,-10.0,0.0,6.283528674790421,0.0,6.455060933766042,nan,nan,nan,5.259040098942024,0.0,-0.0,0.0,0.0,nan,nan,nan
1.2875,takeoff,-10.0,0.0,6.310383728665242,0.0,6.445212929956983,nan,nan,nan,5.259040098942024,0.0,-0.0,0.0,0.0,nan,nan,nan
1.2916666666666667,takeoff,-10.0,0.0,6.337197449825093,0.0,6.435293078364416,nan,nan,nan,5.259040098942024,0.0,-0.0,0.0,0.0,nan,nan,nan
1.2958333333333334,takeoff,-10.0,0.0,6.36396956625949,0.0,6.425307944255224,nan,nan,nan,5.259040098942024,0.0,-0.0,0.0,0.0,nan,nan,nan
1.3,takeoff,-10.0,0.0,6.390699830977491,0.0,6.415263532320234,nan,nan,nan,5.259040098942024,0.0,-0.0,0.0,0.0,6.706348465198443,17.435595774162696,2.599864272583213
1.3041666666666667,takeoff,-10.0,0.0,6.4173880198755695,0.0,6.405165335538795,nan,nan,nan,5.259040098942024,0.0,-0.0,0.0,0.0,6.706348465198443,17.435595774162696,2.599864272583213
1.3083333333333333,takeoff,-10.0,0.0,6.44403375219988,0.0,6.3949757578344855,nan,nan,nan,5.175899332075135,0.0,-0.0,0.0,0.0,6.706348465198443,17.435595774162696,2.599864272583213
1.3125,takeoff,-10.0,0.0,6.4706366816114596,0.0,6.384703058779088,nan,nan,nan,5.175899332075135,0.0,-0.0,0.0,0.0,6.706348465198443,17.435595774162696,2.599864272583213
1.3166666666666667,takeoff,-10.0,0.0,6.4971964932293655,0.0,6.374354788297451,nan,nan,nan,5.175899332075135,0.0,-0.0,0.0,0.0,6.706348465198443,17.435595774162696,2.599864272583213
1.3208333333333333,takeoff,-10.0,0.0,6.523712900934472,0.0,6.3639378492254055,nan,nan,nan,5.175899332075135,0.0,-0.0,0.0,0.0,6.706348465198443,17.435595774162696,2.599864272583213
1.325,takeoff,-10.0,0.0,6.550185644909902,0.0,6.353458554103419,nan,nan,nan,5.175899332075135,0.0,-0.0,0.0,0.0,6.706348465198443,17.435595774162696,2.599864272583213
1.3291666666666666,takeoff,-10.0,0.0,6.576614489396464,0.0,6.342922676774768,nan,nan,nan,5.175899332075135,0.0,-0.0,0.0,0.0,6.706348465198443,17.435595774162696,2.599864272583213
1.3333333333333333,takeoff,-10.0,0.0,6.602999220643529,0.0,6.332335499295472,nan,nan,nan,5.175899332075135,0.0,-0.0,0.0,0.0,10.317459177228372,17.435595774162696,1.6899117771790886
1.3375,takeoff,-10.0,0.0,6.629339645037733,0.0,6.321701854609035,nan,nan,nan,5.175899332075135,0.0,-0.0,0.0,0.0,10.317459177228372,17.435595774162696,1.6899117771790886
1.3416666666666666,takeoff,-10.0,0.0,6.655635392122276,0.0,6.310979300290301,nan,nan,nan,5.08445433437501,0.0,-0.0,0.0,0.0,10.317459177228372,17.435595774162696,1.6899117771790886
1.3458333333333332,takeoff,-10.0,0.0,6.681886125057304,0.0,6.3001759044066885,nan,nan,nan,5.08445433437501,0.0,-0.0,0.0,0.0,10.317459177228372,17.435595774162696,1.6899117771790886
1.35,takeoff,-10.0,0.0,6.708091537732192,0.0,6.2892990419731785,nan,nan,nan,5.08445433437501,0.0,-0.0,0.0,0.0,10.317459177228372,17.435595774162696,1.6899117771790886
1.3541666666666667,takeoff,-10.0,0.0,6.7342513521323015,0.0,6.278355456026256,nan,nan,nan,5.08445433437501,0.0,-0.0,0.0,0.0,10.317459177228372,17.435595774162696,1.6899117771790886
1.3583333333333334,takeoff,-10.0,0.0,6.760365315936774,0.0,6.2673513130732585,nan,nan,nan,5.08445433437501,0.0,-0.0,0.0,0.0,10.317459177228372,17.435595774162696,1.6899117771790886
1.3625,takeoff,-10.0,0.0,6.78643320032624,0.0,6.256292253471738,nan,nan,nan,5.08445433437501,0.0,-0.0,0.0,0.0,10.317459177228372,17.435595774162696,1.6899117771790886
1.3666666666666667,takeoff,-10.0,0.0,6.812454797981379,0.0,6.245183437233474,nan,nan,nan,5.08445433437501,0.0,-0.0,0.0,0.0,15.873014118812879,17.435595774162696,1.0984426551664077
1.3708333333333333,takeoff,-10.0,0.0,6.838429921255108,0.0,6.234029585694985,nan,nan,nan,5.08445433437501,0.0,-0.0,0.0,0.0,15.873014118812879,17.435595774162696,1.0984426551664077
1.375,takeoff,-10.0,0.0,6.864358265240116,0.0,6.222802556401882,nan,nan,nan,5.021049780700415,0.0,-0.0,0.0,0.0,15.873014118812879,17.435595774162696,1.0984426551664077
1.3791666666666667,takeoff,-10.0,0.0,6.890239553078849,0.0,6.211509081295816,nan,nan,nan,5.021049780700415,0.0,-0.0,0.0,0.0,15.873014118812879,17.435595774162696,1.0984426551664077
1.3833333333333333,takeoff,-10.0,0.0,6.9160735335647034,0.0,6.200155316605054,nan,nan,nan,5.021049780700415,0.0,-0.0,0.0,0.0,15.873014118812879,17.435595774162696,1.0984426551664077
1.3875,takeoff,-10.0,0.0,6.9418599789529285,0.0,6.188746893174092,nan,nan,nan,5.021049780700415,0.0,-0.0,0.0,0.0,15.873014118812879,17.435595774162696,1.0984426551664077
1.3916666666666666,takeoff,-10.0,0.0,6.9675986829621745,0.0,6.177288962219018,nan,nan,nan,5.021049780700415,0.0,-0.0,0.0,0.0,15.873014118812879,17.435595774162696,1.0984426551664077
1.3958333333333333,takeoff,-10.0,0.0,6.99328945894947,0.0,6.165786236950874,nan,nan,nan,5.021049780700415,0.0,-0.0,0.0,0.0,15.873014118812879,17.435595774162696,1.0984426551664077
1.4,takeoff,-10.0,0.0,7.0189321382430645,0.0,6.154243030462655,nan,nan,nan,5.021049780700415,0.0,-0.0,0.0,0.0,24.42002172125058,17.435595774162696,0.7139877258581651
1.4041666666666666,takeoff,-10.0,0.0,7.044526568619041,0.0,6.142663290234366,nan,nan,nan,5.021049780700415,0.0,-0.0,0.0,0.0,24.42002172125058,17.435595774162696,0.7139877258581651
1.4083333333333332,takeoff,-10.0,0.0,7.070072612908933,0.0,6.131050629574134,nan,nan,nan,5.021049780700415,0.0,-0.0,0.0,0.0,24.42002172125058,17.435595774162696,0.7139877258581651
1.4125,takeoff,-10.0,0.0,7.095570147726771,0.0,6.119408356281064,nan,nan,nan,5.021049780700415,0.0,-0.0,0.0,0.0,24.42002172125058,17.435595774162696,0.7139877258581651
1.4166666666666667,takeoff,-10.0,0.0,7.121018907761506,0.0,6.107702408336528,nan,nan,nan,4.9485089923153875,0.0,-0.0,0.0,0.0,24.42002172125058,17.435595774162696,0.7139877258581651
1.4208333333333334,takeoff,-10.0,0.0,7.1464186524274185,0.0,6.095938719818942,nan,nan,nan,4.9485089923153875,0.0,-0.0,0.0,0.0,24.42002172125058,17.435595774162696,0.7139877258581651
1.425,takeoff,-10.0,0.0,7.171769163755137,0.0,6.084122718652363,nan,nan,nan,4.9485089923153875,0.0,-0.0,0.0,0.0,24.42002172125058,17.435595774162696,0.7139877258581651
1.4291666666666667,takeoff,-10.0,0.0,7.197070244466154,0.0,6.0722593706441605,nan,nan,nan,4.9485089923153875,0.0,-0.0,0.0,0.0,24.42002172125058,17.435595774162696,0.7139877258581651
1.4333333333333333,takeoff,-10.0,0.0,7.222321716214289,0.0,6.060353219552234,nan,nan,nan,4.9485089923153875,0.0,-0.0,0.0,0.0,37.56926418653936,17.435595774162696,0.4640920218078073
1.4375,takeoff,-10.0,0.0,7.247523417979126,0.0,6.048408423561009,nan,nan,nan,4.9485089923153875,0.0,-0.0,0.0,0.0,37.56926418653936,17.435595774162696,0.4640920218078073
1.4416666666666667,takeoff,-10.0,0.0,7.272675204597902,0.0,6.036428788506063,nan,nan,nan,4.9485089923153875,0.0,-0.0,0.0,0.0,37.56926418653936,17.435595774162696,0.4640920218078073
1.4458333333333333,takeoff,-10.0,0.0,7.297776945423537,0.0,6.024417798152434,nan,nan,nan,4.9485089923153875,0.0,-0.0,0.0,0.0,37.56926418653936,17.435595774162696,0.4640920218078073
1.45,takeoff,-10.0,0.0,7.322828390934743,0.0,6.012346922689466,nan,nan,nan,4.886499887021156,0.0,-0.0,0.0,0.0,37.56926418653936,17.435595774162696,0.4640920218078073
1.4541666666666666,takeoff,-10.0,0.0,7.347829315038334,0.0,6.00022178486189,nan,nan,nan,4.886499887021156,0.0,-0.0,0.0,0.0,37.56926418653936,17.435595774162696,0.4640920218078073
1.4583333333333333,takeoff,-10.0,0.0,7.372779513072744,0.0,5.98804752825826,nan,nan,nan,4.886499887021156,0.0,-0.0,0.0,0.0,37.56926418653936,17.435595774162696,0.4640920218078073
1.4625,takeoff,-10.0,0.0,7.397678799984948,0.0,5.9758288589288515,nan,nan,nan,4.886499887021156,0.0,-0.0,0.0,0.0,37.56926418653936,17.435595774162696,0.4640920218078073
1.4666666666666666,takeoff,-10.0,0.0,7.422527008665206,0.0,5.9635700832619785,nan,nan,nan,4.886499887021156,0.0,-0.0,0.0,0.0,3.5369529535090365,17.88854381999832,5.057614295449128
1.4708333333333332,takeoff,-10.0,0.0,7.4473239884255165,0.0,5.951275142474533,nan,nan,nan,4.886499887021156,0.0,-0.0,0.0,0.0,3.5369529535090365,17.88854381999832,5.057614295449128
1.475,takeoff,-10.0,0.0,7.472069603608999,0.0,5.938947644035826,nan,nan,nan,4.886499887021156,0.0,-0.0,0.0,0.0,3.5369529535090365,17.88854381999832,5.057614295449128
1.4791666666666667,takeoff,-10.0,0.0,7.496763732318629,0.0,5.926590890311299,nan,nan,nan,4.886499887021156,0.0,-0.0,0.0,0.0,3.5369529535090365,17.88854381999832,5.057614295449128
1.4833333333333334,takeoff,-10.0,0.0,7.521406185837782,0.0,5.9141888445967234,nan,nan,nan,4.84920682128789,0.0,-0.0,0.0,0.0,3.5369529535090365,17.88854381999832,5.057614295449128
1.4875,takeoff,-10.0,0.0,7.545996793731912,0.0,5.9017458945911745,nan,nan,nan,4.84920682128789,0.0,-0.0,0.0,0.0,3.5369529535090365,17.88854381999832,5.057614295449128
1.4916666666666667,takeoff,-10.0,0.0,7.570535402297639,0.0,5.889266055774569,nan,nan,nan,4.84920682128789,0.0,-0.0,0.0,0.0,3.5369529535090365,17.88854381999832,5.057614295449128
1.4958333333333333,takeoff,-10.0,0.0,7.595021873145402,0.0,5.87675300346317,nan,nan,nan,4.84920682128789,0.0,-0.0,0.0,0.0,3.5369529535090365,17.88854381999832,5.057614295449128
1.5,takeoff,-10.0,0.0,7.619456081903841,0.0,5.864210102025133,nan,nan,nan,4.84920682128789,0.0,-0.0,0.0,0.0,nan,nan,nan
1.5041666666666667,takeoff,-10.0,0.0,7.643837917035174,0.0,5.851640431519956,nan,nan,nan,4.84920682128789,0.0,-0.0,0.0,0.0,nan,nan,nan
1.5083333333333333,takeoff,-10.0,0.0,7.668167278751837,0.0,5.839046811999331,nan,nan,nan,4.84920682128789,0.0,-0.0,0.0,0.0,nan,nan,nan
1.5125,takeoff,-10.0,0.0,7.6924440780255186,0.0,5.8264318256834455,nan,nan,nan,4.84920682128789,0.0,-0.0,0.0,0.0,nan,nan,nan
1.5166666666666666,takeoff,-10.0,0.0,7.716668235680543,0.0,5.813797837205877,nan,nan,nan,4.84920682128789,0.0,-0.0,0.0,0.0,nan,nan,nan
1.5208333333333333,takeoff,-10.0,0.0,7.7408396815642995,0.0,5.8011470121015005,nan,nan,nan,4.84920682128789,0.0,-0.0,0.0,0.0,nan,nan,nan
1.525,takeoff,-10.0,0.0,7.76495825222581,0.0,5.788456958762489,nan,nan,nan,4.801481609176425,0.0,-0.0,0.0,0.0,nan,nan,nan
1.5291666666666666,takeoff,-10.0,0.0,7.789023800385721,0.0,5.775731558378626,nan,nan,nan,4.801481609176425,0.0,-0.0,0.0,0.0,nan,nan,nan
1.5333333333333332,takeoff,-10.0,0.0,7.813036193566894,0.0,5.7629743634816455,nan,nan,nan,4.801481609176425,0.0,-0.0,0.0,0.0,4.705745504579653,17.88854381999832,3.801426108273196
1.5375,takeoff,-10.0,0.0,7.836995312842523,0.0,5.750188626150932,nan,nan,nan,4.801481609176425,0.0,-0.0,0.0,0.0,4.705745504579653,17.88854381999832,3.801426108273196
1.5416666666666667,takeoff,-10.0,0.0,7.860901051691421,0.0,5.7373773237354655,nan,nan,nan,4.801481609176425,0.0,-0.0,0.0,0.0,4.705745504579653,17.88854381999832,3.801426108273196
1.5458333333333334,takeoff,-10.0,0.0,7.88475331495109,0.0,5.724543182320508,nan,nan,nan,4.801481609176425,0.0,-0.0,0.0,0.0,4.705745504579653,17.88854381999832,3.801426108273196
1.55,takeoff,-10.0,0.0,7.9085520178600275,0.0,5.711688698145024,nan,nan,nan,4.801481609176425,0.0,-0.0,0.0,0.0,4.705745504579653,17.88854381999832,3.801426108273196
1.5541666666666667,takeoff,-10.0,0.0,7.93229708518151,0.0,5.698816157155778,nan,nan,nan,4.801481609176425,0.0,-0.0,0.0,0.0,4.705745504579653,17.88854381999832,3.801426108273196
1.5583333333333333,takeoff,-10.0,0.0,7.9559883983508435,0.0,5.685915160640139,nan,nan,nan,4.777018705828054,0.0,-0.0,0.0,0.0,4.705745504579653,17.88854381999832,3.801426108273196
1.5625,takeoff,-10.0,0.0,7.979625851193712,0.0,5.672988682288486,nan,nan,nan,4.777018705828054,0.0,-0.0,0.0,0.0,4.705745504579653,17.88854381999832,3.801426108273196
1.5666666666666667,takeoff,-10.0,0.0,8.0032093488805,0.0,5.660039444828901,nan,nan,nan,4.777018705828054,0.0,-0.0,0.0,0.0,7.239608468584082,17.88854381999832,2.4709269703775774
1.5708333333333333,takeoff,-10.0,0.0,8.02673880696975,0.0,5.647069941420084,nan,nan,nan,4.777018705828054,0.0,-0.0,0.0,0.0,7.239608468584082,17.88854381999832,2.4709269703775774
1.575,takeoff,-10.0,0.0,8.050214150533012,0.0,5.634082455182871,nan,nan,nan,4.777018705828054,0.0,-0.0,0.0,0.0,7.239608468584082,17.88854381999832,2.4709269703775774
1.5791666666666666,takeoff,-10.0,0.0,8.073635313354005,0.0,5.6210790770382015,nan,nan,nan,4.777018705828054,0.0,-0.0,0.0,0.0,7.239608468584082,17.88854381999832,2.4709269703775774
1.5833333333333333,takeoff,-10.0,0.0,8.097002237195685,0.0,5.608061722003363,nan,nan,nan,4.777018705828054,0.0,-0.0,0.0,0.0,7.239608468584082,17.88854381999832,2.4709269703775774
1.5875,takeoff,-10.0,0.0,8.120314871129368,0.0,5.595032144083956,nan,nan,nan,4.777018705828054,0.0,-0.0,0.0,0.0,7.239608468584082,17.88854381999832,2.4709269703775774
1.5916666666666666,takeoff,-10.0,0.0,8.143573096002951,0.0,5.5819739696598,nan,nan,nan,4.741820064270289,0.0,-0.0,0.0,0.0,7.239608468584082,17.88854381999832,2.4709269703775774
1.5958333333333332,takeoff,-10.0,0.0,8.166776805124957,0.0,5.568890189281671,nan,nan,nan,4.741820064270289,0.0,-0.0,0.0,0.0,7.239608468584082,17.88854381999832,2.4709269703775774
1.6,takeoff,-10.0,0.0,8.189925903212808,0.0,5.555783541084171,nan,nan,nan,4.741820064270289,0.0,-0.0,0.0,0.0,11.13785918243705,17.88854381999832,1.6061025307454253
1.6041666666666667,takeoff,-10.0,0.0,8.213020305430758,0.0,5.542656532307895,nan,nan,nan,4.741820064270289,0.0,-0.0,0.0,0.0,11.13785918243705,17.88854381999832,1.6061025307454253
1.6083333333333334,takeoff,-10.0,0.0,8.236059936509708,0.0,5.529511458948089,nan,nan,nan,4.741820064270289,0.0,-0.0,0.0,0.0,11.13785918243705,17.88854381999832,1.6061025307454253
1.6125,takeoff,-10.0,0.0,8.259044729941786,0.0,5.5163504236988805,nan,nan,nan,4.741820064270289,0.0,-0.0,0.0,0.0,11.13785918243705,17.88854381999832,1.6061025307454253
1.6166666666666667,takeoff,-10.0,0.0,8.281974627243228,0.0,5.503175352345993,nan,nan,nan,4.741820064270289,0.0,-0.0,0.0,0.0,11.13785918243705,17.88854381999832,1.6061025307454253
1.6208333333333333,takeoff,-10.0,0.0,8.304849577279672,0.0,5.489988008746359,nan,nan,nan,4.741820064270289,0.0,-0.0,0.0,0.0,11.13785918243705,17.88854381999832,1.6061025307454253
1.625,takeoff,-10.0,0.0,8.327669507070159,0.0,5.476783149716836,nan,nan,nan,4.728390036858821,0.0,-0.0,0.0,0.0,11.13785918243705,17.88854381999832,1.6061025307454253
1.6291666666666667,takeoff,-10.0,0.0,8.350434352209216,0.0,5.463562833374093,nan,nan,nan,4.728390036858821,0.0,-0.0,0.0,0.0,11.13785918243705,17.88854381999832,1.6061025307454253
1.6333333333333333,takeoff,-10.0,0.0,8.373144056145469,0.0,5.450328944700634,nan,nan,nan,4.728390036858821,0.0,-0.0,0.0,0.0,17.135167972980078,17.88854381999832,1.0439666449845264
1.6375,takeoff,-10.0,0.0,8.395798569521302,0.0,5.437083210200054,nan,nan,nan,4.728390036858821,0.0,-0.0,0.0,0.0,17.135167972980078,17.88854381999832,1.0439666449845264
1.6416666666666666,takeoff,-10.0,0.0,8.418397849568358,0.0,5.423827211293216,nan,nan,nan,4.728390036858821,0.0,-0.0,0.0,0.0,17.135167972980078,17.88854381999832,1.0439666449845264
1.6458333333333333,takeoff,-10.0,0.0,8.440941859554052,0.0,5.410562396566457,nan,nan,nan,4.728390036858821,0.0,-0.0,0.0,0.0,17.135167972980078,17.88854381999832,1.0439666449845264
1.65,takeoff,-10.0,0.0,8.46343056827477,0.0,5.397290092972648,nan,nan,nan,4.728390036858821,0.0,-0.0,0.0,0.0,17.135167972980078,17.88854381999832,1.0439666449845264
1.6541666666666666,takeoff,-10.0,0.0,8.485863949591756,0.0,5.384011516076703,nan,nan,nan,4.728390036858821,0.0,-0.0,0.0,0.0,17.135167972980078,17.88854381999832,1.0439666449845264
1.6583333333333332,takeoff,-10.0,0.0,8.508241982006043,0.0,5.370727779428793,nan,nan,nan,4.728390036858821,0.0,-0.0,0.0,0.0,17.135167972980078,17.88854381999832,1.0439666449845264
1.6624999999999999,takeoff,-10.0,0.0,8.53056464826913,0.0,5.357439903141005,nan,nan,nan,4.728390036858821,0.0,-0.0,0.0,0.0,17.135167972980078,17.88854381999832,1.0439666449845264
1.6666666666666667,takeoff,-10.0,0.0,8.552831883278413,0.0,5.344136402227703,nan,nan,nan,4.704076769671915,0.0,-0.0,0.0,0.0,26.36179688150781,17.88854381999832,0.6785783192399422
1.6708333333333334,takeoff,-10.0,0.0,8.575043629853248,0.0,5.330819177960387,nan,nan,nan,4.704076769671915,0.0,-0.0,0.0,0.0,26.36179688150781,17.88854381999832,0.6785783192399422
1.675,takeoff,-10.0,0.0,8.597199838068876,0.0,5.3174899717508595,nan,nan,nan,4.704076769671915,0.0,-0.0,0.0,0.0,26.36179688150781,17.88854381999832,0.6785783192399422
1.6791666666666667,takeoff,-10.0,0.0,8.619300464646653,0.0,5.304150378666425,nan,nan,nan,4.704076769671915,0.0,-0.0,0.0,0.0,26.36179688150781,17.88854381999832,0.6785783192399422
1.6833333333333333,takeoff,-10.0,0.0,8.641345472395763,0.0,5.290801859786531,nan,nan,nan,4.704076769671915,0.0,-0.0,0.0,0.0,26.36179688150781,17.88854381999832,0.6785783192399422
1.6875,takeoff,-10.0,0.0,8.663334829702023,0.0,5.277445753502679,nan,nan,nan,4.704076769671915,0.0,-0.0,0.0,0.0,26.36179688150781,17.88854381999832,0.6785783192399422
1.6916666666666667,takeoff,-10.0,0.0,8.685268510059748,0.0,5.264083285854098,nan,nan,nan,4.704076769671915,0.0,-0.0,0.0,0.0,26.36179688150781,17.88854381999832,0.6785783192399422
1.6958333333333333,takeoff,-10.0,0.0,8.70714649164301,0.0,5.250715579983219,nan,nan,nan,4.704076769671915,0.0,-0.0,0.0,0.0,26.36179688150781,17.88854381999832,0.6785783192399422
1.7,takeoff,-10.0,0.0,8.728968748430544,0.0,5.237341629008019,nan,nan,nan,4.700091725179801,0.0,-0.0,0.0,0.0,3.6086505447907755,18.33030277982336,5.0795449856689086
1.7041666666666666,takeoff,-10.0,0.0,8.750735259041148,0.0,5.223962546545021,nan,nan,nan,4.700091725179801,0.0,-0.0,0.0,0.0,3.6086505447907755,18.33030277982336,5.0795449856689086
1.7083333333333333,takeoff,-10.0,0.0,8.77244600634434,0.0,5.210579352766219,nan,nan,nan,4.700091725179801,0.0,-0.0,0.0,0.0,3.6086505447907755,18.33030277982336,5.0795449856689086
1.7125,takeoff,-10.0,0.0,8.79410097710371,0.0,5.197192982248822,nan,nan,nan,4.700091725179801,0.0,-0.0,0.0,0.0,3.6086505447907755,18.33030277982336,5.0795449856689086
1.7166666666666666,takeoff,-10.0,0.0,8.815700161650211,0.0,5.183804291160048,nan,nan,nan,4.700091725179801,0.0,-0.0,0.0,0.0,3.6086505447907755,18.33030277982336,5.0795449856689086
1.7208333333333332,takeoff,-10.0,0.0,8.837243553582853,0.0,5.170414063834175,nan,nan,nan,4.700091725179801,0.0,-0.0,0.0,0.0,3.6086505447907755,18.33030277982336,5.0795449856689086
1.7249999999999999,takeoff,-10.0,0.0,8.858731149494496,0.0,5.1570230187939945,nan,nan,nan,4.700091725179801,0.0,-0.0,0.0,0.0,3.6086505447907755,18.33030277982336,5.0795449856689086
1.7291666666666667,takeoff,-10.0,0.0,8.880162948720596,0.0,5.143631814264221,nan,nan,nan,4.700091725179801,0.0,-0.0,0.0,0.0,3.6086505447907755,18.33030277982336,5.0795449856689086
1.7333333333333334,takeoff,-10.0,0.0,8.901538948452213,0.0,5.130239935587975,nan,nan,nan,4.697903842504995,0.0,-0.0,0.0,0.0,nan,nan,nan
1.7375,takeoff,-10.0,0.0,8.922859148572362,0.0,5.116848028835808,nan,nan,nan,4.697903842504995,0.0,-0.0,0.0,0.0,nan,nan,nan
1.7416666666666667,takeoff,-10.0,0.0,8.944123551430057,0.0,5.10345668584643,nan,nan,nan,4.697903842504995,0.0,-0.0,0.0,0.0,nan,nan,nan
1.7458333333333333,takeoff,-10.0,0.0,8.965332161633244,0.0,5.090066448764811,nan,nan,nan,4.697903842504995,0.0,-0.0,0.0,0.0,nan,nan,nan
1.75,takeoff,-10.0,0.0,8.986484985859072,0.0,5.076677814198657,nan,nan,nan,4.697903842504995,0.0,-0.0,0.0,0.0,nan,nan,nan
1.7541666666666667,takeoff,-10.0,0.0,9.007582032680013,0.0,5.06329123702565,nan,nan,nan,4.697903842504995,0.0,-0.0,0.0,0.0,nan,nan,nan
1.7583333333333333,takeoff,-10.0,0.0,9.028623312404518,0.0,5.049907133881068,nan,nan,nan,4.697903842504995,0.0,-0.0,0.0,0.0,nan,nan,nan
1.7625,takeoff,-10.0,0.0,9.049608836930988,0.0,5.036525886352799,nan,nan,nan,4.697903842504995,0.0,-0.0,0.0,0.0,nan,nan,nan
1.7666666666666666,takeoff,-10.0,0.0,9.070538592786166,0.0,5.023141405242858,nan,nan,nan,4.685311117712971,0.0,-0.0,0.0,0.0,4.862701415896463,18.33030277982336,3.7695719338021654
1.7708333333333333,takeoff,-10.0,0.0,9.091412570079832,0.0,5.009754550479916,nan,nan,nan,4.685311117712971,0.0,-0.0,0.0,0.0,4.862701415896463,18.33030277982336,3.7695719338021654
1.775,takeoff,-10.0,0.0,9.112230762204188,0.0,4.996366109845283,nan,nan,nan,4.685311117712971,0.0,-0.0,0.0,0.0,4.862701415896463,18.33030277982336,3.7695719338021654
1.7791666666666666,takeoff,-10.0,0.0,9.132993165558442,0.0,4.982976805020909,nan,nan,nan,4.685311117712971,0.0,-0.0,0.0,0.0,4.862701415896463,18.33030277982336,3.7695719338021654
1.7833333333333332,takeoff,-10.0,0.0,9.153699779296472,0.0,4.969587297127074,nan,nan,nan,4.685311117712971,0.0,-0.0,0.0,0.0,4.862701415896463,18.33030277982336,3.7695719338021654
1.7874999999999999,takeoff,-10.0,0.0,9.174350605095611,0.0,4.956198191793353,nan,nan,nan,4.685311117712971,0.0,-0.0,0.0,0.0,4.862701415896463,18.33030277982336,3.7695719338021654
1.7916666666666667,takeoff,-10.0,0.0,9.19494564694479,0.0,4.942810043802645,nan,nan,nan,4.685311117712971,0.0,-0.0,0.0,0.0,4.862701415896463,18.33030277982336,3.7695719338021654
1.7958333333333334,takeoff,-10.0,0.0,9.215484910950392,0.0,4.929423361344565,nan,nan,nan,4.685311117712971,0.0,-0.0,0.0,0.0,4.862701415896463,18.33030277982336,3.7695719338021654
1.8,takeoff,-10.0,0.0,9.23596841826905,0.0,4.916041756477577,nan,nan,nan,4.691463542037887,0.0,-0.0,0.0,0.0,7.481079101379174,18.33030277982336,2.4502217569714078
1.8041666666666667,takeoff,-10.0,0.0,9.256396190736018,0.0,4.902665392072589,nan,nan,nan,4.691463542037887,0.0,-0.0,0.0,0.0,7.481079101379174,18.33030277982336,2.4502217569714078
1.8083333333333333,takeoff,-10.0,0.0,9.27676825080738,0.0,4.889294417127312,nan,nan,nan,4.691463542037887,0.0,-0.0,0.0,0.0,7.481079101379174,18.33030277982336,2.4502217569714078
1.8125,takeoff,-10.0,0.0,9.297084621507057,0.0,4.875928967922566,nan,nan,nan,4.691463542037887,0.0,-0.0,0.0,0.0,7.481079101379174,18.33030277982336,2.4502217569714078
1.8166666666666667,takeoff,-10.0,0.0,9.317345326378232,0.0,4.862569169082101,nan,nan,nan,4.691463542037887,0.0,-0.0,0.0,0.0,7.481079101379174,18.33030277982336,2.4502217569714078
1.8208333333333333,takeoff,-10.0,0.0,9.337550389438832,0.0,4.849215134543996,nan,nan,nan,4.691463542037887,0.0,-0.0,0.0,0.0,7.481079101379174,18.33030277982336,2.4502217569714078
1.825,takeoff,-10.0,0.0,9.35769983514071,0.0,4.835866968451041,nan,nan,nan,4.691463542037887,0.0,-0.0,0.0,0.0,7.481079101379174,18.33030277982336,2.4502217569714078
1.8291666666666666,takeoff,-10.0,0.0,9.37779368833224,0.0,4.8225247659668655,nan,nan,nan,4.691463542037887,0.0,-0.0,0.0,0.0,7.481079101379174,18.33030277982336,2.4502217569714078
1.8333333333333333,takeoff,-10.0,0.0,9.397831974224006,0.0,4.809188614024019,nan,nan,nan,4.691463542037887,0.0,-0.0,0.0,0.0,nan,nan,nan
1.8375,takeoff,-10.0,0.0,9.41781471835738,0.0,4.795858592009692,nan,nan,nan,4.691463542037887,0.0,-0.0,0.0,0.0,nan,nan,nan
1.8416666666666666,takeoff,-10.0,0.0,9.437741936896465,0.0,4.782532449380446,nan,nan,nan,4.686925547027601,0.0,-0.0,0.0,0.0,nan,nan,nan
1.8458333333333332,takeoff,-10.0,0.0,9.45761364709097,0.0,4.769210446681011,nan,nan,nan,4.686925547027601,0.0,-0.0,0.0,0.0,nan,nan,nan
1.8499999999999999,takeoff,-10.0,0.0,9.47742986718447,0.0,4.755892822440258,nan,nan,nan,4.686925547027601,0.0,-0.0,0.0,0.0,nan,nan,nan
1.8541666666666667,takeoff,-10.0,0.0,9.497190616330336,0.0,4.7425797950076145,nan,nan,nan,4.686925547027601,0.0,-0.0,0.0,0.0,nan,nan,nan
1.8583333333333334,takeoff,-10.0,0.0,9.516895914514652,0.0,4.729271564235985,nan,nan,nan,4.686925547027601,0.0,-0.0,0.0,0.0,nan,nan,nan
1.8625,takeoff,-10.0,0.0,9.536545782485586,0.0,4.7159683130240815,nan,nan,nan,4.686925547027601,0.0,-0.0,0.0,0.0,nan,nan,nan
1.8666666666666667,takeoff,-10.0,0.0,9.556140241688627,0.0,4.702670208729936,nan,nan,nan,4.686925547027601,0.0,-0.0,0.0,0.0,6.894505166028843,18.33030277982336,2.6586828696774196
1.8708333333333333,takeoff,-10.0,0.0,9.575679314207237,0.0,4.689377404466393,nan,nan,nan,4.686925547027601,0.0,-0.0,0.0,0.0,6.894505166028843,18.33030277982336,2.6586828696774196
1.875,takeoff,-10.0,0.0,9.595163049931662,0.0,4.676096573862102,nan,nan,nan,4.699685533207301,0.0,-0.0,0.0,0.0,6.894505166028843,18.33030277982336,2.6586828696774196
1.8791666666666667,takeoff,-10.0,0.0,9.614591497010677,0.0,4.662827298963599,nan,nan,nan,4.699685533207301,0.0,-0.0,0.0,0.0,6.894505166028843,18.33030277982336,2.6586828696774196
1.8833333333333333,takeoff,-10.0,0.0,9.633964701994973,0.0,4.649569196230968,nan,nan,nan,4.699685533207301,0.0,-0.0,0.0,0.0,6.894505166028843,18.33030277982336,2.6586828696774196
1.8875,takeoff,-10.0,0.0,9.653282709968657,0.0,4.636321913684243,nan,nan,nan,4.699685533207301,0.0,-0.0,0.0,0.0,6.894505166028843,18.33030277982336,2.6586828696774196
1.8916666666666666,takeoff,-10.0,0.0,9.672545564669848,0.0,4.623085128285661,nan,nan,nan,4.699685533207301,0.0,-0.0,0.0,0.0,6.894505166028843,18.33030277982336,2.6586828696774196
1.8958333333333333,takeoff,-10.0,0.0,9.691753308601259,0.0,4.609858543538407,nan,nan,nan,4.699685533207301,0.0,-0.0,0.0,0.0,6.894505166028843,18.33030277982336,2.6586828696774196
1.9,takeoff,-10.0,0.0,9.710905983131608,0.0,4.596641887284046,nan,nan,nan,4.699685533207301,0.0,-0.0,0.0,0.0,10.60693102465976,18.33030277982336,1.7281438652903227
1.9041666666666666,takeoff,-10.0,0.0,9.730003628588618,0.0,4.583434909682287,nan,nan,nan,4.699685533207301,0.0,-0.0,0.0,0.0,10.60693102465976,18.33030277982336,1.7281438652903227
1.9083333333333332,takeoff,-10.0,0.0,9.749046288726964,0.0,4.570238433203135,nan,nan,nan,4.701738246940588,0.0,-0.0,0.0,0.0,10.60693102465976,18.33030277982336,1.7281438652903227
1.9124999999999999,takeoff,-10.0,0.0,9.768034006057677,0.0,4.557052159371329,nan,nan,nan,4.701738246940588,0.0,-0.0,0.0,0.0,10.60693102465976,18.33030277982336,1.7281438652903227
1.9166666666666667,takeoff,-10.0,0.0,9.78696682195024,0.0,4.543875814215179,nan,nan,nan,4.701738246940588,0.0,-0.0,0.0,0.0,10.60693102465976,18.33030277982336,1.7281438652903227
1.9208333333333334,takeoff,-10.0,0.0,9.805844776726211,0.0,4.530709146232635,nan,nan,nan,4.701738246940588,0.0,-0.0,0.0,0.0,10.60693102465976,18.33030277982336,1.7281438652903227
1.925,takeoff,-10.0,0.0,9.824667909745068,0.0,4.517551924525807,nan,nan,nan,4.701738246940588,0.0,-0.0,0.0,0.0,10.60693102465976,18.33030277982336,1.7281438652903227
1.9291666666666667,takeoff,-10.0,0.0,9.843436259482944,0.0,4.504403937090039,nan,nan,nan,4.701738246940588,0.0,-0.0,0.0,0.0,10.60693102465976,18.33030277982336,1.7281438652903227
1.9333333333333333,takeoff,-10.0,0.0,9.862149863604797,0.0,4.491264989244789,nan,nan,nan,4.701738246940588,0.0,-0.0,0.0,0.0,16.318355422553473,18.33030277982336,1.1232935124387098
1.9375,takeoff,-10.0,0.0,9.880808759030607,0.0,4.47813490219461,nan,nan,nan,4.701738246940588,0.0,-0.0,0.0,0.0,16.318355422553473,18.33030277982336,1.1232935124387098
1.9416666666666667,takeoff,-10.0,0.0,9.899413020639663,0.0,4.465022786173411,nan,nan,nan,4.719831628169715,0.0,-0.0,0.0,0.0,16.318355422553473,18.33030277982336,1.1232935124387098
1.9458333333333333,takeoff,-10.0,0.0,9.917962719458568,0.0,4.451927716537185,nan,nan,nan,4.719831628169715,0.0,-0.0,0.0,0.0,16.318355422553473,18.33030277982336,1.1232935124387098
1.95,takeoff,-10.0,0.0,9.936457922979319,0.0,4.438848844980054,nan,nan,nan,4.719831628169715,0.0,-0.0,0.0,0.0,16.318355422553473,18.33030277982336,1.1232935124387098
1.9541666666666666,takeoff,-10.0,0.0,9.954898695451115,0.0,4.425785393231298,nan,nan,nan,4.719831628169715,0.0,-0.0,0.0,0.0,16.318355422553473,18.33030277982336,1.1232935124387098
1.9583333333333333,takeoff,-10.0,0.0,9.97328509814807,0.0,4.412736647268944,nan,nan,nan,4.719831628169715,0.0,-0.0,0.0,0.0,16.318355422553473,18.33030277982336,1.1232935124387098
1.9625,takeoff,-10.0,0.0,9.991617189614772,0.0,4.399701952008228,nan,nan,nan,4.719831628169715,0.0,-0.0,0.0,0.0,16.318355422553473,18.33030277982336,1.1232935124387098
1.9666666666666666,takeoff,-10.0,0.0,10.009895025891549,0.0,4.386680706426448,nan,nan,nan,4.719831628169715,0.0,-0.0,0.0,0.0,25.105162188543808,18.33030277982336,0.7301407830851614
1.9708333333333332,takeoff,-10.0,0.0,10.028118660721086,0.0,4.373672359088817,nan,nan,nan,4.719831628169715,0.0,-0.0,0.0,0.0,25.105162188543808,18.33030277982336,0.7301407830851614
1.9749999999999999,takeoff,-10.0,0.0,10.04628814573793,0.0,4.360676404042683,nan,nan,nan,4.719831628169715,0.0,-0.0,0.0,0.0,25.105162188543808,18.33030277982336,0.7301407830851614
1.9791666666666667,takeoff,-10.0,0.0,10.064403530642306,0.0,4.3476923770501,nan,nan,nan,4.719831628169715,0.0,-0.0,0.0,0.0,25.105162188543808,18.33030277982336,0.7301407830851614
1.9833333333333334,takeoff,-10.0,0.0,10.082464879347183,0.0,4.334723689170833,nan,nan,nan,4.727308126602804,0.0,-0.0,0.0,0.0,25.105162188543808,18.33030277982336,0.7301407830851614
1.9875,takeoff,-10.0,0.0,10.100472252802962,0.0,4.321769629387023,nan,nan,nan,4.727308126602804,0.0,-0.0,0.0,0.0,25.105162188543808,18.33030277982336,0.7301407830851614
1.9916666666666667,takeoff,-10.0,0.0,10.118425709242015,0.0,4.308829545372594,nan,nan,nan,4.727308126602804,0.0,-0.0,0.0,0.0,25.105162188543808,18.33030277982336,0.7301407830851614
1.9958333333333333,takeoff,-10.0,0.0,10.136325304403007,0.0,4.29590283863813,nan,nan,nan,4.727308126602804,0.0,-0.0,0.0,0.0,25.105162188543808,18.33030277982336,0.7301407830851614
2.0,takeoff,-10.0,0.0,10.154171091736654,0.0,4.2829889600751345,nan,nan,nan,4.727308126602804,0.0,-0.0,0.0,0.0,38.62332644391355,18.33030277982336,0.4745915090053549
2.0041666666666664,takeoff,-10.0,0.0,10.171963122594434,0.0,4.2700874058671845,nan,nan,nan,4.727308126602804,0.0,-0.0,0.0,0.0,38.62332644391355,18.33030277982336,0.4745915090053549
2.0083333333333333,takeoff,-10.0,0.0,10.189701446401676,0.0,4.257197713738071,nan,nan,nan,4.727308126602804,0.0,-0.0,0.0,0.0,38.62332644391355,18.33030277982336,0.4745915090053549
2.0125,takeoff,-10.0,0.0,10.207386110816298,0.0,4.244319459509402,nan,nan,nan,4.727308126602804,0.0,-0.0,0.0,0.0,38.62332644391355,18.33030277982336,0.4745915090053549
2.0166666666666666,takeoff,-10.0,0.0,10.225017209696441,0.0,4.231463731234306,nan,nan,nan,4.749664190981303,0.0,-0.0,0.0,0.0,38.62332644391355,18.33030277982336,0.4745915090053549
2.0208333333333335,takeoff,-10.0,0.0,10.24259483142707,0.0,4.218629215350932,nan,nan,nan,4.749664190981303,0.0,-0.0,0.0,0.0,38.62332644391355,18.33030277982336,0.4745915090053549
2.025,takeoff,-10.0,0.0,10.260119059371641,0.0,4.205814706696961,nan,nan,nan,4.749664190981303,0.0,-0.0,0.0,0.0,38.62332644391355,18.33030277982336,0.4745915090053549
2.029166666666667,takeoff,-10.0,0.0,10.277589972286593,0.0,4.193019099588375,nan,nan,nan,4.749664190981303,0.0,-0.0,0.0,0.0,38.62332644391355,18.33030277982336,0.4745915090053549
2.033333333333333,takeoff,-10.0,0.0,10.295007644701696,0.0,4.18024137962469,nan,nan,nan,4.749664190981303,0.0,-0.0,0.0,0.0,59.420502221405464,18.33030277982336,0.3084844808534807
2.0375,takeoff,-10.0,0.0,10.312372147269041,0.0,4.167480616162737,nan,nan,nan,4.749664190981303,0.0,-0.0,0.0,0.0,59.420502221405464,18.33030277982336,0.3084844808534807
2.0416666666666665,takeoff,-10.0,0.0,10.329683547083231,0.0,4.15473595540552,nan,nan,nan,4.749664190981303,0.0,-0.0,0.0,0.0,59.420502221405464,18.33030277982336,0.3084844808534807
2.0458333333333334,takeoff,-10.0,0.0,10.346941907975134,0.0,4.142006614056742,nan,nan,nan,4.749664190981303,0.0,-0.0,0.0,0.0,59.420502221405464,18.33030277982336,0.3084844808534807
2.05,takeoff,-10.0,0.0,10.364147316319869,0.0,4.129298002736482,nan,nan,nan,4.761593244994692,0.0,-0.0,0.0,0.0,59.420502221405464,18.33030277982336,0.3084844808534807
2.0541666666666667,takeoff,-10.0,0.0,10.381299853618069,0.0,4.116608951568014,nan,nan,nan,4.761593244994692,0.0,-0.0,0.0,0.0,59.420502221405464,18.33030277982336,0.3084844808534807
2.058333333333333,takeoff,-10.0,0.0,10.398399596898289,0.0,4.103938387252578,nan,nan,nan,4.761593244994692,0.0,-0.0,0.0,0.0,59.420502221405464,18.33030277982336,0.3084844808534807
2.0625,takeoff,-10.0,0.0,10.41544661908625,0.0,4.0912853251106265,nan,nan,nan,4.761593244994692,0.0,-0.0,0.0,0.0,59.420502221405464,18.33030277982336,0.3084844808534807
2.0666666666666664,takeoff,-10.0,0.0,10.432440989343636,0.0,4.078648861772836,nan,nan,nan,4.761593244994692,0.0,-0.0,0.0,0.0,91.41615726370071,18.33030277982336,0.20051491255476245
2.0708333333333333,takeoff,-10.0,0.0,10.449382773378924,0.0,4.066028168468817,nan,nan,nan,4.761593244994692,0.0,-0.0,0.0,0.0,91.41615726370071,18.33030277982336,0.20051491255476245
2.075,takeoff,-10.0,0.0,10.46627203373253,0.0,4.0534224848654725,nan,nan,nan,4.761593244994692,0.0,-0.0,0.0,0.0,91.41615726370071,18.33030277982336,0.20051491255476245
2.0791666666666666,takeoff,-10.0,0.0,10.483108830038407,0.0,4.040831113410681,nan,nan,nan,4.761593244994692,0.0,-0.0,0.0,0.0,91.41615726370071,18.33030277982336,0.20051491255476245
2.0833333333333335,takeoff,-10.0,0.0,10.499893274406547,0.0,4.028266648353613,nan,nan,nan,4.787338096950825,0.0,-0.0,0.0,0.0,91.41615726370071,18.33030277982336,0.20051491255476245
2.0875,takeoff,-10.0,0.0,10.516625471911285,0.0,4.0157274011367425,nan,nan,nan,4.787338096950825,0.0,-0.0,0.0,0.0,91.41615726370071,18.33030277982336,0.20051491255476245
2.091666666666667,takeoff,-10.0,0.0,10.533305521171373,0.0,4.003211822421334,nan,nan,nan,4.787338096950825,0.0,-0.0,0.0,0.0,91.41615726370071,18.33030277982336,0.20051491255476245
2.095833333333333,takeoff,-10.0,0.0,10.549933514882477,0.0,3.9907184906649547,nan,nan,nan,4.787338096950825,0.0,-0.0,0.0,0.0,91.41615726370071,18.33030277982336,0.20051491255476245
2.1,takeoff,-10.0,0.0,10.566509540305908,0.0,3.9782461016234025,nan,nan,nan,4.787338096950825,0.0,-0.0,0.0,0.0,140.64024194415492,18.33030277982336,0.1303346931605956
2.1041666666666665,takeoff,-10.0,0.0,10.583033679717177,0.0,3.9657934587043036,nan,nan,nan,4.787338096950825,0.0,-0.0,0.0,0.0,140.64024194415492,18.33030277982336,0.1303346931605956
2.1083333333333334,takeoff,-10.0,0.0,10.599506010817615,0.0,3.953359464105023,nan,nan,nan,4.787338096950825,0.0,-0.0,0.0,0.0,140.64024194415492,18.33030277982336,0.1303346931605956
2.1125,takeoff,-10.0,0.0,10.615926607112085,0.0,3.9409431106725754,nan,nan,nan,4.787338096950825,0.0,-0.0,0.0,0.0,140.64024194415492,18.33030277982336,0.1303346931605956
2.1166666666666667,takeoff,-10.0,0.0,10.632295538255535,0.0,3.928543474427929,nan,nan,nan,4.787338096950825,0.0,-0.0,0.0,0.0,140.64024194415492,18.33030277982336,0.1303346931605956
2.120833333333333,takeoff,-10.0,0.0,10.648612870370957,0.0,3.9161597077015053,nan,nan,nan,4.787338096950825,0.0,-0.0,0.0,0.0,140.64024194415492,18.33030277982336,0.1303346931605956
2.125,takeoff,-10.0,0.0,10.664878699635038,0.0,3.903799023379267,nan,nan,nan,4.802860085494785,0.0,-0.0,0.0,0.0,140.64024194415492,18.33030277982336,0.1303346931605956
2.1291666666666664,takeoff,-10.0,0.0,10.681093116479474,0.0,3.891460042664638,nan,nan,nan,4.802860085494785,0.0,-0.0,0.0,0.0,140.64024194415492,18.33030277982336,0.1303346931605956
2.1333333333333333,takeoff,-10.0,0.0,10.697256206065113,0.0,3.879141500553207,nan,nan,nan,4.802860085494785,0.0,-0.0,0.0,0.0,216.36960299100758,18.33030277982336,0.08471755055438714
2.1375,takeoff,-10.0,0.0,10.713368048717074,0.0,3.8668422364704518,nan,nan,nan,4.802860085494785,0.0,-0.0,0.0,0.0,216.36960299100758,18.33030277982336,0.08471755055438714
2.1416666666666666,takeoff,-10.0,0.0,10.729428720324037,0.0,3.8545611856713387,nan,nan,nan,4.802860085494785,0.0,-0.0,0.0,0.0,216.36960299100758,18.33030277982336,0.08471755055438714
2.1458333333333335,takeoff,-10.0,0.0,10.745438292704625,0.0,3.8422973713411643,nan,nan,nan,4.802860085494785,0.0,-0.0,0.0,0.0,216.36960299100758,18.33030277982336,0.08471755055438714
2.15,takeoff,-10.0,0.0,10.761396833943548,0.0,3.8300498973415995,nan,nan,nan,4.802860085494785,0.0,-0.0,0.0,0.0,216.36960299100758,18.33030277982336,0.08471755055438714
2.154166666666667,takeoff,-10.0,0.0,10.777304408700008,0.0,3.8178179415501914,nan,nan,nan,4.802860085494785,0.0,-0.0,0.0,0.0,216.36960299100758,18.33030277982336,0.08471755055438714
2.158333333333333,takeoff,-10.0,0.0,10.793161139294272,0.0,3.8056153426233394,nan,nan,nan,4.831196262519761,0.0,-0.0,0.0,0.0,216.36960299100758,18.33030277982336,0.08471755055438714
2.1625,takeoff,-10.0,0.0,10.808967140105853,0.0,3.7934401947793948,nan,nan,nan,4.831196262519761,0.0,-0.0,0.0,0.0,216.36960299100758,18.33030277982336,0.08471755055438714
2.1666666666666665,takeoff,-10.0,0.0,10.824722518227862,0.0,3.7812907492819767,nan,nan,nan,4.831196262519761,0.0,-0.0,0.0,0.0,332.8763122938578,18.33030277982336,0.05506640786035164
2.1708333333333334,takeoff,-10.0,0.0,10.840427374067762,0.0,3.769165401575855,nan,nan,nan,4.831196262519761,0.0,-0.0,0.0,0.0,332.8763122938578,18.33030277982336,0.05506640786035164
2.175,takeoff,-10.0,0.0,10.856081801898847,0.0,3.757062679460463,nan,nan,nan,4.831196262519761,0.0,-0.0,0.0,0.0,332.8763122938578,18.33030277982336,0.05506640786035164
2.1791666666666667,takeoff,-10.0,0.0,10.87168589036643,0.0,3.744981232219965,nan,nan,nan,4.831196262519761,0.0,-0.0,0.0,0.0,332.8763122938578,18.33030277982336,0.05506640786035164
2.183333333333333,takeoff,-10.0,0.0,10.887239722952408,0.0,3.7329198206347005,nan,nan,nan,4.831196262519761,0.0,-0.0,0.0,0.0,332.8763122938578,18.33030277982336,0.05506640786035164
2.1875,takeoff,-10.0,0.0,10.902743378401594,0.0,3.720877307804374,nan,nan,nan,4.831196262519761,0.0,-0.0,0.0,0.0,332.8763122938578,18.33030277982336,0.05506640786035164
2.1916666666666664,takeoff,-10.0,0.0,10.918196970641164,0.0,3.7088621374967694,nan,nan,nan,4.849601876284247,0.0,-0.0,0.0,0.0,332.8763122938578,18.33030277982336,0.05506640786035164
2.1958333333333333,takeoff,-10.0,0.0,10.9336006063238,0.0,3.6968725638328825,nan,nan,nan,4.849601876284247,0.0,-0.0,0.0,0.0,332.8763122938578,18.33030277982336,0.05506640786035164
2.2,takeoff,-10.0,0.0,10.948954385427518,0.0,3.6849069848921716,nan,nan,nan,4.849601876284247,0.0,-0.0,0.0,0.0,512.117403529012,18.33030277982336,0.035793165109228565
2.2041666666666666,takeoff,-10.0,0.0,10.96425840180628,0.0,3.672963930902835,nan,nan,nan,4.849601876284247,0.0,-0.0,0.0,0.0,512.117403529012,18.33030277982336,0.035793165109228565
2.2083333333333335,takeoff,-10.0,0.0,10.979512743695395,0.0,3.6610420533875097,nan,nan,nan,4.849601876284247,0.0,-0.0,0.0,0.0,512.117403529012,18.33030277982336,0.035793165109228565
2.2125,takeoff,-10.0,0.0,10.994717494175351,0.0,3.649140115189271,nan,nan,nan,4.849601876284247,0.0,-0.0,0.0,0.0,512.117403529012,18.33030277982336,0.035793165109228565
2.216666666666667,takeoff,-10.0,0.0,11.009872731597468,0.0,3.6372569813083606,nan,nan,nan,4.849601876284247,0.0,-0.0,0.0,0.0,512.117403529012,18.33030277982336,0.035793165109228565
2.220833333333333,takeoff,-10.0,0.0,11.02497852997449,0.0,3.6253916104852633,nan,nan,nan,4.849601876284247,0.0,-0.0,0.0,0.0,512.117403529012,18.33030277982336,0.035793165109228565
2.225,takeoff,-10.0,0.0,11.040035024449477,0.0,3.6135586739969305,nan,nan,nan,4.879902597261948,0.0,-0.0,0.0,0.0,512.117403529012,18.33030277982336,0.035793165109228565
2.2291666666666665,takeoff,-10.0,0.0,11.05504234110246,0.0,3.60175599671616,nan,nan,nan,4.879902597261948,0.0,-0.0,0.0,0.0,512.117403529012,18.33030277982336,0.035793165109228565
2.2333333333333334,takeoff,-10.0,0.0,11.070000597696717,0.0,3.5899815826217933,nan,nan,nan,4.879902597261948,0.0,-0.0,0.0,0.0,787.8729285061723,18.33030277982336,0.023265557320998567
2.2375,takeoff,-10.0,0.0,11.08490990436404,0.0,3.5782336001573367,nan,nan,nan,4.879902597261948,0.0,-0.0,0.0,0.0,787.8729285061723,18.33030277982336,0.023265557320998567
2.2416666666666667,takeoff,-10.0,0.0,11.099770364233896,0.0,3.566510368765677,nan,nan,nan,4.879902597261948,0.0,-0.0,0.0,0.0,787.8729285061723,18.33030277982336,0.023265557320998567
2.245833333333333,takeoff,-10.0,0.0,11.114582074011016,0.0,3.554810346508799,nan,nan,nan,4.879902597261948,0.0,-0.0,0.0,0.0,787.8729285061723,18.33030277982336,0.023265557320998567
2.25,takeoff,-10.0,0.0,11.12934512450555,0.0,3.5431321186879066,nan,nan,nan,4.879902597261948,0.0,-0.0,0.0,0.0,787.8729285061723,18.33030277982336,0.023265557320998567
2.2541666666666664,takeoff,-10.0,0.0,11.144059601119656,0.0,3.5314743873854972,nan,nan,nan,4.879902597261948,0.0,-0.0,0.0,0.0,787.8729285061723,18.33030277982336,0.023265557320998567
2.2583333333333333,takeoff,-10.0,0.0,11.158725584294059,0.0,3.5198359618566717,nan,nan,nan,4.879902597261948,0.0,-0.0,0.0,0.0,787.8729285061723,18.33030277982336,0.023265557320998567
2.2625,takeoff,-10.0,0.0,11.17334314991782,0.0,3.5082157497023947,nan,nan,nan,4.879902597261948,0.0,-0.0,0.0,0.0,787.8729285061723,18.33030277982336,0.023265557320998567
2.2666666666666666,takeoff,-10.0,0.0,11.187912414116173,0.0,3.4966234076048512,nan,nan,nan,4.900539310752819,0.0,-0.0,0.0,0.0,1212.1121977018036,18.33030277982336,0.01512261225864907
2.2708333333333335,takeoff,-10.0,0.0,11.202433485489285,0.0,3.4850571295469397,nan,nan,nan,4.900539310752819,0.0,-0.0,0.0,0.0,1212.1121977018036,18.33030277982336,0.01512261225864907
2.275,takeoff,-10.0,0.0,11.21690646573275,0.0,3.473515258431429,nan,nan,nan,4.900539310752819,0.0,-0.0,0.0,0.0,1212.1121977018036,18.33030277982336,0.01512261225864907
2.279166666666667,takeoff,-10.0,0.0,11.231331450207197,0.0,3.4619962738671095,nan,nan,nan,4.900539310752819,0.0,-0.0,0.0,0.0,1212.1121977018036,18.33030277982336,0.01512261225864907
2.283333333333333,takeoff,-10.0,0.0,11.245708528461124,0.0,3.45049878094254,nan,nan,nan,4.900539310752819,0.0,-0.0,0.0,0.0,1212.1121977018036,18.33030277982336,0.01512261225864907
2.2875,takeoff,-10.0,0.0,11.260037784710748,0.0,3.439021499909833,nan,nan,nan,4.900539310752819,0.0,-0.0,0.0,0.0,1212.1121977018036,18.33030277982336,0.01512261225864907
2.2916666666666665,takeoff,-10.0,0.0,11.274319298280359,0.0,3.427563256706624,nan,nan,nan,4.900539310752819,0.0,-0.0,0.0,0.0,1212.1121977018036,18.33030277982336,0.01512261225864907
2.2958333333333334,takeoff,-10.0,0.0,11.2885531440064,0.0,3.4161229742497383,nan,nan,nan,4.900539310752819,0.0,-0.0,0.0,0.0,1212.1121977018036,18.33030277982336,0.01512261225864907
2.3,takeoff,-10.0,0.0,11.302739443424477,0.0,3.404711860338336,nan,nan,nan,4.924133327557971,0.0,-0.0,0.0,0.0,nan,nan,nan
2.3041666666666667,takeoff,-10.0,0.0,11.316878310066686,0.0,3.3933279941301797,nan,nan,nan,4.924133327557971,0.0,-0.0,0.0,0.0,nan,nan,nan
2.308333333333333,takeoff,-10.0,0.0,11.330969850121376,0.0,3.3819696131256225,nan,nan,nan,4.924133327557971,0.0,-0.0,0.0,0.0,nan,nan,nan
2.3125,takeoff,-10.0,0.0,11.345014163038842,0.0,3.3706351001918606,nan,nan,nan,4.924133327557971,0.0,-0.0,0.0,0.0,nan,nan,nan
2.3166666666666664,takeoff,-10.0,0.0,11.359011342087319,0.0,3.3593229716345947,nan,nan,nan,4.924133327557971,0.0,-0.0,0.0,0.0,nan,nan,nan
2.3208333333333333,takeoff,-10.0,0.0,11.372961474863299,0.0,3.3480318662351376,nan,nan,nan,4.924133327557971,0.0,-0.0,0.0,0.0,nan,nan,nan
2.325,takeoff,-10.0,0.0,11.38686464375987,0.0,3.336760535176992,nan,nan,nan,4.924133327557971,0.0,-0.0,0.0,0.0,nan,nan,nan
2.3291666666666666,takeoff,-10.0,0.0,11.4007209263965,0.0,3.325507832791549,nan,nan,nan,4.924133327557971,0.0,-0.0,0.0,0.0,nan,nan,nan
2.3333333333333335,takeoff,-10.0,0.0,11.414530468478008,0.0,3.31429009956174,nan,nan,nan,4.95776867571418,0.0,-0.0,0.0,0.0,4.1364681844243725,18.76166303929372,4.535672028118011
2.3375,takeoff,-10.0,0.0,11.428293405671068,0.0,3.3031049263347834,nan,nan,nan,4.95776867571418,0.0,-0.0,0.0,0.0,4.1364681844243725,18.76166303929372,4.535672028118011
2.341666666666667,takeoff,-10.0,0.0,11.442009864430368,0.0,3.2919501022318003,nan,nan,nan,4.95776867571418,0.0,-0.0,0.0,0.0,4.1364681844243725,18.76166303929372,4.535672028118011
2.345833333333333,takeoff,-10.0,0.0,11.4556799627573,0.0,3.2808235984637526,nan,nan,nan,4.95776867571418,0.0,-0.0,0.0,0.0,4.1364681844243725,18.76166303929372,4.535672028118011
2.35,takeoff,-10.0,0.0,11.469303810896648,0.0,3.2697235534433506,nan,nan,nan,4.95776867571418,0.0,-0.0,0.0,0.0,4.1364681844243725,18.76166303929372,4.535672028118011
2.3541666666666665,takeoff,-10.0,0.0,11.482881511976203,0.0,3.2586482590932304,nan,nan,nan,4.95776867571418,0.0,-0.0,0.0,0.0,4.1364681844243725,18.76166303929372,4.535672028118011
2.3583333333333334,takeoff,-10.0,0.0,11.496413162593942,0.0,3.2475961482577014,nan,nan,nan,4.95776867571418,0.0,-0.0,0.0,0.0,4.1364681844243725,18.76166303929372,4.535672028118011
2.3625,takeoff,-10.0,0.0,11.509898853356992,0.0,3.2365657831319767,nan,nan,nan,4.95776867571418,0.0,-0.0,0.0,0.0,4.1364681844243725,18.76166303929372,4.535672028118011
2.3666666666666667,takeoff,-10.0,0.0,11.52333866937628,0.0,3.225555844629044,nan,nan,nan,4.95776867571418,0.0,-0.0,0.0,0.0,6.363797206806726,18.76166303929372,2.948186818276707
2.370833333333333,takeoff,-10.0,0.0,11.53673269072049,0.0,3.2145651226102068,nan,nan,nan,4.95776867571418,0.0,-0.0,0.0,0.0,6.363797206806726,18.76166303929372,2.948186818276707
2.375,takeoff,-10.0,0.0,11.550081044826737,0.0,3.2036049854991724,nan,nan,nan,4.98186812014875,0.0,-0.0,0.0,0.0,6.363797206806726,18.76166303929372,2.948186818276707
2.3791666666666664,takeoff,-10.0,0.0,11.563383850565348,0.0,3.1926733772668197,nan,nan,nan,4.98186812014875,0.0,-0.0,0.0,0.0,6.363797206806726,18.76166303929372,2.948186818276707
2.3833333333333333,takeoff,-10.0,0.0,11.576641218945896,0.0,3.181768411331843,nan,nan,nan,4.98186812014875,0.0,-0.0,0.0,0.0,6.363797206806726,18.76166303929372,2.948186818276707
2.3875,takeoff,-10.0,0.0,11.589853253765423,0.0,3.1708883566862665,nan,nan,nan,4.98186812014875,0.0,-0.0,0.0,0.0,6.363797206806726,18.76166303929372,2.948186818276707
2.3916666666666666,takeoff,-10.0,0.0,11.603020052203503,0.0,3.1600316251390135,nan,nan,nan,4.98186812014875,0.0,-0.0,0.0,0.0,6.363797206806726,18.76166303929372,2.948186818276707
2.3958333333333335,takeoff,-10.0,0.0,11.616141705368463,0.0,3.1491967595903683,nan,nan,nan,4.98186812014875,0.0,-0.0,0.0,0.0,6.363797206806726,18.76166303929372,2.948186818276707
2.4,takeoff,-10.0,0.0,11.629218298798698,0.0,3.13838242325646,nan,nan,nan,4.98186812014875,0.0,-0.0,0.0,0.0,9.790457241241118,18.76166303929372,1.9163214318798596
2.404166666666667,takeoff,-10.0,0.0,11.642249912922734,0.0,3.1275873897688498,nan,nan,nan,4.98186812014875,0.0,-0.0,0.0,0.0,9.790457241241118,18.76166303929372,1.9163214318798596
2.408333333333333,takeoff,-10.0,0.0,11.655236696139475,0.0,3.1168279720179997,nan,nan,nan,5.015532491657487,0.0,-0.0,0.0,0.0,9.790457241241118,18.76166303929372,1.9163214318798596
2.4125,takeoff,-10.0,0.0,11.668178786510923,0.0,3.1061016891476108,nan,nan,nan,5.015532491657487,0.0,-0.0,0.0,0.0,9.790457241241118,18.76166303929372,1.9163214318798596
2.4166666666666665,takeoff,-10.0,0.0,11.6810763126129,0.0,3.0954062644744167,nan,nan,nan,5.015532491657487,0.0,-0.0,0.0,0.0,9.790457241241118,18.76166303929372,1.9163214318798596
2.4208333333333334,takeoff,-10.0,0.0,11.693929394316344,0.0,3.0847396088263985,nan,nan,nan,5.015532491657487,0.0,-0.0,0.0,0.0,9.790457241241118,18.76166303929372,1.9163214318798596
2.425,takeoff,-10.0,0.0,11.706738143504738,0.0,3.074099805214532,nan,nan,nan,5.015532491657487,0.0,-0.0,0.0,0.0,9.790457241241118,18.76166303929372,1.9163214318798596
2.4291666666666667,takeoff,-10.0,0.0,11.719502664732804,0.0,3.063485094735602,nan,nan,nan,5.015532491657487,0.0,-0.0,0.0,0.0,9.790457241241118,18.76166303929372,1.9163214318798596
2.433333333333333,takeoff,-10.0,0.0,11.732223055831183,0.0,3.052893863610785,nan,nan,nan,5.015532491657487,0.0,-0.0,0.0,0.0,15.06224190960172,18.76166303929372,1.2456089307219087
2.4375,takeoff,-10.0,0.0,11.74489940846148,0.0,3.042324631271484,nan,nan,nan,5.015532491657487,0.0,-0.0,0.0,0.0,15.06224190960172,18.76166303929372,1.2456089307219087
2.4416666666666664,takeoff,-10.0,0.0,11.757531861943985,0.0,3.0317888358011533,nan,nan,nan,5.040216359616073,0.0,-0.0,0.0,0.0,15.06224190960172,18.76166303929372,1.2456089307219087
2.4458333333333333,takeoff,-10.0,0.0,11.770120545976912,0.0,3.0212841679023326,nan,nan,nan,5.040216359616073,0.0,-0.0,0.0,0.0,15.06224190960172,18.76166303929372,1.2456089307219087
2.45,takeoff,-10.0,0.0,11.782665581428878,0.0,3.0108085084720573,nan,nan,nan,5.040216359616073,0.0,-0.0,0.0,0.0,15.06224190960172,18.76166303929372,1.2456089307219087
2.4541666666666666,takeoff,-10.0,0.0,11.795167081066612,0.0,3.000359913056213,nan,nan,nan,5.040216359616073,0.0,-0.0,0.0,0.0,15.06224190960172,18.76166303929372,1.2456089307219087
2.4583333333333335,takeoff,-10.0,0.0,11.80762515022308,0.0,2.9899365975520658,nan,nan,nan,5.040216359616073,0.0,-0.0,0.0,0.0,15.06224190960172,18.76166303929372,1.2456089307219087
2.4625,takeoff,-10.0,0.0,11.82003988741084,0.0,2.9795369250624155,nan,nan,nan,5.040216359616073,0.0,-0.0,0.0,0.0,15.06224190960172,18.76166303929372,1.2456089307219087
2.466666666666667,takeoff,-10.0,0.0,11.832411384885054,0.0,2.969159393811661,nan,nan,nan,5.040216359616073,0.0,-0.0,0.0,0.0,23.172679860925722,18.76166303929372,0.8096458049692407
2.470833333333333,takeoff,-10.0,0.0,11.844739729160223,0.0,2.9588026260405673,nan,nan,nan,5.040216359616073,0.0,-0.0,0.0,0.0,23.172679860925722,18.76166303929372,0.8096458049692407
2.475,takeoff,-10.0,0.0,11.857025074210771,0.0,2.9484828121315805,nan,nan,nan,5.073865176547677,0.0,-0.0,0.0,0.0,23.172679860925722,18.76166303929372,0.8096458049692407
2.4791666666666665,takeoff,-10.0,0.0,11.869267563139326,0.0,2.938197342853164,nan,nan,nan,5.073865176547677,0.0,-0.0,0.0,0.0,23.172679860925722,18.76166303929372,0.8096458049692407
2.4833333333333334,takeoff,-10.0,0.0,11.881467329071256,0.0,2.9279438236630857,nan,nan,nan,5.073865176547677,0.0,-0.0,0.0,0.0,23.172679860925722,18.76166303929372,0.8096458049692407
2.4875,takeoff,-10.0,0.0,11.893624495976258,0.0,2.9177200572006536,nan,nan,nan,5.073865176547677,0.0,-0.0,0.0,0.0,23.172679860925722,18.76166303929372,0.8096458049692407
2.4916666666666667,takeoff,-10.0,0.0,11.905739179422834,0.0,2.9075240271781273,nan,nan,nan,5.073865176547677,0.0,-0.0,0.0,0.0,23.172679860925722,18.76166303929372,0.8096458049692407
2.495833333333333,takeoff,-10.0,0.0,11.917811487271019,0.0,2.897353883564147,nan,nan,nan,5.073865176547677,0.0,-0.0,0.0,0.0,23.172679860925722,18.76166303929372,0.8096458049692407
2.5,takeoff,-10.0,0.0,11.929841520308349,0.0,2.8872079289594503,nan,nan,nan,5.073865176547677,0.0,-0.0,0.0,0.0,35.6502767091165,18.76166303929372,0.5262697732300065
2.5041666666666664,takeoff,-10.0,0.0,11.94182937283365,0.0,2.877084606072204,nan,nan,nan,5.073865176547677,0.0,-0.0,0.0,0.0,35.6502767091165,18.76166303929372,0.5262697732300065
2.5083333333333333,takeoff,-10.0,0.0,11.953775133192845,0.0,2.8669824862069335,nan,nan,nan,5.073865176547677,0.0,-0.0,0.0,0.0,35.6502767091165,18.76166303929372,0.5262697732300065
2.5125,takeoff,-10.0,0.0,11.965678884270709,0.0,2.8569002586873213,nan,nan,nan,5.073865176547677,0.0,-0.0,0.0,0.0,35.6502767091165,18.76166303929372,0.5262697732300065
2.5166666666666666,takeoff,-10.0,0.0,11.977540758184082,0.0,2.8468497392095444,nan,nan,nan,5.0989239421498125,0.0,-0.0,0.0,0.0,35.6502767091165,18.76166303929372,0.5262697732300065
2.5208333333333335,takeoff,-10.0,0.0,11.989360877943572,0.0,2.836828742277605,nan,nan,nan,5.0989239421498125,0.0,-0.0,0.0,0.0,35.6502767091165,18.76166303929372,0.5262697732300065
2.525,takeoff,-10.0,0.0,12.001139358204059,0.0,2.826835262516765,nan,nan,nan,5.0989239421498125,0.0,-0.0,0.0,0.0,35.6502767091165,18.76166303929372,0.5262697732300065
2.529166666666667,takeoff,-10.0,0.0,12.012876305953773,0.0,2.816867459931368,nan,nan,nan,5.0989239421498125,0.0,-0.0,0.0,0.0,35.6502767091165,18.76166303929372,0.5262697732300065
2.533333333333333,takeoff,-10.0,0.0,12.024571821146896,0.0,2.8069236463494964,nan,nan,nan,5.0989239421498125,0.0,-0.0,0.0,0.0,54.846579552486915,18.76166303929372,0.3420753525995042
2.5375,takeoff,-10.0,0.0,12.03622599728424,0.0,2.797002272962139,nan,nan,nan,5.0989239421498125,0.0,-0.0,0.0,0.0,54.846579552486915,18.76166303929372,0.3420753525995042
2.5416666666666665,takeoff,-10.0,0.0,12.047838921946202,0.0,2.78710191887117,nan,nan,nan,5.0989239421498125,0.0,-0.0,0.0,0.0,54.846579552486915,18.76166303929372,0.3420753525995042
2.5458333333333334,takeoff,-10.0,0.0,12.059410677281896,0.0,2.7772212805667276,nan,nan,nan,5.0989239421498125,0.0,-0.0,0.0,0.0,54.846579552486915,18.76166303929372,0.3420753525995042
2.55,takeoff,-10.0,0.0,12.07094139881785,0.0,2.7673731686286893,nan,nan,nan,5.125866312688382,0.0,-0.0,0.0,0.0,54.846579552486915,18.76166303929372,0.3420753525995042
2.5541666666666667,takeoff,-10.0,0.0,12.08243121265733,0.0,2.7575553214751825,nan,nan,nan,5.125866312688382,0.0,-0.0,0.0,0.0,54.846579552486915,18.76166303929372,0.3420753525995042
2.558333333333333,takeoff,-10.0,0.0,12.093880236256858,0.0,2.747765663886686,nan,nan,nan,5.125866312688382,0.0,-0.0,0.0,0.0,54.846579552486915,18.76166303929372,0.3420753525995042
2.5625,takeoff,-10.0,0.0,12.105288579139192,0.0,2.7380022917601607,nan,nan,nan,5.125866312688382,0.0,-0.0,0.0,0.0,54.846579552486915,18.76166303929372,0.3420753525995042
2.5666666666666664,takeoff,-10.0,0.0,12.116656343547897,0.0,2.728263458089389,nan,nan,nan,5.125866312688382,0.0,-0.0,0.0,0.0,84.37935315767217,18.76166303929372,0.22234897918967775
2.5708333333333333,takeoff,-10.0,0.0,12.127983625048214,0.0,2.718547560076315,nan,nan,nan,5.125866312688382,0.0,-0.0,0.0,0.0,84.37935315767217,18.76166303929372,0.22234897918967775
2.575,takeoff,-10.0,0.0,12.139270513078568,0.0,2.708853127285008,nan,nan,nan,5.125866312688382,0.0,-0.0,0.0,0.0,84.37935315767217,18.76166303929372,0.22234897918967775
2.5791666666666666,takeoff,-10.0,0.0,12.150517091456718,0.0,2.6991788107563095,nan,nan,nan,5.125866312688382,0.0,-0.0,0.0,0.0,84.37935315767217,18.76166303929372,0.22234897918967775
2.5833333333333335,takeoff,-10.0,0.0,12.161723513569477,0.0,2.6895413070620413,nan,nan,nan,5.160352186399562,0.0,-0.0,0.0,0.0,84.37935315767217,18.76166303929372,0.22234897918967775
2.5875,takeoff,-10.0,0.0,12.172889921864646,0.0,2.679937990840732,nan,nan,nan,5.160352186399562,0.0,-0.0,0.0,0.0,84.37935315767217,18.76166303929372,0.22234897918967775
2.591666666666667,takeoff,-10.0,0.0,12.184016448751379,0.0,2.670366452815617,nan,nan,nan,5.160352186399562,0.0,-0.0,0.0,0.0,84.37935315767217,18.76166303929372,0.22234897918967775
2.595833333333333,takeoff,-10.0,0.0,12.19510321742707,0.0,2.6608244821656752,nan,nan,nan,5.160352186399562,0.0,-0.0,0.0,0.0,84.37935315767217,18.76166303929372,0.22234897918967775
2.6,takeoff,-10.0,0.0,12.20615034263668,0.0,2.6513100503066287,nan,nan,nan,5.160352186399562,0.0,-0.0,0.0,0.0,129.8143894733418,18.76166303929372,0.14452683647329054
2.6041666666666665,takeoff,-10.0,0.0,12.217157931369904,0.0,2.6418212959737413,nan,nan,nan,5.160352186399562,0.0,-0.0,0.0,0.0,129.8143894733418,18.76166303929372,0.14452683647329054
2.6083333333333334,takeoff,-10.0,0.0,12.228126083501179,0.0,2.6323565115057947,nan,nan,nan,5.160352186399562,0.0,-0.0,0.0,0.0,129.8143894733418,18.76166303929372,0.14452683647329054
2.6125,takeoff,-10.0,0.0,12.239054892377165,0.0,2.6229141302367456,nan,nan,nan,5.160352186399562,0.0,-0.0,0.0,0.0,129.8143894733418,18.76166303929372,0.14452683647329054
2.6166666666666667,takeoff,-10.0,0.0,12.24994444535595,0.0,2.6134927149083205,nan,nan,nan,5.160352186399562,0.0,-0.0,0.0,0.0,129.8143894733418,18.76166303929372,0.14452683647329054
2.620833333333333,takeoff,-10.0,0.0,12.26079482430188,0.0,2.60409094702315,nan,nan,nan,5.160352186399562,0.0,-0.0,0.0,0.0,129.8143894733418,18.76166303929372,0.14452683647329054
2.625,takeoff,-10.0,0.0,12.271606162834692,0.0,2.5947212478744874,nan,nan,nan,5.186528079231069,0.0,-0.0,0.0,0.0,129.8143894733418,18.76166303929372,0.14452683647329054
2.6291666666666664,takeoff,-10.0,0.0,12.282378585227328,0.0,2.585381374232714,nan,nan,nan,5.186528079231069,0.0,-0.0,0.0,0.0,129.8143894733418,18.76166303929372,0.14452683647329054
2.6333333333333333,takeoff,-10.0,0.0,12.293112207176389,0.0,2.5760692677746992,nan,nan,nan,5.186528079231069,0.0,-0.0,0.0,0.0,4.2427803240628545,19.183326093250876,4.521404510257808
2.6375,takeoff,-10.0,0.0,12.303807136509514,0.0,2.5667830399498563,nan,nan,nan,5.186528079231069,0.0,-0.0,0.0,0.0,4.2427803240628545,19.183326093250876,4.521404510257808
2.6416666666666666,takeoff,-10.0,0.0,12.314463473834783,0.0,2.5575209580645026,nan,nan,nan,5.186528079231069,0.0,-0.0,0.0,0.0,4.2427803240628545,19.183326093250876,4.521404510257808
2.6458333333333335,takeoff,-10.0,0.0,12.325081313136824,0.0,2.548281432489762,nan,nan,nan,5.186528079231069,0.0,-0.0,0.0,0.0,4.2427803240628545,19.183326093250876,4.521404510257808
2.65,takeoff,-10.0,0.0,12.33566074232393,0.0,2.5390630049050644,nan,nan,nan,5.186528079231069,0.0,-0.0,0.0,0.0,4.2427803240628545,19.183326093250876,4.521404510257808
2.654166666666667,takeoff,-10.0,0.0,12.346201843730162,0.0,2.529864337495727,nan,nan,nan,5.186528079231069,0.0,-0.0,0.0,0.0,4.2427803240628545,19.183326093250876,4.521404510257808
2.658333333333333,takeoff,-10.0,0.0,12.356704767094415,0.0,2.520701607420798,nan,nan,nan,5.219938574076433,0.0,-0.0,0.0,0.0,4.2427803240628545,19.183326093250876,4.521404510257808
2.6625,takeoff,-10.0,0.0,12.3671696514369,0.0,2.511572242196345,nan,nan,nan,5.219938574076433,0.0,-0.0,0.0,0.0,4.2427803240628545,19.183326093250876,4.521404510257808
2.6666666666666665,takeoff,-10.0,0.0,12.377596625941752,0.0,2.5024738811647684,nan,nan,nan,5.219938574076433,0.0,-0.0,0.0,0.0,nan,nan,nan
2.6708333333333334,takeoff,-10.0,0.0,12.387985810767585,0.0,2.493404358199674,nan,nan,nan,5.219938574076433,0.0,-0.0,0.0,0.0,nan,nan,nan
2.675,takeoff,-10.0,0.0,12.398337317791736,0.0,2.484361685796146,nan,nan,nan,5.219938574076433,0.0,-0.0,0.0,0.0,nan,nan,nan
2.6791666666666667,takeoff,-10.0,0.0,12.408651251293568,0.0,2.4753440404398015,nan,nan,nan,5.219938574076433,0.0,-0.0,0.0,0.0,nan,nan,nan
2.683333333333333,takeoff,-10.0,0.0,12.418927708581716,0.0,2.4663497491554804,nan,nan,nan,5.219938574076433,0.0,-0.0,0.0,0.0,nan,nan,nan
2.6875,takeoff,-10.0,0.0,12.429166780569814,0.0,2.4573772771435145,nan,nan,nan,5.219938574076433,0.0,-0.0,0.0,0.0,nan,nan,nan
2.6916666666666664,takeoff,-10.0,0.0,12.439368608066651,0.0,2.4484385992411366,nan,nan,nan,5.245610882629569,0.0,-0.0,0.0,0.0,nan,nan,nan
2.6958333333333333,takeoff,-10.0,0.0,12.449533321863585,0.0,2.439531311264346,nan,nan,nan,5.245610882629569,0.0,-0.0,0.0,0.0,nan,nan,nan
2.7,takeoff,-10.0,0.0,12.459661043559988,0.0,2.430653207136615,nan,nan,nan,5.245610882629569,0.0,-0.0,0.0,0.0,nan,nan,nan
2.7041666666666666,takeoff,-10.0,0.0,12.469751886321196,0.0,2.421802262689998,nan,nan,nan,5.245610882629569,0.0,-0.0,0.0,0.0,nan,nan,nan
2.7083333333333335,takeoff,-10.0,0.0,12.479805955574395,0.0,2.412976620767693,nan,nan,nan,5.245610882629569,0.0,-0.0,0.0,0.0,nan,nan,nan
2.7125,takeoff,-10.0,0.0,12.489823349647425,0.0,2.404174577527249,nan,nan,nan,5.245610882629569,0.0,-0.0,0.0,0.0,nan,nan,nan
2.716666666666667,takeoff,-10.0,0.0,12.499804160355136,0.0,2.3953945698508154,nan,nan,nan,5.245610882629569,0.0,-0.0,0.0,0.0,nan,nan,nan
2.720833333333333,takeoff,-10.0,0.0,12.509748473537535,0.0,2.3866351637755763,nan,nan,nan,5.245610882629569,0.0,-0.0,0.0,0.0,nan,nan,nan
2.725,takeoff,-10.0,0.0,12.519656440131842,0.0,2.377911982633591,nan,nan,nan,5.278086648463203,0.0,-0.0,0.0,0.0,nan,nan,nan
2.7291666666666665,takeoff,-10.0,0.0,12.529528200180769,0.0,2.3692224117426695,nan,nan,nan,5.278086648463203,0.0,-0.0,0.0,0.0,nan,nan,nan
2.7333333333333334,takeoff,-10.0,0.0,12.539363883729683,0.0,2.360564051739383,nan,nan,nan,5.278086648463203,0.0,-0.0,0.0,0.0,5.0501706717238575,19.183326093250876,3.798550057062273
2.7375,takeoff,-10.0,0.0,12.549163611650512,0.0,2.3519347009987577,nan,nan,nan,5.278086648463203,0.0,-0.0,0.0,0.0,5.0501706717238575,19.183326093250876,3.798550057062273
2.7416666666666667,takeoff,-10.0,0.0,12.55892749639827,0.0,2.343332339462151,nan,nan,nan,5.278086648463203,0.0,-0.0,0.0,0.0,5.0501706717238575,19.183326093250876,3.798550057062273
2.745833333333333,takeoff,-10.0,0.0,12.568655642705625,0.0,2.334755113764954,nan,nan,nan,5.278086648463203,0.0,-0.0,0.0,0.0,5.0501706717238575,19.183326093250876,3.798550057062273
2.75,takeoff,-10.0,0.0,12.578348148220472,0.0,2.3262013235633505,nan,nan,nan,5.278086648463203,0.0,-0.0,0.0,0.0,5.0501706717238575,19.183326093250876,3.798550057062273
2.7541666666666664,takeoff,-10.0,0.0,12.588005104091167,0.0,2.3176694089665797,nan,nan,nan,5.278086648463203,0.0,-0.0,0.0,0.0,5.0501706717238575,19.183326093250876,3.798550057062273
2.7583333333333333,takeoff,-10.0,0.0,12.597626595503616,0.0,2.3091579389879153,nan,nan,nan,5.278086648463203,0.0,-0.0,0.0,0.0,5.0501706717238575,19.183326093250876,3.798550057062273
2.7625,takeoff,-10.0,0.0,12.607212702174174,0.0,2.3006656009339803,nan,nan,nan,5.278086648463203,0.0,-0.0,0.0,0.0,5.0501706717238575,19.183326093250876,3.798550057062273
2.7666666666666666,takeoff,-10.0,0.0,12.616763553499299,0.0,2.292204318030088,nan,nan,nan,5.303221315803587,0.0,-0.0,0.0,0.0,nan,nan,nan
2.7708333333333335,takeoff,-10.0,0.0,12.626279269721243,0.0,2.2837718932668403,nan,nan,nan,5.303221315803587,0.0,-0.0,0.0,0.0,nan,nan,nan
2.775,takeoff,-10.0,0.0,12.635759962683078,0.0,2.27536631084068,nan,nan,nan,5.303221315803587,0.0,-0.0,0.0,0.0,nan,nan,nan
2.779166666666667,takeoff,-10.0,0.0,12.645205736521865,0.0,2.2669857213087425,nan,nan,nan,5.303221315803587,0.0,-0.0,0.0,0.0,nan,nan,nan
2.783333333333333,takeoff,-10.0,0.0,12.654616688304952,0.0,2.258628427940944,nan,nan,nan,5.303221315803587,0.0,-0.0,0.0,0.0,nan,nan,nan
2.7875,takeoff,-10.0,0.0,12.663992908614018,0.0,2.2502928741758197,nan,nan,nan,5.303221315803587,0.0,-0.0,0.0,0.0,nan,nan,nan
2.7916666666666665,takeoff,-10.0,0.0,12.673334482081074,0.0,2.2419776320934357,nan,nan,nan,5.303221315803587,0.0,-0.0,0.0,0.0,nan,nan,nan
2.7958333333333334,takeoff,-10.0,0.0,12.682641487880346,0.0,2.2336813918250624,nan,nan,nan,5.303221315803587,0.0,-0.0,0.0,0.0,nan,nan,nan
2.8,takeoff,-10.0,0.0,12.69191405753451,0.0,2.225416716999304,nan,nan,nan,5.32956185842781,0.0,-0.0,0.0,0.0,6.081258972945133,19.183326093250876,3.1544991224013694
2.8041666666666667,takeoff,-10.0,0.0,12.701152313200843,0.0,2.2171813599201458,nan,nan,nan,5.32956185842781,0.0,-0.0,0.0,0.0,6.081258972945133,19.183326093250876,3.1544991224013694
2.808333333333333,takeoff,-10.0,0.0,12.710356368443612,0.0,2.2089732582644994,nan,nan,nan,5.32956185842781,0.0,-0.0,0.0,0.0,6.081258972945133,19.183326093250876,3.1544991224013694
2.8125,takeoff,-10.0,0.0,12.719526328943195,0.0,2.2007905198996083,nan,nan,nan,5.32956185842781,0.0,-0.0,0.0,0.0,6.081258972945133,19.183326093250876,3.1544991224013694
2.8166666666666664,takeoff,-10.0,0.0,12.728662293147046,0.0,2.1926314089242336,nan,nan,nan,5.32956185842781,0.0,-0.0,0.0,0.0,6.081258972945133,19.183326093250876,3.1544991224013694
2.8208333333333333,takeoff,-10.0,0.0,12.737764352867206,0.0,2.1844943328381863,nan,nan,nan,5.32956185842781,0.0,-0.0,0.0,0.0,6.081258972945133,19.183326093250876,3.1544991224013694
2.825,takeoff,-10.0,0.0,12.746832593828671,0.0,2.176377830751675,nan,nan,nan,5.32956185842781,0.0,-0.0,0.0,0.0,6.081258972945133,19.183326093250876,3.1544991224013694
2.8291666666666666,takeoff,-10.0,0.0,12.75586709617264,0.0,2.1682805625524515,nan,nan,nan,5.32956185842781,0.0,-0.0,0.0,0.0,6.081258972945133,19.183326093250876,3.1544991224013694
2.8333333333333335,takeoff,-10.0,0.0,12.764868004695407,0.0,2.1602180454640845,nan,nan,nan,5.361597140546288,0.0,-0.0,0.0,0.0,nan,nan,nan
2.8375,takeoff,-10.0,0.0,12.773835453690852,0.0,2.1521877589068716,nan,nan,nan,5.361597140546288,0.0,-0.0,0.0,0.0,nan,nan,nan
2.841666666666667,takeoff,-10.0,0.0,12.782769567815889,0.0,2.1441873900087773,nan,nan,nan,5.361597140546288,0.0,-0.0,0.0,0.0,nan,nan,nan
2.845833333333333,takeoff,-10.0,0.0,12.791670462885165,0.0,2.1362148166262775,nan,nan,nan,5.361597140546288,0.0,-0.0,0.0,0.0,nan,nan,nan
2.85,takeoff,-10.0,0.0,12.8005382466007,0.0,2.1282680917284487,nan,nan,nan,5.361597140546288,0.0,-0.0,0.0,0.0,nan,nan,nan
2.8541666666666665,takeoff,-10.0,0.0,12.809373019221695,0.0,2.120345429038868,nan,nan,nan,5.361597140546288,0.0,-0.0,0.0,0.0,nan,nan,nan
2.8583333333333334,takeoff,-10.0,0.0,12.81817487417935,0.0,2.112445189837386,nan,nan,nan,5.361597140546288,0.0,-0.0,0.0,0.0,nan,nan,nan
2.8625,takeoff,-10.0,0.0,12.826943898641145,0.0,2.1045658708308963,nan,nan,nan,5.361597140546288,0.0,-0.0,0.0,0.0,nan,nan,nan
2.8666666666666667,takeoff,-10.0,0.0,12.835680174028683,0.0,2.096706093008883,nan,nan,nan,5.361597140546288,0.0,-0.0,0.0,0.0,nan,nan,nan
2.870833333333333,takeoff,-10.0,0.0,12.844383776492874,0.0,2.088864591405779,nan,nan,nan,5.361597140546288,0.0,-0.0,0.0,0.0,nan,nan,nan
2.875,takeoff,-10.0,0.0,12.853054831898588,0.0,2.0810532973712634,nan,nan,nan,5.386611668553732,0.0,-0.0,0.0,0.0,nan,nan,nan
2.8791666666666664,takeoff,-10.0,0.0,12.86169345713433,0.0,2.0732700565778375,nan,nan,nan,5.386611668553732,0.0,-0.0,0.0,0.0,nan,nan,nan
2.8833333333333333,takeoff,-10.0,0.0,12.870299760852928,0.0,2.0655128924637225,nan,nan,nan,5.386611668553732,0.0,-0.0,0.0,0.0,nan,nan,nan
2.8875,takeoff,-10.0,0.0,12.878873844151508,0.0,2.0577799916590727,nan,nan,nan,5.386611668553732,0.0,-0.0,0.0,0.0,nan,nan,nan
2.8916666666666666,takeoff,-10.0,0.0,12.88741580119563,0.0,2.0500696905891562,nan,nan,nan,5.386611668553732,0.0,-0.0,0.0,0.0,nan,nan,nan
2.8958333333333335,takeoff,-10.0,0.0,12.895925719792139,0.0,2.042380463162352,nan,nan,nan,5.386611668553732,0.0,-0.0,0.0,0.0,nan,nan,nan
2.9,takeoff,-10.0,0.0,12.904403681914879,0.0,2.03471090945754,nan,nan,nan,5.386611668553732,0.0,-0.0,0.0,0.0,5.603975728600383,19.183326093250876,3.4231636649222237
2.904166666666667,takeoff,-10.0,0.0,12.912849764187094,0.0,2.0270597453317962,nan,nan,nan,5.386611668553732,0.0,-0.0,0.0,0.0,5.603975728600383,19.183326093250876,3.4231636649222237
2.908333333333333,takeoff,-10.0,0.0,12.921264104865038,0.0,2.019441762706748,nan,nan,nan,5.4171161478479215,0.0,-0.0,0.0,0.0,5.603975728600383,19.183326093250876,3.4231636649222237
2.9125,takeoff,-10.0,0.0,12.929646832165286,0.0,2.011854552059505,nan,nan,nan,5.4171161478479215,0.0,-0.0,0.0,0.0,5.603975728600383,19.183326093250876,3.4231636649222237
2.9166666666666665,takeoff,-10.0,0.0,12.937998065092543,0.0,2.0042959025417244,nan,nan,nan,5.4171161478479215,0.0,-0.0,0.0,0.0,5.603975728600383,19.183326093250876,3.4231636649222237
2.9208333333333334,takeoff,-10.0,0.0,12.946317914199712,0.0,1.9967637857205107,nan,nan,nan,5.4171161478479215,0.0,-0.0,0.0,0.0,5.603975728600383,19.183326093250876,3.4231636649222237
2.925,takeoff,-10.0,0.0,12.95460648228566,0.0,1.9892563406276726,nan,nan,nan,5.4171161478479215,0.0,-0.0,0.0,0.0,5.603975728600383,19.183326093250876,3.4231636649222237
2.9291666666666667,takeoff,-10.0,0.0,12.962863865035725,0.0,1.981771860015678,nan,nan,nan,5.4171161478479215,0.0,-0.0,0.0,0.0,5.603975728600383,19.183326093250876,3.4231636649222237
2.933333333333333,takeoff,-10.0,0.0,12.971090151609584,0.0,1.9743087777259372,nan,nan,nan,5.4171161478479215,0.0,-0.0,0.0,0.0,nan,nan,nan
2.9375,takeoff,-10.0,0.0,12.979285425180759,0.0,1.9668656570819354,nan,nan,nan,5.4171161478479215,0.0,-0.0,0.0,0.0,nan,nan,nan
2.9416666666666664,takeoff,-10.0,0.0,12.987449815845103,0.0,1.959453759442443,nan,nan,nan,5.4411299692655515,0.0,-0.0,0.0,0.0,nan,nan,nan
2.9458333333333333,takeoff,-10.0,0.0,12.995583444298925,0.0,1.952070828917274,nan,nan,nan,5.4411299692655515,0.0,-0.0,0.0,0.0,nan,nan,nan
2.95,takeoff,-10.0,0.0,13.003686422614493,0.0,1.9447147957362065,nan,nan,nan,5.4411299692655515,0.0,-0.0,0.0,0.0,nan,nan,nan
2.9541666666666666,takeoff,-10.0,0.0,13.011758854951985,0.0,1.937383760998061,nan,nan,nan,5.4411299692655515,0.0,-0.0,0.0,0.0,nan,nan,nan
2.9583333333333335,takeoff,-10.0,0.0,13.019800838213028,0.0,1.930075982650119,nan,nan,nan,5.4411299692655515,0.0,-0.0,0.0,0.0,nan,nan,nan
2.9625,takeoff,-10.0,0.0,13.027812462640535,0.0,1.9227898626017677,nan,nan,nan,5.4411299692655515,0.0,-0.0,0.0,0.0,nan,nan,nan
2.966666666666667,takeoff,-10.0,0.0,13.035793812369215,0.0,1.9155239348832462,nan,nan,nan,5.4411299692655515,0.0,-0.0,0.0,0.0,6.403196541751741,19.183326093250876,2.9958983717221397
2.970833333333333,takeoff,-10.0,0.0,13.043744965930744,0.0,1.9082768547669404,nan,nan,nan,5.4411299692655515,0.0,-0.0,0.0,0.0,6.403196541751741,19.183326093250876,2.9958983717221397
2.975,takeoff,-10.0,0.0,13.051666060458475,0.0,1.9010626866555198,nan,nan,nan,5.470319907248095,0.0,-0.0,0.0,0.0,6.403196541751741,19.183326093250876,2.9958983717221397
2.9791666666666665,takeoff,-10.0,0.0,13.05955722306615,0.0,1.8938790258419458,nan,nan,nan,5.470319907248095,0.0,-0.0,0.0,0.0,6.403196541751741,19.183326093250876,2.9958983717221397
2.9833333333333334,takeoff,-10.0,0.0,13.067418571674228,0.0,1.8867236659387285,nan,nan,nan,5.470319907248095,0.0,-0.0,0.0,0.0,6.403196541751741,19.183326093250876,2.9958983717221397
2.9875,takeoff,-10.0,0.0,13.075250215768573,0.0,1.8795945826430855,nan,nan,nan,5.470319907248095,0.0,-0.0,0.0,0.0,6.403196541751741,19.183326093250876,2.9958983717221397
2.9916666666666667,takeoff,-10.0,0.0,13.083052257096945,0.0,1.8724899188092359,nan,nan,nan,5.470319907248095,0.0,-0.0,0.0,0.0,6.403196541751741,19.183326093250876,2.9958983717221397
2.995833333333333,takeoff,-10.0,0.0,13.090824790308304,0.0,1.8654079707261408,nan,nan,nan,5.470319907248095,0.0,-0.0,0.0,0.0,6.403196541751741,19.183326093250876,2.9958983717221397
3.0,takeoff,-10.0,0.0,13.09856790353958,0.0,1.858347175506329,nan,nan,nan,5.470319907248095,0.0,-0.0,0.0,0.0,nan,nan,nan
3.0041666666666664,takeoff,-10.0,0.0,13.106281678954156,0.0,1.8513060994983388,nan,nan,nan,5.470319907248095,0.0,-0.0,0.0,0.0,nan,nan,nan
3.0083333333333333,takeoff,-10.0,0.0,13.113966193235997,0.0,1.844283427641786,nan,nan,nan,5.470319907248095,0.0,-0.0,0.0,0.0,nan,nan,nan
3.0125,takeoff,-10.0,0.0,13.121621518043039,0.0,1.8372779536901307,nan,nan,nan,5.470319907248095,0.0,-0.0,0.0,0.0,nan,nan,nan
3.0166666666666666,takeoff,-10.0,0.0,13.129247770848556,0.0,1.830300673324051,nan,nan,nan,5.4933858328283005,0.0,-0.0,0.0,0.0,nan,nan,nan
3.0208333333333335,takeoff,-10.0,0.0,13.136845060695899,0.0,1.823349563362386,nan,nan,nan,5.4933858328283005,0.0,-0.0,0.0,0.0,nan,nan,nan
3.025,takeoff,-10.0,0.0,13.14441348889466,0.0,1.816422767702602,nan,nan,nan,5.4933858328283005,0.0,-0.0,0.0,0.0,nan,nan,nan
3.029166666666667,takeoff,-10.0,0.0,13.151953149659676,0.0,1.8095185836035317,nan,nan,nan,5.4933858328283005,0.0,-0.0,0.0,0.0,nan,nan,nan
3.033333333333333,takeoff,-10.0,0.0,13.159464130697504,0.0,1.802635449079006,nan,nan,nan,5.4933858328283005,0.0,-0.0,0.0,0.0,6.813763815052338,19.183326093250876,2.815378785345163
3.0375,takeoff,-10.0,0.0,13.16694651374465,0.0,1.7957719313148923,nan,nan,nan,5.4933858328283005,0.0,-0.0,0.0,0.0,6.813763815052338,19.183326093250876,2.815378785345163
3.0416666666666665,takeoff,-10.0,0.0,13.174400375061435,0.0,1.7889267160285371,nan,nan,nan,5.4933858328283005,0.0,-0.0,0.0,0.0,6.813763815052338,19.183326093250876,2.815378785345163
3.0458333333333334,takeoff,-10.0,0.0,13.181825785885167,0.0,1.7820985976956802,nan,nan,nan,5.4933858328283005,0.0,-0.0,0.0,0.0,6.813763815052338,19.183326093250876,2.815378785345163
3.05,takeoff,-10.0,0.0,13.189222864977538,0.0,1.7752989821690195,nan,nan,nan,5.517221052233138,0.0,-0.0,0.0,0.0,6.813763815052338,19.183326093250876,2.815378785345163
3.0541666666666667,takeoff,-10.0,0.0,13.19659172253066,0.0,1.7685258127494003,nan,nan,nan,5.517221052233138,0.0,-0.0,0.0,0.0,6.813763815052338,19.183326093250876,2.815378785345163
3.058333333333333,takeoff,-10.0,0.0,13.203932460874745,0.0,1.7617772025802987,nan,nan,nan,5.517221052233138,0.0,-0.0,0.0,0.0,6.813763815052338,19.183326093250876,2.815378785345163
3.0625,takeoff,-10.0,0.0,13.211245175127685,0.0,1.7550514207056533,nan,nan,nan,5.517221052233138,0.0,-0.0,0.0,0.0,6.813763815052338,19.183326093250876,2.815378785345163
3.0666666666666664,takeoff,-10.0,0.0,13.218529953791252,0.0,1.748346879256458,nan,nan,nan,5.517221052233138,0.0,-0.0,0.0,0.0,nan,nan,nan
3.0708333333333333,takeoff,-10.0,0.0,13.22578687929824,0.0,1.7416621216772767,nan,nan,nan,5.517221052233138,0.0,-0.0,0.0,0.0,nan,nan,nan
3.075,takeoff,-10.0,0.0,13.233016028514534,0.0,1.734995811910424,nan,nan,nan,5.517221052233138,0.0,-0.0,0.0,0.0,nan,nan,nan
3.0791666666666666,takeoff,-10.0,0.0,13.240217473199792,0.0,1.7283467244617032,nan,nan,nan,5.517221052233138,0.0,-0.0,0.0,0.0,nan,nan,nan
3.0833333333333335,takeoff,-10.0,0.0,13.24739134201242,0.0,1.7217285150310866,nan,nan,nan,5.545369435992292,0.0,-0.0,0.0,0.0,nan,nan,nan
3.0875,takeoff,-10.0,0.0,13.254537754185515,0.0,1.715138921542461,nan,nan,nan,5.545369435992292,0.0,-0.0,0.0,0.0,nan,nan,nan
3.091666666666667,takeoff,-10.0,0.0,13.261656820304749,0.0,1.7085758686161074,nan,nan,nan,5.545369435992292,0.0,-0.0,0.0,0.0,nan,nan,nan
3.095833333333333,takeoff,-10.0,0.0,13.268748643022516,0.0,1.7020374522640114,nan,nan,nan,5.545369435992292,0.0,-0.0,0.0,0.0,nan,nan,nan
3.1,takeoff,-10.0,0.0,13.275813317713435,0.0,1.695521925820815,nan,nan,nan,5.545369435992292,0.0,-0.0,0.0,0.0,7.003490650294359,19.183326093250876,2.739109260100832
3.1041666666666665,takeoff,-10.0,0.0,13.282850933075993,0.0,1.6890276870137306,nan,nan,nan,5.545369435992292,0.0,-0.0,0.0,0.0,7.003490650294359,19.183326093250876,2.739109260100832
3.1083333333333334,takeoff,-10.0,0.0,13.289861571684668,0.0,1.682553266081792,nan,nan,nan,5.545369435992292,0.0,-0.0,0.0,0.0,7.003490650294359,19.183326093250876,2.739109260100832
3.1125,takeoff,-10.0,0.0,13.29684531049659,0.0,1.6760973148614475,nan,nan,nan,5.545369435992292,0.0,-0.0,0.0,0.0,7.003490650294359,19.183326093250876,2.739109260100832
3.1166666666666667,takeoff,-10.0,0.0,13.30380222131643,0.0,1.6696585967617137,nan,nan,nan,5.545369435992292,0.0,-0.0,0.0,0.0,7.003490650294359,19.183326093250876,2.739109260100832
3.120833333333333,takeoff,-10.0,0.0,13.31073237122292,0.0,1.663235977557903,nan,nan,nan,5.545369435992292,0.0,-0.0,0.0,0.0,7.003490650294359,19.183326093250876,2.739109260100832
3.125,takeoff,-10.0,0.0,13.317635871879103,0.0,1.6568401574837608,nan,nan,nan,5.567707828714585,0.0,-0.0,0.0,0.0,7.003490650294359,19.183326093250876,2.739109260100832
3.1291666666666664,takeoff,-10.0,0.0,13.324512826894164,0.0,1.6504692036146638,nan,nan,nan,5.567707828714585,0.0,-0.0,0.0,0.0,7.003490650294359,19.183326093250876,2.739109260100832
3.1333333333333333,takeoff,-10.0,0.0,13.331363332488904,0.0,1.644121342737595,nan,nan,nan,5.567707828714585,0.0,-0.0,0.0,0.0,10.77460100045286,19.183326093250876,1.780421019065541
3.1375,takeoff,-10.0,0.0,13.338187478106514,0.0,1.6377949482262986,nan,nan,nan,5.567707828714585,0.0,-0.0,0.0,0.0,10.77460100045286,19.183326093250876,1.780421019065541
3.1416666666666666,takeoff,-10.0,0.0,13.344985346973102,0.0,1.6314885279813047,nan,nan,nan,5.567707828714585,0.0,-0.0,0.0,0.0,10.77460100045286,19.183326093250876,1.780421019065541
3.1458333333333335,takeoff,-10.0,0.0,13.351757016612064,0.0,1.625200713350645,nan,nan,nan,5.567707828714585,0.0,-0.0,0.0,0.0,10.77460100045286,19.183326093250876,1.780421019065541
3.15,takeoff,-10.0,0.0,13.358502559316037,0.0,1.618930248953374,nan,nan,nan,5.567707828714585,0.0,-0.0,0.0,0.0,10.77460100045286,19.183326093250876,1.780421019065541
3.154166666666667,takeoff,-10.0,0.0,13.365222042579928,0.0,1.6126759833338897,nan,nan,nan,5.567707828714585,0.0,-0.0,0.0,0.0,10.77460100045286,19.183326093250876,1.780421019065541
3.158333333333333,takeoff,-10.0,0.0,13.371915587579554,0.0,1.6064507999101905,nan,nan,nan,5.5942234308279275,0.0,-0.0,0.0,0.0,10.77460100045286,19.183326093250876,1.780421019065541
3.1625,takeoff,-10.0,0.0,13.378583306614193,0.0,1.6002525683131295,nan,nan,nan,5.5942234308279275,0.0,-0.0,0.0,0.0,10.77460100045286,19.183326093250876,1.780421019065541
3.1666666666666665,takeoff,-10.0,0.0,13.385225303839631,0.0,1.5940793341053867,nan,nan,nan,5.5942234308279275,0.0,-0.0,0.0,0.0,16.576309231465938,19.183326093250876,1.1572736623926017
3.1708333333333334,takeoff,-10.0,0.0,13.391841675941057,0.0,1.5879293043425216,nan,nan,nan,5.5942234308279275,0.0,-0.0,0.0,0.0,16.576309231465938,19.183326093250876,1.1572736623926017
3.175,takeoff,-10.0,0.0,13.39843251275065,0.0,1.5818008343024383,nan,nan,nan,5.5942234308279275,0.0,-0.0,0.0,0.0,16.576309231465938,19.183326093250876,1.1572736623926017
3.1791666666666667,takeoff,-10.0,0.0,13.404997897814365,0.0,1.575692415291407,nan,nan,nan,5.5942234308279275,0.0,-0.0,0.0,0.0,16.576309231465938,19.183326093250876,1.1572736623926017
3.183333333333333,takeoff,-10.0,0.0,13.411537908912038,0.0,1.569602663441563,nan,nan,nan,5.5942234308279275,0.0,-0.0,0.0,0.0,16.576309231465938,19.183326093250876,1.1572736623926017
3.1875,takeoff,-10.0,0.0,13.418052618534626,0.0,1.5635303094211628,nan,nan,nan,5.5942234308279275,0.0,-0.0,0.0,0.0,16.576309231465938,19.183326093250876,1.1572736623926017
3.1916666666666664,takeoff,-10.0,0.0,13.424542140720316,0.0,1.5574853245657267,nan,nan,nan,5.615395301546582,0.0,-0.0,0.0,0.0,16.576309231465938,19.183326093250876,1.1572736623926017
3.1958333333333333,takeoff,-10.0,0.0,13.431006581190575,0.0,1.5514657128620974,nan,nan,nan,5.615395301546582,0.0,-0.0,0.0,0.0,16.576309231465938,19.183326093250876,1.1572736623926017
3.2,takeoff,-10.0,0.0,13.437446038037306,0.0,1.545469643215724,nan,nan,nan,5.615395301546582,0.0,-0.0,0.0,0.0,25.502014202255285,19.183326093250876,0.7522278805551911
3.2041666666666666,takeoff,-10.0,0.0,13.443860602353563,0.0,1.5394954359015223,nan,nan,nan,5.615395301546582,0.0,-0.0,0.0,0.0,25.502014202255285,19.183326093250876,0.7522278805551911
3.2083333333333335,takeoff,-10.0,0.0,13.450250358812369,0.0,1.5335415501134042,nan,nan,nan,5.615395301546582,0.0,-0.0,0.0,0.0,25.502014202255285,19.183326093250876,0.7522278805551911
3.2125,takeoff,-10.0,0.0,13.456615386197893,0.0,1.527606572525736,nan,nan,nan,5.615395301546582,0.0,-0.0,0.0,0.0,25.502014202255285,19.183326093250876,0.7522278805551911
3.216666666666667,takeoff,-10.0,0.0,13.462955757892836,0.0,1.521689206786442,nan,nan,nan,5.615395301546582,0.0,-0.0,0.0,0.0,25.502014202255285,19.183326093250876,0.7522278805551911
3.220833333333333,takeoff,-10.0,0.0,13.469271542325616,0.0,1.5157882638675253,nan,nan,nan,5.615395301546582,0.0,-0.0,0.0,0.0,25.502014202255285,19.183326093250876,0.7522278805551911
3.225,takeoff,-10.0,0.0,13.475562858452273,0.0,1.5099158703974278,nan,nan,nan,5.640515069005838,0.0,-0.0,0.0,0.0,25.502014202255285,19.183326093250876,0.7522278805551911
3.2291666666666665,takeoff,-10.0,0.0,13.481829816470807,0.0,1.5040699244483489,nan,nan,nan,5.640515069005838,0.0,-0.0,0.0,0.0,25.502014202255285,19.183326093250876,0.7522278805551911
3.2333333333333334,takeoff,-10.0,0.0,13.488072518544636,0.0,1.4982484977188022,nan,nan,nan,5.640515069005838,0.0,-0.0,0.0,0.0,39.233868003469674,19.183326093250876,0.4889481223608742
3.2375,takeoff,-10.0,0.0,13.49429105946663,0.0,1.492449821278362,nan,nan,nan,5.640515069005838,0.0,-0.0,0.0,0.0,39.233868003469674,19.183326093250876,0.4889481223608742
3.2416666666666667,takeoff,-10.0,0.0,13.500485527268575,0.0,1.4866722724668104,nan,nan,nan,5.640515069005838,0.0,-0.0,0.0,0.0,39.233868003469674,19.183326093250876,0.4889481223608742
3.245833333333333,takeoff,-10.0,0.0,13.506656003780478,0.0,1.480914362856799,nan,nan,nan,5.640515069005838,0.0,-0.0,0.0,0.0,39.233868003469674,19.183326093250876,0.4889481223608742
3.25,takeoff,-10.0,0.0,13.512802565143794,0.0,1.4751747271958577,nan,nan,nan,5.640515069005838,0.0,-0.0,0.0,0.0,39.233868003469674,19.183326093250876,0.4889481223608742
3.2541666666666664,takeoff,-10.0,0.0,13.518925282282336,0.0,1.4694521132498997,nan,nan,nan,5.640515069005838,0.0,-0.0,0.0,0.0,39.233868003469674,19.183326093250876,0.4889481223608742
3.2583333333333333,takeoff,-10.0,0.0,13.52502422133432,0.0,1.4637453724762497,nan,nan,nan,5.640515069005838,0.0,-0.0,0.0,0.0,39.233868003469674,19.183326093250876,0.4889481223608742
3.2624999999999997,takeoff,-10.0,0.0,13.531099444048735,0.0,1.458053451459733,nan,nan,nan,5.640515069005838,0.0,-0.0,0.0,0.0,39.233868003469674,19.183326093250876,0.4889481223608742
3.2666666666666666,takeoff,-10.0,0.0,13.537151052251918,0.0,1.4523859687637555,nan,nan,nan,5.660613073833019,0.0,-0.0,0.0,0.0,60.35979692841487,19.183326093250876,0.31781627953456826
3.2708333333333335,takeoff,-10.0,0.0,13.543179140398715,0.0,1.4467411552311242,nan,nan,nan,5.660613073833019,0.0,-0.0,0.0,0.0,60.35979692841487,19.183326093250876,0.31781627953456826
3.275,takeoff,-10.0,0.0,13.549183796182064,0.0,1.4411173880034671,nan,nan,nan,5.660613073833019,0.0,-0.0,0.0,0.0,60.35979692841487,19.183326093250876,0.31781627953456826
3.279166666666667,takeoff,-10.0,0.0,13.5551651010924,0.0,1.4355131784807196,nan,nan,nan,5.660613073833019,0.0,-0.0,0.0,0.0,60.35979692841487,19.183326093250876,0.31781627953456826
3.283333333333333,takeoff,-10.0,0.0,13.561123130930985,0.0,1.4299271612603375,nan,nan,nan,5.660613073833019,0.0,-0.0,0.0,0.0,60.35979692841487,19.183326093250876,0.31781627953456826
3.2875,takeoff,-10.0,0.0,13.567057956280895,0.0,1.424358083978331,nan,nan,nan,5.660613073833019,0.0,-0.0,0.0,0.0,60.35979692841487,19.183326093250876,0.31781627953456826
3.2916666666666665,takeoff,-10.0,0.0,13.572969642939144,0.0,1.4188047979801126,nan,nan,nan,5.660613073833019,0.0,-0.0,0.0,0.0,60.35979692841487,19.183326093250876,0.31781627953456826
3.2958333333333334,takeoff,-10.0,0.0,13.578858252313122,0.0,1.413266249754652,nan,nan,nan,5.660613073833019,0.0,-0.0,0.0,0.0,60.35979692841487,19.183326093250876,0.31781627953456826
3.3,takeoff,-10.0,0.0,13.584723894000609,0.0,1.4077540049970894,nan,nan,nan,5.684402596191774,0.0,-0.0,0.0,0.0,92.86122604371519,19.183326093250876,0.20658058169746937
3.3041666666666667,takeoff,-10.0,0.0,13.590566669551722,0.0,1.4022661322668426,nan,nan,nan,5.684402596191774,0.0,-0.0,0.0,0.0,92.86122604371519,19.183326093250876,0.20658058169746937
3.308333333333333,takeoff,-10.0,0.0,13.596386673134122,0.0,1.396800859776015,nan,nan,nan,5.684402596191774,0.0,-0.0,0.0,0.0,92.86122604371519,19.183326093250876,0.20658058169746937
3.3125,takeoff,-10.0,0.0,13.602183992143553,0.0,1.39135656226356,nan,nan,nan,5.684402596191774,0.0,-0.0,0.0,0.0,92.86122604371519,19.183326093250876,0.20658058169746937
3.3166666666666664,takeoff,-10.0,0.0,13.607958707764118,0.0,1.3859317489352463,nan,nan,nan,5.684402596191774,0.0,-0.0,0.0,0.0,92.86122604371519,19.183326093250876,0.20658058169746937
3.3208333333333333,takeoff,-10.0,0.0,13.613710895482388,0.0,1.380525052385045,nan,nan,nan,5.684402596191774,0.0,-0.0,0.0,0.0,92.86122604371519,19.183326093250876,0.20658058169746937
3.3249999999999997,takeoff,-10.0,0.0,13.619440625559138,0.0,1.3751352184198784,nan,nan,nan,5.684402596191774,0.0,-0.0,0.0,0.0,92.86122604371519,19.183326093250876,0.20658058169746937
3.3291666666666666,takeoff,-10.0,0.0,13.625147963462119,0.0,1.3697610967155898,nan,nan,nan,5.684402596191774,0.0,-0.0,0.0,0.0,92.86122604371519,19.183326093250876,0.20658058169746937
3.3333333333333335,takeoff,-10.0,0.0,13.63083301222941,0.0,1.3644117041498456,nan,nan,nan,5.703514147348762,0.0,-0.0,0.0,0.0,142.86342468263874,19.183326093250876,0.1342773781033551
3.3375,takeoff,-10.0,0.0,13.636495867366474,0.0,1.359085232895362,nan,nan,nan,5.703514147348762,0.0,-0.0,0.0,0.0,142.86342468263874,19.183326093250876,0.1342773781033551
3.341666666666667,takeoff,-10.0,0.0,13.64213661746908,0.0,1.3537800246254974,nan,nan,nan,5.703514147348762,0.0,-0.0,0.0,0.0,142.86342468263874,19.183326093250876,0.1342773781033551
3.345833333333333,takeoff,-10.0,0.0,13.64775534479496,0.0,1.3484945582117234,nan,nan,nan,5.703514147348762,0.0,-0.0,0.0,0.0,142.86342468263874,19.183326093250876,0.1342773781033551
3.35,takeoff,-10.0,0.0,13.653352125788386,0.0,1.34322743842187,nan,nan,nan,5.703514147348762,0.0,-0.0,0.0,0.0,142.86342468263874,19.183326093250876,0.1342773781033551
3.3541666666666665,takeoff,-10.0,0.0,13.658927031561468,0.0,1.3379773855396109,nan,nan,nan,5.703514147348762,0.0,-0.0,0.0,0.0,142.86342468263874,19.183326093250876,0.1342773781033551
3.3583333333333334,takeoff,-10.0,0.0,13.664480128335766,0.0,1.3327432258316718,nan,nan,nan,5.703514147348762,0.0,-0.0,0.0,0.0,142.86342468263874,19.183326093250876,0.1342773781033551
3.3625,takeoff,-10.0,0.0,13.670011477847412,0.0,1.3275238827948543,nan,nan,nan,5.703514147348762,0.0,-0.0,0.0,0.0,142.86342468263874,19.183326093250876,0.1342773781033551
3.3666666666666667,takeoff,-10.0,0.0,13.675521137718746,0.0,1.3223183691201885,nan,nan,nan,5.703514147348762,0.0,-0.0,0.0,0.0,219.7898841271365,19.183326093250876,0.08728029576718083
3.370833333333333,takeoff,-10.0,0.0,13.681009161799231,0.0,1.3171257793163929,nan,nan,nan,5.703514147348762,0.0,-0.0,0.0,0.0,219.7898841271365,19.183326093250876,0.08728029576718083
3.375,takeoff,-10.0,0.0,13.686475643485107,0.0,1.3119556046099976,nan,nan,nan,5.723083675379124,0.0,-0.0,0.0,0.0,219.7898841271365,19.183326093250876,0.08728029576718083
3.3791666666666664,takeoff,-10.0,0.0,13.69192066940882,0.0,1.3068062216911247,nan,nan,nan,5.723083675379124,0.0,-0.0,0.0,0.0,219.7898841271365,19.183326093250876,0.08728029576718083
3.3833333333333333,takeoff,-10.0,0.0,13.69734431999871,0.0,1.301676141573469,nan,nan,nan,5.723083675379124,0.0,-0.0,0.0,0.0,219.7898841271365,19.183326093250876,0.08728029576718083
3.3874999999999997,takeoff,-10.0,0.0,13.702746669992568,0.0,1.2965639985259916,nan,nan,nan,5.723083675379124,0.0,-0.0,0.0,0.0,219.7898841271365,19.183326093250876,0.08728029576718083
3.3916666666666666,takeoff,-10.0,0.0,13.708127788908849,0.0,1.2914685399073504,nan,nan,nan,5.723083675379124,0.0,-0.0,0.0,0.0,219.7898841271365,19.183326093250876,0.08728029576718083
3.3958333333333335,takeoff,-10.0,0.0,13.713487741478978,0.0,1.2863886168309455,nan,nan,nan,5.723083675379124,0.0,-0.0,0.0,0.0,219.7898841271365,19.183326093250876,0.08728029576718083
3.4,takeoff,-10.0,0.0,13.718826588043953,0.0,1.2813231755939665,nan,nan,nan,5.723083675379124,0.0,-0.0,0.0,0.0,338.1382832725177,19.183326093250876,0.05673219224866754
3.404166666666667,takeoff,-10.0,0.0,13.724144384918157,0.0,1.2762712498089719,nan,nan,nan,5.723083675379124,0.0,-0.0,0.0,0.0,338.1382832725177,19.183326093250876,0.05673219224866754
3.408333333333333,takeoff,-10.0,0.0,13.72944123445768,0.0,1.2712438894854168,nan,nan,nan,5.745711360397265,0.0,-0.0,0.0,0.0,338.1382832725177,19.183326093250876,0.05673219224866754
3.4125,takeoff,-10.0,0.0,13.734717231481245,0.0,1.2662392856558404,nan,nan,nan,5.745711360397265,0.0,-0.0,0.0,0.0,338.1382832725177,19.183326093250876,0.05673219224866754
3.4166666666666665,takeoff,-10.0,0.0,13.739972463893613,0.0,1.2612557789684113,nan,nan,nan,5.745711360397265,0.0,-0.0,0.0,0.0,338.1382832725177,19.183326093250876,0.05673219224866754
3.4208333333333334,takeoff,-10.0,0.0,13.745207013257668,0.0,1.2562918473732594,nan,nan,nan,5.745711360397265,0.0,-0.0,0.0,0.0,338.1382832725177,19.183326093250876,0.05673219224866754
3.425,takeoff,-10.0,0.0,13.75042095531938,0.0,1.2513460948107267,nan,nan,nan,5.745711360397265,0.0,-0.0,0.0,0.0,338.1382832725177,19.183326093250876,0.05673219224866754
3.4291666666666667,takeoff,-10.0,0.0,13.75561436048947,0.0,1.2464172408218794,nan,nan,nan,5.745711360397265,0.0,-0.0,0.0,0.0,338.1382832725177,19.183326093250876,0.05673219224866754
3.433333333333333,takeoff,-10.0,0.0,13.760787294285336,0.0,1.2415041110076492,nan,nan,nan,5.745711360397265,0.0,-0.0,0.0,0.0,520.212743496181,19.183326093250876,0.0368759249616339
3.4375,takeoff,-10.0,0.0,13.765939817736456,0.0,1.2366056282685958,nan,nan,nan,5.745711360397265,0.0,-0.0,0.0,0.0,520.212743496181,19.183326093250876,0.0368759249616339
3.4416666666666664,takeoff,-10.0,0.0,13.771072027789304,0.0,1.2317304126834083,nan,nan,nan,5.763918686710076,0.0,-0.0,0.0,0.0,520.212743496181,19.183326093250876,0.0368759249616339
3.4458333333333333,takeoff,-10.0,0.0,13.776184014274305,0.0,1.2268767564002176,nan,nan,nan,5.763918686710076,0.0,-0.0,0.0,0.0,520.212743496181,19.183326093250876,0.0368759249616339
3.4499999999999997,takeoff,-10.0,0.0,13.781275860494599,0.0,1.2220430928706776,nan,nan,nan,5.763918686710076,0.0,-0.0,0.0,0.0,520.212743496181,19.183326093250876,0.0368759249616339
3.4541666666666666,takeoff,-10.0,0.0,13.786347643766314,0.0,1.2172279852117112,nan,nan,nan,5.763918686710076,0.0,-0.0,0.0,0.0,520.212743496181,19.183326093250876,0.0368759249616339
3.4583333333333335,takeoff,-10.0,0.0,13.791399435914295,0.0,1.212430115515614,nan,nan,nan,5.763918686710076,0.0,-0.0,0.0,0.0,520.212743496181,19.183326093250876,0.0368759249616339
3.4625,takeoff,-10.0,0.0,13.796431303726932,0.0,1.2076482750328859,nan,nan,nan,5.763918686710076,0.0,-0.0,0.0,0.0,520.212743496181,19.183326093250876,0.0368759249616339
3.466666666666667,takeoff,-10.0,0.0,13.801443309373424,0.0,1.2028813551579245,nan,nan,nan,5.763918686710076,0.0,-0.0,0.0,0.0,800.3272976864323,19.183326093250876,0.02396935122506204
3.470833333333333,takeoff,-10.0,0.0,13.806435510786562,0.0,1.198128339153085,nan,nan,nan,5.763918686710076,0.0,-0.0,0.0,0.0,800.3272976864323,19.183326093250876,0.02396935122506204
3.475,takeoff,-10.0,0.0,13.811408008581184,0.0,1.1933994707094062,nan,nan,nan,5.7850913726412765,0.0,-0.0,0.0,0.0,800.3272976864323,19.183326093250876,0.02396935122506204
3.4791666666666665,takeoff,-10.0,0.0,13.816360895922351,0.0,1.1886929618802708,nan,nan,nan,5.7850913726412765,0.0,-0.0,0.0,0.0,800.3272976864323,19.183326093250876,0.02396935122506204
3.4833333333333334,takeoff,-10.0,0.0,13.82129425914162,0.0,1.1840071726245673,nan,nan,nan,5.7850913726412765,0.0,-0.0,0.0,0.0,800.3272976864323,19.183326093250876,0.02396935122506204
3.4875,takeoff,-10.0,0.0,13.826208178302581,0.0,1.1793405986304533,nan,nan,nan,5.7850913726412765,0.0,-0.0,0.0,0.0,800.3272976864323,19.183326093250876,0.02396935122506204
3.4916666666666667,takeoff,-10.0,0.0,13.831102727719792,0.0,1.1746918601303664,nan,nan,nan,5.7850913726412765,0.0,-0.0,0.0,0.0,800.3272976864323,19.183326093250876,0.02396935122506204
3.495833333333333,takeoff,-10.0,0.0,13.83597797643491,0.0,1.1700596916283879,nan,nan,nan,5.7850913726412765,0.0,-0.0,0.0,0.0,800.3272976864323,19.183326093250876,0.02396935122506204
3.5,takeoff,-10.0,0.0,13.840833988653522,0.0,1.1654429324670523,nan,nan,nan,5.7850913726412765,0.0,-0.0,0.0,0.0,1231.2727656714342,19.183326093250876,0.015580078296290326
3.5041666666666664,takeoff,-10.0,0.0,13.84567082414588,0.0,1.1608405181662762,nan,nan,nan,5.7850913726412765,0.0,-0.0,0.0,0.0,1231.2727656714342,19.183326093250876,0.015580078296290326
3.5083333333333333,takeoff,-10.0,0.0,13.850488538614515,0.0,1.156251472472269,nan,nan,nan,5.7850913726412765,0.0,-0.0,0.0,0.0,1231.2727656714342,19.183326093250876,0.015580078296290326
3.5124999999999997,takeoff,-10.0,0.0,13.855287184031429,0.0,1.1516749000591195,nan,nan,nan,5.7850913726412765,0.0,-0.0,0.0,0.0,1231.2727656714342,19.183326093250876,0.015580078296290326
3.5166666666666666,takeoff,-10.0,0.0,13.860066846513442,0.0,1.1471189956832588,nan,nan,nan,5.802158739218156,0.0,-0.0,0.0,0.0,1231.2727656714342,19.183326093250876,0.015580078296290326
3.5208333333333335,takeoff,-10.0,0.0,13.86482760590219,0.0,1.142582253299795,nan,nan,nan,5.802158739218156,0.0,-0.0,0.0,0.0,1231.2727656714342,19.183326093250876,0.015580078296290326
3.525,takeoff,-10.0,0.0,13.869569536283683,0.0,1.1380632915581725,nan,nan,nan,5.802158739218156,0.0,-0.0,0.0,0.0,1231.2727656714342,19.183326093250876,0.015580078296290326
3.529166666666667,takeoff,-10.0,0.0,13.874292706465003,0.0,1.133560843516776,nan,nan,nan,5.802158739218156,0.0,-0.0,0.0,0.0,1231.2727656714342,19.183326093250876,0.015580078296290326
3.533333333333333,takeoff,-10.0,0.0,13.87899718041166,0.0,1.1290737471980734,nan,nan,nan,5.802158739218156,0.0,-0.0,0.0,0.0,1894.265793340668,19.183326093250876,0.010127050892588712
3.5375,takeoff,-10.0,0.0,13.883683017648814,0.0,1.1246009369168766,nan,nan,nan,5.802158739218156,0.0,-0.0,0.0,0.0,1894.265793340668,19.183326093250876,0.010127050892588712
3.5416666666666665,takeoff,-10.0,0.0,13.888350273629312,0.0,1.120141435319498,nan,nan,nan,5.802158739218156,0.0,-0.0,0.0,0.0,1894.265793340668,19.183326093250876,0.010127050892588712
3.5458333333333334,takeoff,-10.0,0.0,13.892999000071297,0.0,1.1156943460764164,nan,nan,nan,5.802158739218156,0.0,-0.0,0.0,0.0,1894.265793340668,19.183326093250876,0.010127050892588712
3.55,takeoff,-10.0,0.0,13.897629289001035,0.0,1.11126934313721,nan,nan,nan,5.822024133186818,0.0,-0.0,0.0,0.0,1894.265793340668,19.183326093250876,0.010127050892588712
3.5541666666666667,takeoff,-10.0,0.0,13.902241225651641,0.0,1.1068647961454077,nan,nan,nan,5.822024133186818,0.0,-0.0,0.0,0.0,1894.265793340668,19.183326093250876,0.010127050892588712
3.558333333333333,takeoff,-10.0,0.0,13.906834889025362,0.0,1.1024792096926537,nan,nan,nan,5.822024133186818,0.0,-0.0,0.0,0.0,1894.265793340668,19.183326093250876,0.010127050892588712
3.5625,takeoff,-10.0,0.0,13.911410352409511,0.0,1.098111212196124,nan,nan,nan,5.822024133186818,0.0,-0.0,0.0,0.0,1894.265793340668,19.183326093250876,0.010127050892588712
3.5666666666666664,takeoff,-10.0,0.0,13.915967683849859,0.0,1.0937595456834983,nan,nan,nan,5.822024133186818,0.0,-0.0,0.0,0.0,nan,nan,nan
3.5708333333333333,takeoff,-10.0,0.0,13.920506946584913,0.0,1.0894230564129197,nan,nan,nan,5.822024133186818,0.0,-0.0,0.0,0.0,nan,nan,nan
3.5749999999999997,takeoff,-10.0,0.0,13.925028199444334,0.0,1.0851006862609327,nan,nan,nan,5.822024133186818,0.0,-0.0,0.0,0.0,nan,nan,nan
3.5791666666666666,takeoff,-10.0,0.0,13.929531497214404,0.0,1.0807914648165646,nan,nan,nan,5.822024133186818,0.0,-0.0,0.0,0.0,nan,nan,nan
3.5833333333333335,takeoff,-10.0,0.0,13.93401692635757,0.0,1.0765029943598017,nan,nan,nan,5.838091711710247,0.0,-0.0,0.0,0.0,nan,nan,nan
3.5875,takeoff,-10.0,0.0,13.938484566980332,0.0,1.0722337494628809,nan,nan,nan,5.838091711710247,0.0,-0.0,0.0,0.0,nan,nan,nan
3.591666666666667,takeoff,-10.0,0.0,13.942934493359521,0.0,1.0679823310054288,nan,nan,nan,5.838091711710247,0.0,-0.0,0.0,0.0,nan,nan,nan
3.595833333333333,takeoff,-10.0,0.0,13.947366774425173,0.0,1.0637474557563018,nan,nan,nan,5.838091711710247,0.0,-0.0,0.0,0.0,nan,nan,nan
3.6,takeoff,-10.0,0.0,13.951781474203536,0.0,1.0595279468067482,nan,nan,nan,5.838091711710247,0.0,-0.0,0.0,0.0,nan,nan,nan
3.6041666666666665,takeoff,-10.0,0.0,13.95617865222348,0.0,1.055322724786618,nan,nan,nan,5.838091711710247,0.0,-0.0,0.0,0.0,nan,nan,nan
3.6083333333333334,takeoff,-10.0,0.0,13.960558363889316,0.0,1.0511307998006072,nan,nan,nan,5.838091711710247,0.0,-0.0,0.0,0.0,nan,nan,nan
3.6125,takeoff,-10.0,0.0,13.96492066082276,0.0,1.046951264026425,nan,nan,nan,5.838091711710247,0.0,-0.0,0.0,0.0,nan,nan,nan
3.6166666666666667,takeoff,-10.0,0.0,13.969265591176597,0.0,1.042783284921307,nan,nan,nan,5.838091711710247,0.0,-0.0,0.0,0.0,nan,nan,nan
3.620833333333333,takeoff,-10.0,0.0,13.973593199922378,0.0,1.038626098987519,nan,nan,nan,5.838091711710247,0.0,-0.0,0.0,0.0,nan,nan,nan
3.625,takeoff,-10.0,0.0,13.977903565137435,0.0,1.0344876516135346,nan,nan,nan,5.854438691141304,0.0,-0.0,0.0,0.0,nan,nan,nan
3.6291666666666664,takeoff,-10.0,0.0,13.982196759213148,0.0,1.0303665781711555,nan,nan,nan,5.854438691141304,0.0,-0.0,0.0,0.0,nan,nan,nan
3.6333333333333333,takeoff,-10.0,0.0,13.986472849325986,0.0,1.0262616270812155,nan,nan,nan,5.854438691141304,0.0,-0.0,0.0,0.0,nan,nan,nan
3.6374999999999997,takeoff,-10.0,0.0,13.990731897869647,0.0,1.0221716504786806,nan,nan,nan,5.854438691141304,0.0,-0.0,0.0,0.0,nan,nan,nan
3.6416666666666666,takeoff,-10.0,0.0,13.994973962851489,0.0,1.0180955956422082,nan,nan,nan,5.854438691141304,0.0,-0.0,0.0,0.0,nan,nan,nan
3.6458333333333335,takeoff,-10.0,0.0,13.999199098256183,0.0,1.0140324971265893,nan,nan,nan,5.854438691141304,0.0,-0.0,0.0,0.0,nan,nan,nan
3.65,takeoff,-10.0,0.0,14.003407354379272,0.0,1.0099814695412888,nan,nan,nan,5.854438691141304,0.0,-0.0,0.0,0.0,nan,nan,nan
3.654166666666667,takeoff,-10.0,0.0,14.007598778133117,0.0,1.0059417009227454,nan,nan,nan,5.854438691141304,0.0,-0.0,0.0,0.0,nan,nan,nan
3.658333333333333,takeoff,-10.0,0.0,14.011773454474294,0.0,1.0019223218825082,nan,nan,nan,5.873108619703483,0.0,-0.0,0.0,0.0,nan,nan,nan
3.6625,takeoff,-10.0,0.0,14.015931462076352,0.0,0.9979218244939516,nan,nan,nan,5.873108619703483,0.0,-0.0,0.0,0.0,nan,nan,nan
3.6666666666666665,takeoff,-10.0,0.0,14.020072873850141,0.0,0.9939388257095454,nan,nan,nan,5.873108619703483,0.0,-0.0,0.0,0.0,nan,nan,nan
3.6708333333333334,takeoff,-10.0,0.0,14.024197757421218,0.0,0.9899720570582994,nan,nan,nan,5.873108619703483,0.0,-0.0,0.0,0.0,nan,nan,nan
3.675,takeoff,-10.0,0.0,14.028306175567824,0.0,0.9860203551854186,nan,nan,nan,5.873108619703483,0.0,-0.0,0.0,0.0,nan,nan,nan
3.6791666666666667,takeoff,-10.0,0.0,14.032398186622684,0.0,0.9820826531665718,nan,nan,nan,5.873108619703483,0.0,-0.0,0.0,0.0,nan,nan,nan
3.683333333333333,takeoff,-10.0,0.0,14.036473844841577,0.0,0.9781579725343966,nan,nan,nan,5.873108619703483,0.0,-0.0,0.0,0.0,nan,nan,nan
3.6875,takeoff,-10.0,0.0,14.04053320074141,0.0,0.9742454159597184,nan,nan,nan,5.873108619703483,0.0,-0.0,0.0,0.0,nan,nan,nan
3.6916666666666664,takeoff,-10.0,0.0,14.044576334712604,0.0,0.9703521530867261,nan,nan,nan,5.888214948932483,0.0,-0.0,0.0,0.0,nan,nan,nan
3.6958333333333333,takeoff,-10.0,0.0,14.048603321218613,0.0,0.9664767614421302,nan,nan,nan,5.888214948932483,0.0,-0.0,0.0,0.0,nan,nan,nan
3.6999999999999997,takeoff,-10.0,0.0,14.052614229286899,0.0,0.9626179363887214,nan,nan,nan,5.888214948932483,0.0,-0.0,0.0,0.0,nan,nan,nan
3.7041666666666666,takeoff,-10.0,0.0,14.05660912295939,0.0,0.9587744813980227,nan,nan,nan,5.888214948932483,0.0,-0.0,0.0,0.0,nan,nan,nan
3.7083333333333335,takeoff,-10.0,0.0,14.060588061705719,0.0,0.9549452991190657,nan,nan,nan,5.888214948932483,0.0,-0.0,0.0,0.0,nan,nan,nan
3.7125,takeoff,-10.0,0.0,14.0645511008023,0.0,0.9511293831792398,nan,nan,nan,5.888214948932483,0.0,-0.0,0.0,0.0,nan,nan,nan
3.716666666666667,takeoff,-10.0,0.0,14.068498291680042,0.0,0.9473258106581373,nan,nan,nan,5.888214948932483,0.0,-0.0,0.0,0.0,nan,nan,nan
3.720833333333333,takeoff,-10.0,0.0,14.07242968224329,0.0,0.9435337351799332,nan,nan,nan,5.888214948932483,0.0,-0.0,0.0,0.0,nan,nan,nan
3.725,takeoff,-10.0,0.0,14.076345355466247,0.0,0.9397615735095828,nan,nan,nan,5.905585788177101,0.0,-0.0,0.0,0.0,nan,nan,nan
3.7291666666666665,takeoff,-10.0,0.0,14.080245388156783,0.0,0.9360078457288483,nan,nan,nan,5.905585788177101,0.0,-0.0,0.0,0.0,nan,nan,nan
3.7333333333333334,takeoff,-10.0,0.0,14.084129851467207,0.0,0.9322711945018503,nan,nan,nan,5.905585788177101,0.0,-0.0,0.0,0.0,4.522505561511053,19.595917942265423,4.3329781855963185
3.7375,takeoff,-10.0,0.0,14.087998811362871,0.0,0.9285503749592499,nan,nan,nan,5.905585788177101,0.0,-0.0,0.0,0.0,4.522505561511053,19.595917942265423,4.3329781855963185
3.7416666666666667,takeoff,-10.0,0.0,14.09185232905208,0.0,0.9248442454098019,nan,nan,nan,5.905585788177101,0.0,-0.0,0.0,0.0,4.522505561511053,19.595917942265423,4.3329781855963185
3.745833333333333,takeoff,-10.0,0.0,14.095690461380466,0.0,0.9211517588128024,nan,nan,nan,5.905585788177101,0.0,-0.0,0.0,0.0,4.522505561511053,19.595917942265423,4.3329781855963185
3.75,takeoff,-10.0,0.0,14.099513261192758,0.0,0.917471954950104,nan,nan,nan,5.905585788177101,0.0,-0.0,0.0,0.0,4.522505561511053,19.595917942265423,4.3329781855963185
3.7541666666666664,takeoff,-10.0,0.0,14.103320777664596,0.0,0.9138039532411508,nan,nan,nan,5.905585788177101,0.0,-0.0,0.0,0.0,4.522505561511053,19.595917942265423,4.3329781855963185
3.7583333333333333,takeoff,-10.0,0.0,14.107113056606883,0.0,0.9101469461489187,nan,nan,nan,5.905585788177101,0.0,-0.0,0.0,0.0,4.522505561511053,19.595917942265423,4.3329781855963185
3.7624999999999997,takeoff,-10.0,0.0,14.11089014074492,0.0,0.9065001931287575,nan,nan,nan,5.905585788177101,0.0,-0.0,0.0,0.0,4.522505561511053,19.595917942265423,4.3329781855963185
3.7666666666666666,takeoff,-10.0,0.0,14.114652101022516,0.0,0.9028704666231677,nan,nan,nan,5.919657761998753,0.0,-0.0,0.0,0.0,nan,nan,nan
3.7708333333333335,takeoff,-10.0,0.0,14.118399003192806,0.0,0.8992565208695942,nan,nan,nan,5.919657761998753,0.0,-0.0,0.0,0.0,nan,nan,nan
3.775,takeoff,-10.0,0.0,14.122130908248483,0.0,0.8956572133624843,nan,nan,nan,5.919657761998753,0.0,-0.0,0.0,0.0,nan,nan,nan
3.779166666666667,takeoff,-10.0,0.0,14.125847872816479,0.0,0.8920714963189783,nan,nan,nan,5.919657761998753,0.0,-0.0,0.0,0.0,nan,nan,nan
3.783333333333333,takeoff,-10.0,0.0,14.12954994952,0.0,0.8884984088447525,nan,nan,nan,5.919657761998753,0.0,-0.0,0.0,0.0,nan,nan,nan
3.7875,takeoff,-10.0,0.0,14.133237187310597,0.0,0.8849370697434153,nan,nan,nan,5.919657761998753,0.0,-0.0,0.0,0.0,nan,nan,nan
3.7916666666666665,takeoff,-10.0,0.0,14.136909631772753,0.0,0.8813866709172961,nan,nan,nan,5.919657761998753,0.0,-0.0,0.0,0.0,nan,nan,nan
3.7958333333333334,takeoff,-10.0,0.0,14.140567325403218,0.0,0.877846471311579,nan,nan,nan,5.919657761998753,0.0,-0.0,0.0,0.0,nan,nan,nan
3.8,takeoff,-10.0,0.0,14.144210343649704,0.0,0.8743243791563535,nan,nan,nan,5.935872994753466,0.0,-0.0,0.0,0.0,nan,nan,nan
3.8041666666666667,takeoff,-10.0,0.0,14.147838756372025,0.0,0.8708190533571293,nan,nan,nan,5.935872994753466,0.0,-0.0,0.0,0.0,nan,nan,nan
3.808333333333333,takeoff,-10.0,0.0,14.151452628305178,0.0,0.8673292639565784,nan,nan,nan,5.935872994753466,0.0,-0.0,0.0,0.0,nan,nan,nan
3.8125,takeoff,-10.0,0.0,14.155052019484154,0.0,0.8638538829542184,nan,nan,nan,5.935872994753466,0.0,-0.0,0.0,0.0,nan,nan,nan
3.8166666666666664,takeoff,-10.0,0.0,14.158636985633647,0.0,0.8603918758783847,nan,nan,nan,5.935872994753466,0.0,-0.0,0.0,0.0,nan,nan,nan
3.8208333333333333,takeoff,-10.0,0.0,14.162207578525521,0.0,0.8569422940498187,nan,nan,nan,5.935872994753466,0.0,-0.0,0.0,0.0,nan,nan,nan
3.8249999999999997,takeoff,-10.0,0.0,14.165763846306692,0.0,0.8535042674809326,nan,nan,nan,5.935872994753466,0.0,-0.0,0.0,0.0,nan,nan,nan
3.8291666666666666,takeoff,-10.0,0.0,14.169305833799855,0.0,0.8500769983592051,nan,nan,nan,5.935872994753466,0.0,-0.0,0.0,0.0,nan,nan,nan
3.8333333333333335,takeoff,-10.0,0.0,14.172833611856525,0.0,0.846666733600751,nan,nan,nan,5.949046154397672,0.0,-0.0,0.0,0.0,nan,nan,nan
3.8375,takeoff,-10.0,0.0,14.176347246101736,0.0,0.8432722188506214,nan,nan,nan,5.949046154397672,0.0,-0.0,0.0,0.0,nan,nan,nan
3.841666666666667,takeoff,-10.0,0.0,14.179846797367283,0.0,0.8398923037313745,nan,nan,nan,5.949046154397672,0.0,-0.0,0.0,0.0,nan,nan,nan
3.845833333333333,takeoff,-10.0,0.0,14.183332322089154,0.0,0.8365259332491,nan,nan,nan,5.949046154397672,0.0,-0.0,0.0,0.0,nan,nan,nan
3.85,takeoff,-10.0,0.0,14.186803872672089,0.0,0.8331721399044976,nan,nan,nan,5.949046154397672,0.0,-0.0,0.0,0.0,nan,nan,nan
3.8541666666666665,takeoff,-10.0,0.0,14.190261497823972,0.0,0.829830036452011,nan,nan,nan,5.949046154397672,0.0,-0.0,0.0,0.0,nan,nan,nan
3.8583333333333334,takeoff,-10.0,0.0,14.193705242862531,0.0,0.8264988092544939,nan,nan,nan,5.949046154397672,0.0,-0.0,0.0,0.0,nan,nan,nan
3.8625,takeoff,-10.0,0.0,14.197135149996635,0.0,0.8231777121850233,nan,nan,nan,5.949046154397672,0.0,-0.0,0.0,0.0,nan,nan,nan
3.8666666666666667,takeoff,-10.0,0.0,14.200551258584266,0.0,0.8198660610313127,nan,nan,nan,5.949046154397672,0.0,-0.0,0.0,0.0,nan,nan,nan
3.870833333333333,takeoff,-10.0,0.0,14.203953605369106,0.0,0.8165632283617207,nan,nan,nan,5.949046154397672,0.0,-0.0,0.0,0.0,nan,nan,nan
3.875,takeoff,-10.0,0.0,14.207342254181222,0.0,0.8132757149078823,nan,nan,nan,5.962396547528498,0.0,-0.0,0.0,0.0,nan,nan,nan
3.8791666666666664,takeoff,-10.0,0.0,14.210717264186037,0.0,0.8100024011555412,nan,nan,nan,5.962396547528498,0.0,-0.0,0.0,0.0,nan,nan,nan
3.8833333333333333,takeoff,-10.0,0.0,14.214078690271148,0.0,0.8067422604264871,nan,nan,nan,5.962396547528498,0.0,-0.0,0.0,0.0,nan,nan,nan
3.8874999999999997,takeoff,-10.0,0.0,14.217426583401142,0.0,0.8034943511985878,nan,nan,nan,5.962396547528498,0.0,-0.0,0.0,0.0,nan,nan,nan
3.8916666666666666,takeoff,-10.0,0.0,14.220760990943047,0.0,0.8002578100569882,nan,nan,nan,5.962396547528498,0.0,-0.0,0.0,0.0,nan,nan,nan
3.8958333333333335,takeoff,-10.0,0.0,14.224081956964818,0.0,0.7970318452252738,nan,nan,nan,5.962396547528498,0.0,-0.0,0.0,0.0,nan,nan,nan
3.9,takeoff,-10.0,0.0,14.227389522509108,0.0,0.7938157306294457,nan,nan,nan,5.962396547528498,0.0,-0.0,0.0,0.0,4.824633734779243,19.595917942265423,4.061638462004838
3.904166666666667,takeoff,-10.0,0.0,14.230683725844322,0.0,0.7906088004512917,nan,nan,nan,5.962396547528498,0.0,-0.0,0.0,0.0,4.824633734779243,19.595917942265423,4.061638462004838
3.908333333333333,takeoff,-10.0,0.0,14.233964636111038,0.0,0.7874184640118094,nan,nan,nan,5.977526221363925,0.0,-0.0,0.0,0.0,4.824633734779243,19.595917942265423,4.061638462004838
3.9125,takeoff,-10.0,0.0,14.23723231732235,0.0,0.784243490714897,nan,nan,nan,5.977526221363925,0.0,-0.0,0.0,0.0,4.824633734779243,19.595917942265423,4.061638462004838
3.9166666666666665,takeoff,-10.0,0.0,14.24048682878897,0.0,0.7810827519890446,nan,nan,nan,5.977526221363925,0.0,-0.0,0.0,0.0,4.824633734779243,19.595917942265423,4.061638462004838
3.9208333333333334,takeoff,-10.0,0.0,14.24372822550919,0.0,0.777935212852931,nan,nan,nan,5.977526221363925,0.0,-0.0,0.0,0.0,4.824633734779243,19.595917942265423,4.061638462004838
3.925,takeoff,-10.0,0.0,14.246956558526579,0.0,0.7747999241732639,nan,nan,nan,5.977526221363925,0.0,-0.0,0.0,0.0,4.824633734779243,19.595917942265423,4.061638462004838
3.9291666666666667,takeoff,-10.0,0.0,14.250171875258074,0.0,0.7716760155588603,nan,nan,nan,5.977526221363925,0.0,-0.0,0.0,0.0,4.824633734779243,19.595917942265423,4.061638462004838
3.933333333333333,takeoff,-10.0,0.0,14.253374219794905,0.0,0.7685626888393599,nan,nan,nan,5.977526221363925,0.0,-0.0,0.0,0.0,nan,nan,nan
3.9375,takeoff,-10.0,0.0,14.256563633178576,0.0,0.7654592120810432,nan,nan,nan,5.977526221363925,0.0,-0.0,0.0,0.0,nan,nan,nan
3.9416666666666664,takeoff,-10.0,0.0,14.25974018079608,0.0,0.7623714282008534,nan,nan,nan,5.98981250386789,0.0,-0.0,0.0,0.0,nan,nan,nan
3.9458333333333333,takeoff,-10.0,0.0,14.26290392319985,0.0,0.7592981769049639,nan,nan,nan,5.98981250386789,0.0,-0.0,0.0,0.0,nan,nan,nan
3.9499999999999997,takeoff,-10.0,0.0,14.266054916508672,0.0,0.7562383941170568,nan,nan,nan,5.98981250386789,0.0,-0.0,0.0,0.0,nan,nan,nan
3.9541666666666666,takeoff,-10.0,0.0,14.269193212775424,0.0,0.7531911040202156,nan,nan,nan,5.98981250386789,0.0,-0.0,0.0,0.0,nan,nan,nan
3.9583333333333335,takeoff,-10.0,0.0,14.272318860324393,0.0,0.7501554117525734,nan,nan,nan,5.98981250386789,0.0,-0.0,0.0,0.0,nan,nan,nan
3.9625,takeoff,-10.0,0.0,14.275431904060659,0.0,0.7471304967037286,nan,nan,nan,5.98981250386789,0.0,-0.0,0.0,0.0,nan,nan,nan
3.966666666666667,takeoff,-10.0,0.0,14.278532385753838,0.0,0.7441156063631178,nan,nan,nan,5.98981250386789,0.0,-0.0,0.0,0.0,nan,nan,nan
3.970833333333333,takeoff,-10.0,0.0,14.281620344298318,0.0,0.741110050675405,nan,nan,nan,5.98981250386789,0.0,-0.0,0.0,0.0,nan,nan,nan
3.975,takeoff,-10.0,0.0,14.284695846944974,0.0,0.7381206351972115,nan,nan,nan,6.00383925187076,0.0,-0.0,0.0,0.0,nan,nan,nan
3.9791666666666665,takeoff,-10.0,0.0,14.287758955934756,0.0,0.7351461575476199,nan,nan,nan,6.00383925187076,0.0,-0.0,0.0,0.0,nan,nan,nan
3.9833333333333334,takeoff,-10.0,0.0,14.29080972891412,0.0,0.7321855150475391,nan,nan,nan,6.00383925187076,0.0,-0.0,0.0,0.0,nan,nan,nan
3.9875,takeoff,-10.0,0.0,14.2938482193161,0.0,0.7292376964753603,nan,nan,nan,6.00383925187076,0.0,-0.0,0.0,0.0,nan,nan,nan
3.9916666666666667,takeoff,-10.0,0.0,14.296874476709847,0.0,0.7263017744995628,nan,nan,nan,6.00383925187076,0.0,-0.0,0.0,0.0,nan,nan,nan
3.995833333333333,takeoff,-10.0,0.0,14.299888547121236,0.0,0.7233768987334535,nan,nan,nan,6.00383925187076,0.0,-0.0,0.0,0.0,nan,nan,nan
4.0,takeoff,-10.0,0.0,14.30289047332691,0.0,0.7204622893615379,nan,nan,nan,6.00383925187076,0.0,-0.0,0.0,0.0,nan,nan,nan
4.004166666666666,takeoff,-10.0,0.0,14.305880295123956,0.0,0.7175572312910172,nan,nan,nan,6.00383925187076,0.0,-0.0,0.0,0.0,nan,nan,nan
4.008333333333333,takeoff,-10.0,0.0,14.308858049577228,0.0,0.7146610687855987,nan,nan,nan,6.00383925187076,0.0,-0.0,0.0,0.0,nan,nan,nan
4.0125,takeoff,-10.0,0.0,14.311823771246154,0.0,0.7117732005422274,nan,nan,nan,6.00383925187076,0.0,-0.0,0.0,0.0,nan,nan,nan
4.016666666666667,takeoff,-10.0,0.0,14.314777517593065,0.0,0.7088991232585589,nan,nan,nan,6.015239003857237,0.0,-0.0,0.0,0.0,nan,nan,nan
4.020833333333333,takeoff,-10.0,0.0,14.317719341864859,0.0,0.7060378252307145,nan,nan,nan,6.015239003857237,0.0,-0.0,0.0,0.0,nan,nan,nan
4.025,takeoff,-10.0,0.0,14.320649293442727,0.0,0.7031883786885027,nan,nan,nan,6.015239003857237,0.0,-0.0,0.0,0.0,nan,nan,nan
4.029166666666667,takeoff,-10.0,0.0,14.32356741816292,0.0,0.7003499328464129,nan,nan,nan,6.015239003857237,0.0,-0.0,0.0,0.0,nan,nan,nan
4.033333333333333,takeoff,-10.0,0.0,14.326473758610947,0.0,0.697521707526566,nan,nan,nan,6.015239003857237,0.0,-0.0,0.0,0.0,5.066807500199435,19.595917942265423,3.8675078817369926
4.0375,takeoff,-10.0,0.0,14.329368354391393,0.0,0.6947029873070878,nan,nan,nan,6.015239003857237,0.0,-0.0,0.0,0.0,5.066807500199435,19.595917942265423,3.8675078817369926
4.041666666666667,takeoff,-10.0,0.0,14.332251242375364,0.0,0.6918931161530674,nan,nan,nan,6.015239003857237,0.0,-0.0,0.0,0.0,5.066807500199435,19.595917942265423,3.8675078817369926
4.045833333333333,takeoff,-10.0,0.0,14.335122456927408,0.0,0.6890914924906821,nan,nan,nan,6.015239003857237,0.0,-0.0,0.0,0.0,5.066807500199435,19.595917942265423,3.8675078817369926
4.05,takeoff,-10.0,0.0,14.337982055553947,0.0,0.686303670369261,nan,nan,nan,6.02674524246214,0.0,-0.0,0.0,0.0,5.066807500199435,19.595917942265423,3.8675078817369926
4.054166666666666,takeoff,-10.0,0.0,14.34083009152492,0.0,0.6835286330332656,nan,nan,nan,6.02674524246214,0.0,-0.0,0.0,0.0,5.066807500199435,19.595917942265423,3.8675078817369926
4.058333333333334,takeoff,-10.0,0.0,14.343666614225263,0.0,0.6807654480826713,nan,nan,nan,6.02674524246214,0.0,-0.0,0.0,0.0,5.066807500199435,19.595917942265423,3.8675078817369926
4.0625,takeoff,-10.0,0.0,14.3464916694773,0.0,0.6780132604890996,nan,nan,nan,6.02674524246214,0.0,-0.0,0.0,0.0,5.066807500199435,19.595917942265423,3.8675078817369926
4.066666666666666,takeoff,-10.0,0.0,14.349305299836413,0.0,0.675271286186764,nan,nan,nan,6.02674524246214,0.0,-0.0,0.0,0.0,7.7950884618452845,19.595917942265423,2.513880123129045
4.070833333333333,takeoff,-10.0,0.0,14.35210754486221,0.0,0.6725388061914617,nan,nan,nan,6.02674524246214,0.0,-0.0,0.0,0.0,7.7950884618452845,19.595917942265423,2.513880123129045
4.075,takeoff,-10.0,0.0,14.35489844136723,0.0,0.6698151612045641,nan,nan,nan,6.02674524246214,0.0,-0.0,0.0,0.0,7.7950884618452845,19.595917942265423,2.513880123129045
4.079166666666667,takeoff,-10.0,0.0,14.35767802364499,0.0,0.6670997466623932,nan,nan,nan,6.02674524246214,0.0,-0.0,0.0,0.0,7.7950884618452845,19.595917942265423,2.513880123129045
4.083333333333333,takeoff,-10.0,0.0,14.360446323679135,0.0,0.6643920081945436,nan,nan,nan,6.02674524246214,0.0,-0.0,0.0,0.0,7.7950884618452845,19.595917942265423,2.513880123129045
4.0875,takeoff,-10.0,0.0,14.363203371335208,0.0,0.6616914374576395,nan,nan,nan,6.02674524246214,0.0,-0.0,0.0,0.0,7.7950884618452845,19.595917942265423,2.513880123129045
4.091666666666667,takeoff,-10.0,0.0,14.365949219914592,0.0,0.6590036590520113,nan,nan,nan,6.038219219627343,0.0,-0.0,0.0,0.0,7.7950884618452845,19.595917942265423,2.513880123129045
4.095833333333333,takeoff,-10.0,0.0,14.368683918813428,0.0,0.6563277357207846,nan,nan,nan,6.038219219627343,0.0,-0.0,0.0,0.0,7.7950884618452845,19.595917942265423,2.513880123129045
4.1,takeoff,-10.0,0.0,14.371407513846696,0.0,0.6536628079845525,nan,nan,nan,6.038219219627343,0.0,-0.0,0.0,0.0,nan,nan,nan
4.104166666666667,takeoff,-10.0,0.0,14.374120047545441,0.0,0.6510080876987604,nan,nan,nan,6.038219219627343,0.0,-0.0,0.0,0.0,nan,nan,nan
4.108333333333333,takeoff,-10.0,0.0,14.376821559429365,0.0,0.6483628521418905,nan,nan,nan,6.038219219627343,0.0,-0.0,0.0,0.0,nan,nan,nan
4.1125,takeoff,-10.0,0.0,14.379512086256828,0.0,0.6457264385911734,nan,nan,nan,6.038219219627343,0.0,-0.0,0.0,0.0,nan,nan,nan
4.116666666666666,takeoff,-10.0,0.0,14.382191662254103,0.0,0.6430982393460115,nan,nan,nan,6.038219219627343,0.0,-0.0,0.0,0.0,nan,nan,nan
4.120833333333334,takeoff,-10.0,0.0,14.384860319325613,0.0,0.6404776971624848,nan,nan,nan,6.038219219627343,0.0,-0.0,0.0,0.0,nan,nan,nan
4.125,takeoff,-10.0,0.0,14.387518112369941,0.0,0.6378703306386773,nan,nan,nan,6.049576767124977,0.0,-0.0,0.0,0.0,nan,nan,nan
4.129166666666666,takeoff,-10.0,0.0,14.390165092230681,0.0,0.6352751665775626,nan,nan,nan,6.049576767124977,0.0,-0.0,0.0,0.0,nan,nan,nan
4.133333333333333,takeoff,-10.0,0.0,14.392801306032927,0.0,0.6326913125391369,nan,nan,nan,6.049576767124977,0.0,-0.0,0.0,0.0,nan,nan,nan
4.1375,takeoff,-10.0,0.0,14.395426797491895,0.0,0.6301179501523533,nan,nan,nan,6.049576767124977,0.0,-0.0,0.0,0.0,nan,nan,nan
4.141666666666667,takeoff,-10.0,0.0,14.39804160719597,0.0,0.6275543289778543,nan,nan,nan,6.049576767124977,0.0,-0.0,0.0,0.0,nan,nan,nan
4.145833333333333,takeoff,-10.0,0.0,14.400645772866289,0.0,0.6249997608766398,nan,nan,nan,6.049576767124977,0.0,-0.0,0.0,0.0,nan,nan,nan
4.15,takeoff,-10.0,0.0,14.403239329594804,0.0,0.6224536148433769,nan,nan,nan,6.049576767124977,0.0,-0.0,0.0,0.0,nan,nan,nan
4.154166666666667,takeoff,-10.0,0.0,14.40582231006258,0.0,0.6199153122663675,nan,nan,nan,6.049576767124977,0.0,-0.0,0.0,0.0,nan,nan,nan
4.158333333333333,takeoff,-10.0,0.0,14.408394744739994,0.0,0.6173843225792313,nan,nan,nan,6.049576767124977,0.0,-0.0,0.0,0.0,nan,nan,nan
4.1625,takeoff,-10.0,0.0,14.410956662070294,0.0,0.6148601592721815,nan,nan,nan,6.049576767124977,0.0,-0.0,0.0,0.0,nan,nan,nan
4.166666666666667,takeoff,-10.0,0.0,14.413508113374569,0.0,0.6123483130259303,nan,nan,nan,6.060756028492486,0.0,-0.0,0.0,0.0,nan,nan,nan
4.170833333333333,takeoff,-10.0,0.0,14.416049146198608,0.0,0.609847877769424,nan,nan,nan,6.060756028492486,0.0,-0.0,0.0,0.0,nan,nan,nan
4.175,takeoff,-10.0,0.0,14.418579804626246,0.0,0.60735802263316,nan,nan,nan,6.060756028492486,0.0,-0.0,0.0,0.0,nan,nan,nan
4.179166666666666,takeoff,-10.0,0.0,14.421100129566739,0.0,0.6048779857184752,nan,nan,nan,6.060756028492486,0.0,-0.0,0.0,0.0,nan,nan,nan
4.183333333333334,takeoff,-10.0,0.0,14.423610159018324,0.0,0.6024070683804038,nan,nan,nan,6.060756028492486,0.0,-0.0,0.0,0.0,nan,nan,nan
4.1875,takeoff,-10.0,0.0,14.426109928309916,0.0,0.5999446299822015,nan,nan,nan,6.060756028492486,0.0,-0.0,0.0,0.0,nan,nan,nan
4.191666666666666,takeoff,-10.0,0.0,14.428599470322762,0.0,0.5974900830829839,nan,nan,nan,6.060756028492486,0.0,-0.0,0.0,0.0,nan,nan,nan
4.195833333333333,takeoff,-10.0,0.0,14.431078815693692,0.0,0.5950428890230192,nan,nan,nan,6.060756028492486,0.0,-0.0,0.0,0.0,nan,nan,nan
4.2,takeoff,-10.0,0.0,14.433548017258829,0.0,0.5926083756331241,nan,nan,nan,6.071717649489214,0.0,-0.0,0.0,0.0,nan,nan,nan
4.204166666666667,takeoff,-10.0,0.0,14.436007123936665,0.0,0.5901856026806692,nan,nan,nan,6.071717649489214,0.0,-0.0,0.0,0.0,nan,nan,nan
4.208333333333333,takeoff,-10.0,0.0,14.438456181053196,0.0,0.5877737079673853,nan,nan,nan,6.071717649489214,0.0,-0.0,0.0,0.0,nan,nan,nan
4.2125,takeoff,-10.0,0.0,14.440895230640134,0.0,0.5853719008651848,nan,nan,nan,6.071717649489214,0.0,-0.0,0.0,0.0,nan,nan,nan
4.216666666666667,takeoff,-10.0,0.0,14.443324311708404,0.0,0.5829794563845941,nan,nan,nan,6.071717649489214,0.0,-0.0,0.0,0.0,nan,nan,nan
4.220833333333333,takeoff,-10.0,0.0,14.445743460498955,0.0,0.5805957097323711,nan,nan,nan,6.071717649489214,0.0,-0.0,0.0,0.0,nan,nan,nan
4.225,takeoff,-10.0,0.0,14.448152710712781,0.0,0.578220051318352,nan,nan,nan,6.071717649489214,0.0,-0.0,0.0,0.0,nan,nan,nan
4.229166666666667,takeoff,-10.0,0.0,14.450552093721843,0.0,0.5758519221747733,nan,nan,nan,6.071717649489214,0.0,-0.0,0.0,0.0,nan,nan,nan
4.233333333333333,takeoff,-10.0,0.0,14.452941638762486,0.0,0.5734908097542657,nan,nan,nan,6.071717649489214,0.0,-0.0,0.0,0.0,5.089095075957046,19.595917942265423,3.850570219221194
4.2375,takeoff,-10.0,0.0,14.4553213731128,0.0,0.5711362440754467,nan,nan,nan,6.071717649489214,0.0,-0.0,0.0,0.0,5.089095075957046,19.595917942265423,3.850570219221194
4.241666666666666,takeoff,-10.0,0.0,14.457691345965817,0.0,0.568793484723927,nan,nan,nan,6.08242898419323,0.0,-0.0,0.0,0.0,5.089095075957046,19.595917942265423,3.850570219221194
4.245833333333334,takeoff,-10.0,0.0,14.46005160288285,0.0,0.5664616600880218,nan,nan,nan,6.08242898419323,0.0,-0.0,0.0,0.0,5.089095075957046,19.595917942265423,3.850570219221194
4.25,takeoff,-10.0,0.0,14.462402186094971,0.0,0.5641399709094446,nan,nan,nan,6.08242898419323,0.0,-0.0,0.0,0.0,5.089095075957046,19.595917942265423,3.850570219221194
4.254166666666666,takeoff,-10.0,0.0,14.464743134779502,0.0,0.5618276842870628,nan,nan,nan,6.08242898419323,0.0,-0.0,0.0,0.0,5.089095075957046,19.595917942265423,3.850570219221194
4.258333333333333,takeoff,-10.0,0.0,14.467074485313566,0.0,0.5595241281751329,nan,nan,nan,6.08242898419323,0.0,-0.0,0.0,0.0,5.089095075957046,19.595917942265423,3.850570219221194
4.2625,takeoff,-10.0,0.0,14.46939627150663,0.0,0.5572286863356319,nan,nan,nan,6.08242898419323,0.0,-0.0,0.0,0.0,5.089095075957046,19.595917942265423,3.850570219221194
4.266666666666667,takeoff,-10.0,0.0,14.471708524813746,0.0,0.5549407937075376,nan,nan,nan,6.08242898419323,0.0,-0.0,0.0,0.0,7.8293770399339175,19.595917942265423,2.502870642493776
4.270833333333333,takeoff,-10.0,0.0,14.474011274531074,0.0,0.552659932158894,nan,nan,nan,6.08242898419323,0.0,-0.0,0.0,0.0,7.8293770399339175,19.595917942265423,2.502870642493776
4.275,takeoff,-10.0,0.0,14.476304571091703,0.0,0.550391174550669,nan,nan,nan,6.092871004993549,0.0,-0.0,0.0,0.0,7.8293770399339175,19.595917942265423,2.502870642493776
4.279166666666667,takeoff,-10.0,0.0,14.478588461178251,0.0,0.5481336207714999,nan,nan,nan,6.092871004993549,0.0,-0.0,0.0,0.0,7.8293770399339175,19.595917942265423,2.502870642493776
4.283333333333333,takeoff,-10.0,0.0,14.4808629880342,0.0,0.5458864454277267,nan,nan,nan,6.092871004993549,0.0,-0.0,0.0,0.0,7.8293770399339175,19.595917942265423,2.502870642493776
4.2875,takeoff,-10.0,0.0,14.483128191749417,0.0,0.5436488916521844,nan,nan,nan,6.092871004993549,0.0,-0.0,0.0,0.0,7.8293770399339175,19.595917942265423,2.502870642493776
4.291666666666667,takeoff,-10.0,0.0,14.485384109522014,0.0,0.5414202654233904,nan,nan,nan,6.092871004993549,0.0,-0.0,0.0,0.0,7.8293770399339175,19.595917942265423,2.502870642493776
4.295833333333333,takeoff,-10.0,0.0,14.487630775898488,0.0,0.5391999303534724,nan,nan,nan,6.092871004993549,0.0,-0.0,0.0,0.0,7.8293770399339175,19.595917942265423,2.502870642493776
4.3,takeoff,-10.0,0.0,14.489868222993932,0.0,0.5369873029065124,nan,nan,nan,6.092871004993549,0.0,-0.0,0.0,0.0,12.04519544605218,19.595917942265423,1.6268659176209546
4.304166666666666,takeoff,-10.0,0.0,14.492096480693982,0.0,0.5347818480120596,nan,nan,nan,6.092871004993549,0.0,-0.0,0.0,0.0,12.04519544605218,19.595917942265423,1.6268659176209546
4.308333333333334,takeoff,-10.0,0.0,14.494315576839988,0.0,0.5325830750414017,nan,nan,nan,6.092871004993549,0.0,-0.0,0.0,0.0,12.04519544605218,19.595917942265423,1.6268659176209546
4.3125,takeoff,-10.0,0.0,14.496525537398808,0.0,0.5303905341168055,nan,nan,nan,6.092871004993549,0.0,-0.0,0.0,0.0,12.04519544605218,19.595917942265423,1.6268659176209546
4.316666666666666,takeoff,-10.0,0.0,14.49872640910705,0.0,0.5282092099779963,nan,nan,nan,6.103026463909281,0.0,-0.0,0.0,0.0,12.04519544605218,19.595917942265423,1.6268659176209546
4.320833333333333,takeoff,-10.0,0.0,14.500918235242114,0.0,0.5260382724153209,nan,nan,nan,6.103026463909281,0.0,-0.0,0.0,0.0,12.04519544605218,19.595917942265423,1.6268659176209546
4.325,takeoff,-10.0,0.0,14.503101055909397,0.0,0.5238769601477985,nan,nan,nan,6.103026463909281,0.0,-0.0,0.0,0.0,12.04519544605218,19.595917942265423,1.6268659176209546
4.329166666666667,takeoff,-10.0,0.0,14.505274908305685,0.0,0.5217245751090386,nan,nan,nan,6.103026463909281,0.0,-0.0,0.0,0.0,12.04519544605218,19.595917942265423,1.6268659176209546
4.333333333333333,takeoff,-10.0,0.0,14.507439826960704,0.0,0.5195804772046302,nan,nan,nan,6.103026463909281,0.0,-0.0,0.0,0.0,nan,nan,nan
4.3375,takeoff,-10.0,0.0,14.509595843958632,0.0,0.5174440795024564,nan,nan,nan,6.103026463909281,0.0,-0.0,0.0,0.0,nan,nan,nan
4.341666666666667,takeoff,-10.0,0.0,14.511742989141217,0.0,0.5153148438204844,nan,nan,nan,6.103026463909281,0.0,-0.0,0.0,0.0,nan,nan,nan
4.345833333333333,takeoff,-10.0,0.0,14.513881290294048,0.0,0.5131922766794343,nan,nan,nan,6.103026463909281,0.0,-0.0,0.0,0.0,nan,nan,nan
4.35,takeoff,-10.0,0.0,14.516010795156864,0.0,0.5110811670761581,nan,nan,nan,6.112887975786525,0.0,-0.0,0.0,0.0,nan,nan,nan
4.354166666666667,takeoff,-10.0,0.0,14.518131547911969,0.0,0.5089806612249593,nan,nan,nan,6.112887975786525,0.0,-0.0,0.0,0.0,nan,nan,nan
4.358333333333333,takeoff,-10.0,0.0,14.520243589479575,0.0,0.5068899762255905,nan,nan,nan,6.112887975786525,0.0,-0.0,0.0,0.0,nan,nan,nan
4.3625,takeoff,-10.0,0.0,14.52234695778869,0.0,0.5048083941877104,nan,nan,nan,6.112887975786525,0.0,-0.0,0.0,0.0,nan,nan,nan
4.366666666666666,takeoff,-10.0,0.0,14.524441688025524,0.0,0.5027352568400101,nan,nan,nan,6.112887975786525,0.0,-0.0,0.0,0.0,nan,nan,nan
4.370833333333334,takeoff,-10.0,0.0,14.526527812861293,0.0,0.5006699605844044,nan,nan,nan,6.112887975786525,0.0,-0.0,0.0,0.0,nan,nan,nan
4.375,takeoff,-10.0,0.0,14.528605362661121,0.0,0.4986119519588601,nan,nan,nan,6.112887975786525,0.0,-0.0,0.0,0.0,nan,nan,nan
4.379166666666666,takeoff,-10.0,0.0,14.530674365675601,0.0,0.4965607234753648,nan,nan,nan,6.112887975786525,0.0,-0.0,0.0,0.0,nan,nan,nan
4.383333333333333,takeoff,-10.0,0.0,14.532734848216444,0.0,0.49451580980224036,nan,nan,nan,6.112887975786525,0.0,-0.0,0.0,0.0,nan,nan,nan
4.3875,takeoff,-10.0,0.0,14.534786834817538,0.0,0.49247678426250013,nan,nan,nan,6.112887975786525,0.0,-0.0,0.0,0.0,nan,nan,nan
4.391666666666667,takeoff,-10.0,0.0,14.53683036955958,0.0,0.49044833808991906,nan,nan,nan,6.122447711826055,0.0,-0.0,0.0,0.0,nan,nan,nan
4.395833333333333,takeoff,-10.0,0.0,14.53886549325493,0.0,0.488429686883997,nan,nan,nan,6.122447711826055,0.0,-0.0,0.0,0.0,nan,nan,nan
4.4,takeoff,-10.0,0.0,14.540892243719018,0.0,0.4864201113813138,nan,nan,nan,6.122447711826055,0.0,-0.0,0.0,0.0,nan,nan,nan
4.404166666666667,takeoff,-10.0,0.0,14.542910656019243,0.0,0.48441895205407476,nan,nan,nan,6.122447711826055,0.0,-0.0,0.0,0.0,nan,nan,nan
4.408333333333333,takeoff,-10.0,0.0,14.54492076270322,0.0,0.48242560415459784,nan,nan,nan,6.122447711826055,0.0,-0.0,0.0,0.0,nan,nan,nan
4.4125,takeoff,-10.0,0.0,14.546922594008093,0.0,0.4804395131692424,nan,nan,nan,6.122447711826055,0.0,-0.0,0.0,0.0,nan,nan,nan
4.416666666666667,takeoff,-10.0,0.0,14.54891617805246,0.0,0.4784601706482157,nan,nan,nan,6.122447711826055,0.0,-0.0,0.0,0.0,nan,nan,nan
4.420833333333333,takeoff,-10.0,0.0,14.550901541012378,0.0,0.4764871103804026,nan,nan,nan,6.122447711826055,0.0,-0.0,0.0,0.0,nan,nan,nan
4.425,takeoff,-10.0,0.0,14.552878727792498,0.0,0.47452482722908135,nan,nan,nan,6.131705498591416,0.0,-0.0,0.0,0.0,nan,nan,nan
4.429166666666666,takeoff,-10.0,0.0,14.554847779946659,0.0,0.4725725169987305,nan,nan,nan,6.131705498591416,0.0,-0.0,0.0,0.0,nan,nan,nan
4.433333333333334,takeoff,-10.0,0.0,14.556808735956137,0.0,0.4706294422746533,nan,nan,nan,6.131705498591416,0.0,-0.0,0.0,0.0,nan,nan,nan
4.4375,takeoff,-10.0,0.0,14.558761631484828,0.0,0.468694926885804,nan,nan,nan,6.131705498591416,0.0,-0.0,0.0,0.0,nan,nan,nan
4.441666666666666,takeoff,-10.0,0.0,14.560706499613264,0.0,0.46676835082466256,nan,nan,nan,6.131705498591416,0.0,-0.0,0.0,0.0,nan,nan,nan
4.445833333333333,takeoff,-10.0,0.0,14.562643371053209,0.0,0.46484914558676615,nan,nan,nan,6.131705498591416,0.0,-0.0,0.0,0.0,nan,nan,nan
4.45,takeoff,-10.0,0.0,14.56457227434444,0.0,0.4629367898955089,nan,nan,nan,6.131705498591416,0.0,-0.0,0.0,0.0,nan,nan,nan
4.454166666666667,takeoff,-10.0,0.0,14.566493236035193,0.0,0.4610308057805953,nan,nan,nan,6.131705498591416,0.0,-0.0,0.0,0.0,nan,nan,nan
4.458333333333333,takeoff,-10.0,0.0,14.568406280847613,0.0,0.4591307549810892,nan,nan,nan,6.131705498591416,0.0,-0.0,0.0,0.0,nan,nan,nan
4.4625,takeoff,-10.0,0.0,14.570311431829474,0.0,0.45723623564635607,nan,nan,nan,6.131705498591416,0.0,-0.0,0.0,0.0,nan,nan,nan
4.466666666666667,takeoff,-10.0,0.0,14.572208730335083,0.0,0.4553516413463641,nan,nan,nan,6.1406594969666575,0.0,-0.0,0.0,0.0,5.2288537612188914,19.595917942265423,3.7476507925319074
4.470833333333333,takeoff,-10.0,0.0,14.574098214648982,0.0,0.453476235335747,nan,nan,nan,6.1406594969666575,0.0,-0.0,0.0,0.0,5.2288537612188914,19.595917942265423,3.7476507925319074
4.475,takeoff,-10.0,0.0,14.575979920240899,0.0,0.4516093420598444,nan,nan,nan,6.1406594969666575,0.0,-0.0,0.0,0.0,5.2288537612188914,19.595917942265423,3.7476507925319074
4.479166666666667,takeoff,-10.0,0.0,14.57785387999956,0.0,0.4497503420788768,nan,nan,nan,6.1406594969666575,0.0,-0.0,0.0,0.0,5.2288537612188914,19.595917942265423,3.7476507925319074
4.483333333333333,takeoff,-10.0,0.0,14.579720124447109,0.0,0.4478986674114341,nan,nan,nan,6.1406594969666575,0.0,-0.0,0.0,0.0,5.2288537612188914,19.595917942265423,3.7476507925319074
4.4875,takeoff,-10.0,0.0,14.581578681935705,0.0,0.4460537972629152,nan,nan,nan,6.1406594969666575,0.0,-0.0,0.0,0.0,5.2288537612188914,19.595917942265423,3.7476507925319074
4.491666666666666,takeoff,-10.0,0.0,14.583429578827818,0.0,0.4442152541073302,nan,nan,nan,6.1406594969666575,0.0,-0.0,0.0,0.0,5.2288537612188914,19.595917942265423,3.7476507925319074
4.495833333333334,takeoff,-10.0,0.0,14.58527283966154,0.0,0.44238260009342756,nan,nan,nan,6.1406594969666575,0.0,-0.0,0.0,0.0,5.2288537612188914,19.595917942265423,3.7476507925319074
4.5,takeoff,-10.0,0.0,14.587108506481854,0.0,0.4405600368753255,nan,nan,nan,6.149314020166354,0.0,-0.0,0.0,0.0,8.044390401875217,19.595917942265423,2.43597301514574
4.504166666666666,takeoff,-10.0,0.0,14.588936618193436,0.0,0.4387468107794656,nan,nan,nan,6.149314020166354,0.0,-0.0,0.0,0.0,8.044390401875217,19.595917942265423,2.43597301514574
4.508333333333333,takeoff,-10.0,0.0,14.590757210821476,0.0,0.43694223072932714,nan,nan,nan,6.149314020166354,0.0,-0.0,0.0,0.0,8.044390401875217,19.595917942265423,2.43597301514574
4.5125,takeoff,-10.0,0.0,14.592570317750866,0.0,0.4351456630534105,nan,nan,nan,6.149314020166354,0.0,-0.0,0.0,0.0,8.044390401875217,19.595917942265423,2.43597301514574
4.516666666666667,takeoff,-10.0,0.0,14.594375969945542,0.0,0.4333565267220551,nan,nan,nan,6.149314020166354,0.0,-0.0,0.0,0.0,8.044390401875217,19.595917942265423,2.43597301514574
4.520833333333333,takeoff,-10.0,0.0,14.596174196149617,0.0,0.4315742889779626,nan,nan,nan,6.149314020166354,0.0,-0.0,0.0,0.0,8.044390401875217,19.595917942265423,2.43597301514574
4.525,takeoff,-10.0,0.0,14.597965023071817,0.0,0.4297984613281283,nan,nan,nan,6.149314020166354,0.0,-0.0,0.0,0.0,8.044390401875217,19.595917942265423,2.43597301514574
4.529166666666667,takeoff,-10.0,0.0,14.599748475554598,0.0,0.42802859586749226,nan,nan,nan,6.149314020166354,0.0,-0.0,0.0,0.0,8.044390401875217,19.595917942265423,2.43597301514574
4.533333333333333,takeoff,-10.0,0.0,14.601524576729211,0.0,0.42626428190702753,nan,nan,nan,6.149314020166354,0.0,-0.0,0.0,0.0,12.375985233654179,19.595917942265423,1.583382459844731
4.5375,takeoff,-10.0,0.0,14.603293348157884,0.0,0.4245051428812014,nan,nan,nan,6.149314020166354,0.0,-0.0,0.0,0.0,12.375985233654179,19.595917942265423,1.583382459844731
4.541666666666667,takeoff,-10.0,0.0,14.605054828488939,0.0,0.4227552794530405,nan,nan,nan,6.157671015644646,0.0,-0.0,0.0,0.0,12.375985233654179,19.595917942265423,1.583382459844731
4.545833333333333,takeoff,-10.0,0.0,14.606809053499617,0.0,0.42101400256277466,nan,nan,nan,6.157671015644646,0.0,-0.0,0.0,0.0,12.375985233654179,19.595917942265423,1.583382459844731
4.55,takeoff,-10.0,0.0,14.608556056334578,0.0,0.4192806803906939,nan,nan,nan,6.157671015644646,0.0,-0.0,0.0,0.0,12.375985233654179,19.595917942265423,1.583382459844731
4.554166666666666,takeoff,-10.0,0.0,14.61029586772461,0.0,0.41755473360753614,nan,nan,nan,6.157671015644646,0.0,-0.0,0.0,0.0,12.375985233654179,19.595917942265423,1.583382459844731
4.558333333333334,takeoff,-10.0,0.0,14.612028516187182,0.0,0.41583563101747617,nan,nan,nan,6.157671015644646,0.0,-0.0,0.0,0.0,12.375985233654179,19.595917942265423,1.583382459844731
4.5625,takeoff,-10.0,0.0,14.613754028210355,0.0,0.4141228855615046,nan,nan,nan,6.157671015644646,0.0,-0.0,0.0,0.0,12.375985233654179,19.595917942265423,1.583382459844731
4.566666666666666,takeoff,-10.0,0.0,14.615472428421404,0.0,0.41241605065159204,nan,nan,nan,6.157671015644646,0.0,-0.0,0.0,0.0,19.03997728254489,19.595917942265423,1.0291985988990753
4.570833333333333,takeoff,-10.0,0.0,14.617183739741439,0.0,0.41071471680843014,nan,nan,nan,6.157671015644646,0.0,-0.0,0.0,0.0,19.03997728254489,19.595917942265423,1.0291985988990753
4.575,takeoff,-10.0,0.0,14.618888001409289,0.0,0.409022800284041,nan,nan,nan,6.165737501221962,0.0,-0.0,0.0,0.0,19.03997728254489,19.595917942265423,1.0291985988990753
4.579166666666667,takeoff,-10.0,0.0,14.620585249731342,0.0,0.4073395972927517,nan,nan,nan,6.165737501221962,0.0,-0.0,0.0,0.0,19.03997728254489,19.595917942265423,1.0291985988990753
4.583333333333333,takeoff,-10.0,0.0,14.622275518325145,0.0,0.40566446251284244,nan,nan,nan,6.165737501221962,0.0,-0.0,0.0,0.0,19.03997728254489,19.595917942265423,1.0291985988990753
4.5875,takeoff,-10.0,0.0,14.623958838342794,0.0,0.4039968042357533,nan,nan,nan,6.165737501221962,0.0,-0.0,0.0,0.0,19.03997728254489,19.595917942265423,1.0291985988990753
4.591666666666667,takeoff,-10.0,0.0,14.625635238675779,0.0,0.4023360799161934,nan,nan,nan,6.165737501221962,0.0,-0.0,0.0,0.0,19.03997728254489,19.595917942265423,1.0291985988990753
4.595833333333333,takeoff,-10.0,0.0,14.627304746142821,0.0,0.4006817920902712,nan,nan,nan,6.165737501221962,0.0,-0.0,0.0,0.0,19.03997728254489,19.595917942265423,1.0291985988990753
4.6,takeoff,-10.0,0.0,14.628967385662119,0.0,0.39903348463142113,nan,nan,nan,6.165737501221962,0.0,-0.0,0.0,0.0,nan,nan,nan
4.604166666666667,takeoff,-10.0,0.0,14.63062318040927,0.0,0.3973907393163505,nan,nan,nan,6.165737501221962,0.0,-0.0,0.0,0.0,nan,nan,nan
4.608333333333333,takeoff,-10.0,0.0,14.632272151962084,0.0,0.39575317267548527,nan,nan,nan,6.165737501221962,0.0,-0.0,0.0,0.0,nan,nan,nan
4.6125,takeoff,-10.0,0.0,14.633914320433353,0.0,0.3941204331044708,nan,nan,nan,6.165737501221962,0.0,-0.0,0.0,0.0,nan,nan,nan
4.616666666666666,takeoff,-10.0,0.0,14.635549721843994,0.0,0.3924963385534987,nan,nan,nan,6.173517749413537,0.0,-0.0,0.0,0.0,nan,nan,nan
4.620833333333334,takeoff,-10.0,0.0,14.637178389537768,0.0,0.3908802465057642,nan,nan,nan,6.173517749413537,0.0,-0.0,0.0,0.0,nan,nan,nan
4.625,takeoff,-10.0,0.0,14.638800354403713,0.0,0.389271567827002,nan,nan,nan,6.173517749413537,0.0,-0.0,0.0,0.0,nan,nan,nan
4.629166666666666,takeoff,-10.0,0.0,14.640415645080108,0.0,0.38766976233461203,nan,nan,nan,6.173517749413537,0.0,-0.0,0.0,0.0,nan,nan,nan
4.633333333333333,takeoff,-10.0,0.0,14.642024288141496,0.0,0.38607433473325214,nan,nan,nan,6.173517749413537,0.0,-0.0,0.0,0.0,nan,nan,nan
4.6375,takeoff,-10.0,0.0,14.643626308270191,0.0,0.38448483088679725,nan,nan,nan,6.173517749413537,0.0,-0.0,0.0,0.0,nan,nan,nan
4.641666666666667,takeoff,-10.0,0.0,14.64522172841352,0.0,0.3829008343990042,nan,nan,nan,6.173517749413537,0.0,-0.0,0.0,0.0,nan,nan,nan
4.645833333333333,takeoff,-10.0,0.0,14.646810569928011,0.0,0.3813219634774673,nan,nan,nan,6.173517749413537,0.0,-0.0,0.0,0.0,nan,nan,nan
4.65,takeoff,-10.0,0.0,14.648392869348399,0.0,0.37975186089312213,nan,nan,nan,6.181020302001137,0.0,-0.0,0.0,0.0,nan,nan,nan
4.654166666666667,takeoff,-10.0,0.0,14.649968660478107,0.0,0.37818987112996055,nan,nan,nan,6.181020302001137,0.0,-0.0,0.0,0.0,nan,nan,nan
4.658333333333333,takeoff,-10.0,0.0,14.65153797461617,0.0,0.37663539313531547,nan,nan,nan,6.181020302001137,0.0,-0.0,0.0,0.0,nan,nan,nan
4.6625,takeoff,-10.0,0.0,14.653100840765335,0.0,0.3750878757995835,nan,nan,nan,6.181020302001137,0.0,-0.0,0.0,0.0,nan,nan,nan
4.666666666666667,takeoff,-10.0,0.0,14.654657285822875,0.0,0.3735468138097576,nan,nan,nan,6.181020302001137,0.0,-0.0,0.0,0.0,nan,nan,nan
4.670833333333333,takeoff,-10.0,0.0,14.656207334755567,0.0,0.3720117438460746,nan,nan,nan,6.181020302001137,0.0,-0.0,0.0,0.0,nan,nan,nan
4.675,takeoff,-10.0,0.0,14.657751010760125,0.0,0.3704822410935695,nan,nan,nan,6.181020302001137,0.0,-0.0,0.0,0.0,nan,nan,nan
4.679166666666666,takeoff,-10.0,0.0,14.659288335410302,0.0,0.36895791604261585,nan,nan,nan,6.181020302001137,0.0,-0.0,0.0,0.0,nan,nan,nan
4.683333333333334,takeoff,-10.0,0.0,14.66081932879178,0.0,0.36743841155464246,nan,nan,nan,6.181020302001137,0.0,-0.0,0.0,0.0,nan,nan,nan
4.6875,takeoff,-10.0,0.0,14.662344009625826,0.0,0.36592340017115577,nan,nan,nan,6.181020302001137,0.0,-0.0,0.0,0.0,nan,nan,nan
4.691666666666666,takeoff,-10.0,0.0,14.663862411419505,0.0,0.3644164304829585,nan,nan,nan,6.18825078251011,0.0,-0.0,0.0,0.0,nan,nan,nan
4.695833333333333,takeoff,-10.0,0.0,14.665374565188912,0.0,0.36291690465774995,nan,nan,nan,6.18825078251011,0.0,-0.0,0.0,0.0,nan,nan,nan
4.7,takeoff,-10.0,0.0,14.666880499666167,0.0,0.3614242745409318,nan,nan,nan,6.18825078251011,0.0,-0.0,0.0,0.0,nan,nan,nan
4.704166666666667,takeoff,-10.0,0.0,14.668380241489213,0.0,0.35993803753105097,nan,nan,nan,6.18825078251011,0.0,-0.0,0.0,0.0,nan,nan,nan
4.708333333333333,takeoff,-10.0,0.0,14.669873815375865,0.0,0.35845773279656273,nan,nan,nan,6.18825078251011,0.0,-0.0,0.0,0.0,nan,nan,nan
4.7125,takeoff,-10.0,0.0,14.67136124428339,0.0,0.35698293780584905,nan,nan,nan,6.18825078251011,0.0,-0.0,0.0,0.0,nan,nan,nan
4.716666666666667,takeoff,-10.0,0.0,14.672842549554826,0.0,0.35551326514470705,nan,nan,nan,6.18825078251011,0.0,-0.0,0.0,0.0,nan,nan,nan
4.720833333333333,takeoff,-10.0,0.0,14.674317751053149,0.0,0.35404835959761943,nan,nan,nan,6.18825078251011,0.0,-0.0,0.0,0.0,nan,nan,nan
4.725,takeoff,-10.0,0.0,14.67578688273925,0.0,0.3525916046641566,nan,nan,nan,6.195218477227795,0.0,-0.0,0.0,0.0,nan,nan,nan
4.729166666666667,takeoff,-10.0,0.0,14.677249976034656,0.0,0.3511423908975614,nan,nan,nan,6.195218477227795,0.0,-0.0,0.0,0.0,nan,nan,nan
4.733333333333333,takeoff,-10.0,0.0,14.67870706003255,0.0,0.34970015949478445,nan,nan,nan,6.195218477227795,0.0,-0.0,0.0,0.0,nan,nan,nan
4.7375,takeoff,-10.0,0.0,14.680158161691267,0.0,0.34826439809197623,nan,nan,nan,6.195218477227795,0.0,-0.0,0.0,0.0,nan,nan,nan
4.741666666666666,takeoff,-10.0,0.0,14.681603306011716,0.0,0.3468346369078729,nan,nan,nan,6.195218477227795,0.0,-0.0,0.0,0.0,nan,nan,nan
4.745833333333334,takeoff,-10.0,0.0,14.683042516200077,0.0,0.3454104452064781,nan,nan,nan,6.195218477227795,0.0,-0.0,0.0,0.0,nan,nan,nan
4.75,takeoff,-10.0,0.0,14.684475813816963,0.0,0.3439914280527637,nan,nan,nan,6.195218477227795,0.0,-0.0,0.0,0.0,nan,nan,nan
4.754166666666666,takeoff,-10.0,0.0,14.685903218914202,0.0,0.3425772233372489,nan,nan,nan,6.195218477227795,0.0,-0.0,0.0,0.0,nan,nan,nan
4.758333333333333,takeoff,-10.0,0.0,14.687324750160233,0.0,0.3411674990472851,nan,nan,nan,6.195218477227795,0.0,-0.0,0.0,0.0,nan,nan,nan
4.7625,takeoff,-10.0,0.0,14.688740424955085,0.0,0.3397619507646851,nan,nan,nan,6.195218477227795,0.0,-0.0,0.0,0.0,nan,nan,nan
4.766666666666667,takeoff,-10.0,0.0,14.690150274424788,0.0,0.3383638727285212,nan,nan,nan,6.201929714820999,0.0,-0.0,0.0,0.0,5.015370365457228,19.595917942265423,3.9071726541333813
4.770833333333333,takeoff,-10.0,0.0,14.69155432738115,0.0,0.33697270952693104,nan,nan,nan,6.201929714820999,0.0,-0.0,0.0,0.0,5.015370365457228,19.595917942265423,3.9071726541333813
4.775,takeoff,-10.0,0.0,14.692952610514098,0.0,0.3355879519074635,nan,nan,nan,6.201929714820999,0.0,-0.0,0.0,0.0,5.015370365457228,19.595917942265423,3.9071726541333813
4.779166666666667,takeoff,-10.0,0.0,14.69434514856803,0.0,0.33420913294358817,nan,nan,nan,6.201929714820999,0.0,-0.0,0.0,0.0,5.015370365457228,19.595917942265423,3.9071726541333813
4.783333333333333,takeoff,-10.0,0.0,14.695731964503523,0.0,0.3328358245186029,nan,nan,nan,6.201929714820999,0.0,-0.0,0.0,0.0,5.015370365457228,19.595917942265423,3.9071726541333813
4.7875,takeoff,-10.0,0.0,14.697113079645609,0.0,0.33146763410081564,nan,nan,nan,6.201929714820999,0.0,-0.0,0.0,0.0,5.015370365457228,19.595917942265423,3.9071726541333813
4.791666666666667,takeoff,-10.0,0.0,14.698488513819717,0.0,0.3301042017860024,nan,nan,nan,6.201929714820999,0.0,-0.0,0.0,0.0,5.015370365457228,19.595917942265423,3.9071726541333813
4.795833333333333,takeoff,-10.0,0.0,14.69985828547632,0.0,0.32874519758509835,nan,nan,nan,6.201929714820999,0.0,-0.0,0.0,0.0,5.015370365457228,19.595917942265423,3.9071726541333813
4.8,takeoff,-10.0,0.0,14.701222426147243,0.0,0.3273937610215632,nan,nan,nan,6.2083940173382155,0.0,-0.0,0.0,0.0,7.715954408395734,19.595917942265423,2.539662225186698
4.804166666666666,takeoff,-10.0,0.0,14.702580965006431,0.0,0.32604932620508975,nan,nan,nan,6.2083940173382155,0.0,-0.0,0.0,0.0,7.715954408395734,19.595917942265423,2.539662225186698
4.808333333333334,takeoff,-10.0,0.0,14.703933929065917,0.0,0.32471137427657537,nan,nan,nan,6.2083940173382155,0.0,-0.0,0.0,0.0,7.715954408395734,19.595917942265423,2.539662225186698
4.8125,takeoff,-10.0,0.0,14.70528134335551,0.0,0.32337942950244125,nan,nan,nan,6.2083940173382155,0.0,-0.0,0.0,0.0,7.715954408395734,19.595917942265423,2.539662225186698
4.816666666666666,takeoff,-10.0,0.0,14.706623231087562,0.0,0.3220530556922915,nan,nan,nan,6.2083940173382155,0.0,-0.0,0.0,0.0,7.715954408395734,19.595917942265423,2.539662225186698
4.820833333333333,takeoff,-10.0,0.0,14.707959613808034,0.0,0.32073185291330497,nan,nan,nan,6.2083940173382155,0.0,-0.0,0.0,0.0,7.715954408395734,19.595917942265423,2.539662225186698
4.825,takeoff,-10.0,0.0,14.709290511535022,0.0,0.319415454476917,nan,nan,nan,6.2083940173382155,0.0,-0.0,0.0,0.0,7.715954408395734,19.595917942265423,2.539662225186698
4.829166666666667,takeoff,-10.0,0.0,14.710615942885752,0.0,0.31810352417533805,nan,nan,nan,6.2083940173382155,0.0,-0.0,0.0,0.0,7.715954408395734,19.595917942265423,2.539662225186698
4.833333333333333,takeoff,-10.0,0.0,14.711935925193032,0.0,0.3167957537472923,nan,nan,nan,6.2083940173382155,0.0,-0.0,0.0,0.0,11.87069908983959,19.595917942265423,1.6507804463713538
4.8375,takeoff,-10.0,0.0,14.713250474612007,0.0,0.3154918605540419,nan,nan,nan,6.2083940173382155,0.0,-0.0,0.0,0.0,11.87069908983959,19.595917942265423,1.6507804463713538
4.841666666666667,takeoff,-10.0,0.0,14.714559620029327,0.0,0.31419490015681134,nan,nan,nan,6.214617994877968,0.0,-0.0,0.0,0.0,11.87069908983959,19.595917942265423,1.6507804463713538
4.845833333333333,takeoff,-10.0,0.0,14.715863388183914,0.0,0.3129043571008991,nan,nan,nan,6.214617994877968,0.0,-0.0,0.0,0.0,11.87069908983959,19.595917942265423,1.6507804463713538
4.85,takeoff,-10.0,0.0,14.71716180384548,0.0,0.31161975877601455,nan,nan,nan,6.214617994877968,0.0,-0.0,0.0,0.0,11.87069908983959,19.595917942265423,1.6507804463713538
4.854166666666667,takeoff,-10.0,0.0,14.718454889978219,0.0,0.3103406718571882,nan,nan,nan,6.214617994877968,0.0,-0.0,0.0,0.0,11.87069908983959,19.595917942265423,1.6507804463713538
4.858333333333333,takeoff,-10.0,0.0,14.719742667890888,0.0,0.3090666990405033,nan,nan,nan,6.214617994877968,0.0,-0.0,0.0,0.0,11.87069908983959,19.595917942265423,1.6507804463713538
4.8625,takeoff,-10.0,0.0,14.721025157374427,0.0,0.30779747604936114,nan,nan,nan,6.214617994877968,0.0,-0.0,0.0,0.0,11.87069908983959,19.595917942265423,1.6507804463713538
4.866666666666666,takeoff,-10.0,0.0,14.72230237682813,0.0,0.306532668888971,nan,nan,nan,6.214617994877968,0.0,-0.0,0.0,0.0,18.2626139843686,19.595917942265423,1.07300729014138
4.870833333333334,takeoff,-10.0,0.0,14.723574343375333,0.0,0.3052719713285778,nan,nan,nan,6.214617994877968,0.0,-0.0,0.0,0.0,18.2626139843686,19.595917942265423,1.07300729014138
4.875,takeoff,-10.0,0.0,14.724841086269132,0.0,0.30401829451186474,nan,nan,nan,6.2206110793921825,0.0,-0.0,0.0,0.0,18.2626139843686,19.595917942265423,1.07300729014138
4.879166666666666,takeoff,-10.0,0.0,14.726102632575207,0.0,0.3027711134579805,nan,nan,nan,6.2206110793921825,0.0,-0.0,0.0,0.0,18.2626139843686,19.595917942265423,1.07300729014138
4.883333333333333,takeoff,-10.0,0.0,14.727359007353638,0.0,0.3015299468232711,nan,nan,nan,6.2206110793921825,0.0,-0.0,0.0,0.0,18.2626139843686,19.595917942265423,1.07300729014138
4.8875,takeoff,-10.0,0.0,14.728610233825624,0.0,0.30029435327651083,nan,nan,nan,6.2206110793921825,0.0,-0.0,0.0,0.0,18.2626139843686,19.595917942265423,1.07300729014138
4.891666666666667,takeoff,-10.0,0.0,14.72985633352635,0.0,0.2990639281743662,nan,nan,nan,6.2206110793921825,0.0,-0.0,0.0,0.0,18.2626139843686,19.595917942265423,1.07300729014138
4.895833333333333,takeoff,-10.0,0.0,14.73109732644515,0.0,0.29783830051236326,nan,nan,nan,6.2206110793921825,0.0,-0.0,0.0,0.0,18.2626139843686,19.595917942265423,1.07300729014138
4.9,takeoff,-10.0,0.0,14.73233323115402,0.0,0.2966171301286434,nan,nan,nan,6.2206110793921825,0.0,-0.0,0.0,0.0,28.09632920672092,19.595917942265423,0.6974547385918971
4.904166666666667,takeoff,-10.0,0.0,14.733564064925435,0.0,0.295400105139648,nan,nan,nan,6.2206110793921825,0.0,-0.0,0.0,0.0,28.09632920672092,19.595917942265423,0.6974547385918971
4.908333333333333,takeoff,-10.0,0.0,14.734789843840387,0.0,0.2941869395885761,nan,nan,nan,6.2206110793921825,0.0,-0.0,0.0,0.0,28.09632920672092,19.595917942265423,0.6974547385918971
4.9125,takeoff,-10.0,0.0,14.736010582887424,0.0,0.2929773712890301,nan,nan,nan,6.2206110793921825,0.0,-0.0,0.0,0.0,28.09632920672092,19.595917942265423,0.6974547385918971
4.916666666666667,takeoff,-10.0,0.0,14.737226308857531,0.0,0.2917742328257272,nan,nan,nan,6.226379889047692,0.0,-0.0,0.0,0.0,28.09632920672092,19.595917942265423,0.6974547385918971
4.920833333333333,takeoff,-10.0,0.0,14.738437046549922,0.0,0.29057704617381586,nan,nan,nan,6.226379889047692,0.0,-0.0,0.0,0.0,28.09632920672092,19.595917942265423,0.6974547385918971
4.925,takeoff,-10.0,0.0,14.739642818937616,0.0,0.28938537304666395,nan,nan,nan,6.226379889047692,0.0,-0.0,0.0,0.0,28.09632920672092,19.595917942265423,0.6974547385918971
4.929166666666666,takeoff,-10.0,0.0,14.740843647319258,0.0,0.2881988115940168,nan,nan,nan,6.226379889047692,0.0,-0.0,0.0,0.0,28.09632920672092,19.595917942265423,0.6974547385918971
4.933333333333334,takeoff,-10.0,0.0,14.742039551458316,0.0,0.28701699337379183,nan,nan,nan,6.226379889047692,0.0,-0.0,0.0,0.0,43.22512185649372,19.595917942265423,0.45334558008473314
4.9375,takeoff,-10.0,0.0,14.743230549710711,0.0,0.2858395805749463,nan,nan,nan,6.226379889047692,0.0,-0.0,0.0,0.0,43.22512185649372,19.595917942265423,0.45334558008473314
4.941666666666666,takeoff,-10.0,0.0,14.744416659141839,0.0,0.2846662634706973,nan,nan,nan,6.226379889047692,0.0,-0.0,0.0,0.0,43.22512185649372,19.595917942265423,0.45334558008473314
4.945833333333333,takeoff,-10.0,0.0,14.745597895633852,0.0,0.28349675808306857,nan,nan,nan,6.226379889047692,0.0,-0.0,0.0,0.0,43.22512185649372,19.595917942265423,0.45334558008473314
4.95,takeoff,-10.0,0.0,14.746774286311235,0.0,0.2823337625718342,nan,nan,nan,6.231933563088991,0.0,-0.0,0.0,0.0,43.22512185649372,19.595917942265423,0.45334558008473314
4.954166666666667,takeoff,-10.0,0.0,14.747945856270402,0.0,0.2811767902001235,nan,nan,nan,6.231933563088991,0.0,-0.0,0.0,0.0,43.22512185649372,19.595917942265423,0.45334558008473314
4.958333333333333,takeoff,-10.0,0.0,14.749112628748296,0.0,0.2800253946945006,nan,nan,nan,6.231933563088991,0.0,-0.0,0.0,0.0,43.22512185649372,19.595917942265423,0.45334558008473314
4.9625,takeoff,-10.0,0.0,14.750274625276976,0.0,0.27887916688301556,nan,nan,nan,6.231933563088991,0.0,-0.0,0.0,0.0,43.22512185649372,19.595917942265423,0.45334558008473314
4.966666666666667,takeoff,-10.0,0.0,14.751431865825358,0.0,0.27773773161184795,nan,nan,nan,6.231933563088991,0.0,-0.0,0.0,0.0,nan,nan,nan
4.970833333333333,takeoff,-10.0,0.0,14.752584368929181,0.0,0.27660074491757497,nan,nan,nan,6.231933563088991,0.0,-0.0,0.0,0.0,nan,nan,nan
4.975,takeoff,-10.0,0.0,14.753732151810157,0.0,0.27546789143397127,nan,nan,nan,6.231933563088991,0.0,-0.0,0.0,0.0,nan,nan,nan
4.979166666666667,takeoff,-10.0,0.0,14.754875230485215,0.0,0.2743388820139726,nan,nan,nan,6.231933563088991,0.0,-0.0,0.0,0.0,nan,nan,nan
4.983333333333333,takeoff,-10.0,0.0,14.75601361986667,0.0,0.27321345154902055,nan,nan,nan,6.231933563088991,0.0,-0.0,0.0,0.0,nan,nan,nan
4.9875,takeoff,-10.0,0.0,14.757147333854043,0.0,0.27209135696946457,nan,nan,nan,6.231933563088991,0.0,-0.0,0.0,0.0,nan,nan,nan
4.991666666666666,takeoff,-10.0,0.0,14.758276397284082,0.0,0.2709752232093893,nan,nan,nan,6.237278555867415,0.0,-0.0,0.0,0.0,nan,nan,nan
4.995833333333334,takeoff,-10.0,0.0,14.759400833147287,0.0,0.26986460716924987,nan,nan,nan,6.237278555867415,0.0,-0.0,0.0,0.0,nan,nan,nan
5.0,takeoff,-10.0,0.0,14.760520662741406,0.0,0.26875910258863134,nan,nan,nan,6.237278555867415,0.0,-0.0,0.0,0.0,nan,nan,nan
5.004166666666666,takeoff,-10.0,0.0,14.761635905812176,0.0,0.2676583369846185,nan,nan,nan,6.237278555867415,0.0,-0.0,0.0,0.0,nan,nan,nan
5.008333333333333,takeoff,-10.0,0.0,14.762746580682359,0.0,0.2665619688440004,nan,nan,nan,6.237278555867415,0.0,-0.0,0.0,0.0,nan,nan,nan
5.0125,takeoff,-10.0,0.0,14.763852704370061,0.0,0.2654696850483631,nan,nan,nan,6.237278555867415,0.0,-0.0,0.0,0.0,nan,nan,nan
5.016666666666667,takeoff,-10.0,0.0,14.764954292697198,0.0,0.26438119851283615,nan,nan,nan,6.237278555867415,0.0,-0.0,0.0,0.0,nan,nan,nan
5.020833333333333,takeoff,-10.0,0.0,14.766051360388952,0.0,0.26329624602083423,nan,nan,nan,6.237278555867415,0.0,-0.0,0.0,0.0,nan,nan,nan
5.025,takeoff,-10.0,0.0,14.767143932587421,0.0,0.2622173276328531,nan,nan,nan,6.242423593973511,0.0,-0.0,0.0,0.0,nan,nan,nan
5.029166666666667,takeoff,-10.0,0.0,14.76823203255511,0.0,0.2611439922454245,nan,nan,nan,6.242423593973511,0.0,-0.0,0.0,0.0,nan,nan,nan
5.033333333333333,takeoff,-10.0,0.0,14.769315681831197,0.0,0.26007582626063297,nan,nan,nan,6.242423593973511,0.0,-0.0,0.0,0.0,nan,nan,nan
5.0375,takeoff,-10.0,0.0,14.770394900374818,0.0,0.259012450469229,nan,nan,nan,6.242423593973511,0.0,-0.0,0.0,0.0,nan,nan,nan
5.041666666666667,takeoff,-10.0,0.0,14.771469706696452,0.0,0.25795351719213666,nan,nan,nan,6.242423593973511,0.0,-0.0,0.0,0.0,nan,nan,nan
5.045833333333333,takeoff,-10.0,0.0,14.772540117978364,0.0,0.2568987076590364,nan,nan,nan,6.242423593973511,0.0,-0.0,0.0,0.0,nan,nan,nan
5.05,takeoff,-10.0,0.0,14.77360615018505,0.0,0.25584772960444574,nan,nan,nan,6.242423593973511,0.0,-0.0,0.0,0.0,nan,nan,nan
5.054166666666666,takeoff,-10.0,0.0,14.77466781816448,0.0,0.25480031506332407,nan,nan,nan,6.242423593973511,0.0,-0.0,0.0,0.0,nan,nan,nan
5.058333333333334,takeoff,-10.0,0.0,14.775725135740936,0.0,0.2537562183497011,nan,nan,nan,6.242423593973511,0.0,-0.0,0.0,0.0,nan,nan,nan
5.0625,takeoff,-10.0,0.0,14.776778115800116,0.0,0.2527152142031841,nan,nan,nan,6.242423593973511,0.0,-0.0,0.0,0.0,nan,nan,nan
5.066666666666666,takeoff,-10.0,0.0,14.777826781361005,0.0,0.25167973461343035,nan,nan,nan,6.247374864255923,0.0,-0.0,0.0,0.0,nan,nan,nan
5.070833333333333,takeoff,-10.0,0.0,14.77887115373175,0.0,0.25064936897853285,nan,nan,nan,6.247374864255923,0.0,-0.0,0.0,0.0,nan,nan,nan
5.075,takeoff,-10.0,0.0,14.779911252651907,0.0,0.2496237408375094,nan,nan,nan,6.247374864255923,0.0,-0.0,0.0,0.0,nan,nan,nan
5.079166666666667,takeoff,-10.0,0.0,14.780947096422874,0.0,0.24860250503233697,nan,nan,nan,6.247374864255923,0.0,-0.0,0.0,0.0,nan,nan,nan
5.083333333333333,takeoff,-10.0,0.0,14.78197870202748,0.0,0.24758534510536834,nan,nan,nan,6.247374864255923,0.0,-0.0,0.0,0.0,nan,nan,nan
5.0875,takeoff,-10.0,0.0,14.783006085239617,0.0,0.24657197091269253,nan,nan,nan,6.247374864255923,0.0,-0.0,0.0,0.0,nan,nan,nan
5.091666666666667,takeoff,-10.0,0.0,14.784029260724765,0.0,0.24556211643559214,nan,nan,nan,6.247374864255923,0.0,-0.0,0.0,0.0,nan,nan,nan
5.095833333333333,takeoff,-10.0,0.0,14.785048242132156,0.0,0.24455553777371408,nan,nan,nan,6.247374864255923,0.0,-0.0,0.0,0.0,nan,nan,nan
5.1,takeoff,-10.0,0.0,14.786063052761651,0.0,0.24355455107894516,nan,nan,nan,6.252140615756963,0.0,-0.0,0.0,0.0,nan,nan,nan
5.104166666666667,takeoff,-10.0,0.0,14.787073714171528,0.0,0.2425587383703769,nan,nan,nan,6.252140615756963,0.0,-0.0,0.0,0.0,nan,nan,nan
5.108333333333333,takeoff,-10.0,0.0,14.78808024632329,0.0,0.2415677164225421,nan,nan,nan,6.252140615756963,0.0,-0.0,0.0,0.0,nan,nan,nan
5.1125,takeoff,-10.0,0.0,14.789082667714442,0.0,0.24058113387647748,nan,nan,nan,6.252140615756963,0.0,-0.0,0.0,0.0,nan,nan,nan
5.116666666666666,takeoff,-10.0,0.0,14.790080995500237,0.0,0.23959866859037765,nan,nan,nan,6.252140615756963,0.0,-0.0,0.0,0.0,nan,nan,nan
5.120833333333334,takeoff,-10.0,0.0,14.791075245605278,0.0,0.23862002521005762,nan,nan,nan,6.252140615756963,0.0,-0.0,0.0,0.0,nan,nan,nan
5.125,takeoff,-10.0,0.0,14.792065432825865,0.0,0.23764493294105973,nan,nan,nan,6.252140615756963,0.0,-0.0,0.0,0.0,nan,nan,nan
5.129166666666666,takeoff,-10.0,0.0,14.793051570923806,0.0,0.23667314350573085,nan,nan,nan,6.252140615756963,0.0,-0.0,0.0,0.0,nan,nan,nan
5.133333333333333,takeoff,-10.0,0.0,14.79403367271243,0.0,0.23570442926996396,nan,nan,nan,6.252140615756963,0.0,-0.0,0.0,0.0,nan,nan,nan
5.1375,takeoff,-10.0,0.0,14.795011750135453,0.0,0.23473858152555732,nan,nan,nan,6.252140615756963,0.0,-0.0,0.0,0.0,nan,nan,nan
5.141666666666667,takeoff,-10.0,0.0,14.795985824524063,0.0,0.23377785326625147,nan,nan,nan,6.256726709669514,0.0,-0.0,0.0,0.0,nan,nan,nan
5.145833333333333,takeoff,-10.0,0.0,14.796955915624352,0.0,0.2328218640691207,nan,nan,nan,6.256726709669514,0.0,-0.0,0.0,0.0,nan,nan,nan
5.15,takeoff,-10.0,0.0,14.797922041729127,0.0,0.23187026514593304,nan,nan,nan,6.256726709669514,0.0,-0.0,0.0,0.0,nan,nan,nan
5.154166666666667,takeoff,-10.0,0.0,14.798884219798763,0.0,0.2309227367130199,nan,nan,nan,6.256726709669514,0.0,-0.0,0.0,0.0,nan,nan,nan
5.158333333333333,takeoff,-10.0,0.0,14.799842465572011,0.0,0.22997898557936822,nan,nan,nan,6.256726709669514,0.0,-0.0,0.0,0.0,nan,nan,nan
5.1625,takeoff,-10.0,0.0,14.800796793667573,0.0,0.22903874293490087,nan,nan,nan,6.256726709669514,0.0,-0.0,0.0,0.0,nan,nan,nan
5.166666666666667,takeoff,-10.0,0.0,14.80174721767725,0.0,0.22810176232239082,nan,nan,nan,6.256726709669514,0.0,-0.0,0.0,0.0,4.865278138108196,19.595917942265423,4.027707643017724
5.170833333333333,takeoff,-10.0,0.0,14.802693750251324,0.0,0.22716781777781248,nan,nan,nan,6.256726709669514,0.0,-0.0,0.0,0.0,4.865278138108196,19.595917942265423,4.027707643017724
5.175,track,-10.0,0.0,14.803636457417529,0.0,0.22624971988899872,13.0,0.0,15.0,6.281187285303931,20.0,6.637831518958103e-05,19.99993362168481,0.0027925268031909274,nan,nan,nan
5.179166666666666,track,-10.0,0.0,14.804575399877228,-1.9852334701272664e-23,0.2253461903277594,13.0,0.0,15.0,6.281187285303931,20.0,0.00025996255157159024,19.99974003744843,0.0027925268031909274,nan,nan,nan
5.183333333333334,track,-9.999999999806324,0.0,14.805510633446422,4.6482444455123086e-08,0.22445605660657147,13.0,0.0,15.0,6.281187285368584,20.0,0.0006363720329051228,19.999363627967092,0.0027876252030523247,nan,nan,nan
5.1875,track,-9.99999999885403,0.0,14.80644220946018,2.2855043706468668e-07,0.22357824330168055,13.0,0.0,15.0,6.281187285368584,20.0,0.001246565410106085,19.998753434589894,0.0027876252030523247,nan,nan,nan
5.191666666666666,track,-9.999999996044481,0.0,14.807370175144138,6.742916166161864e-07,0.22271176414987284,13.0,0.0,15.0,6.281187286790539,20.0,0.0021369742215621946,19.997863025778436,0.0027770169175762747,nan,nan,nan
5.195833333333333,track,-9.999999989596503,0.0,14.808294573954853,1.547514906480416e-06,0.22185571457160544,13.0,0.0,15.0,6.281187286790539,20.0,0.0033501304580019877,19.996649869541997,0.0027770169175762747,nan,nan,nan
5.2,track,-9.999999976910784,0.0,14.80921544589263,3.044572787598965e-06,0.22100926506640556,13.0,0.0,15.0,6.281187296041103,20.0,0.004924622259759491,19.995075377740243,0.002761569094975572,nan,nan,nan
5.204166666666667,track,-9.99999995444571,0.0,14.810132827787834,5.391617568950746e-06,0.22017165484920626,13.0,0.0,15.0,6.281187296041103,20.0,0.006895788765611865,19.99310421123439,0.002761569094975572,nan,nan,nan
5.208333333333333,track,-9.999999917604784,0.0,14.811046753564247,8.841822430657899e-06,0.21934218633916608,13.0,0.0,15.0,6.281187330795864,20.0,0.009295524546818808,19.99070447545318,0.002742023151732767,nan,nan,nan
5.2125,track,-9.999999860633588,0.0,14.811957254479793,1.3673086916766325e-05,0.21852021973111585,13.0,0.0,15.0,6.281187330795864,20.0,0.012153030944493114,19.987846969055507,0.002742023151732767,nan,nan,nan
5.216666666666667,track,-9.999999776526026,0.0,14.812864364766872,2.018581473955715e-05,0.21770646889872142,13.0,0.0,15.0,6.283628311851519,20.0,0.015494487288822502,19.984505512711177,0.002719012951106147,nan,nan,nan
5.220833333333333,track,-9.999999656939815,0.0,14.813768115961993,2.870069080365207e-05,0.21690028682893014,13.0,0.0,15.0,6.283628311851519,20.0,0.0193438554093894,19.98065614459061,0.002719012951106147,nan,nan,nan
5.225,track,-9.999999492120383,0.0,14.814668537130188,3.9556663892582604e-05,0.21610108036696848,13.0,0.0,15.0,6.283628528612724,20.0,0.02372244657768378,19.976277553422314,0.002693080718587253,nan,nan,nan
5.229166666666667,track,-9.999999270831333,0.0,14.815565655069214,5.3109371657673085e-05,0.21530830536628828,13.0,0.0,15.0,6.283628528612724,20.0,0.02864975926375483,19.971350240736243,0.002693080718587253,nan,nan,nan
5.233333333333333,track,-9.999998980292741,0.0,14.816459494498726,6.972926227347228e-05,0.21452146308271225,13.0,0.0,15.0,6.283628956054834,20.0,0.03414295396712653,19.965857046032873,0.0026646896674664723,nan,nan,nan
5.2375,track,-9.999998606124805,0.0,14.817350078231263,8.980030457967614e-05,0.21374009580848613,13.0,0.0,15.0,6.283628956054834,20.0,0.04021772377088312,19.959782276229117,0.0026646896674664723,nan,nan,nan
5.241666666666666,track,-9.999998132298426,0.0,14.818237427332077,0.00011371833097546306,0.21296378419538342,13.0,0.0,15.0,6.283629718496305,20.0,0.04688769136119562,19.953112308638804,0.0026342357321094043,nan,nan,nan
5.245833333333334,track,-9.999997541090126,0.0,14.81912156126177,0.0001418899918577624,0.21219214312653623,13.0,0.0,15.0,6.283629718496305,20.0,0.05416530664281703,19.94583469335718,0.0026342357321094043,nan,nan,nan
5.25,track,-9.999996813039177,0.0,14.820002502791205,0.00017473222794747427,0.21142596706425615,13.0,0.0,15.0,6.285782999592253,20.0,0.062061176347627915,19.93793882365237,0.002602057478025614,nan,nan,nan
5.254166666666666,track,-9.999995926915194,0.0,14.820880272939725,0.0002126697559984348,0.21066483564476945,13.0,0.0,15.0,6.285782999592253,20.0,0.07058498606320844,19.92941501393679,0.002602057478025614,nan,nan,nan
5.258333333333333,track,-9.999994859688071,0.0,14.82175489112426,0.000256134509507722,0.20990836428802392,13.0,0.0,15.0,6.28578496065104,20.0,0.07974477663140853,19.920255223368592,0.0025684445760521886,nan,nan,nan
5.2625,track,-9.999993586500661,0.0,14.822626375286886,0.00030556497834568927,0.20915619903023322,13.0,0.0,15.0,6.28578496065104,20.0,0.08954788170057192,19.91045211829943,0.0025684445760521886,nan,nan,nan
5.266666666666667,track,-9.999992080646301,0.0,14.823494742022753,0.0003614050465311752,0.2084080166079019,13.0,0.0,15.0,6.285787867816715,20.0,0.10000015802848766,19.899999841971514,0.0025336446572588153,nan,nan,nan
5.270833333333333,track,-9.999990313548455,0.0,14.824360006684065,0.0004241034828014968,0.20766351871483973,13.0,0.0,15.0,6.285787867816715,20.0,0.11110693746550303,19.888893062534496,0.0025336446572588153,nan,nan,nan
5.275,track,-9.9999882547447,0.0,14.82522218349115,0.0004941129012206403,0.2069224337003051,13.0,0.0,15.0,6.28579200938077,20.0,0.12287221882961513,19.877127781170387,0.002497869534671327,nan,nan,nan
5.279166666666667,track,-9.999985871872289,0.0,14.82608128561555,0.0005718893788787564,0.20618450985601006,13.0,0.0,15.0,6.28579200938077,20.0,0.13529963124711264,19.86470036875289,0.002497869534671327,nan,nan,nan
5.283333333333333,track,-9.999983130657606,0.0,14.826937325278081,0.0006578915237722542,0.20544951900758487,13.0,0.0,15.0,6.2857977165681085,20.0,0.1483915941639677,19.851608405836032,0.002461300470423431,nan,nan,nan
5.2875,track,-9.999979994906779,0.0,14.827790313813082,0.0007525801983980982,0.20471724840051397,13.0,0.0,15.0,6.2857977165681085,20.0,0.16215028941291798,19.837849710587083,0.002461300470423431,nan,nan,nan
5.291666666666667,track,-9.999976426489143,0.0,14.82864026586243,0.0008564202327011432,0.20398849184358533,13.0,0.0,15.0,6.287653415063573,20.0,0.17657679457339825,19.8234232054266,0.0024240926243877248,nan,nan,nan
5.295833333333333,track,-9.999972385341756,0.0,14.829487194972579,0.0009698753726209064,0.20326298643550042,13.0,0.0,15.0,6.287653415063573,20.0,0.19167206196380077,19.808327938036197,0.0024240926243877248,nan,nan,nan
5.3,track,-9.999967870579983,0.0,14.830317761985189,0.0010835428256231005,0.19933608302635775,13.0,-1.7653154156780309,1.0,1.6491873237977173,20.0,0.20746113326757848,19.79253886673242,0.0023863788855667915,7.832559101041649,19.595917942265423,2.5018538244619655
5.304166666666666,track,-9.999962881033712,0.0,14.83112023377983,0.001197491105093843,0.1925932307137069,13.0,-1.7653154156780309,1.0,1.6491873237977173,20.0,0.22396306147052572,19.776036938529476,0.0023863788855667915,7.832559101041649,19.595917942265423,2.5018538244619655
5.308333333333334,track,-9.999957415102962,0.0,14.831884270607576,0.0013118233800901778,0.1833688386592711,13.0,-1.7653154156780309,1.0,1.6491906950466044,20.0,0.24119038873918622,19.758809611260816,0.002346516969287307,7.832559101041649,19.595917942265423,2.5018538244619655
5.3125,track,-9.999951470655182,0.0,14.83260074376208,0.001426667467272671,0.17195355708103158,13.0,-1.7653154156780309,1.0,1.6491906950466044,20.0,0.2591519708308449,19.740848029169154,0.002346516969287307,7.832559101041649,19.595917942265423,2.5018538244619655
5.316666666666666,track,-9.99994504495489,0.0,14.833261579104827,0.0015421680698661517,0.15860048225903764,13.0,-1.7653154156780309,1.0,1.6491949653145048,20.0,0.27785210483468736,19.722147895165314,0.0023049185671906425,7.832559101041649,19.595917942265423,2.5018538244619655
5.320833333333333,track,-9.999938134612785,0.0,14.833859622505072,0.0016584821051206402,0.14353041605902342,13.0,-1.7653154156780309,1.0,1.6491949653145048,20.0,0.2972929628544125,19.702707037145586,0.0023049185671906425,7.832559101041649,19.595917942265423,2.5018538244619655
5.325,track,-9.999930735342378,0.0,14.834388567181511,0.001775824897757594,0.12694672234554852,13.0,-1.7661992005480447,1.0,1.6620186624195041,20.0,0.3174733540311988,19.6825266459688,0.0022624148209583706,7.832559101041649,19.595917942265423,2.5018538244619655
5.329166666666667,track,-9.999922842145214,0.0,14.834842804663587,0.001894367319369973,0.10901699569831902,13.0,-1.7661992005480447,1.0,1.6620186624195041,20.0,0.33839104742592296,19.661608952574078,0.0022624148209583706,7.832559101041649,19.595917942265423,2.5018538244619655
5.333333333333333,track,-9.999914392481623,0.0,14.835227616544705,0.002027919261799639,0.09235485146797383,13.0,0.0,15.0,6.295018380016641,20.0,0.3600427745777149,19.639957225422286,0.0022195595245048144,nan,nan,nan
5.3375,track,-9.999905320635344,0.0,14.835547969430099,0.002177243106907637,0.07688469249460293,13.0,0.0,15.0,6.295018380016641,20.0,0.38242442996965537,19.617575570030343,0.0022195595245048144,nan,nan,nan
5.341666666666667,track,-9.999895557835053,0.0,14.835808521276892,0.0023430720697509987,0.06253244323046585,13.0,0.0,15.0,6.29504881231077,20.0,0.40553048125611,19.59446951874389,0.0021766179264106757,nan,nan,nan
5.345833333333333,track,-9.99988503237578,0.0,14.836013630281645,0.0025261102257294393,0.049226161140591106,13.0,0.0,15.0,6.29504881231077,20.0,0.42935503075812964,19.570644969241872,0.0021766179264106757,nan,nan,nan
5.35,track,-9.999873669739124,0.0,14.836167365821728,0.0027270327973190223,0.036896529619839406,13.0,0.0,15.0,6.29508534036708,20.0,0.4538911133799894,19.54610888662001,0.00213380129409203,nan,nan,nan
5.354166666666667,track,-9.999861392711257,0.0,14.836273520600242,0.002946486688188856,0.02547714684334203,13.0,0.0,15.0,6.29508534036708,20.0,0.47913172390630726,19.520868276093694,0.00213380129409203,nan,nan,nan
5.358333333333333,track,-9.999848121497543,0.0,14.836335623817446,0.0031850912913093795,0.014904772128925136,13.0,0.0,15.0,6.295128699603459,20.0,0.5050690352625384,19.49493096473746,0.0020912616613147426,nan,nan,nan
5.3625,track,-9.999833773833586,0.0,14.83635695466938,0.0034434393495117598,0.0051194044641820445,13.0,0.0,15.0,6.295128699603459,20.0,0.5316954024433184,19.46830459755668,0.0020912616613147426,nan,nan,nan
5.366666666666666,track,-9.999818264353259,0.0,14.836340640234646,0.003722275278569465,-0.003915464336347704,13.0,0.0,15.0,6.337743779408642,20.0,0.5590025904863153,19.440997409513685,0.0020490945238527286,nan,nan,nan
5.370833333333334,track,-9.999801505400121,0.0,14.836289579814967,0.004022148753122777,-0.012254500723181828,13.0,0.0,15.0,6.337743779408642,20.0,0.5869826784585654,19.41301732154143,0.0020490945238527286,nan,nan,nan
5.375,track,-9.999783407125927,0.0,14.836206458780186,0.004343585806597893,-0.01994904834719983,13.0,0.0,15.0,6.337803483709202,20.0,0.6156271889122383,19.38437281108776,0.002007352249497373,nan,nan,nan
5.379166666666666,track,-9.999763877584753,0.0,14.836093761859592,0.0046870898817891775,-0.02704726094235128,13.0,0.0,15.0,6.337803483709202,20.0,0.6449280633233591,19.35507193667664,0.002007352249497373,nan,nan,nan
5.383333333333333,track,-9.999742822819956,0.0,14.83595378628733,0.005053143551354229,-0.03359413734275459,13.0,0.0,15.0,6.337872393468275,20.0,0.6748767642262736,19.325123235773727,0.001966066563693023,nan,nan,nan
5.3875,track,-9.99972014694731,0.0,14.835788654164586,0.005442209434911565,-0.03963170945850939,13.0,0.0,15.0,6.337872393468275,20.0,0.7054652409194704,19.29453475908053,0.001966066563693023,nan,nan,nan
5.391666666666667,track,-9.999695752230355,0.0,14.835600324590466,0.005854732069036212,-0.04519909778882755,13.0,0.0,15.0,6.33795131100556,20.0,0.7366850138915528,19.263314986108444,0.001925253004180766,nan,nan,nan
5.395833333333333,track,-9.999669539152924,0.0,14.835390604874764,0.006291138583589805,-0.050332731768687654,13.0,0.0,15.0,6.33795131100556,20.0,0.7685281324843322,19.23147186751567,0.001925253004180766,nan,nan,nan
5.4,track,-9.999641563997837,0.0,14.835148857192635,0.006714037220616702,-0.0580194437107974,13.0,-2.251490799142849,1.0,1.7652465231958985,20.0,0.8009975932637302,19.19900240673627,0.0018849151732347781,6.144990958942381,19.595917942265423,3.1889254310047175
5.404166666666667,track,-9.999611876650649,0.0,14.834865683033152,0.007124963325141973,-0.067961798275783,13.0,-2.251490799142849,1.0,1.7652465231958985,20.0,0.8340944298917836,19.165905570108215,0.0018849151732347781,6.144990958942381,19.595917942265423,3.1889254310047175
5.408333333333333,track,-9.999580521065484,0.0,14.834532763904559,0.007525340439727062,-0.07990059086256363,13.0,-2.251490799142849,1.0,1.7652747768000208,20.0,0.8678166016056811,19.132183398394318,0.0018442510201356465,6.144990958942381,19.595917942265423,3.1889254310047175
5.4125,track,-9.999547535701648,0.0,14.834142724103806,0.007916487320523287,-0.09360955218054412,13.0,-2.251490799142849,1.0,1.7652747768000208,20.0,0.9021611205485989,19.097838879451402,0.0018442510201356465,6.144990958942381,19.595917942265423,3.1889254310047175
5.416666666666667,track,-9.999512953927246,0.0,14.833689012699603,0.008299625856669279,-0.1088907370087353,13.0,-2.251490799142849,1.0,1.7653065545054223,20.0,0.9371228455820645,19.062877154417937,0.0018033894404773224,6.144990958942381,19.595917942265423,3.1889254310047175
5.420833333333333,track,-9.999476804393089,0.0,14.833165801472006,0.00867588819759402,-0.12557069462318193,13.0,-2.251490799142849,1.0,1.7653065545054223,20.0,0.9726963526315558,19.02730364736844,0.0018033894404773224,6.144990958942381,19.595917942265423,3.1889254310047175
5.425,track,-9.999439111374024,0.0,14.832567896914565,0.00904632457551909,-0.14349709378571698,13.0,-2.251490799142849,1.0,1.765342114559648,20.0,1.0088746906162123,18.99112530938379,0.0017626530241135932,6.144990958942381,19.595917942265423,3.1889254310047175
5.429166666666666,track,-9.999399895083865,0.0,14.83189066380759,0.009411909637807022,-0.16253594567415378,13.0,-2.251490799142849,1.0,1.765342114559648,20.0,1.045651049861407,18.954348950138595,0.0017626530241135932,6.144990958942381,19.595917942265423,3.1889254310047175
5.433333333333334,track,-9.999358998787981,0.0,14.831139863731018,0.009815111012199316,-0.18019201837746585,13.0,0.0,15.0,6.397840659083925,20.0,1.0830217651873442,18.916978234812657,0.0017222356537709292,nan,nan,nan
5.4375,track,-9.999316263430382,0.0,14.830320933703607,0.01025648582397779,-0.196543206578617,13.0,0.0,15.0,6.397840659083925,20.0,1.1209822723637082,18.879017727636292,0.0017222356537709292,nan,nan,nan
5.441666666666666,track,-9.99927152570904,0.0,14.829439113249181,0.01073705312233858,-0.21163690906230145,13.0,0.0,15.0,6.468843487263066,20.0,1.1595267678478978,18.8404732321521,0.0016819565473425713,nan,nan,nan
5.445833333333333,track,-9.999224620719252,0.0,14.82849932031807,0.011257197549151577,-0.22555030346664873,13.0,0.0,15.0,6.468843487263066,20.0,1.1986490101055258,18.801350989894473,0.0016819565473425713,nan,nan,nan
5.45,track,-9.999175382276253,0.0,14.827506159959555,0.011817226319975883,-0.23835848604352874,13.0,0.0,15.0,6.469021016854899,20.0,1.2383417152472471,18.76165828475275,0.0016419146378258438,nan,nan,nan
5.454166666666667,track,-9.99912364320342,0.0,14.826463934574338,0.012417377479821646,-0.2501340924520332,13.0,0.0,15.0,6.469021016854899,20.0,1.2785975192365968,18.721402480763402,0.0016419146378258438,nan,nan,nan
5.458333333333333,track,-9.9990692355656,0.0,14.825376656465254,0.013057833077087896,-0.2609467461802284,13.0,0.0,15.0,6.469216188706969,20.0,1.3194082873000155,18.680591712699986,0.0016022622064245143,nan,nan,nan
5.4625,track,-9.999011990880602,0.0,14.824248060691811,0.013738724399332975,-0.2708629856262871,13.0,0.0,15.0,6.469216188706969,20.0,1.3607660463449038,18.639233953655094,0.0016022622064245143,nan,nan,nan
5.466666666666667,track,-9.998952003818824,0.0,14.823070089891164,0.014396894826771284,-0.28271299215546697,13.0,-2.021175913034304,1.0,1.8330342792987058,20.0,1.4026663895447193,18.59733361045528,0.0015630941644515525,6.84311532436923,19.595917942265423,2.863596039727957
5.470833333333333,track,-9.998889358001163,0.0,14.821835592034947,0.015034996238588083,-0.296279485492106,13.0,-2.021175913034304,1.0,1.8330342792987058,20.0,1.4451045195006118,18.554895480499386,0.0015630941644515525,6.84311532436923,19.595917942265423,2.863596039727957
5.475,track,-9.998824120068003,0.0,14.820538493935235,0.01565710395866478,-0.31130354393118675,13.0,-2.019816258658331,1.0,1.9207572132925237,20.0,1.4880734766281898,18.51192652337181,0.0015241656095728525,6.84311532436923,19.595917942265423,2.863596039727957
5.479166666666667,track,-9.998756348069639,0.0,14.819173379798144,0.016265279607384123,-0.3276273929019591,13.0,-2.019816258658331,1.0,1.9207572132925237,20.0,1.5315664989153415,18.46843350108466,0.0015241656095728525,6.84311532436923,19.595917942265423,2.863596039727957
5.483333333333333,track,-9.998686092208471,0.0,14.817735412876955,0.01686140668014485,-0.34511206108542786,13.0,-2.019816258658331,1.0,1.9208325244842999,20.0,1.575575802462563,18.424424197537437,0.001485580903838542,6.84311532436923,19.595917942265423,2.863596039727957
5.4875,track,-9.998613395515383,0.0,14.816220266995739,0.0174472063411578,-0.36363501149181543,13.0,-2.019816258658331,1.0,1.9208325244842999,20.0,1.6200940358729683,18.379905964127033,0.001485580903838542,6.84311532436923,19.595917942265423,2.863596039727957
5.491666666666666,track,-9.998538294445593,0.0,14.814624067468085,0.018024256749417912,-0.3830878866371929,13.0,-2.019816258658331,1.0,1.9209141734893145,20.0,1.665113083953569,18.334886916046433,0.0014474537619842839,6.84311532436923,19.595917942265423,2.863596039727957
5.495833333333334,track,-9.99846081942583,0.0,14.81294333913912,0.018594004743131637,-0.40337479895154515,13.0,-2.019816258658331,1.0,1.9209141734893145,20.0,1.7106253995876461,18.28937460041235,0.0014474537619842839,6.84311532436923,19.595917942265423,2.863596039727957
5.5,track,-9.998380723146353,0.0,14.811184428547367,0.019223107074518707,-0.42213854202054113,13.0,0.0,15.0,6.565603853986358,20.0,1.7566285826653982,18.2433714173346,0.0014098291877115254,nan,nan,nan
5.504166666666666,track,-9.998297757433157,0.0,14.809353352226575,0.019911771167138752,-0.4394583169901093,13.0,0.0,15.0,6.565603853986358,20.0,1.8031191601651677,18.196880839834833,0.0014098291877115254,nan,nan,nan
5.508333333333333,track,-9.99821167399902,0.0,14.807455792873684,0.02066002419295863,-0.4554142446938057,13.0,0.0,15.0,6.565928963012632,20.0,1.8500921899411502,18.14990781005885,0.0013723282201101314,nan,nan,nan
5.5125,track,-9.99812222509072,0.0,14.80549709983226,0.021467737991946446,-0.4700863299415384,13.0,0.0,15.0,6.565928963012632,20.0,1.897542200841417,18.102457799158582,0.0013723282201101314,nan,nan,nan
5.516666666666667,track,-9.99802915749239,0.0,14.80348249799914,0.02233622359943594,-0.48350443994917863,13.0,0.0,15.0,6.6797891231551425,20.0,1.9454628528282345,18.054537147171764,0.0013350310851328727,nan,nan,nan
5.520833333333333,track,-9.997932219406755,0.0,14.801416883581998,0.023265140552589395,-0.495747460113876,13.0,0.0,15.0,6.6797891231551425,20.0,1.9938475970124452,18.006152402987553,0.0013350310851328727,nan,nan,nan
5.525,track,-9.997831160792336,0.0,14.79930483496278,0.024254067460405752,-0.5068916686125726,13.0,0.0,15.0,6.680170559734712,20.0,2.042689077020095,17.957310922979904,0.0012980919053846834,nan,nan,nan
5.529166666666667,track,-9.997725733666613,0.0,14.797150624012012,0.02530251017336224,-0.5170106281840392,13.0,0.0,15.0,6.680170559734712,20.0,2.0919799979078646,17.908020002092133,0.0012980919053846834,nan,nan,nan
5.533333333333333,track,-9.997615692289724,0.0,14.794958230230836,0.02640993045350256,-0.5261745074821875,13.0,0.0,15.0,6.680578693214569,20.0,2.1417124612105303,17.85828753878947,0.0012616153327985316,nan,nan,nan
5.5375,track,-9.997500793344114,0.0,14.792731354114192,0.02757574694621651,-0.5344502679948158,13.0,0.0,15.0,6.680578693214569,20.0,2.1918788108292477,17.808121189170752,0.0012616153327985316,nan,nan,nan
5.541666666666667,track,-9.997380796006013,0.0,14.790473432645786,0.02879936114451139,-0.5419011524175079,13.0,0.0,15.0,6.681014356489166,20.0,2.2424709227504054,17.757529077249593,0.0012256649034049327,nan,nan,nan
5.545833333333333,track,-9.997255462038078,0.0,14.788187653179984,0.03008015230453741,-0.5485870717926947,13.0,0.0,15.0,6.681014356489166,20.0,2.293481033917637,17.706518966082363,0.0012256649034049327,nan,nan,nan
5.55,track,-9.997124546019625,0.0,14.785877221036564,0.031419844428678276,-0.5545037144206895,13.0,0.0,15.0,6.80746164693416,20.0,2.344901097279124,17.655098902720876,0.0011902725161854904,nan,nan,nan
5.554166666666666,track,-9.99698780534838,0.0,14.783545104572264,0.032817761098568786,-0.5597079514322046,13.0,0.0,15.0,6.80746164693416,20.0,2.3967234694907846,17.603276530509213,0.0011902725161854904,nan,nan,nan
5.558333333333334,track,-9.996845000186166,0.0,14.781194050878945,0.034273238931446855,-0.5642528863963849,13.0,0.0,15.0,6.8079640111734365,20.0,2.448940163168839,17.55105983683116,0.0011554428061174616,nan,nan,nan
5.5625,track,-9.996695893463366,0.0,14.778826598956979,0.03578561347187109,-0.5681884612716757,13.0,0.0,15.0,6.8079640111734365,20.0,2.501543650673383,17.498456349326617,0.0011554428061174616,nan,nan,nan
5.566666666666666,track,-9.99654025077629,0.0,14.776445094568645,0.037354244898422984,-0.5715610532002088,13.0,0.0,15.0,6.808496746011237,20.0,2.5545261023816472,17.445473897618353,0.0011211755793182224,nan,nan,nan
5.570833333333333,track,-9.996377840362262,0.0,14.774051702240808,0.03897849936650671,-0.574414158680792,13.0,0.0,15.0,6.808496746011237,20.0,2.60788018077794,17.39211981922206,0.0011211755793182224,nan,nan,nan
5.575,track,-9.996208432963813,0.0,14.771648419006745,0.04065777562782411,-0.5767879761752676,13.0,0.0,15.0,6.80906056076323,20.0,2.6615982712759934,17.33840172872401,0.0010874637921435178,nan,nan,nan
5.579166666666667,track,-9.996031801788051,0.0,14.769237085062144,0.04239148218309362,-0.5787201467039831,13.0,0.0,15.0,6.80906056076323,20.0,2.715673267637795,17.284326732362207,0.0010874637921435178,nan,nan,nan
5.583333333333333,track,-9.995847722348696,0.0,14.766819396293217,0.044179065445218525,-0.580245304542653,13.0,0.0,15.0,6.8096561353781295,20.0,2.7700978000596668,17.229902199940334,0.001054294393256484,nan,nan,nan
5.5875,track,-9.995655972419815,0.0,14.764396913540605,0.04601998293142292,-0.5813958606268312,13.0,0.0,15.0,6.8096561353781295,20.0,2.8248650125010064,17.175134987498993,0.001054294393256484,nan,nan,nan
5.591666666666667,track,-9.995456320556498,0.0,14.761971310359677,0.047916447196262486,-0.5821447634228366,13.0,0.0,15.0,6.921642495150837,20.0,2.879967818176764,17.120032181823237,0.0010216510619442483,nan,nan,nan
5.595833333333333,track,-9.995248537785894,0.0,14.759544126558453,0.049867864944967914,-0.5825241122938933,13.0,0.0,15.0,6.921642495150837,20.0,2.9353996271676426,17.06460037283236,0.0010216510619442483,nan,nan,nan
5.6,track,-9.995033020469519,0.0,14.757104243026632,0.05172415593009292,-0.5855720476371202,13.0,-0.6251026787177891,1.0,2.229612590650394,20.0,2.9911592250409056,17.008840774959094,0.0009895143851362995,22.02329291650409,19.183326093250876,0.8710471302352354
5.604166666666667,track,-9.994810120914101,0.0,14.754641806247964,0.05349589330030022,-0.5909848268802183,13.0,-0.6251026787177891,1.0,2.229612590650394,20.0,3.0472448930420604,16.95275510695794,0.0009895143851362995,22.02329291650409,19.183326093250876,0.8710471302352354
5.608333333333333,track,-9.994580152152604,0.0,14.752148069691424,0.05519250275940257,-0.5984967735697075,13.0,-0.6251026787177891,1.0,2.2298400386286947,20.0,3.1036533839990166,16.896346616000983,0.0009574645706927755,22.02329291650409,19.183326093250876,0.8710471302352354
5.6125,track,-9.994343392222603,0.0,14.749615255476234,0.05682238320031534,-0.6078754116455588,13.0,-0.6251026787177891,1.0,2.2298400386286947,20.0,3.160381357214276,16.839618642785723,0.0009574645706927755,22.02329291650409,19.183326093250876,0.8710471302352354
5.616666666666666,track,-9.994100087850173,0.0,14.747036436414781,0.058393049383308804,-0.618916574748604,13.0,-0.6251026787177891,1.0,2.230078806077329,20.0,3.217424349006643,16.782575650993355,0.0009255248495258531,22.02329291650409,19.183326093250876,0.8710471302352354
5.620833333333334,track,-9.99385045777326,0.0,14.744405432405348,0.059911218459351656,-0.6314409622640292,13.0,-0.6251026787177891,1.0,2.230078806077329,20.0,3.2747780633625356,16.725221936637464,0.0009255248495258531,22.02329291650409,19.183326093250876,0.8710471302352354
5.625,track,-9.993594683102863,0.0,14.741716947832037,0.061385920895131306,-0.6452362975944461,13.0,-0.6240849397278548,1.0,2.3047061522012386,20.0,3.332437165865554,16.667562834134447,0.000893825465956374,22.02329291650409,19.183326093250876,0.8710471302352354
5.629166666666666,track,-9.993332923568557,0.0,14.73896623937031,0.06282228823330936,-0.6601700308144679,13.0,-0.6240849397278548,1.0,2.3047061522012386,20.0,3.3903966905380063,16.609603309461992,0.000893825465956374,22.02329291650409,19.183326093250876,0.8710471302352354
5.633333333333333,track,-9.993065319584892,0.0,14.736149053386328,0.06422495607986226,-0.6761246361556179,13.0,-0.4056552108231056,1.0,2.304976981383104,20.0,3.4486510550462106,16.551348944953787,0.000862456386269801,33.88198910231399,19.183326093250876,0.566180634652903
5.6375,track,-9.99279199417043,0.0,14.733261569741982,0.06559809947068655,-0.6929960746430054,13.0,-0.4056552108231056,1.0,2.304976981383104,20.0,3.5071951226072833,16.492804877392718,0.000862456386269801,33.88198910231399,19.183326093250876,0.566180634652903
5.641666666666667,track,-9.992513054561908,0.0,14.730300354223575,0.06694550604539655,-0.7106917244180193,13.0,-0.4056552108231056,1.0,2.3052601711890968,20.0,3.5660232476682507,16.43397675233175,0.0008314570835068263,33.88198910231399,19.183326093250876,0.566180634652903
5.645833333333333,track,-9.992228593741023,0.0,14.727262315293107,0.06827059701223202,-0.7291293433122834,13.0,-0.4056552108231056,1.0,2.3052601711890968,20.0,3.625130269406673,16.37486973059333,0.0008314570835068263,33.88198910231399,19.183326093250876,0.566180634652903
5.65,track,-9.991938691701057,0.0,14.724144667706563,0.06957648959207487,-0.7482354207704061,13.0,-0.4056552108231056,1.0,2.3055559100664014,20.0,3.6845105887852885,16.315489411214713,0.0008008416489200703,33.88198910231399,19.183326093250876,0.566180634652903
5.654166666666667,track,-9.991643416672877,0.0,14.720944898927815,0.0708660067631347,-0.7679445068993619,13.0,-0.4056552108231056,1.0,2.3055559100664014,20.0,3.744159106621904,16.255840893378096,0.0008008416489200703,33.88198910231399,19.183326093250876,0.566180634652903
5.658333333333333,track,-9.991342826123155,0.0,14.717660741135893,0.07214173193326211,-0.7881978700615315,13.0,-0.4056552108231056,1.0,2.305864375628653,20.0,3.8040703312489215,16.195929668751077,0.0007706128066940225,33.88198910231399,19.183326093250876,0.566180634652903
5.6625,track,-9.991036967748837,0.0,14.714290144899458,0.07340600983643128,-0.8089430967443746,13.0,-0.4056552108231056,1.0,2.305864375628653,20.0,3.8642392712225195,16.13576072877748,0.0007706128066940225,33.88198910231399,19.183326093250876,0.566180634652903
5.666666666666667,track,-9.990725279691679,0.0,14.710840476305853,0.07480513371805951,-0.8279204624653018,13.0,0.0,15.0,7.129647830372169,20.0,3.924664245916987,16.07533575408301,0.0007407668178866093,nan,nan,nan
5.670833333333333,track,-9.990407207131344,0.0,14.70731875868133,0.07633741448029947,-0.8452122298853565,13.0,0.0,15.0,7.129647830372169,20.0,3.9853427701580197,16.01465722984198,0.0007407668178866093,nan,nan,nan
5.675,track,-9.990082204215904,0.0,14.703731659109673,0.07800069970561284,-0.8609038971975222,13.0,0.0,15.0,7.130681799857092,20.0,4.046271248488483,15.953728751511516,0.000711050330022104,nan,nan,nan
5.679166666666666,track,-9.989749735722917,0.0,14.7000854797327,0.07979243831686149,-0.8750830504737499,13.0,0.0,15.0,7.130681799857092,20.0,4.107445683400577,15.892554316599425,0.000711050330022104,nan,nan,nan
5.683333333333334,track,-9.989409278063171,0.0,14.69638615910872,0.08170983833888215,-0.8878369497552886,13.0,0.0,15.0,7.1317568674773595,20.0,4.168861271604353,15.831138728395647,0.0006815379525548272,nan,nan,nan
5.6875,track,-9.989060320202324,0.0,14.692639274724986,0.08374988660319935,-0.8992522520959482,13.0,0.0,15.0,7.1317568674773595,20.0,4.230513085626321,15.76948691437368,0.0006815379525548272,nan,nan,nan
5.691666666666666,track,-9.98870236402448,0.0,14.688850053258744,0.08590948268252775,-0.9094131518982418,13.0,0.0,15.0,7.132873539403369,20.0,4.292395600442746,15.707604399557253,0.0006523566559526591,nan,nan,nan
5.695833333333333,track,-9.988334924757828,0.0,14.685023379474583,0.0881854239966801,-0.9184017081984809,13.0,0.0,15.0,7.132873539403369,20.0,4.354503356922027,15.645496643077973,0.0006523566559526591,nan,nan,nan
5.7,track,-9.987957512292791,0.0,14.681164063841889,0.09057899160892206,-0.9262357518466208,13.0,0.0,15.0,7.268308391559239,20.0,4.416830496943245,15.583169503056753,0.0006235852643613844,nan,nan,nan
5.704166666666667,track,-9.987569650369283,0.0,14.67727658867054,0.09308686164195731,-0.9329940411235308,13.0,0.0,15.0,7.268308391559239,20.0,4.479371331140596,15.520628668859404,0.0006235852643613844,nan,nan,nan
5.708333333333333,track,-9.987170876266164,0.0,14.67336512565864,0.09570578474846522,-0.9387511228563256,13.0,0.0,15.0,7.269532045545883,20.0,4.542119792529727,15.457880207470273,0.000595265975897959,nan,nan,nan
5.7125,track,-9.98676074074386,0.0,14.669433549254446,0.09843252535326712,-0.9435783370063308,13.0,0.0,15.0,7.269532045545883,20.0,4.605070076597306,15.394929923402694,0.000595265975897959,nan,nan,nan
5.716666666666667,track,-9.986338807521962,0.0,14.665485455334737,0.10126397325555933,-0.9475425407301195,13.0,0.0,15.0,7.27079914161044,20.0,4.668216070332892,15.33178392966711,0.0005674245224726528,nan,nan,nan
5.720833333333333,track,-9.985904653089024,0.0,14.661524174736698,0.104197063904969,-0.9507073435294786,13.0,0.0,15.0,7.27079914161044,20.0,4.731551983825458,15.268448016174542,0.0005674245224726528,nan,nan,nan
5.725,track,-9.985457866049819,0.0,14.657552791907891,0.10722888940954067,-0.9531318789137927,13.0,0.0,15.0,7.272109912886389,20.0,4.795071763578474,15.204928236421527,0.0005400723921216146,nan,nan,nan
5.729166666666667,track,-9.984998046870496,0.0,14.65357415772445,0.11035660303737724,-0.9548722040258454,13.0,0.0,15.0,7.272109912886389,20.0,4.858769716752855,15.141230283247143,0.0005400723921216146,nan,nan,nan
5.733333333333333,track,-9.984524807151656,0.0,14.64959090743101,0.11357753252170834,-0.9559800704251972,13.0,0.0,15.0,7.273464547772522,20.0,4.922639915279876,15.077360084720123,0.0005132103960319586,nan,nan,nan
5.7375,track,-9.984037769355606,0.0,14.645605472249002,0.11688907105196271,-0.956504443681769,13.0,0.0,15.0,7.273464547772522,20.0,4.9866768133246415,15.01332318667536,0.0005132103960319586,nan,nan,nan
5.741666666666666,track,-9.983536543836559,0.0,14.64162035864774,0.12029412457115748,-0.956427264302957,13.0,0.0,15.0,7.401494430231593,20.0,5.050874647606579,14.94912535239342,0.00048683258253903934,nan,nan,nan
5.745833333333334,track,-9.98302075182414,0.0,14.637637877256733,0.12379008298019753,-0.9557955338418586,13.0,0.0,15.0,7.401494430231593,20.0,5.115228036458037,14.884771963541962,0.00048683258253903934,nan,nan,nan
5.75,track,-9.982490024615739,0.0,14.633660159568162,0.12737453001643756,-0.9546522452568353,13.0,0.0,15.0,7.402962321758408,20.0,5.179731385080039,14.82026861491996,0.0004609291641840367,nan,nan,nan
5.754166666666666,track,-9.981944003319443,0.0,14.629689167568458,0.1310451111112941,-0.9530380799291925,13.0,0.0,15.0,7.402962321758408,20.0,5.244379487429028,14.755620512570973,0.0004609291641840367,nan,nan,nan
5.758333333333333,track,-9.981382338043238,0.0,14.62572670915472,0.13479966628917664,-0.9509900192971744,13.0,0.0,15.0,7.404475196083659,20.0,5.309166931727598,14.6908330682724,0.0004354892616885702,nan,nan,nan
5.7625,track,-9.980804687680171,0.0,14.621774446203313,0.13863608713592632,-0.9485431083376541,13.0,0.0,15.0,7.404475196083659,20.0,5.374088695939349,14.62591130406065,0.0004354892616885702,nan,nan,nan
5.766666666666667,track,-9.980210719107363,0.0,14.617833908704826,0.14255245747386813,-0.9457289996369059,13.0,0.0,15.0,7.406033108716555,20.0,5.439139555742766,14.560860444257234,0.00041050056683827256,nan,nan,nan
5.770833333333333,track,-9.979600107023739,0.0,14.613906501318231,0.14654690007007748,-0.9425777727827953,13.0,0.0,15.0,7.406033108716555,20.0,5.504314673473825,14.495685326526177,0.00041050056683827256,nan,nan,nan
5.775,track,-9.978972513264349,0.0,14.609993729131263,0.15062250225345164,-0.9390653248725691,13.0,0.0,15.0,7.507121981040587,20.0,5.569608994620875,14.430391005379125,0.00038595012176135916,nan,nan,nan
5.779166666666667,track,-9.978327607681063,0.0,14.60609697347421,0.1547773399885655,-0.9352213576926685,13.0,0.0,15.0,7.507121981040587,20.0,5.635017840635576,14.364982159364423,0.00038595012176135916,nan,nan,nan
5.783333333333333,track,-9.977665067321043,0.0,14.602217504899347,0.15900968640498267,-0.9310724579671869,13.0,0.0,15.0,7.508792159894929,20.0,5.700536330494551,14.29946366950545,0.0003618262844126384,nan,nan,nan
5.7875,track,-9.976984576331542,0.0,14.598356488068053,0.16331783747995027,-0.926644039510584,13.0,0.0,15.0,7.508792159894929,20.0,5.7661599537152695,14.233840046284731,0.0003618262844126384,nan,nan,nan
5.791666666666667,track,-9.976285825160533,0.0,14.594514993623699,0.16770028104247087,-0.921958666644861,13.0,0.0,15.0,7.51050798445846,20.0,5.831883997185921,14.168116002814077,0.00033811745118187764,nan,nan,nan
5.795833333333333,track,-9.975568510525243,0.0,14.590694001780946,0.17215551246943583,-0.9170380422607619,13.0,0.0,15.0,7.51050798445846,20.0,5.897704111452729,14.102295888547271,0.00033811745118187764,nan,nan,nan
5.8,track,-9.974832334634995,0.0,14.586894413212589,0.1766822136593792,-0.9119012564058666,13.0,0.0,15.0,7.512269403347024,20.0,5.963615743611806,14.036384256388192,0.00031481206325253085,nan,nan,nan
5.804166666666666,track,-9.974077005223231,0.0,14.583117051469616,0.18127905882326886,-0.9065668183136404,13.0,0.0,15.0,7.512269403347024,20.0,6.029614696707172,13.970385303292826,0.00031481206325253085,nan,nan,nan
5.808333333333334,track,-9.973302234790957,0.0,14.579362673004688,0.18594490374603284,-0.9010508315826627,13.0,0.0,15.0,7.514076340786321,20.0,6.095696569254666,13.904303430745333,0.00029189916100529414,nan,nan,nan
5.8125,track,-9.972507740700687,0.0,14.575631968549342,0.19067858166468238,-0.8953690692829526,13.0,0.0,15.0,7.514076340786321,20.0,6.161857307612129,13.83814269238787,0.00029189916100529414,nan,nan,nan
5.816666666666666,track,-9.971693228845297,0.0,14.571925721216564,0.1954828452935757,-0.8894993598668083,13.0,0.0,15.0,7.584169132970868,20.0,6.228092634458967,13.771907365541033,0.00026936850210468755,nan,nan,nan
5.820833333333333,track,-9.97085841033193,0.0,14.568244646085743,0.2003564432080384,-0.8834580313970704,13.0,0.0,15.0,7.584169132970868,20.0,6.294398610436104,13.705601389563896,0.00026936850210468755,nan,nan,nan
5.825,track,-9.970003000697398,0.0,14.564589399792192,0.20529831228768802,-0.8772591104524098,13.0,0.0,15.0,7.586084013985558,20.0,6.360771090499646,13.639228909500353,0.0002472120255593952,nan,nan,nan
5.829166666666667,track,-9.969126720065475,0.0,14.560960581002997,0.21030735166153833,-0.870916509407076,13.0,0.0,15.0,7.586084013985558,20.0,6.427206260153737,13.572793739846263,0.0002472120255593952,nan,nan,nan
5.833333333333333,track,-9.968229292378982,0.0,14.557358739348784,0.21538264475840496,-0.8644419970110436,13.0,0.0,15.0,7.588044451611523,20.0,6.493700098881674,13.506299901118327,0.00022542158823289225,nan,nan,nan
5.8375,track,-9.967310445617196,0.0,14.553784375061667,0.2205232228285463,-0.857847428907794,13.0,0.0,15.0,7.588044451611523,20.0,6.560248909280702,13.439751090719296,0.00022542158823289225,nan,nan,nan
5.841666666666667,track,-9.966369911040958,0.0,14.550237947351434,0.2257282982970139,-0.8511426504559971,13.0,0.0,15.0,7.590050273095374,20.0,6.626848787787412,13.373151212212587,0.00020398922661460936,nan,nan,nan
5.845833333333333,track,-9.96540742346708,0.0,14.546719873306792,0.2309970177304593,-0.844337770714194,13.0,0.0,15.0,7.590050273095374,20.0,6.69349614662725,13.306503853372751,0.00020398922661460936,nan,nan,nan
5.85,track,-9.9644227106924,0.0,14.543230622129293,0.23633106592355627,-0.8374202825996265,13.0,0.0,15.0,7.631423102201084,20.0,6.7601871796430455,13.239812820356955,0.00018290761006618892,nan,nan,nan
5.854166666666667,track,-9.963415504271929,0.0,14.539770619964365,0.24172954091316562,-0.8304005195826362,13.0,0.0,15.0,7.631423102201084,20.0,6.826918388831028,13.173081611168971,0.00018290761006618892,nan,nan,nan
5.858333333333333,track,-9.962385538735857,0.0,14.536340258007945,0.2471917286573161,-0.8232868695410223,13.0,0.0,15.0,7.633529937169328,20.0,6.893686071318422,13.106313928681578,0.00016217096158945227,nan,nan,nan
5.8625,track,-9.96133255193157,0.0,14.532939890700357,0.25271683302885856,-0.8160881538209939,13.0,0.0,15.0,7.633529937169328,20.0,6.960486825760046,13.039513174239953,0.00016217096158945227,nan,nan,nan
5.866666666666666,track,-9.960257853709706,0.0,14.529556589394888,0.2579275732473113,-0.8119923133127105,13.0,-0.9235575651883878,1.0,2.736953814001632,20.0,7.027319843640004,12.972680156359996,0.00014177342671685823,14.66797564539848,18.76166303929372,1.2790901411933744
5.870833333333334,track,-9.959162607656882,0.0,14.526178887417862,0.2628590526777259,-0.8106484744862466,13.0,-0.9235575651883878,1.0,2.736953814001632,20.0,7.094184367217561,12.905815632782438,0.00014177342671685823,14.66797564539848,18.76166303929372,1.2790901411933744
5.875,track,-9.958047848092285,0.0,14.52279659956672,0.2675422955031671,-0.8117490842740533,13.0,-0.9235575651883878,1.0,2.7377411939736436,20.0,7.161078961929018,12.83892103807098,0.00012150303512299242,14.66797564539848,18.76166303929372,1.2790901411933744
5.879166666666666,track,-9.956914495478234,0.0,14.519400661080429,0.27200462737241726,-0.8150252367098207,13.0,-0.9235575651883878,1.0,2.7377411939736436,20.0,7.228002340063718,12.771997659936282,0.00012150303512299242,14.66797564539848,18.76166303929372,1.2790901411933744
5.883333333333333,track,-9.95576336921714,0.0,14.515982993613058,0.27627030266241254,-0.8202401921689776,13.0,-0.9235575651883878,1.0,2.738544672924312,20.0,7.294952660672354,12.705047339327646,0.00010133934497212962,14.66797564539848,18.76166303929372,1.2790901411933744
5.8875,track,-9.954595199431967,0.0,14.512536384100292,0.2803607484414402,-0.8271862830636331,13.0,-0.9235575651883878,1.0,2.738544672924312,20.0,7.361928288063849,12.638071711936151,0.00010133934497212962,14.66797564539848,18.76166303929372,1.2790901411933744
5.891666666666667,track,-9.953410638988474,0.0,14.509054365882957,0.28429450643838006,-0.8356843721606048,13.0,-0.9214620558668015,1.0,2.733123119613596,20.0,7.428927124054429,12.571072875945571,8.132658795000276e-05,14.66797564539848,18.76166303929372,1.2790901411933744
5.895833333333333,track,-9.952210269972904,0.0,14.505531147964765,0.28808856373698083,-0.8455723003657585,13.0,-0.9214620558668015,1.0,2.733123119613596,20.0,7.495947309019863,12.504052690980137,8.132658795000276e-05,14.66797564539848,18.76166303929372,1.2790901411933744
5.9,track,-9.950993230880016,0.0,14.501972412802196,0.292089382292986,-0.8540964390166902,13.0,0.0,15.0,7.663296121367441,20.0,7.562985213175195,12.437014786824804,6.149414856655407e-05,nan,nan,nan
5.904166666666667,track,-9.949758694341998,0.0,14.498383472836304,0.29628876912413543,-0.8613455918141101,13.0,0.0,15.0,7.663296121367441,20.0,7.630037355357502,12.369962644642497,6.149414856655407e-05,nan,nan,nan
5.908333333333333,track,-9.948505866158898,0.0,14.494769288346161,0.3006787639441767,-0.8674042776342693,13.0,0.0,15.0,7.665677677786717,20.0,7.697100024510392,12.302899975489607,4.196847368258239e-05,nan,nan,nan
5.9125,track,-9.947233985209957,0.0,14.49113447784579,0.3052514277457825,-0.8723545200888333,13.0,0.0,15.0,7.665677677786717,20.0,7.764169698967927,12.235830301032072,4.196847368258239e-05,nan,nan,nan
5.916666666666667,track,-9.945942321936663,0.0,14.487483338906587,0.3099991855904105,-0.8762733454086328,13.0,0.0,15.0,7.668103498470944,20.0,7.831242654592455,12.168757345407544,2.2799431310735387e-05,nan,nan,nan
5.920833333333333,track,-9.944630177915782,0.0,14.483819860004534,0.3149145650114099,-0.8792349364930333,13.0,0.0,15.0,7.668103498470944,20.0,7.89831538398398,12.10168461601602,2.2799431310735387e-05,nan,nan,nan
5.925,track,-9.943296875287713,0.0,14.480147807548958,0.31999263073678613,-0.8812925893380129,13.0,0.0,15.0,7.703695135698444,20.0,7.965384186843845,12.034615813156154,3.992381398292694e-06,nan,nan,nan
5.929166666666666,track,-9.941941765320466,0.0,14.476470668460312,0.325226392139185,-0.8825133812749757,13.0,0.0,15.0,7.703695135698444,20.0,8.032445596553035,11.967554403446965,3.992381398292694e-06,nan,nan,nan
5.933333333333334,track,-9.940564226405598,0.0,14.472791672140469,0.3306093395684892,-0.8829591167624891,13.0,0.0,15.0,7.70621901669648,20.0,8.099495975657902,11.900504024342098,-1.4451234640542416e-05,nan,nan,nan
5.9375,track,-9.939163663441718,0.0,14.469113801598743,0.33613511133131113,-0.8826889300142795,13.0,0.0,15.0,7.70621901669648,20.0,8.16653193145143,11.83346806854857,-1.4451234640542416e-05,nan,nan,nan
5.941666666666666,track,-9.93773950575949,0.0,14.46543981470061,0.34179784373477,-0.8817568555521602,13.0,0.0,15.0,7.708785965440482,20.0,8.23354990908934,11.766450090910658,-3.253349217223478e-05,nan,nan,nan
5.945833333333333,track,-9.936291206547073,0.0,14.461772253978097,0.34759181097987546,-0.8802145734027064,13.0,0.0,15.0,7.708785965440482,20.0,8.300546604410691,11.699453395589309,-3.253349217223478e-05,nan,nan,nan
5.95,track,-9.934818240771305,0.0,14.458113466767077,0.3535117861843103,-0.8781089306446788,13.0,0.0,15.0,7.711395465247257,20.0,8.367518556875112,11.632481443124886,-5.025874719755564e-05,nan,nan,nan
5.954166666666667,track,-9.933320104695483,0.0,14.454465613458938,0.35955265819739846,-0.875484793953453,13.0,0.0,15.0,7.711395465247257,20.0,8.434462558908777,11.565537441091223,-5.025874719755564e-05,nan,nan,nan
5.958333333333333,track,-9.931796313837383,0.0,14.450830686351425,0.365709805943866,-0.8723825058028395,13.0,0.0,15.0,7.714046978634046,20.0,8.50137525034477,11.49862474965523,-6.763261504909388e-05,nan,nan,nan
5.9625,track,-9.930246402608212,0.0,14.447210516266516,0.37197869500110425,-0.8688408203784463,13.0,0.0,15.0,7.714046978634046,20.0,8.568253523688009,11.431746476311991,-6.763261504909388e-05,nan,nan,nan
5.966666666666667,track,-9.92866991054805,0.0,14.443606870858043,0.37835809443867685,-0.8648748980334673,13.0,0.0,15.0,7.755122072274104,20.0,8.635094107762933,11.364905892237067,-8.46614156398385e-05,nan,nan,nan
5.970833333333333,track,-9.927066394597816,0.0,14.440021372699174,0.38484382805616996,-0.8605195581283404,13.0,0.0,15.0,7.755122072274104,20.0,8.701893981900351,11.298106018099647,-8.46614156398385e-05,nan,nan,nan
5.975,track,-9.925435427145974,0.0,14.436455515945632,0.39143218844222455,-0.8558056208503195,13.0,0.0,15.0,7.757869524671826,20.0,8.768649977893325,11.231350022106675,-0.00010135075676481601,nan,nan,nan
5.979166666666667,track,-9.923776595907958,0.0,14.43291067020054,0.3981194971238972,-0.8507629788221436,13.0,0.0,15.0,7.757869524671826,20.0,8.83535917491299,11.16464082508701,-0.00010135075676481601,nan,nan,nan
5.983333333333333,track,-9.922089502046369,0.0,14.429388095952282,0.4049025267811921,-0.8454178195818811,13.0,0.0,15.0,7.760657470388681,20.0,8.902018505841598,11.0979814941584,-0.0001177070486679927,nan,nan,nan
5.9875,track,-9.920373760191316,0.0,14.425888947003044,0.4117780452124776,-0.8397957478170087,13.0,0.0,15.0,7.760657470388681,20.0,8.968625146923559,11.03137485307644,-0.0001177070486679927,nan,nan,nan
5.991666666666666,track,-9.918628996632636,0.0,14.422414284790502,0.418743254083067,-0.8339189310100423,13.0,0.0,15.0,7.763485301171953,20.0,9.035176129080439,10.964823870919561,-0.00013373697676386073,nan,nan,nan
5.995833333333334,track,-9.916854849476554,0.0,14.418965079511931,0.4257953174599208,-0.8278092668569411,13.0,0.0,15.0,7.763485301171953,20.0,9.101668722010274,10.898331277989726,-0.00013373697676386073,nan,nan,nan
6.0,track,-9.915050958590298,0.0,14.41554227706437,0.43293381270132464,-0.8214725874145062,13.0,0.0,15.0,7.791263681797728,20.0,9.168100041386456,10.831899958613544,-0.00014944702154006512,nan,nan,nan
6.004166666666666,track,-9.913216974750389,0.0,14.412146741092494,0.44015612157828277,-0.8149286332503287,13.0,0.0,15.0,7.791263681797728,20.0,9.234467436884346,10.765532563115654,-0.00014944702154006512,nan,nan,nan
6.008333333333333,track,-9.911352557924662,0.0,14.408779265774902,0.44746003817440594,-0.8081940762222365,13.0,0.0,15.0,7.794178722720028,20.0,9.300768115259215,10.699231884740783,-0.00016484266541623763,nan,nan,nan
6.0125,track,-9.909457377647195,0.0,14.405440575031255,0.45484326659189944,-0.8012857784751118,13.0,0.0,15.0,7.794178722720028,20.0,9.366999512219378,10.633000487780622,-0.00016484266541623763,nan,nan,nan
6.016666666666667,track,-9.90753111135598,0.0,14.402131334512719,0.4623039098919812,-0.7942177244487676,13.0,0.0,15.0,7.7971318625511215,20.0,9.433158921448943,10.566841078551057,-0.0001799296179927788,nan,nan,nan
6.020833333333333,track,-9.905573444883728,0.0,14.398852149855403,0.46983995334017264,-0.7870043177557215,13.0,0.0,15.0,7.7971318625511215,20.0,9.499243860440966,10.500756139559032,-0.0001799296179927788,nan,nan,nan
6.025,track,-9.903584070843003,0.0,14.395603577986515,0.47744976977421943,-0.7796572485331519,13.0,0.0,15.0,7.800122437207937,20.0,9.565251705663396,10.434748294336602,-0.00019471352212773927,nan,nan,nan
6.029166666666667,track,-9.90156268922395,0.0,14.392386124541076,0.485131588573073,-0.7721888269051588,13.0,0.0,15.0,7.800122437207937,20.0,9.631180052240532,10.368819947759466,-0.00019471352212773927,nan,nan,nan
6.033333333333333,track,-9.899509005818715,0.0,14.389200254585385,0.49288401725645664,-0.7646087893658154,13.0,0.0,15.0,7.803149770693133,20.0,9.697026355402164,10.302973644597836,-0.0002091996930815214,nan,nan,nan
6.0375,track,-9.897422732917462,0.0,14.386046389302518,0.5007054963006292,-0.756927667887865,13.0,0.0,15.0,7.803149770693133,20.0,9.762788283932062,10.237211716067938,-0.0002091996930815214,nan,nan,nan
6.041666666666667,track,-9.89530358541639,0.0,14.38292493032536,0.5085954002577393,-0.7491501545176876,13.0,0.0,15.0,7.812686123634901,20.0,9.828463365388702,10.171536634611297,-0.00022339312709037783,nan,nan,nan
6.045833333333333,track,-9.893151284114856,0.0,14.379836240519772,0.5165523123680782,-0.7412855533411254,13.0,0.0,15.0,7.812686123634901,20.0,9.89404933594986,10.10595066405014,-0.00022339312709037783,nan,nan,nan
6.05,track,-9.89096555418336,0.0,14.3767806539005,0.5245751835589724,-0.7333407886254698,13.0,0.0,15.0,7.815787470050132,20.0,9.959543794801936,10.040456205198064,-0.00023729832129366045,nan,nan,nan
6.054166666666666,track,-9.88874612602204,0.0,14.373758471206834,0.5326627587168786,-0.7253238464800537,13.0,0.0,15.0,7.815787470050132,20.0,10.024944544853124,9.975055455146876,-0.00023729832129366045,nan,nan,nan
6.058333333333334,track,-9.886492733747694,0.0,14.370769969463304,0.5408141458430699,-0.7172404184472023,13.0,0.0,15.0,7.818923507074227,20.0,10.090249253574946,9.909750746425052,-0.00025091964110999045,nan,nan,nan
6.0625,track,-9.884205116129639,0.0,14.367815397059587,0.5490282283333444,-0.7090973768919666,13.0,0.0,15.0,7.818923507074227,20.0,10.155455787384842,9.844544212615157,-0.00025091964110999045,nan,nan,nan
6.066666666666666,track,-9.881883015089658,0.0,14.364894983018145,0.5573042495953201,-0.7008993699462615,13.0,0.0,15.0,7.8220935131770695,20.0,10.220561878954822,9.779438121045178,-0.00026426126171947444,nan,nan,nan
6.070833333333333,track,-9.879526176708938,0.0,14.362008931642842,0.5656412113729953,-0.6926523300727578,13.0,0.0,15.0,7.8220935131770695,20.0,10.285565455255947,9.714434544744053,-0.00026426126171947444,nan,nan,nan
6.075,track,-9.877134354041303,0.0,14.359157407015342,0.5740374402324326,-0.6843659106000133,13.0,0.0,15.0,7.814078668874287,20.0,10.350464315936353,9.649535684063647,-0.0002773271199153441,nan,nan,nan
6.079166666666667,track,-9.874707303573022,0.0,14.35634055384771,0.5824921123875378,-0.6760447602316259,13.0,0.0,15.0,7.814078668874287,20.0,10.415256450254349,9.584743549745651,-0.0002773271199153441,nan,nan,nan
6.083333333333333,track,-9.872244783756663,0.0,14.353558506143232,0.5910047559261441,-0.6676914490748006,13.0,0.0,15.0,7.8173097692794,20.0,10.479939717106264,9.520060282893736,-0.0002901212822516907,nan,nan,nan
6.0875,track,-9.869746556163996,0.0,14.35081138099457,0.5995746222402115,-0.6593100356789389,13.0,0.0,15.0,7.8173097692794,20.0,10.544512160615069,9.455487839384931,-0.0002901212822516907,nan,nan,nan
6.091666666666667,track,-9.867212384015263,0.0,14.348099287114398,0.6082013156958045,-0.6509025312412605,13.0,0.0,15.0,7.8205725691784025,20.0,10.60897169660843,9.39102830339157,-0.0003026473517763577,nan,nan,nan
6.095833333333333,track,-9.8646420333851,0.0,14.345422318372083,0.6168841512387071,-0.6424724981552383,13.0,0.0,15.0,7.8205725691784025,20.0,10.673316421886787,9.326683578113213,-0.0003026473517763577,nan,nan,nan
6.1,track,-9.862035271723942,0.0,14.342780562223217,0.6256227986780291,-0.6340214757280118,13.0,0.0,15.0,7.823866309465832,20.0,10.737544307112554,9.262455692887446,-0.00031490863601584375,nan,nan,nan
6.104166666666667,track,-9.859391869113491,0.0,14.340174093016673,0.6344166265080697,-0.6255526095705973,13.0,0.0,15.0,7.823866309465832,20.0,10.801653499789188,9.198346500210812,-0.00031490863601584375,nan,nan,nan
6.108333333333333,track,-9.856711596777425,0.0,14.337602980347437,0.6432653606558753,-0.6170670406165985,13.0,0.0,15.0,7.827190221943083,20.0,10.865642023517834,9.134357976482166,-0.0003269082925801631,nan,nan,nan
6.1125,track,-9.853994228383392,0.0,14.335067282161395,0.65216841456755,-0.6085675646501679,13.0,0.0,15.0,7.827190221943083,20.0,10.92950807472325,9.070491925276748,-0.0003269082925801631,nan,nan,nan
6.116666666666666,track,-9.85123954924195,0.0,14.332566995712897,0.661122993946371,-0.6000687476394401,13.0,0.0,15.0,7.804356709615012,20.0,10.99324973909489,9.006750260905108,-0.00033864934727269227,nan,nan,nan
6.120833333333334,track,-9.848447346171591,0.0,14.330102112653941,0.6701287368860203,-0.5915719341494036,13.0,0.0,15.0,7.804356709615012,20.0,11.056865270754988,8.943134729245012,-0.00033864934727269227,nan,nan,nan
6.125,track,-9.845617406043177,0.0,14.327672626876682,0.6791856308193541,-0.5830765865422818,13.0,0.0,15.0,7.807727318663833,20.0,11.120352803704934,8.879647196295064,-0.0003501355235422173,nan,nan,nan
6.129166666666666,track,-9.84274951721927,0.0,14.32527852692908,0.6882933177376247,-0.5745839874240639,13.0,0.0,15.0,7.807727318663833,20.0,11.18371063659441,8.81628936340559,-0.0003501355235422173,nan,nan,nan
6.133333333333333,track,-9.839846123778699,0.0,14.322905894117607,0.6968144257368194,-0.5694318747537727,13.0,-1.049371851239909,1.0,2.6838426634401453,20.0,11.246937276882042,8.753062723117958,-0.00036136980122368923,12.710082669539965,18.33030277982336,1.4421859602654195
6.1375,track,-9.836909392085277,0.0,14.320542404044772,0.7048156064215226,-0.5672376174803778,13.0,-1.049371851239909,1.0,2.6838426634401453,20.0,11.310031731759388,8.689968268240612,-0.00036136980122368923,12.710082669539965,18.33030277982336,1.4421859602654195
6.141666666666667,track,-9.833941244306285,0.0,14.318177128399217,0.7123554669580489,-0.5676661549331701,13.0,-1.049371851239909,1.0,2.6850195741485785,20.0,11.372993003014479,8.627006996985521,-0.00037238814200236036,12.710082669539965,18.33030277982336,1.4421859602654195
6.145833333333333,track,-9.830943388936515,0.0,14.315800356203823,0.7194852887448521,-0.5704253268946383,13.0,-1.049371851239909,1.0,2.6850195741485785,20.0,11.435820463581049,8.564179536418951,-0.00037238814200236036,12.710082669539965,18.33030277982336,1.4421859602654195
6.15,track,-9.827917379094494,0.0,14.31340327574667,0.7262423620850539,-0.5752993097168718,13.0,-1.0476564710405445,1.0,2.6326500915486046,20.0,11.49851336886616,8.50148663113384,-0.00038324126333763326,12.710082669539965,18.33030277982336,1.4421859602654195
6.154166666666667,track,-9.824864598083172,0.0,14.31097803499863,0.7326674427173779,-0.5820577795293199,13.0,-1.0476564710405445,1.0,2.6326500915486046,20.0,11.561071268972784,8.438928731027216,-0.00038324126333763326,12.710082669539965,18.33030277982336,1.4421859602654195
6.158333333333333,track,-9.82178627863486,0.0,14.308517629413014,0.7387966675946274,-0.5904973405479614,13.0,-1.0476564710405445,1.0,2.6338210731827507,20.0,11.623493592282934,8.376506407717066,-0.00039395478161119413,12.710082669539965,18.33030277982336,1.4421859602654195
6.1625,track,-9.818683521052792,0.0,14.306015797497965,0.7446618196964941,-0.6004396596118414,13.0,-1.0476564710405445,1.0,2.6338210731827507,20.0,11.685779995556334,8.314220004443666,-0.00039395478161119413,12.710082669539965,18.33030277982336,1.4421859602654195
6.166666666666667,track,-9.815557307646547,0.0,14.303466937114585,0.7502912174988046,-0.6117264920111162,13.0,-0.680976706176354,1.0,2.635000538232081,20.0,11.747929981290604,8.252070018709395,-0.0004045439450362674,19.553973337753792,18.33030277982336,0.9374208741725226
6.170833333333333,track,-9.81240851668965,0.0,14.300866025775141,0.7557098296549343,-0.6242187214665906,13.0,-0.680976706176354,1.0,2.635000538232081,20.0,11.809943234884074,8.190056765115926,-0.0004045439450362674,19.553973337753792,18.33030277982336,0.9374208741725226
6.175,track,-9.809237933290746,0.0,14.298208557901043,0.7609400157370976,-0.637792289783669,13.0,-0.680976706176354,1.0,2.6361883067411473,20.0,11.871819268938369,8.12818073106163,-0.0004150154035034517,19.553973337753792,18.33030277982336,0.9374208741725226
6.179166666666666,track,-9.806046260239553,0.0,14.295490483387539,0.7660015322861384,-0.6523378832409237,13.0,-0.680976706176354,1.0,2.6361883067411473,20.0,11.933557748167305,8.066442251832695,-0.0004150154035034517,19.553973337753792,18.33030277982336,0.9374208741725226
6.183333333333334,track,-9.802834126222102,0.0,14.29270816036983,0.7709121641884201,-0.6677575242500289,13.0,-0.680976706176354,1.0,2.6373841992986202,20.0,11.995158155537048,8.004841844462952,-0.00042536941258360214,19.553973337753792,18.33030277982336,0.9374208741725226
6.1875,track,-9.799602094339743,0.0,14.28985830736722,0.7756876517660183,-0.6839647206263666,13.0,-0.680976706176354,1.0,2.6373841992986202,20.0,12.056620105627703,7.943379894372297,-0.00042536941258360214,19.553973337753792,18.33030277982336,0.9374208741725226
6.191666666666666,track,-9.796350682762847,0.0,14.286937896625195,0.7803387784550797,-0.7008985780859175,13.0,-0.6797957597039862,1.0,2.6115639426480373,20.0,12.117943022830843,7.882056977169157,-0.00043560222389271404,19.553973337753792,18.33030277982336,0.9374208741725226
6.195833333333333,track,-9.793080355601704,0.0,14.283944195211674,0.7848785186742131,-0.7184883392452182,13.0,-0.6797957597039862,1.0,2.6115639426480373,20.0,12.179126453387592,7.8208735466124075,-0.00043560222389271404,19.553973337753792,18.33030277982336,0.9374208741725226
6.2,track,-9.789789476919793,0.0,14.28088472407065,0.7898108836586781,-0.73427307384587,13.0,0.0,15.0,7.795239535678197,20.0,12.240166802166634,7.759833197833366,-0.0004457073775040079,nan,nan,nan
6.204166666666667,track,-9.786476472744198,0.0,14.277766619541694,0.7951210021427925,-0.7483450869493262,13.0,0.0,15.0,7.795239535678197,20.0,12.301060896298063,7.698939103701936,-0.0004457073775040079,nan,nan,nan
6.208333333333333,track,-9.783139833183174,0.0,14.274596631542266,0.8007934946457853,-0.7607971198626895,13.0,0.0,15.0,7.798839297604582,20.0,12.361805754184617,7.638194245815382,-0.00045546082000135803,nan,nan,nan
6.2125,track,-9.779778115532753,0.0,14.271381116627545,0.8068122361009434,-0.7717235795331149,13.0,0.0,15.0,7.798839297604582,20.0,12.422398724900999,7.577601275099001,-0.00045546082000135803,nan,nan,nan
6.216666666666667,track,-9.77638994358077,0.0,14.268126048920335,0.813161268475981,-0.781216249730407,13.0,0.0,15.0,7.8024598430124135,20.0,12.482837269610165,7.517162730389835,-0.00046483472006368675,nan,nan,nan
6.220833333333333,track,-9.772974008658212,0.0,14.264837022270896,0.8198243814142914,-0.7893663958653916,13.0,0.0,15.0,7.8024598430124135,20.0,12.543119116256085,7.4568808837439144,-0.00046483472006368675,nan,nan,nan
6.225,track,-9.769529050570997,0.0,14.26151934658109,0.8267899409317782,-0.7962421655533303,13.0,0.0,15.0,7.849156556518497,20.0,12.603242022852232,7.396757977147767,-0.00047387106573828683,nan,nan,nan
6.229166666666667,track,-9.766053874720706,0.0,14.258177972933439,0.8340422040696749,-0.8019296754365168,13.0,0.0,15.0,7.849156556518497,20.0,12.663203972667743,7.336796027332257,-0.00047387106573828683,nan,nan,nan
6.233333333333333,track,-9.76254734862095,0.0,14.254817515876852,0.8415662639413218,-0.8065096935808667,13.0,0.0,15.0,7.852835575823665,20.0,12.72300297178802,7.276997028211979,-0.0004825981904890118,nan,nan,nan
6.2375,track,-9.759008401120678,0.0,14.251442262619436,0.8493474000656264,-0.8100607817795611,13.0,0.0,15.0,7.852835575823665,20.0,12.782637219009805,7.217362780990195,-0.0004825981904890118,nan,nan,nan
6.241666666666666,track,-9.75543601831484,0.0,14.248056197153781,0.8573718734007834,-0.8126557117572011,13.0,0.0,15.0,7.856532301214594,20.0,12.842104909260302,7.157895090739697,-0.0004910381530810728,nan,nan,nan
6.245833333333334,track,-9.751829242476326,0.0,14.244663009995234,0.8656262012435787,-0.8143649180513276,13.0,0.0,15.0,7.856532301214594,20.0,12.901404406891578,7.0985955931084215,-0.0004910381530810728,nan,nan,nan
6.25,track,-9.748187167686625,0.0,14.241266122671936,0.8740979495282695,-0.8152529575915018,13.0,0.0,15.0,7.860245748321684,20.0,12.960534054163467,7.0394659458365325,-0.0004992080060214862,nan,nan,nan
6.254166666666666,track,-9.744508938725208,0.0,14.237868696920946,0.8827749507400923,-0.815382180237534,13.0,0.0,15.0,7.860245748321684,20.0,13.019492345830816,6.980507654169184,-0.0004992080060214862,nan,nan,nan
6.258333333333333,track,-9.740793746629384,0.0,14.234473658651524,0.8916461029975931,-0.8148091846614091,13.0,0.0,15.0,7.863974956143882,20.0,13.078277742246007,6.921722257753992,-0.0005071207515554829,nan,nan,nan
6.2625,track,-9.737040827695134,0.0,14.231083705978465,0.9007005442201571,-0.8135886415340478,13.0,0.0,15.0,7.863974956143882,20.0,13.136888843685655,6.863111156314344,-0.0005071207515554829,nan,nan,nan
6.266666666666667,track,-9.733249432136743,0.0,14.227701452411774,0.9099349340139099,-0.8117408560059147,13.0,0.0,15.0,7.9273195978812705,20.0,13.195324177471155,6.804675822528844,-0.0005147865527485833,nan,nan,nan
6.270833333333333,track,-9.729418851931692,0.0,14.224329304548016,0.919339249212367,-0.8093154873019016,13.0,0.0,15.0,7.9273195978812705,20.0,13.253582404184764,6.746417595815236,-0.0005147865527485833,nan,nan,nan
6.275,track,-9.725548416488541,0.0,14.220969484227266,0.9289045063560152,-0.8063568769801317,13.0,0.0,15.0,7.931105972063755,20.0,13.311662139698798,6.688337860301202,-0.0005222113383455139,nan,nan,nan
6.279166666666667,track,-9.72163749202585,0.0,14.217624033928875,0.9386218710459802,-0.8029080716138318,13.0,0.0,15.0,7.931105972063755,20.0,13.369562124963895,6.630437875036105,-0.0005222113383455139,nan,nan,nan
6.283333333333333,track,-9.71768547740814,0.0,14.214294837560317,0.9484835082505333,-0.7990071284539013,13.0,0.0,15.0,7.934905398610369,20.0,13.42728105238595,6.572718947614049,-0.0005294015726678222,nan,nan,nan
6.2875,track,-9.713691803791457,0.0,14.210983624242026,0.9584816680035438,-0.7946911963897975,13.0,0.0,15.0,7.934905398610369,20.0,13.484817732825814,6.515182267174186,-0.0005294015726678222,nan,nan,nan
6.291666666666667,track,-9.709655930648061,0.0,14.207691987720596,0.9686095544149167,-0.7899927651430938,13.0,0.0,15.0,7.938716951855559,20.0,13.542170926342012,6.4578290736579875,-0.0005363634452165879,nan,nan,nan
6.295833333333333,track,-9.705577345682853,0.0,14.204421388606278,0.9788603916501358,-0.7849437874361338,13.0,0.0,15.0,7.938716951855559,20.0,13.599339505902828,6.400660494097171,-0.0005363634452165879,nan,nan,nan
6.3,track,-9.701458718213372,0.0,14.201159582846119,0.988470592675542,-0.782833382438197,13.0,-2.544287164858753,1.0,2.704396926043353,20.0,13.656321903681004,6.343678096318995,-0.0005431023171207682,5.189831388132371,18.33030277982336,3.5319649924927057
6.304166666666666,track,-9.697302416914647,0.0,14.19789570786319,0.9975123116940197,-0.7833299959030963,13.0,-2.544287164858753,1.0,2.704396926043353,20.0,13.71311713417803,6.28688286582197,-0.0005431023171207682,5.189831388132371,18.33030277982336,3.5319649924927057
6.308333333333334,track,-9.693110545798476,0.0,14.194620114091224,1.0060490678812628,-0.7861425052716954,13.0,-2.544287164858753,1.0,2.7057020520716475,20.0,13.769724444102154,6.230275555897845,-0.0005496053855406931,5.189831388132371,18.33030277982336,3.5319649924927057
6.3125,track,-9.688884977324475,0.0,14.191324211072008,1.0141364337600383,-0.7910167246117614,13.0,-2.544287164858753,1.0,2.7057020520716475,20.0,13.826143474301643,6.173856525698356,-0.0005496053855406931,5.189831388132371,18.33030277982336,3.5319649924927057
6.316666666666666,track,-9.684627379161226,0.0,14.18800034266396,1.0218235591799492,-0.7977284179314047,13.0,-2.544287164858753,1.0,2.7070103823746865,20.0,13.882373962545024,6.117626037454976,-0.0005559318950256988,5.189831388132371,18.33030277982336,3.5319649924927057
6.320833333333333,track,-9.680339239304905,0.0,14.18464167090712,1.0291535655171191,-0.806081221641756,13.0,-2.544287164858753,1.0,2.7070103823746865,20.0,13.938415912840075,6.0615840871599245,-0.0005559318950256988,5.189831388132371,18.33030277982336,3.5319649924927057
6.325,track,-9.676021886071915,0.0,14.181242083120633,1.0361647759174684,-0.8159010687565513,13.0,-2.544287164858753,1.0,2.7083216783457726,20.0,13.99426933667355,6.00573066332645,-0.0005621310330587954,5.189831388132371,18.33030277982336,3.5319649924927057
6.329166666666667,track,-9.67167650732572,0.0,14.177796103466736,1.0428908990864643,-0.827035116935318,13.0,-2.544287164858753,1.0,2.7083216783457726,20.0,14.04993442591862,5.950065574081379,-0.0005621310330587954,5.189831388132371,18.33030277982336,3.5319649924927057
6.333333333333333,track,-9.66730416547533,0.0,14.17429882345654,1.0493620440939933,-0.8393472024469544,13.0,-1.6537866571581896,1.0,2.7096357316973827,20.0,14.105411322434492,5.894588677565508,-0.0005682304036515047,7.984355981742109,18.33030277982336,2.295777245120259
6.3375,track,-9.662905812336334,0.0,14.170745833945391,1.0556047533589454,-0.8527174826760778,13.0,-1.6537866571581896,1.0,2.7096357316973827,20.0,14.160700291765181,5.839299708234819,-0.0005682304036515047,7.984355981742109,18.33030277982336,2.295777245120259
6.341666666666667,track,-9.658482290170669,0.0,14.167133215782068,1.061645319759586,-0.8670283591977843,13.0,-1.6500139589946035,1.0,2.7267914670200546,20.0,14.215801522370494,5.784198477629505,-0.0005742433116351739,7.984355981742109,18.33030277982336,2.295777245120259
6.345833333333333,track,-9.654034354669262,0.0,14.163457439177954,1.067504520337519,-0.882186384987168,13.0,-1.6500139589946035,1.0,2.7267914670200546,20.0,14.27071528661691,5.729284713383089,-0.0005742433116351739,7.984355981742109,18.33030277982336,2.295777245120259
6.35,track,-9.649562683337654,0.0,14.159715324976093,1.0732011195857065,-0.8981074084465352,13.0,-1.6500139589946035,1.0,2.7281181728815738,20.0,14.32544174894213,5.674558251057871,-0.000580174370438341,7.984355981742109,18.33030277982336,2.295777245120259
6.354166666666667,track,-9.645067884546371,0.0,14.155904003668649,1.0787517099079869,-0.9147171137864988,13.0,-1.6500139589946035,1.0,2.7281181728815738,20.0,14.379981135843847,5.620018864156152,-0.000580174370438341,7.984355981742109,18.33030277982336,2.295777245120259
6.358333333333333,track,-9.640550503875982,0.0,14.152020886110723,1.0841713608932448,-0.9319482139021122,13.0,-1.6500139589946035,1.0,2.729447088423886,20.0,14.43433355651049,5.56566644348951,-0.0005860216321441584,7.984355981742109,18.33030277982336,2.295777245120259
6.3625,track,-9.636011031357963,0.0,14.148063630924321,1.0894734043247063,-0.9497412447365506,13.0,-1.6500139589946035,1.0,2.729447088423886,20.0,14.48849916922494,5.511500830775058,-0.0005860216321441584,7.984355981742109,18.33030277982336,2.295777245120259
6.366666666666666,track,-9.631449906275902,0.0,14.144030122331069,1.0946700196946928,-0.9680420623808036,13.0,-1.0725090733464924,1.0,2.730778025332891,20.0,14.542478012037623,5.457521987962376,-0.0005917796380598061,12.28362458729555,18.33030277982336,1.4922552093281685
6.370833333333334,track,-9.62686752303087,0.0,14.13991844391643,1.0997719788078153,-0.9868028195131993,13.0,-1.0725090733464924,1.0,2.730778025332891,20.0,14.596270165010562,5.403729834989437,-0.0005917796380598061,12.28362458729555,18.33030277982336,1.4922552093281685
6.375,track,-9.622264207198565,0.0,14.135726974307289,1.1047957997531008,-1.0059527061939897,13.0,-1.0697101942944844,1.0,2.77841832746369,20.0,14.649875593804193,5.350124406195806,-0.000597441240733937,12.28362458729555,18.33030277982336,1.4922552093281685
6.379166666666666,track,-9.617640250508353,0.0,14.131454242090904,1.1097496056510616,-1.0254557319325015,13.0,-1.0697101942944844,1.0,2.77841832746369,20.0,14.703294298543954,5.296705701456046,-0.000597441240733937,12.28362458729555,18.33030277982336,1.4922552093281685
6.383333333333333,track,-9.612995913275773,0.0,14.127098914458982,1.1146409358193057,-1.0452786316614116,13.0,-1.0697101942944844,1.0,2.779775336141755,20.0,14.756526161811315,5.243473838188684,-0.0006029988510013128,12.28362458729555,18.33030277982336,1.4922552093281685
6.3875,track,-9.608331428164472,0.0,14.122659780628032,1.1194764267120427,-1.0653921194280933,13.0,-1.0697101942944844,1.0,2.779775336141755,20.0,14.809571101345957,5.190428898654042,-0.0006029988510013128,12.28362458729555,18.33030277982336,1.4922552093281685
6.391666666666667,track,-9.603647001981836,0.0,14.11813574339304,1.124262283832798,-1.0857689363980103,13.0,-1.0697101942944844,1.0,2.781133788430632,20.0,14.862428923807784,5.1375710761922155,-0.0006084441478397772,12.28362458729555,18.33030277982336,1.4922552093281685
6.395833333333333,track,-9.598942818866044,0.0,14.113525805204265,1.1290039477897862,-1.1063851653059336,13.0,-1.0697101942944844,1.0,2.781133788430632,20.0,14.915099472626371,5.084900527373628,-0.0006084441478397772,12.28362458729555,18.33030277982336,1.4922552093281685
6.4,track,-9.594219041583008,0.0,14.108829061988727,1.13370654792894,-1.1272183717290738,13.0,-0.695311626291415,1.0,2.7824934655934475,20.0,14.967582487037092,5.032417512962907,-0.0006137692231196287,18.897883980454694,18.33030277982336,0.9699658860633096
6.404166666666667,track,-9.589475814262295,0.0,14.10404469131046,1.138374556971028,-1.148248962784383,13.0,-0.695311626291415,1.0,2.7824934655934475,20.0,15.019877745074085,4.980122254925915,-0.0006137692231196287,18.897883980454694,18.33030277982336,0.9699658860633096
6.408333333333333,track,-9.584713263300427,0.0,14.099171947972662,1.143012230848034,-1.1694584010714588,13.0,-0.695311626291415,1.0,2.7838541418426717,20.0,15.071984927528005,4.928015072471995,-0.0006189669437303666,18.897883980454694,18.33030277982336,0.9699658860633096
6.4125,track,-9.579931499740349,0.0,14.094210153823878,1.1476232544189724,-1.1908305957081087,13.0,-0.695311626291415,1.0,2.7838541418426717,20.0,15.12390375611083,4.87609624388917,-0.0006189669437303666,18.897883980454694,18.33030277982336,0.9699658860633096
6.416666666666667,track,-9.575130571088424,0.0,14.089158887576582,1.1522228764618838,-1.2123038993510615,13.0,-0.6931554856364129,1.0,2.8704663658994023,20.0,15.17563384734177,4.8243661526582295,-0.0006240310108703958,18.897883980454694,18.33030277982336,0.9699658860633096
6.420833333333333,track,-9.570310516260596,0.0,14.084017765841496,1.1568131586787558,-1.2338692164204679,13.0,-0.6931554856364129,1.0,2.8704663658994023,20.0,15.227174858649745,4.772825141350255,-0.0006240310108703958,18.897883980454694,18.33030277982336,0.9699658860633096
6.425,track,-9.565471365535327,0.0,14.078786442937227,1.161396174064812,-1.2555174970246854,13.0,-0.6931554856364129,1.0,2.8718700249610043,20.0,15.278526363571023,4.721473636428976,-0.0006289547931616714,18.897883980454694,18.33030277982336,0.9699658860633096
6.429166666666666,track,-9.560613142102579,0.0,14.073464604454498,1.1659736238596212,-1.2772412358550826,13.0,-0.6931554856364129,1.0,2.8718700249610043,20.0,15.329687979298944,4.670312020701055,-0.0006289547931616714,18.897883980454694,18.33030277982336,0.9699658860633096
6.433333333333334,track,-9.55573350590717,0.0,14.068061147748073,1.1711126868981208,-1.2968296095421992,13.0,0.0,15.0,8.286537282123561,20.0,15.380654184981958,4.6193458150180415,-0.000633733074079364,nan,nan,nan
6.4375,track,-9.550830181344915,0.0,14.062584637120736,1.176797894941146,-1.3143625505611414,13.0,0.0,15.0,8.286537282123561,20.0,15.431420382768016,4.568579617231984,-0.000633733074079364,nan,nan,nan
6.441666666666666,track,-9.545900968168624,0.0,14.057043271065712,1.1830111623099293,-1.3299278532056429,13.0,0.0,15.0,8.290585614834553,20.0,15.48198267613343,4.518017323866569,-0.0006379996604414808,nan,nan,nan
6.445833333333333,track,-9.540943751830637,0.0,14.051444851096827,1.1897319211168793,-1.3436207925323207,13.0,0.0,15.0,8.290585614834553,20.0,15.532337822265193,4.467662177734806,-0.0006379996604414808,nan,nan,nan
6.45,track,-9.535956441103536,0.0,14.045797027010753,1.196954574504153,-1.3554777806577663,13.0,0.0,15.0,8.45201408078989,20.0,15.582482917880483,4.417517082119517,-0.0006417595383174561,nan,nan,nan
6.454166666666667,track,-9.53093704084329,0.0,14.040107024914272,1.2046560624594256,-1.3656005031555543,13.0,0.0,15.0,8.45201408078989,20.0,15.632415549270997,4.3675844507290025,-0.0006417595383174561,nan,nan,nan
6.458333333333333,track,-9.52588365207023,0.0,14.03438165393676,1.2128133055345853,-1.3740890346030326,13.0,0.0,15.0,8.45613209773328,20.0,15.68213364977772,4.31786635022228,-0.0006451140714136803,nan,nan,nan
6.4624999999999995,track,-9.520794474146081,0.0,14.028627304476014,1.2214027017955935,-1.381043870578904,13.0,0.0,15.0,8.45613209773328,20.0,15.731635503414843,4.268364496585157,-0.0006451140714136803,nan,nan,nan
6.466666666666667,track,-9.51566780183459,0.0,14.022849965226941,1.2304013547577144,-1.3865614197778338,13.0,0.0,15.0,8.460244275036674,20.0,15.780919628627768,4.219080371372232,-0.0006481411646785744,nan,nan,nan
6.470833333333333,track,-9.510502025332604,0.0,14.017055228570237,1.2397863604767574,-1.3907367976090304,13.0,0.0,15.0,8.460244275036674,20.0,15.829984797286055,4.1700152027139445,-0.0006481411646785744,nan,nan,nan
6.475,track,-9.505295625525296,0.0,14.01124831334997,1.2495359537539716,-1.393659652863991,13.0,0.0,15.0,8.464349378827404,20.0,15.878829937698951,4.121170062301048,-0.0006508982260676107,nan,nan,nan
6.479166666666667,track,-9.500047172836481,0.0,14.005434073820897,1.2596286453154595,-1.395417486977661,13.0,0.0,15.0,8.464349378827404,20.0,15.92745416345145,4.0725458365485485,-0.0006508982260676107,nan,nan,nan
6.483333333333333,track,-9.4947553214913,0.0,13.999617025191744,1.2700443228431624,-1.3960916709966005,13.0,0.0,15.0,8.468446316520396,20.0,15.975856690758514,4.024143309241486,-0.0006534254129950984,nan,nan,nan
6.4875,track,-9.489418807820414,0.0,13.99380135383852,1.2807632810129663,-1.3957611247736221,13.0,0.0,15.0,8.468446316520396,20.0,16.024036873288825,3.9759631267111755,-0.0006534254129950984,nan,nan,nan
6.491666666666666,track,-9.484036360322426,0.0,13.987991249796806,1.2917873995173024,-1.394424970011258,13.0,0.0,15.0,8.632432273773135,20.0,16.071994035087833,3.928005964912166,-0.0006557508798946965,nan,nan,nan
6.495833333333334,track,-9.4786067863614,0.0,13.982190591164256,1.3030977506460426,-1.3921580718121682,13.0,0.0,15.0,8.632432273773135,20.0,16.11972761753571,3.88027238246429,-0.0006557508798946965,nan,nan,nan
6.5,track,-9.473128965729224,0.0,13.976402970908742,1.3146769517223176,-1.3890288613235668,13.0,0.0,15.0,8.636586917436318,20.0,16.16723711459304,3.832762885406962,-0.0006578875439964453,nan,nan,nan
6.504166666666666,track,-9.467601848811737,0.0,13.970631706582548,1.326508060196732,-1.3851034382863576,13.0,0.0,15.0,8.636586917436318,20.0,16.214522110168918,3.7854778898310824,-0.0006578875439964453,nan,nan,nan
6.508333333333333,track,-9.462024450180872,0.0,13.964879866336725,1.3385756714078239,-1.3804416589976216,13.0,0.0,15.0,8.640730368542942,20.0,16.26158222086255,3.738417779137449,-0.0006598491342977977,nan,nan,nan
6.5125,track,-9.456395846979449,0.0,13.959150277314983,1.3508647683416024,-1.3751013652180644,13.0,0.0,15.0,8.640730368542942,20.0,16.30841713372911,3.691582866270887,-0.0006598491342977977,nan,nan,nan
6.516666666666667,track,-9.450715172698946,0.0,13.953445550398644,1.3633618273207746,-1.3691344599210367,13.0,0.0,15.0,8.644861764040629,20.0,16.355026555194826,3.644973444805175,-0.0006616475405318428,nan,nan,nan
6.520833333333333,track,-9.444981615885021,0.0,13.947768086998295,1.376053635341656,-1.3625912160840923,13.0,0.0,15.0,8.644861764040629,20.0,16.401410248155933,3.598589751844065,-0.0006616475405318428,nan,nan,nan
6.5249999999999995,track,-9.439194343058087,0.0,13.942120355550738,1.3889454784641335,-1.3554555474135024,13.0,0.0,15.0,8.774283548104206,19.98009203944078,16.447567863627995,3.532524175812783,-0.0006660711113112484,nan,nan,nan
6.529166666666667,track,-9.433352573755899,0.0,13.93650462464331,1.4020246325250083,-1.3477754177827599,13.0,0.0,15.0,8.774283548104206,19.98009203944078,16.493499110951905,3.4865929284888737,-0.0006660711113112484,nan,nan,nan
6.533333333333333,track,-9.427455574608565,0.0,13.930922985909996,1.4152797953599054,-1.3395932959955643,13.0,0.0,15.0,8.77844782386396,19.93545118359021,16.539203575490866,3.3962476080993422,-0.0006737909823970425,nan,nan,nan
6.5375,track,-9.421502658550466,0.0,13.9253773585001,1.4286998539439413,-1.3309505783750843,13.0,0.0,15.0,8.77844782386396,19.93545118359021,16.584680901584232,3.3507702820059793,-0.0006737909823970425,nan,nan,nan
6.541666666666667,track,-9.415493179221107,0.0,13.91986951039551,1.4422750390461512,-1.3218835451017044,13.0,0.0,15.0,8.782597342207492,19.889599855443755,16.629930609346534,3.259669246097224,-0.0006815161304271331,nan,nan,nan
6.545833333333333,track,-9.409426530562392,0.0,13.914401061229599,1.455995678091574,-1.3124277998183613,13.0,0.0,15.0,8.782597342207492,19.889599855443755,16.674952280135837,3.2146475753079202,-0.0006815161304271331,nan,nan,nan
6.55,track,-9.403302141546568,0.0,13.908973502086655,1.4698533637979017,-1.3026141943066363,13.0,0.0,15.0,8.78673122711384,19.842681789784038,16.71974537291972,3.1229364168643166,-0.0006892195235845241,nan,nan,nan
6.554166666666666,track,-9.397119476142255,0.0,13.903588196789448,1.48383969703542,-1.2924732713294462,13.0,0.0,15.0,8.78673122711384,19.842681789784038,16.764309410973855,3.078372378810185,-0.0006892195235845241,nan,nan,nan
6.558333333333334,track,-9.390877982702005,0.0,13.898246559059068,1.4979584256598517,-1.2819930552913512,13.0,0.0,15.0,8.867380255644902,19.794821446679098,16.808643768058744,2.9861776786203533,-0.0006968771321662759,nan,nan,nan
6.5625,track,-9.38457714327788,0.0,13.892949881130544,1.512201461789679,-1.2712027028455042,13.0,0.0,15.0,8.867380255644902,19.794821446679098,16.852747888694715,2.9420735579843846,-0.0006968771321662759,nan,nan,nan
6.566666666666666,track,-9.378216468715133,0.0,13.88769935179452,1.5265618950596331,-1.2601270406459377,13.0,0.0,15.0,8.87151584690634,19.746071164080238,16.896621105327803,2.8494500587524354,-0.0007044733112233064,nan,nan,nan
6.570833333333333,track,-9.371795499069195,0.0,13.882496055867191,1.5410327150249503,-1.2487910225590908,13.0,0.0,15.0,8.87151584690634,19.746071164080238,16.940262823689306,2.8058083403909313,-0.0007044733112233064,nan,nan,nan
6.575,track,-9.365313798986696,0.0,13.877340990979286,1.5556080197996913,-1.2372155730972116,13.0,0.0,15.0,8.875632876171453,19.69651389022662,16.98367234092246,2.7128415493041587,-0.0007119907653747963,nan,nan,nan
6.579166666666667,track,-9.358770958424808,0.0,13.872235065860059,1.5702817348531848,-1.2254220286147928,13.0,0.0,15.0,8.875632876171453,19.69651389022662,17.026849029903484,2.6696648603231337,-0.0007119907653747963,nan,nan,nan
6.583333333333333,track,-9.35216658829264,0.0,13.867179116006824,1.5850488317200866,-1.2134279647762234,13.0,0.0,15.0,8.879730374291052,19.64623852849505,17.069792158806816,2.5764463696882345,-0.0007194127821321986,nan,nan,nan
6.5874999999999995,track,-9.345500321439276,0.0,13.862173900934456,1.5999040448073985,-1.201251617368154,13.0,0.0,15.0,8.879730374291052,19.64623852849505,17.11250107373985,2.5337374547552036,-0.0007194127821321986,nan,nan,nan
6.591666666666667,track,-9.338771808528135,0.0,13.857220118853991,1.6148430986742268,-1.1889076993116823,13.0,0.0,15.0,8.88380735980197,19.595321528300904,17.154975020185947,2.4403465081149562,-0.000726724973827677,nan,nan,nan
6.595833333333333,track,-9.33198071926101,0.0,13.852318403029383,1.6298614241099887,-1.176411797906169,13.0,0.0,15.0,8.88380735980197,19.595321528300904,17.197213323419682,2.3981082048812215,-0.000726724973827677,nan,nan,nan
6.6,track,-9.32512671438405,0.0,13.847469417117651,1.6449611704703757,-1.1637566188157145,13.0,0.0,15.0,8.926567893927633,19.543828586321577,17.23921519930515,2.304613387016429,-0.0007339150441921308,nan,nan,nan
6.604166666666667,track,-9.31820947304652,0.0,13.842673762556187,1.6601379210071552,-1.15095709475148,13.0,0.0,15.0,8.926567893927633,19.543828586321577,17.280979946093765,2.2628486402278125,-0.0007339150441921308,nan,nan,nan
6.608333333333333,track,-9.31122868891825,0.0,13.837931992150954,1.6753881907849728,-1.1380248972557343,13.0,0.0,15.0,8.930618432075361,19.49178712160212,17.32250677086759,2.1692803507345304,-0.0007409756588065053,nan,nan,nan
6.6125,track,-9.304184071673818,0.0,13.833244605483888,1.6907081386636562,-1.124972800096188,13.0,0.0,15.0,8.930618432075361,19.49178712160212,17.363794963957456,2.1279921576446634,-0.0007409756588065053,nan,nan,nan
6.616666666666666,track,-9.297075343287249,0.0,13.828612061763565,1.7060948127765965,-1.1118104928776789,13.0,0.0,15.0,8.934645352172081,19.439240788086707,17.404843728200344,2.0343970598863605,-0.0007478985681063339,nan,nan,nan
6.620833333333334,track,-9.289902239686407,0.0,13.824034774616603,1.721544864202059,-1.098548915270606,13.0,0.0,15.0,8.934645352172081,19.439240788086707,17.445652350214726,1.9935884378719806,-0.0007478985681063339,nan,nan,nan
6.625,track,-9.282664507203018,0.0,13.819513124294426,1.7370557960135073,-1.0851960773225513,13.0,0.0,15.0,8.938647637252885,19.386236361266093,17.486220032748164,1.9000163285179275,-0.0007546758937525017,nan,nan,nan
6.629166666666666,track,-9.275361904372467,0.0,13.815047451948109,1.7526246793324236,-1.0717613631162917,13.0,0.0,15.0,8.938647637252885,19.386236361266093,17.526546062540877,1.8596902987252153,-0.0007546758937525017,nan,nan,nan
6.633333333333333,track,-9.267994198458824,0.0,13.81063807147533,1.7682494192741978,-1.0582513134670761,13.0,0.0,15.0,8.94271967920905,19.33281409421559,17.56662964597164,1.7661844482439502,-0.0007613010769518756,nan,nan,nan
6.6375,track,-9.260561167443583,0.0,13.80628526314695,1.7839274436579613,-1.0446739988110225,13.0,0.0,15.0,8.94271967920905,19.33281409421559,17.606470073321713,1.7263440208938783,-0.0007613010769518756,nan,nan,nan
6.641666666666667,track,-9.253062596729807,0.0,13.801989284762827,1.7996569713065782,-1.0310348121897257,13.0,0.0,15.0,8.94666968239881,19.27900860572721,17.64606655797804,1.632942047749173,-0.000767768716975316,nan,nan,nan
6.645833333333333,track,-9.24549828116878,0.0,13.797750365144617,1.815435734646534,-1.0173407083703085,13.0,0.0,15.0,8.94666968239881,19.27900860572721,17.68541839685751,1.5935902088697005,-0.000767768716975316,nan,nan,nan
6.6499999999999995,track,-9.23786802186801,0.0,13.793568714862314,1.8312622321847336,-1.0035960677526554,13.0,0.0,15.0,8.950591998856476,19.224849842927753,17.72452481330654,1.500325029621211,-0.0007740744046907606,nan,nan,nan
6.654166666666667,track,-9.23017162830467,0.0,13.789444519438607,1.8471344552012965,-0.989806901689433,13.0,0.0,15.0,8.950591998856476,19.224849842927753,17.76338511357591,1.4614647293518404,-0.0007740744046907606,nan,nan,nan
6.658333333333333,track,-9.222408915224596,0.0,13.785377949698786,1.863051139218106,-0.9759767375573059,13.0,0.0,15.0,8.954485616563566,19.170363755815178,17.80199853355662,1.368365222258556,-0.0007802145922420161,nan,nan,nan
6.6625,track,-9.214579704827553,0.0,13.781369154743146,1.8790104952903757,-0.962110789353501,13.0,0.0,15.0,8.954485616563566,19.170363755815178,17.84036439119257,1.3299993646226078,-0.0007802145922420161,nan,nan,nan
6.666666666666667,track,-9.206683844860352,0.0,13.777418203082096,1.895006392128281,-0.9482283986518394,13.0,0.0,15.0,8.9259022316571,19.115572878874357,17.87848194621926,1.2370909326550952,-0.0007861864779066396,nan,nan,nan
6.670833333333333,track,-9.198721188062231,0.0,13.773525150087584,1.9110376315491615,-0.9343327186828221,13.0,0.0,15.0,8.9259022316571,19.115572878874357,17.916350538691496,1.1992223401828586,-0.0007861864779066396,nan,nan,nan
6.675,track,-9.190691589354007,0.0,13.769690047224188,1.92710368997381,-0.9204246872149734,13.0,0.0,15.0,8.929721554733606,19.060522286748792,17.953969443631614,1.106552843117178,-0.0007919850216054834,nan,nan,nan
6.679166666666666,track,-9.182594908247559,0.0,13.765912934277523,1.9432034655473303,-0.9065071071993586,13.0,0.0,15.0,8.929721554733606,19.060522286748792,17.991338015253266,1.0691842714955273,-0.0007919850216054834,nan,nan,nan
6.683333333333334,track,-9.174431006078075,0.0,13.762193848396153,1.9593365206761382,-0.892580611528829,13.0,0.0,15.0,8.933509297562578,19.005233290770388,18.02845554583618,0.9767777449342065,-0.0007976081540282615,nan,nan,nan
6.6875,track,-9.16619974843174,0.0,13.758532816284315,1.9755018351204405,-0.8786477068410693,13.0,0.0,15.0,8.933509297562578,19.005233290770388,18.065321405549387,0.9399118852209989,-0.0007976081540282615,nan,nan,nan
6.691666666666666,track,-9.157901002417317,0.0,13.754929863070597,1.9916990434618012,-0.8647087712923367,13.0,0.0,15.0,8.937264481547222,18.949716482919598,18.101934905592017,0.8477815773275804,-0.000803055264437924,nan,nan,nan
6.695833333333333,track,-9.149534639106362,0.0,13.751385004484646,2.0079271946294397,-0.8507660606279875,13.0,0.0,15.0,8.937264481547222,18.949716482919598,18.138295433602636,0.8114210493169612,-0.000803055264437924,nan,nan,nan
6.7,track,-9.141100530841081,0.0,13.747898255565786,2.024185983667432,-0.8368197405264145,13.0,0.0,15.0,8.940986137170611,18.893981395447796,18.17440232109378,0.7195790743540167,-0.000808326076267968,nan,nan,nan
6.704166666666667,track,-9.132598553682099,0.0,13.74446962284059,2.0404745181557287,-0.8228718540470817,13.0,0.0,15.0,8.940986137170611,18.893981395447796,18.210254974442677,0.6837264210051182,-0.000808326076267968,nan,nan,nan
6.708333333333333,track,-9.124028619064411,0.0,13.741099003209541,2.0567843082451756,-0.8089487114516485,13.0,0.0,15.0,8.893046085042839,18.838036667272696,18.24585275983497,0.5921839074377279,-0.0008134205987916455,nan,nan,nan
6.7124999999999995,track,-9.115390639163152,0.0,13.737786295077244,2.073115176302343,-0.7950499517511426,13.0,0.0,15.0,8.893046085042839,18.838036667272696,18.281195115670386,0.556841551602313,-0.0008134205987916455,nan,nan,nan
6.716666666666667,track,-9.10668452450005,0.0,13.734531405971717,2.089467519144439,-0.7811733853263794,13.0,0.0,15.0,8.896676742024809,18.78193150870279,18.316281428535287,0.46565008016750276,-0.0008183342936807976,nan,nan,nan
6.720833333333333,track,-9.097910186591308,0.0,13.731334244084277,2.1058410980978857,-0.7673188529855411,13.0,0.0,15.0,8.896676742024809,18.78193150870279,18.351111155583197,0.4308203531195918,-0.0008183342936807976,nan,nan,nan
6.725,track,-9.089067535550402,0.0,13.72819472587669,2.122236249817453,-0.7534843698206641,13.0,0.0,15.0,8.900271243513156,18.725679792715997,18.38568370500668,0.33999608770931483,-0.0008230668690206834,nan,nan,nan
6.729166666666667,track,-9.080156482698776,0.0,13.725112767776077,2.138652684390292,-0.7396699441474945,13.0,0.0,15.0,8.900271243513156,18.725679792715997,18.41999855381988,0.3056812388961173,-0.0008230668690206834,nan,nan,nan
6.733333333333333,track,-9.071181747346222,0.0,13.722073083058524,2.1539364846131486,-0.7295243322127181,13.0,-3.1681139793628406,1.0,3.105051448427005,18.66928083030547,18.45405175321906,0.21522907708641198,-0.0008276198435922869,4.023813012601774,18.33030277982336,4.5554559126919
6.7375,track,-9.062147506769731,0.0,13.71906213169757,2.1682177383575394,-0.7226283266290776,13.0,-3.1681139793628406,1.0,3.105051448427005,18.66928083030547,18.487840480678816,0.1814403496266547,-0.0008276198435922869,4.023813012601774,18.33030277982336,4.5554559126919
6.741666666666666,track,-9.053057562078092,0.0,13.716067591659431,2.18158672599357,-0.718689609153045,13.0,-3.1609476115972637,1.0,3.0112218078491972,18.618462245903476,18.521362468606597,0.09709977729687999,-0.000830965104670211,4.023813012601774,18.33030277982336,4.5554559126919
6.745833333333334,track,-9.043915286559038,0.0,13.713078519288171,2.1941461245728,-0.717377369102501,13.0,-3.1609476115972637,1.0,3.0112218078491972,18.618462245903476,18.554616248831262,0.06384599707221385,-0.000830965104670211,4.023813012601774,18.33030277982336,4.5554559126919
6.75,track,-9.034723677654974,0.0,13.710085182095787,2.2059861369753087,-0.7184009261724248,13.0,-3.1609476115972637,1.0,3.012397728964566,18.573894632911887,18.587600917880195,-0.0137062849683042,-0.0008330668830500843,4.023813012601774,18.33030277982336,4.5554559126919
6.754166666666666,track,-9.025485404189553,0.0,13.707078906957884,2.217185631701213,-0.7215060330966441,13.0,-3.1609476115972637,1.0,3.012397728964566,18.573894632911887,18.620316082760677,-0.04642144984878892,-0.0008330668830500843,4.023813012601774,18.33030277982336,4.5554559126919
6.758333333333333,track,-9.016202845002153,0.0,13.704051955814755,2.2278142049756595,-0.726468274351119,13.0,-3.1609476115972637,1.0,3.013559596004378,18.5342926372963,18.65276171280333,-0.11846907550702761,-0.0008342329120541291,4.023813012601774,18.33030277982336,4.5554559126919
6.7625,track,-9.006878124611639,0.0,13.700997411033834,2.237932893723457,-0.733090747421202,13.0,-3.1609476115972637,1.0,3.013559596004378,18.5342926372963,18.684938089657713,-0.15064545236141197,-0.0008342329120541291,4.023813012601774,18.33030277982336,4.5554559126919
6.766666666666667,track,-8.997513142086774,0.0,13.697909082488824,2.2475958059677454,-0.7411988508022626,13.0,-2.0546159475382217,1.0,3.014707145305824,18.4986307207865,18.71684571947088,-0.21821499868437824,-0.0008346939692192776,6.190481557848883,18.33030277982336,2.9610463432497354
6.770833333333333,track,-8.98810959820785,0.0,13.694781420231998,2.256850530942079,-0.7506389416382979,13.0,-2.0546159475382217,1.0,3.014707145305824,18.4986307207865,18.748485286460273,-0.24985456567377312,-0.0008346939692192776,6.190481557848883,18.33030277982336,2.9610463432497354
6.7749999999999995,track,-8.978669017154768,0.0,13.691609444642667,2.2657394527393167,-0.7612741414394323,13.0,-2.0546159475382217,1.0,3.0158402034946854,18.4661136976569,18.77985760730598,-0.31374390964908117,-0.000834615561242964,6.190481557848883,18.33030277982336,2.9610463432497354
6.779166666666667,track,-8.969192767381994,0.0,13.688388679286561,2.2742999454656245,-0.7729836854655271,13.0,-2.0546159475382217,1.0,3.0158402034946854,18.4661136976569,18.81096358716671,-0.3448498895098101,-0.000834615561242964,6.190481557848883,18.33030277982336,2.9610463432497354
6.783333333333333,track,-8.959682143229491,0.0,13.68511489194114,2.28254979660057,-0.7857089629010459,13.0,-2.050181286551292,1.0,2.938600158081122,18.436120363441695,18.841804126969514,-0.4056837635278154,-0.0008341165299678436,6.190481557848883,18.33030277982336,2.9610463432497354
6.7875,track,-8.950138308445535,0.0,13.68178427229057,2.290520348149359,-0.7993487161370014,13.0,-2.050181286551292,1.0,2.938600158081122,18.436120363441695,18.872380178999506,-0.43625981555781124,-0.0008341165299678436,6.190481557848883,18.33030277982336,2.9610463432497354
6.791666666666667,track,-8.940562309572044,0.0,13.678393388791365,2.2982397296376758,-0.8138120398087973,13.0,-2.050181286551292,1.0,2.9396752421876853,18.40823954496828,18.90269274855159,-0.49445320358331135,-0.0008332662615148848,6.190481557848883,18.33030277982336,2.9610463432497354
6.795833333333333,track,-8.93095508944331,0.0,13.674939145263801,2.305732830896192,-0.8290184466154032,13.0,-2.050181286551292,1.0,2.9396752421876853,18.40823954496828,18.932742846985047,-0.524503302016767,-0.0008332662615148848,6.190481557848883,18.33030277982336,2.9610463432497354
6.8,track,-8.92131749736819,0.0,13.671418748035457,2.3130220980291387,-0.8448953348027975,13.0,-1.3326178362583396,1.0,2.940735938032532,18.382091213249005,18.962531510239458,-0.5804402969904531,-0.0008321268201468994,9.523817781305974,18.33030277982336,1.924680123112328
6.804166666666666,track,-8.911650299778628,0.0,13.667829671681266,2.3201274214944734,-0.861378325005889,13.0,-1.3326178362583396,1.0,2.940735938032532,18.382091213249005,18.992059751920372,-0.6099685386713654,-0.0008321268201468994,9.523817781305974,18.33030277982336,1.924680123112328
6.808333333333334,track,-8.901954188003304,0.0,13.664169633901126,2.327066826078051,-0.8784090672336442,13.0,-1.3326178362583396,1.0,2.9417821855218493,18.357348734576,19.021328593943977,-0.6639798593679802,-0.0008307480335161585,9.523817781305974,18.33030277982336,1.924680123112328
6.8125,track,-8.892229786756928,0.0,13.660436568197422,2.3338562991300096,-0.8959357688889766,13.0,-1.3326178362583396,1.0,2.9417821855218493,18.357348734576,19.050339018866175,-0.6929902842901768,-0.0008307480335161585,9.523817781305974,18.33030277982336,1.924680123112328
6.816666666666666,track,-8.88247767786687,0.0,13.656628548608204,2.3405061336141495,-0.9139247014124782,13.0,-1.3293446870695307,1.0,2.9193702608045937,18.33375053219697,19.07909200001121,-0.7453414678142433,-0.0008291661302989079,9.523817781305974,18.33030277982336,1.924680123112328
6.820833333333333,track,-8.872698387555074,0.0,13.652743829367258,2.3470296748308725,-0.9323326178267622,13.0,-1.3293446870695307,1.0,2.9193702608045937,18.33375053219697,19.107588464926582,-0.7738379327296123,-0.0008291661302989079,9.523817781305974,18.33030277982336,1.924680123112328
6.825,track,-8.862892391200749,0.0,13.648780829473466,2.353439125038283,-0.9511199745101436,13.0,-1.3293446870695307,1.0,2.920379341084224,18.311107167308975,19.13582934115486,-0.8247221738458851,-0.0008274040472431982,9.523817781305974,18.33030277982336,1.924680123112328
6.829166666666667,track,-8.853060119084288,0.0,13.644738114212714,2.359745307950653,-0.9702516625803981,13.0,-1.3293446870695307,1.0,2.920379341084224,18.311107167308975,19.16381550463753,-0.8527083373285542,-0.0008274040472431982,9.523817781305974,18.33030277982336,1.924680123112328
6.833333333333333,track,-8.843201960036007,0.0,13.640614383312718,2.365958171587579,-0.9896954159990508,13.0,-0.8640740465951952,1.0,2.9213739195881008,18.28925060396097,19.191547830877965,-0.902297226916995,-0.0008254813011078106,14.652027355855342,18.33030277982336,1.2510420800230133
6.8374999999999995,track,-8.833318266156216,0.0,13.636408455764846,2.3720865311499244,-1.0094226114891693,13.0,-0.8640740465951952,1.0,2.9213739195881008,18.28925060396097,19.219027141408162,-0.9297765374471924,-0.0008254813011078106,14.652027355855342,18.33030277982336,1.2510420800230133
6.841666666666667,track,-8.823409355603504,0.0,13.632119260751779,2.3781385326509614,-1.029406803136142,13.0,-0.8640740465951952,1.0,2.922353935929912,18.268037603860552,19.246254259204463,-0.9782166553439094,-0.0008234135893567074,14.652027355855342,18.33030277982336,1.2510420800230133
6.845833333333333,track,-8.813475516515544,0.0,13.627745825049292,2.384121381110486,-1.0496245685966632,13.0,-0.8640740465951952,1.0,2.922353935929912,18.268037603860552,19.273229953009682,-1.0051923491491306,-0.0008234135893567074,14.652027355855342,18.33030277982336,1.2510420800230133
6.85,track,-8.803517009128068,0.0,13.623287266113188,2.390041772994036,-1.0700541446650071,13.0,-0.8640740465951952,1.0,2.9233193267099846,18.247351220566156,19.299954996228404,-1.0526037756622495,-0.0008212128247303552,14.652027355855342,18.33030277982336,1.2510420800230133
6.854166666666667,track,-8.793534069066657,0.0,13.618742781514447,2.395905614738598,-1.0906763036979583,13.0,-0.8640740465951952,1.0,2.9233193267099846,18.247351220566156,19.326430108976638,-1.0790788884104836,-0.0008212128247303552,14.652027355855342,18.33030277982336,1.2510420800230133
6.858333333333333,track,-8.78352688453244,0.0,13.614111720118439,2.40172428821207,-1.1114547350419939,13.0,-0.8615386089262647,1.0,2.9584984616964114,18.227095615015546,19.35265602001007,-1.1255604049945251,-0.0008188882097055032,14.652027355855342,18.33030277982336,1.2510420800230133
6.8625,track,-8.773495625691579,0.0,13.609393489774819,2.4075021218065693,-1.1323752824689834,13.0,-0.8615386089262647,1.0,2.9584984616964114,18.227095615015546,19.378633405275096,-1.151537790259551,-0.0008188882097055032,14.652027355855342,18.33030277982336,1.2510420800230133
6.866666666666666,track,-8.763440445641619,0.0,13.604587554118824,2.4132432119902587,-1.1534245574388011,13.0,-0.5600000958020721,1.0,2.9594453552179303,18.207162687652893,19.404362952238657,-1.1972002645857627,-0.0008164510705700658,22.541580547469756,18.33030277982336,0.8131773520149587
6.870833333333334,track,-8.75336148262165,0.0,13.599693425501531,2.418951124792691,-1.174590868150156,13.0,-0.5600000958020721,1.0,2.9594453552179303,18.207162687652893,19.42984529793369,-1.2226826102807973,-0.0008164510705700658,22.541580547469756,18.33030277982336,0.8131773520149587
6.875,track,-8.743258860692869,0.0,13.594710662716986,2.4246292629070916,-1.1958630682907625,13.0,-0.5600000958020721,1.0,2.9603772439531433,18.18748330113077,19.45508109547747,-1.267597794346702,-0.0008139076590210543,22.541580547469756,18.33030277982336,0.8131773520149587
6.879166666666666,track,-8.733132691664899,0.0,13.589638864855699,2.430280566712757,-1.217231486708866,13.0,-0.5600000958020721,1.0,2.9603772439531433,18.18748330113077,19.48007094972081,-1.2925876485900425,-0.0008139076590210543,22.541580547469756,18.33030277982336,0.8131773520149587
6.883333333333333,track,-8.72298307554801,0.0,13.58447766977132,2.435907868053603,-1.238686820250948,13.0,-0.5600000958020721,1.0,2.9612940551554723,18.16800942494302,19.504815485854568,-1.3368060609115473,-0.0008112618888100297,22.541580547469756,18.33030277982336,0.8131773520149587
6.8875,track,-8.712810102247992,0.0,13.57922674868726,2.441513592004049,-1.260221060174432,13.0,-0.5600000958020721,1.0,2.9612940551554723,18.16800942494302,19.52931528268939,-1.3613058577463713,-0.0008112618888100297,22.541580547469756,18.33030277982336,0.8131773520149587
6.891666666666667,track,-8.702613794325273,0.0,13.573885984067733,2.44711390145253,-1.2817835086863574,13.0,-0.5580454627925038,1.0,3.044850230981893,18.148701276732375,19.55357092868748,-1.404869651955107,-0.0008085171348307066,22.541580547469756,18.33030277982336,0.8131773520149587
6.895833333333333,track,-8.692394170865818,0.0,13.568455270629936,2.4527096302693847,-1.3033712250710903,13.0,-0.5580454627925038,1.0,3.044850230981893,18.148701276732375,19.577582968696106,-1.4288816919637313,-0.0008085171348307066,22.541580547469756,18.33030277982336,0.8131773520149587
6.8999999999999995,track,-8.682151247169095,0.0,13.562934516268959,2.4583016872134507,-1.324981046634699,13.0,-0.3627295508151274,1.0,3.045761401266648,18.129456704536256,19.60135197549898,-1.4718952709627222,-0.0008056849582638697,34.67935468841501,18.33030277982336,0.5285652788097231
6.904166666666667,track,-8.671885035721942,0.0,13.557323638993548,2.4638907473164564,-1.3466105460983027,13.0,-0.3627295508151274,1.0,3.045761401266648,18.129456704536256,19.62487847962083,-1.4954217750845737,-0.0008056849582638697,34.67935468841501,18.33030277982336,0.5285652788097231
6.908333333333333,track,-8.66159554584073,0.0,13.551622567998892,2.469477571491112,-1.3682570387171555,13.0,-0.3627295508151274,1.0,3.0466568464118327,18.110237780025088,19.648163042659718,-1.5379252626346314,-0.000802769277652006,34.67935468841501,18.33030277982336,0.5285652788097231
6.9125,track,-8.651282784582307,0.0,13.545831240809795,2.4750627020214964,-1.3899185253835533,13.0,-0.3627295508151274,1.0,3.0466568464118327,18.110237780025088,19.67120618493208,-1.560968404906992,-0.000802769277652006,34.67935468841501,18.33030277982336,0.5285652788097231
6.916666666666667,track,-8.640946756349804,0.0,13.539949604470298,2.4806467758007007,-1.4115927214792854,13.0,-0.3627295508151274,1.0,3.0475364925569677,18.091034604419782,19.694008460610483,-1.6029738561907014,-0.000799770906438673,34.67935468841501,18.33030277982336,0.5285652788097231
6.920833333333333,track,-8.63058746374938,0.0,13.533977612865296,2.4862302241015253,-1.4332779852002722,13.0,-0.3627295508151274,1.0,3.0475364925569677,18.091034604419782,19.716570383244388,-1.6255357788246045,-0.000799770906438673,34.67935468841501,18.33030277982336,0.5285652788097231
6.925,track,-8.620204907167457,0.0,13.527915228001456,2.4918135796617236,-1.4549723673218802,13.0,-0.3627295508151274,1.0,3.048400268302467,18.071839047935637,19.738892502718677,-1.6670534547830411,-0.0007966907800751586,34.67935468841501,18.33030277982336,0.5285652788097231
6.929166666666666,track,-8.609799085580436,0.0,13.521762417483366,2.497397180885133,-1.476674524341533,13.0,-0.3627295508151274,1.0,3.048400268302467,18.071839047935637,19.76097532868597,-1.6891362807503314,-0.0007966907800751586,34.67935468841501,18.33030277982336,0.5285652788097231
6.933333333333334,track,-8.599366772271088,0.0,13.515529059431929,2.5037551942436047,-1.4960059323451644,13.0,0.0,15.0,9.201767635803378,18.052644463124466,19.782812902035424,-1.730168438910958,-0.0007935299371747051,nan,nan,nan
6.9375,track,-8.588904823055747,0.0,13.50922471099873,2.5108678116816607,-1.513043623967909,13.0,0.0,15.0,9.201767635803378,18.052644463124466,19.804400645454944,-1.7517561823304777,-0.0007935299371747051,nan,nan,nan
6.941666666666666,track,-8.578410197216588,0.0,13.502858557344865,2.5187102013981146,-1.5278768769272981,13.0,0.0,15.0,9.204276448227189,18.02949015436387,19.825735159823736,-1.7962450054598662,-0.0007903834250564544,nan,nan,nan
6.945833333333333,track,-8.567879974428573,0.0,13.496439370938973,2.5272534691235315,-1.5406047374143435,13.0,0.0,15.0,9.204276448227189,18.02949015436387,19.846813967533183,-1.8173238131693157,-0.0007903834250564544,nan,nan,nan
6.95,track,-8.557311364117531,0.0,13.48997549224771,2.5364664746502257,-1.5513308859028114,13.0,0.0,15.0,9.206733222176394,18.001325283884878,19.867635386869775,-1.8663101029848979,-0.0007874470502752544,nan,nan,nan
6.954166666666667,track,-8.546701713251915,0.0,13.483474813866218,2.5463162077477115,-1.5601628115583017,13.0,0.0,15.0,9.206733222176394,18.001325283884878,19.88819833843687,-1.8868730545519916,-0.0007874470502752544,nan,nan,nan
6.958333333333333,track,-8.536048508284097,0.0,13.476944781157455,2.5567691922762035,-1.5672078501030893,13.0,0.0,15.0,9.209136524540428,17.96855884981108,19.908502271314685,-1.9399434215036047,-0.0007848355768569705,nan,nan,nan
6.9624999999999995,track,-8.525349377196976,0.0,13.470392391664246,2.5677914609090333,-1.5725734783702205,13.0,0.0,15.0,9.209136524540428,17.96855884981108,19.92854701688209,-1.9599881670710062,-0.0007848355768569705,nan,nan,nan
6.966666666666667,track,-8.514601980471305,0.0,13.463824523817493,2.5793752141612543,-1.5762882832206706,13.0,0.0,15.0,9.397084628139714,17.93164560870752,19.94833261731365,-2.016687008606129,-0.0007825994386238346,nan,nan,nan
6.970833333333333,track,-8.50380412041392,0.0,13.457247614811585,2.59148641377257,-1.578458161417701,13.0,0.0,15.0,9.397084628139714,17.93164560870752,19.967859374384734,-2.036213765677215,-0.0007825994386238346,nan,nan,nan
6.975,track,-8.492953736158956,0.0,13.450667679272476,2.604092221191366,-1.5791845293863789,13.0,0.0,15.0,9.399425063469476,17.89091698486226,19.987127824657318,-2.0962108397950585,-0.0007807567970749185,nan,nan,nan
6.979166666666667,track,-8.48204890055171,0.0,13.444090321816597,2.61716054573879,-1.5785657894109204,13.0,0.0,15.0,9.399425063469476,17.89091698486226,20.006138653982937,-2.115221669120677,-0.0007807567970749185,nan,nan,nan
6.983333333333333,track,-8.471087813471149,0.0,13.437520759683933,2.6306608993345693,-1.5766949118396585,13.0,0.0,15.0,9.401709369908822,17.846786402732466,20.0248926862972,-2.178106283564734,-0.0007792967059414019,nan,nan,nan
6.9875,track,-8.460068797580968,0.0,13.430963837806148,2.6445638136433205,-1.5736612506681618,13.0,0.0,15.0,9.401709369908822,17.846786402732466,20.04339082134259,-2.1966044186101232,-0.0007792967059414019,nan,nan,nan
6.991666666666666,track,-8.448990290892908,0.0,13.424424052919038,2.6588416051345583,-1.5695483729063295,13.0,0.0,15.0,9.403937480982822,17.79968365485859,20.061634030909556,-2.2619503760509647,-0.0007781894613556093,nan,nan,nan
6.995833333333334,track,-8.437850842100936,0.0,13.41790556922492,2.6734677100732944,-1.564436086588038,13.0,0.0,15.0,9.403937480982822,17.79968365485859,20.079623314748492,-2.2799396598899,-0.0007781894613556093,nan,nan,nan
7.0,track,-8.426653977279164,0.0,13.411397957482114,2.6872475572250583,-1.5618268182737087,13.0,-1.9211251689319244,1.0,3.3120016059191664,17.750001516550967,20.097358730637087,-2.34735721408612,-0.0007773965812521614,6.4911920333631,18.33030277982336,2.823873132332274
7.004166666666666,track,-8.415402836656545,0.0,13.404891918982855,2.700273749428722,-1.5614492398222335,13.0,-1.9211251689319244,1.0,3.3120016059191664,17.750001516550967,20.114840689103236,-2.364839172552269,-0.0007773965812521614,6.4911920333631,18.33030277982336,2.823873132332274
7.008333333333333,track,-8.404100113489244,0.0,13.398379467279527,2.7126535601520647,-1.5629884087984987,13.0,-1.9120367867243242,1.0,3.4210522341312233,17.703925328935142,20.132070066721468,-2.428144737786327,-0.0007759968264755448,6.4911920333631,18.33030277982336,2.823873132332274
7.0125,track,-8.392748216486472,0.0,13.391853452610688,2.724455280665136,-1.5662435205213394,13.0,-1.9120367867243242,1.0,3.4210522341312233,17.703925328935142,20.149047892107006,-2.445122563171864,-0.0007759968264755448,6.4911920333631,18.33030277982336,2.823873132332274
7.016666666666667,track,-8.381349302370023,0.0,13.385307467206086,2.735739387948041,-1.5710364971041948,13.0,-1.9120367867243242,1.0,3.4218010436736472,17.66236033847483,20.165775363920247,-2.5034150254454155,-0.0007739063742750361,6.4911920333631,18.33030277982336,2.823873132332274
7.020833333333333,track,-8.369905305629821,0.0,13.378735758596966,2.746559217648386,-1.5772100661890032,13.0,-1.9120367867243242,1.0,3.4218010436736472,17.66236033847483,20.182253738624105,-2.519893400149273,-0.0007739063742750361,6.4911920333631,18.33030277982336,2.823873132332274
7.0249999999999995,track,-8.358417963126847,0.0,13.372133157892938,2.7569622007136476,-1.5846241689665017,13.0,-1.9120367867243242,1.0,3.4225294138748668,17.62436646948193,20.19848438013772,-2.5741179106557897,-0.0007712951652326699,6.4911920333631,18.33030277982336,2.823873132332274
7.029166666666667,track,-8.346888836907393,0.0,13.365495013146484,2.7669902926687757,-1.5931547391489065,13.0,-1.9120367867243242,1.0,3.4225294138748668,17.62436646948193,20.21446864880675,-2.5901021793248193,-0.0007712951652326699,6.4911920333631,18.33030277982336,2.823873132332274
7.033333333333333,track,-8.335319332912164,0.0,13.358817134674295,2.7766809588548984,-1.6026908333255803,13.0,-1.2428239113708108,1.0,3.4232374433606267,17.589248038394427,20.23020797285259,-2.640959934458163,-0.0007682784341323618,9.986449282097077,18.33030277982336,1.8355175360159781
7.0375,track,-8.323710718620463,0.0,13.352095743385924,2.786067430008402,-1.6131339092092252,13.0,-1.2428239113708108,1.0,3.4232374433606267,17.589248038394427,20.245703738107284,-2.65645569971286,-0.0007682784341323618,9.986449282097077,18.33030277982336,1.8355175360159781
7.041666666666667,track,-8.312064071322162,0.0,13.345327624417543,2.7951953515921044,-1.6243485524115853,13.0,-1.2368856431814852,1.0,3.502427274719402,17.556456854751865,20.260957416746503,-2.7045005619946374,-0.0007649407583956084,9.986449282097077,18.33030277982336,1.8355175360159781
7.045833333333333,track,-8.300380365092746,0.0,13.338509870130286,2.8040894950599164,-1.6362610289415256,13.0,-1.2368856431814852,1.0,3.502427274719402,17.556456854751865,20.275970403477196,-2.719513548725328,-0.0007649407583956084,9.986449282097077,18.33030277982336,1.8355175360159781
7.05,track,-8.288660480944097,0.0,13.331639850247612,2.812772195675496,-1.6488047718417391,13.0,-1.2368856431814852,1.0,3.503110301790411,17.525479206785004,20.290744113396407,-2.7652649066114,-0.0007613585300077064,9.986449282097077,18.33030277982336,1.8355175360159781
7.054166666666666,track,-8.276905216922742,0.0,13.324715182088804,2.8212633651252625,-1.661920358114123,13.0,-1.2368856431814852,1.0,3.503110301790411,17.525479206785004,20.30527987521819,-2.7798006684331833,-0.0007613585300077064,9.986449282097077,18.33030277982336,1.8355175360159781
7.058333333333334,track,-8.265115295983751,0.0,13.317733707346072,2.829581025357855,-1.6755539382557152,13.0,-1.2368856431814852,1.0,3.503772913859381,17.495959498605494,20.319579035329387,-2.8236195367238914,-0.0007575786629514592,9.986449282097077,18.33030277982336,1.8355175360159781
7.0625,track,-8.253291374042965,0.0,13.310693468291884,2.8377412657887926,-1.6896573730052444,13.0,-1.2368856431814852,1.0,3.503772913859381,17.495959498605494,20.333642850066724,-2.8376833514612283,-0.0007575786629514592,9.986449282097077,18.33030277982336,1.8355175360159781
7.066666666666666,track,-8.241430284745318,0.0,13.303603831797814,2.846661431434918,-1.7015127585769376,13.0,0.0,15.0,9.7094020259001,17.467636073707812,20.347468778865498,-2.8798327051576864,-0.0007536322535376331,nan,nan,nan
7.070833333333333,track,-8.229529001662351,0.0,13.29647371177818,2.856307939912187,-1.7112288047120299,13.0,0.0,15.0,9.7094020259001,17.467636073707812,20.36105502393698,-2.893418950229169,-0.0007536322535376331,nan,nan,nan
7.075,track,-8.21758464552897,0.0,13.28931155618583,2.8666454720115992,-1.7189173421642558,13.0,0.0,15.0,9.711124891161157,17.435722311701856,20.374400452431807,-2.938678140729952,-0.0007499130820098015,nan,nan,nan
7.079166666666667,track,-8.205594489555054,0.0,13.28212533836,2.8776374337395465,-1.724692278199145,13.0,0.0,15.0,9.711124891161157,17.435722311701856,20.387504412475582,-2.9517821007737273,-0.0007499130820098015,nan,nan,nan
7.083333333333333,track,-8.19355588149102,0.0,13.27492279033307,2.8892659353680257,-1.7286115264632305,13.0,0.0,15.0,9.851093019521905,17.399059612438112,20.400366606224733,-3.0013069937866215,-0.0007466040470497272,nan,nan,nan
7.0874999999999995,track,-8.181466324818896,0.0,13.267711169736618,2.9014936013099115,-1.7307889431486627,13.0,0.0,15.0,9.851093019521905,17.399059612438112,20.412987056096927,-3.013927443658814,-0.0007466040470497272,nan,nan,nan
7.091666666666667,track,-8.16932347543828,0.0,13.260497273851517,2.9142838513477685,-1.731335012424205,13.0,0.0,15.0,9.852722578865063,17.358053880923947,20.42536608944273,-3.0673122085187816,-0.0007437356395090438,nan,nan,nan
7.095833333333333,track,-8.157125138857353,0.0,13.253287451504606,2.927600779422321,-1.7303573632584672,13.0,0.0,15.0,9.852722578865063,17.358053880923947,20.43750422398545,-3.079450343061501,-0.0007437356395090438,nan,nan,nan
7.1,track,-8.14487397568567,0.0,13.246073962258537,2.940279161203854,-1.7312374190567072,13.0,-1.6083582596127175,1.0,3.591523349540213,17.313178947298827,20.449402489317617,-3.1362235420187905,-0.0007413026983132398,7.640904308934887,18.33030277982336,2.3989703363237815
7.104166666666667,track,-8.13257236809067,0.0,13.238849869256473,2.952385822799853,-1.733782320495093,13.0,-1.6083582596127175,1.0,3.591523349540213,17.313178947298827,20.461062015906244,-3.147883068607416,-0.0007413026983132398,7.640904308934887,18.33030277982336,2.3989703363237815
7.108333333333333,track,-8.120222451578117,0.0,13.231608948750667,2.9639799630127737,-1.7378209213936175,13.0,-1.6083582596127175,1.0,3.5920740158249855,17.27057659588139,20.472484083803103,-3.2019074879217126,-0.0007385116671317655,7.640904308934887,18.33030277982336,2.3989703363237815
7.1125,track,-8.107826143724418,0.0,13.224345608123738,2.975113884887818,-1.743201750462937,13.0,-1.6083582596127175,1.0,3.5920740158249855,17.27057659588139,20.483669996406444,-3.2130934005250547,-0.0007385116671317655,7.640904308934887,18.33030277982336,2.3989703363237815
7.116666666666666,track,-8.095385098412267,0.0,13.217055021022274,2.9858508749163457,-1.7497409043514554,13.0,-1.5998558696552718,1.0,3.6705758620527296,17.231509934856838,20.494621214334106,-3.2631112794772696,-0.0007352198538740356,7.640904308934887,18.33030277982336,2.3989703363237815
7.120833333333334,track,-8.082900805851889,0.0,13.209732837061711,2.9962302144908284,-1.7573241505348363,13.0,-1.5998558696552718,1.0,3.6705758620527296,17.231509934856838,20.50533915651727,-3.2738292216604323,-0.0007352198538740356,7.640904308934887,18.33030277982336,2.3989703363237815
7.125,track,-8.070374609944038,0.0,13.202375132048608,3.006287017884332,-1.7658492031447532,13.0,-1.5998558696552718,1.0,3.671094775618259,17.19521363790505,20.51582529627591,-3.3206116583708614,-0.0007315519790263602,7.640904308934887,18.33030277982336,2.3989703363237815
7.129166666666666,track,-8.057807724441219,0.0,13.194978361527243,3.0160525206766415,-1.775224925127885,13.0,-1.5998558696552718,1.0,3.671094775618259,17.19521363790505,20.526081039443184,-3.330867401538135,-0.0007315519790263602,7.640904308934887,18.33030277982336,2.3989703363237815
7.133333333333333,track,-8.045197137926445,0.0,13.18755133769918,3.0265407635455817,-1.7824857187349057,13.0,0.0,15.0,9.993475045109891,17.161141603365152,20.536105218003375,-3.3749636146382196,-0.0007275891174494508,nan,nan,nan
7.1375,track,-8.0325399967351,0.0,13.180102385470338,3.037713885923012,-1.7877485349218933,13.0,0.0,15.0,9.993475045109891,17.161141603365152,20.545897153197703,-3.3847555498325486,-0.0007275891174494508,nan,nan,nan
7.141666666666667,track,-8.019833606339503,0.0,13.17263934460223,3.0495336949432414,-1.7911298083460674,13.0,0.0,15.0,9.994769864530074,17.123908459151906,20.555456623875106,-3.431548164723202,-0.0007238979307844166,nan,nan,nan
7.145833333333333,track,-8.007075431648937,0.0,13.16516957400225,3.0619619257359125,-1.7927449439947778,13.0,0.0,15.0,9.994769864530074,17.123908459151906,20.564783714420358,-3.4408752552684514,-0.0007238979307844166,nan,nan,nan
7.1499999999999995,track,-7.9942630938311785,0.0,13.157699965264245,3.0749610762622215,-1.7927060971213993,13.0,0.0,15.0,9.99600537070769,17.08222914886957,20.57387880910063,-3.49164966023106,-0.000720671701484379,nan,nan,nan
7.154166666666667,track,-7.9813943671371055,0.0,13.15023695549082,3.088494406577493,-1.7911223456217222,13.0,0.0,15.0,9.99600537070769,17.08222914886957,20.582742471946958,-3.500513323077387,-0.000720671701484379,nan,nan,nan
7.158333333333333,track,-7.968467095421863,0.0,13.14278677087894,3.1025452116582763,-1.7880443068510816,13.0,0.0,15.0,10.123103538286111,17.036623173702544,20.591375399848875,-3.554752226146331,-0.0007178998040384265,nan,nan,nan
7.1625,track,-7.955479268789036,0.0,13.135355207892792,3.1170783918784313,-1.7835751166755611,13.0,0.0,15.0,10.123103538286111,17.036623173702544,20.599778397244133,-3.563155223541589,-0.0007178998040384265,nan,nan,nan
7.166666666666667,track,-7.942433960081858,0.0,13.127933433846167,3.1308740897227314,-1.7812257711898625,13.0,-1.7490277996507024,1.0,3.7423419233831723,16.987490922120312,20.607952126920303,-3.6204612047999913,-0.0007155608388363008,6.951118768776719,18.33030277982336,2.6370291444537046
7.170833333333333,track,-7.929333917065619,0.0,13.120513542298468,3.144010323897376,-1.780773971447636,13.0,-1.7490277996507024,1.0,3.7423419233831723,16.987490922120312,20.615897410054874,-3.6284064879345626,-0.0007155608388363008,6.951118768776719,18.33030277982336,2.6370291444537046
7.175,track,-7.916181600258222,0.0,13.113088446894766,3.1565560337753698,-1.7820228968883989,13.0,-1.7490277996507024,1.0,3.7427378424198547,16.941198340955747,20.62361526704721,-3.6824169260914625,-0.0007127715272161575,6.951118768776719,18.33030277982336,2.6370291444537046
7.179166666666666,track,-7.902979216608002,0.0,13.105651786639687,3.168572076052707,-1.7847984612191161,13.0,-1.7490277996507024,1.0,3.7427378424198547,16.941198340955747,20.631106782054793,-3.689908441099044,-0.0007127715272161575,6.951118768776719,18.33030277982336,2.6370291444537046
7.183333333333334,track,-7.889728748134167,0.0,13.09819784525296,3.1801124337203763,-1.7889459328145239,13.0,-1.7490277996507024,1.0,3.743111767139769,16.898979798877342,20.638373176647324,-3.739393377769982,-0.0007093855397684032,6.951118768776719,18.33030277982336,2.6370291444537046
7.1875,track,-7.8764319776285685,0.0,13.090721478617422,3.191224921343535,-1.794327992529343,13.0,-1.7490277996507024,1.0,3.743111767139769,16.898979798877342,20.64541567364013,-3.746435874762787,-0.0007093855397684032,6.951118768776719,18.33030277982336,2.6370291444537046
7.191666666666666,track,-7.863090465309327,0.0,13.083218184480476,3.2019629566179324,-1.800790592867065,13.0,-1.7393921584144054,1.0,3.794608249299587,16.860042426003524,20.652235626464982,-3.7921932004614565,-0.0007055350672297523,6.951118768776719,18.33030277982336,2.6370291444537046
7.195833333333333,track,-7.849705618935785,0.0,13.075683900349757,3.21236312965009,-1.8082281913726679,13.0,-1.7393921584144054,1.0,3.794608249299587,16.860042426003524,20.65883434115887,-3.798791915155345,-0.0007055350672297523,6.951118768776719,18.33030277982336,2.6370291444537046
7.2,track,-7.836278709929124,0.0,13.068114957745939,3.222458161598602,-1.8165462249162259,13.0,-1.1306049029693637,1.0,3.794943226358118,16.823708522330506,20.6652131888581,-3.841504666527594,-0.0007013283709779287,10.694028875041106,18.33030277982336,1.7140689438949082
7.204166666666667,track,-7.82281088814191,0.0,13.060508040172099,3.232277228931244,-1.8256602177216588,13.0,-1.1306049029693637,1.0,3.794943226358118,16.823708522330506,20.67137347126292,-3.8476649489324126,-0.0007013283709779287,10.694028875041106,18.33030277982336,1.7140689438949082
7.208333333333333,track,-7.809303194347191,0.0,13.052860147543564,3.24184651073251,-1.8354942308482654,13.0,-1.1306049029693637,1.0,3.7952564886973215,16.78947870708207,20.677316543108454,-3.887837836026386,-0.0006968395423828767,10.694028875041106,18.33030277982336,1.7140689438949082
7.2124999999999995,track,-7.7957565717996555,0.0,13.045168563165523,3.2511894114084545,-1.8459802507297023,13.0,-1.1306049029693637,1.0,3.7952564886973215,16.78947870708207,20.683043676872547,-3.8935649697904804,-0.0006968395423828767,10.694028875041106,18.33030277982336,1.7140689438949082
7.216666666666667,track,-7.782171875979807,0.0,13.037430825881435,3.2603269967636073,-1.8570569481811485,13.0,-1.1306049029693637,1.0,3.795548252697002,16.756971059962307,20.68855619215168,-3.931585132189373,-0.0006921217215748588,10.694028875041106,18.33030277982336,1.7140689438949082
7.220833333333333,track,-7.768549883713149,0.0,13.029644703931378,3.2692781439979868,-1.8686692680137482,13.0,-1.1306049029693637,1.0,3.795548252697002,16.756971059962307,20.693855319524083,-3.936884259561776,-0.0006921217215748588,10.694028875041106,18.33030277982336,1.7140689438949082
7.225,track,-7.75489130082486,0.0,13.021808172996893,3.278059893189428,-1.8807674242762071,13.0,-1.1306049029693637,1.0,3.7958187325394857,16.725878818938675,20.698942334728198,-3.9730635157895198,-0.000687215633604751,10.694028875041106,18.33030277982336,1.7140689438949082
7.229166666666667,track,-7.741196769385658,0.0,13.013919395357279,3.2866875454084625,-1.893306633507579,13.0,-1.1306049029693637,1.0,3.7958187325394857,16.725878818938675,20.703818421605675,-3.977939602667,-0.000687215633604751,10.694028875041106,18.33030277982336,1.7140689438949082
7.233333333333333,track,-7.72746683280179,0.0,13.005976822884515,3.2951847801284,-1.9062173934635445,13.0,-0.7307045271483751,1.0,3.8484301418300473,16.695954262198597,20.708484818895432,-4.0125305566968335,-0.0006821528341350853,16.452352115447855,18.33030277982336,1.1141448135316903
7.2375,track,-7.713701986566693,0.0,12.99797904834714,3.30356309642335,-1.9194658889698324,13.0,-0.7307045271483751,1.0,3.8484301418300473,16.695954262198597,20.712942670557606,-4.01698840835901,-0.0006821528341350853,16.452352115447855,18.33030277982336,1.1141448135316903
7.241666666666666,track,-7.699902682654014,0.0,12.98992479271382,3.3118329390428687,-1.9330213519969552,13.0,-0.7307045271483751,1.0,3.8486618300536883,16.666947326695272,20.71719316528586,-4.050245838590589,-0.0006769655544275079,16.452352115447855,18.33030277982336,1.1141448135316903
7.245833333333334,track,-7.6860693338149195,0.0,12.98181289269874,3.32000372138276,-1.9468560036193348,13.0,-0.7307045271483751,1.0,3.8486618300536883,16.666947326695272,20.721237398982634,-4.054290072287361,-0.0006769655544275079,16.452352115447855,18.33030277982336,1.1141448135316903
7.25,track,-7.672202317101761,0.0,12.973642290549588,3.3280840111579137,-1.960944515796281,13.0,-0.7307045271483751,1.0,3.848872563524619,16.638687974013322,20.725076515718126,-4.086388541704801,-0.0006716741136983613,16.452352115447855,18.33030277982336,1.1141448135316903
7.254166666666666,track,-7.658301977358189,0.0,12.965412023905348,3.336081538457298,-1.9752639946174972,13.0,-0.7307045271483751,1.0,3.848872563524619,16.638687974013322,20.728711569148654,-4.090023595135331,-0.0006716741136983613,16.452352115447855,18.33030277982336,1.1141448135316903
7.258333333333333,track,-7.644368630060466,0.0,12.95712121754088,3.344003351453506,-1.9897935274722558,13.0,-0.7307045271483751,1.0,3.8490625389948177,16.61105224214869,20.7321436645764,-4.12109142242771,-0.0006662925590749056,16.452352115447855,18.33030277982336,1.1141448135316903
7.2625,track,-7.630402564165737,0.0,12.948769075069697,3.3518558147349524,-2.0045141930839088,13.0,-0.7307045271483751,1.0,3.8490625389948177,16.61105224214869,20.735373819344908,-4.124321577196219,-0.0006662925590749056,16.452352115447855,18.33030277982336,1.1141448135316903
7.266666666666667,track,-7.616403990853258,0.0,12.940355030517056,3.3596575949949172,-2.0193706926339416,13.0,-0.4720723118673591,1.0,3.921185368303966,16.583938258481204,20.73840310618067,-4.154464847699469,-0.0006608323976973344,25.31131094684285,18.33030277982336,0.7241941287955987
7.270833333333333,track,-7.602373104242612,0.0,12.931878569133719,3.367412786555023,-2.0343507320008305,13.0,-0.4720723118673591,1.0,3.921185368303966,16.583938258481204,20.741232512028176,-4.157294253546973,-0.0006608323976973344,25.31131094684285,18.33030277982336,0.7241941287955987
7.2749999999999995,track,-7.588310082814059,0.0,12.923339223240763,3.3751251428528914,-2.0494430143092432,13.0,-0.4720723118673591,1.0,3.921337185846165,16.557197793662382,20.74386308056152,-4.18666528689914,-0.0006553121798223716,25.31131094684285,18.33030277982336,0.7241941287955987
7.279166666666667,track,-7.574215090921432,0.0,12.914736567793792,3.382798054230435,-2.064637307272961,13.0,-0.4720723118673591,1.0,3.921337185846165,16.557197793662382,20.746295772176694,-4.1890979785143125,-0.0006553121798223716,25.31131094684285,18.33030277982336,0.7241941287955987
7.283333333333333,track,-7.560088279958524,0.0,12.906070216965178,3.3904346310977487,-2.079924198867399,13.0,-0.4720723118673591,1.0,3.9214684336781693,16.53075246652798,20.748531606953957,-4.217779140425978,-0.0006497410924053395,25.31131094684285,18.33030277982336,0.7241941287955987
7.2875,track,-7.5459297896117885,0.0,12.897339820465659,3.398037683216529,-2.095295159884627,13.0,-0.4720723118673591,1.0,3.9214684336781693,16.53075246652798,20.750571523797646,-4.2198190572696666,-0.0006497410924053395,25.31131094684285,18.33030277982336,0.7241941287955987
7.291666666666667,track,-7.531739748822633,0.0,12.888545060720313,3.4056097893972925,-2.1107423388828837,13.0,-0.4720723118673591,1.0,3.921579298718625,16.504557473860526,20.752416523834853,-4.247859049974326,-0.0006441241042192245,25.31131094684285,18.33030277982336,0.7241941287955987
7.295833333333333,track,-7.517518276825173,0.0,12.879685649817128,3.4131532793904134,-2.1262586167642876,13.0,-0.4720723118673591,1.0,3.921579298718625,16.504557473860526,20.754067528755442,-4.249510054894916,-0.0006441241042192245,25.31131094684285,18.33030277982336,0.7241941287955987
7.3,track,-7.503265483944255,0.0,12.870761327161652,3.4206702914203433,-2.141837437314246,13.0,-0.30684700271378335,1.0,3.9216699667636448,16.478575677892895,20.75552552463811,-4.276949846745213,-0.0006384655589546194,38.94047837975823,18.33030277982336,0.4707261837171392
7.304166666666666,track,-7.488981472454534,0.0,12.86177185694768,3.428162757533067,-2.1574728513534143,13.0,-0.30684700271378335,1.0,3.9216699667636448,16.478575677892895,20.75679141954184,-4.278215741648945,-0.0006384655589546194,38.94047837975823,18.33030277982336,0.4707261837171392
7.308333333333334,track,-7.47466627017566,0.0,12.852717225277843,3.435648546929953,-2.1731116007608766,13.0,-0.3048437466893634,1.0,4.014623425014874,16.45277628538486,20.75786618006907,-4.30508989468421,-0.0006327692902119869,38.94047837975823,18.33030277982336,0.4707261837171392
7.3125,track,-7.460319903985527,0.0,12.843597422120341,3.4431278856320002,-2.188752757800544,13.0,-0.3048437466893634,1.0,4.014623425014874,16.45277628538486,20.758750697940577,-4.305974412555719,-0.0006327692902119869,38.94047837975823,18.33030277982336,0.4707261837171392
7.316666666666666,track,-7.4459423998874845,0.0,12.834412441105455,3.4506009835301503,-2.2043954435725697,13.0,-0.3048437466893634,1.0,4.014675458709868,16.427053124986614,20.759445932803896,-4.332392807817284,-0.0006270494375664043,38.94047837975823,18.33030277982336,0.4707261837171392
7.320833333333333,track,-7.431533783146591,0.0,12.825162279117306,3.458068017814401,-2.2200388771559174,13.0,-0.3048437466893634,1.0,4.014675458709868,16.427053124986614,20.759952770003025,-4.332899645016411,-0.0006270494375664043,38.94047837975823,18.33030277982336,0.4707261837171392
7.325,track,-7.417094078353913,0.0,12.815846936098716,3.465529150242611,-2.235682324461648,13.0,-0.3048437466893634,1.0,4.014707385827533,16.401372929404037,20.760272163736524,-4.358899234332487,-0.0006213107596067937,38.94047837975823,18.33030277982336,0.4707261837171392
7.329166666666667,track,-7.402623309531222,0.0,12.806466414736311,3.472984517445866,-2.251325126976818,13.0,-0.3048437466893634,1.0,4.014707385827533,16.401372929404037,20.76040499434226,-4.359032064938223,-0.0006213107596067937,38.94047837975823,18.33030277982336,0.4707261837171392
7.333333333333333,track,-7.388121500195135,0.0,12.797020720265564,3.4804342406608177,-2.266966672979277,13.0,-0.19814843534808627,1.0,4.014719397526377,16.3757333551843,20.760352211805994,-4.384618856621698,-0.0006155540510181982,59.90842827655112,18.33030277982336,0.3059720194161405
7.3374999999999995,track,-7.373588673433086,0.0,12.787509860240926,3.48787842289181,-2.282606405913097,13.0,-0.19814843534808627,1.0,4.014719397526377,16.3757333551843,20.760114692584406,-4.38438133740011,-0.0006155540510181982,59.90842827655112,18.33030277982336,0.3059720194161405
7.341666666666667,track,-7.359024773750133,0.0,12.777934077143454,3.495335923908697,-2.2981879433930783,13.0,-0.19675879002912683,1.0,4.124593636502952,16.35013261750871,20.759693370870185,-4.409560753361476,-0.0006097801481791897,59.90842827655112,18.33030277982336,0.3059720194161405
7.345833333333333,track,-7.344429751860007,0.0,12.76829359615759,3.5028052536303322,-2.3137154366072763,13.0,-0.19675879002912683,1.0,4.124593636502952,16.35013261750871,20.759089110987745,-4.408956493479034,-0.0006097801481791897,59.90842827655112,18.33030277982336,0.3059720194161405
7.35,track,-7.329803564223988,0.0,12.75858862653002,3.5102850326446573,-2.329192710616815,13.0,-0.19675879002912683,1.0,4.124565651028542,16.324475285424008,20.758302849246324,-4.433827563822316,-0.0006040021912241065,59.90842827655112,18.33030277982336,0.3059720194161405
7.354166666666667,track,-7.315146172586676,0.0,12.748819362938255,3.517773992954889,-2.3446232620238674,13.0,-0.19675879002912683,1.0,4.124565651028542,16.324475285424008,20.757335451475015,-4.432860166051006,-0.0006040021912241065,59.90842827655112,18.33030277982336,0.3059720194161405
7.358333333333333,track,-7.300457543602386,0.0,12.738985986589105,3.525270956229677,-2.360010323795971,13.0,-0.19675879002912683,1.0,4.124517802128781,16.29874591778615,20.7561878552175,-4.457441937431351,-0.0005982231810110579,59.90842827655112,18.33030277982336,0.3059720194161405
7.3625,track,-7.285737648423458,0.0,12.729088666431304,3.5327748429427093,-2.3753568378723044,13.0,-0.19675879002912683,1.0,4.124517802128781,16.29874591778615,20.754860927072304,-4.456115009286157,-0.0005982231810110579,59.90842827655112,18.33030277982336,0.3059720194161405
7.366666666666666,track,-7.270986462403378,0.0,12.719127560025976,3.540284644819126,-2.3906655372787404,13.0,-2.9705941304191463,1.0,4.124450292768174,16.27296135598382,20.753355605201698,-4.480394249217878,-0.0005924418923714822,3.9680647516050014,18.76166303929372,4.728164537059283
7.370833333333334,track,-7.256203964727828,0.0,12.709102814632782,3.547799442132134,-2.4059388943666167,13.0,-2.9705941304191463,1.0,4.124450292768174,16.27296135598382,20.751672756466675,-4.478711400482854,-0.0005924418923714822,3.9680647516050014,18.76166303929372,4.728164537059283
7.375,track,-7.241390138185146,0.0,12.699014567880402,3.555318370243484,-2.421179220571243,13.0,-2.9705941304191463,1.0,4.124363328487443,16.247135972310925,20.749813319226817,-4.502677346915891,-0.0005866573835013918,3.9680647516050014,18.76166303929372,4.728164537059283
7.379166666666666,track,-7.226544968831681,0.0,12.68886294875151,3.5628406448315424,-2.4363885909342753,13.0,-2.9705941304191463,1.0,4.124363328487443,16.247135972310925,20.747778160265028,-4.500642187954103,-0.0005866573835013918,3.9680647516050014,18.76166303929372,4.728164537059283
7.383333333333333,track,-7.211668359851114,0.0,12.678648334814081,3.5703861553362226,-2.4515073449826836,13.0,-2.9482922533329097,1.0,4.246028015880442,16.221282049306623,20.745568203590327,-4.524286154283704,-0.0005808689621734804,3.9680647516050014,18.76166303929372,4.728164537059283
7.3875,track,-7.196760224304578,0.0,12.668371075404272,3.57795253116862,-2.466542258354199,13.0,-2.9482922533329097,1.0,4.246028015880442,16.221282049306623,20.743184305557673,-4.521902256251048,-0.0005808689621734804,3.9680647516050014,18.76166303929372,4.728164537059283
7.391666666666667,track,-7.181820484451499,0.0,12.65803149363387,3.585537564738941,-2.4814996248965815,13.0,-2.9482922533329097,1.0,4.245899068284516,16.195306630078743,20.740627395573636,-4.545320765494893,-0.0005750896229499573,3.9680647516050014,18.76166303929372,4.728164537059283
7.395833333333333,track,-7.166849070941011,0.0,12.647629888784591,3.593139242517039,-2.4963851638269263,13.0,-2.9482922533329097,1.0,4.245899068284516,16.195306630078743,20.737898334192536,-4.542591704113795,-0.0005750896229499573,3.9680647516050014,18.76166303929372,4.728164537059283
7.3999999999999995,track,-7.151845922261492,0.0,12.637166537930879,3.600755683084611,-2.511204204890937,13.0,-4.5,1.0,4.245750736722269,16.169202596130308,20.734998054096685,-4.56579545796638,-0.0005693214717197526,1.3246005975141368,19.8997487421324,15.023206828894715
7.404166666666667,track,-7.136810984023672,0.0,12.626641698060991,3.6083851770767534,-2.525961568773223,13.0,-4.5,1.0,4.245750736722269,16.169202596130308,20.7319274182373,-4.562724822106995,-0.0005693214717197526,1.3246005975141368,19.8997487421324,15.023206828894715
7.408333333333333,track,-7.121744208522968,0.0,12.616055607363394,3.616026120168894,-2.5406617674231313,13.0,-4.5,1.0,4.245583240607572,16.14299676498018,20.72868736104347,-4.585690596063291,-0.0005635620958988381,1.3246005975141368,19.8997487421324,15.023206828894715
7.4125,track,-7.106645554099599,0.0,12.60540848711925,3.623677061608468,-2.5553088585946173,13.0,-4.5,1.0,4.245583240607572,16.14299676498018,20.725278746572084,-4.582281981591905,-0.0005635620958988381,1.3246005975141368,19.8997487421324,15.023206828894715
7.416666666666667,track,-7.091514894327246,0.0,12.59470081363895,3.631358345364794,-2.56984163527225,13.0,-4.5,1.0,4.37433896541236,16.11671195164612,20.72170249509817,-4.604990543452051,-0.0005578094894981896,1.3246005975141368,19.8997487421324,15.023206828894715
7.420833333333333,track,-7.076352115309591,0.0,12.583933027061306,3.639066964237131,-2.584268778634627,13.0,-4.5,1.0,4.37433896541236,16.11671195164612,20.717959460589768,-4.60124750894365,-0.0005578094894981896,1.3246005975141368,19.8997487421324,15.023206828894715
7.425,track,-7.061157114853977,0.0,12.573105533800707,3.6468001093474682,-2.5985983825437717,13.0,-4.5,1.0,4.374127575574362,16.090258657613933,20.714050569538067,-4.623791911924136,-0.0005520762087628482,1.3246005975141368,19.8997487421324,15.023206828894715
7.429166666666666,track,-7.04592980141094,0.0,12.562218709695614,3.6545552263287133,-2.6128377852223084,13.0,-4.5,1.0,4.374127575574362,16.090258657613933,20.709976680614634,-4.619718023000703,-0.0005520762087628482,1.3246005975141368,19.8997487421324,15.023206828894715
7.433333333333334,track,-7.030670093404398,0.0,12.551272901986191,3.6623299215702096,-2.6269938502612815,13.0,-4.5,1.0,4.373897127890473,16.063636296118723,20.70573872370078,-4.6421024275820555,-0.0005463635069155874,2.0378470730986717,19.8997487421324,9.765084438781566
7.4375,track,-7.015377918289416,0.0,12.540268432109508,3.6701220275956987,-2.6410727704039836,13.0,-4.5,1.0,4.373897127890473,16.063636296118723,20.701337559780832,-4.637701263662106,-0.0005463635069155874,2.0378470730986717,19.8997487421324,9.765084438781566
7.441666666666666,track,-7.000053212020046,0.0,12.529205597265468,3.6779295046486804,-2.655080362569533,13.0,-4.5,1.0,4.3736478559028455,16.036878935725213,20.696774120115332,-4.659895184390121,-0.0005406679725972555,2.0378470730986717,19.8997487421324,9.765084438781566
7.445833333333333,track,-6.984695918207753,0.0,12.51808467291255,3.6857505149505307,-2.669021844700095,13.0,-4.5,1.0,4.3736478559028455,16.036878935725213,20.692049266311454,-4.655170330586244,-0.0005406679725972555,2.0378470730986717,19.8997487421324,9.765084438781566
7.45,track,-6.969305987709807,0.0,12.50690591397387,3.69358331950697,-2.6829021452832267,13.0,-4.5,1.0,4.37337999538145,16.01001554475705,20.687163929600942,-4.677148384843894,-0.0005349867050479929,2.0378470730986717,19.8997487421324,9.765084438781566
7.454166666666667,track,-6.953883377872639,0.0,12.49566955708122,3.70142636092017,-2.696725654236159,13.0,-4.5,1.0,4.37337999538145,16.01001554475705,20.682118971041483,-4.6721034262844325,-0.0005349867050479929,2.0378470730986717,19.8997487421324,9.765084438781566
7.458333333333333,track,-6.938427959834114,0.0,12.484376099297409,3.7093003292459605,-2.710429868114848,13.0,-4.5,1.0,4.505197905353777,15.983070750326325,20.676915308233173,-4.693844557906847,-0.0005293172673070419,2.0378470730986717,19.8997487421324,9.765084438781566
7.4624999999999995,track,-6.922939617795717,0.0,12.473025999817105,3.7172020892153728,-2.7240238752728603,13.0,-4.5,1.0,4.505197905353777,15.983070750326325,20.671553792545392,-4.688483042219065,-0.0005293172673070419,2.0378470730986717,19.8997487421324,9.765084438781566
7.466666666666667,track,-6.907418248223288,0.0,12.461619682332136,3.7251286973830875,-2.737516196392767,13.0,-0.9133894882850335,1.0,4.504884387388208,15.955954270824513,20.666035345839866,-4.710081075015353,-0.0005236723165011616,12.598027524467208,19.44222209522358,1.5432750926654153
7.470833333333333,track,-6.891863758669759,0.0,12.450157538534825,3.73307749284689,-2.7509145113546807,13.0,-0.9133894882850335,1.0,4.504884387388208,15.955954270824513,20.660360822389627,-4.704406551565112,-0.0005236723165011616,12.598027524467208,19.44222209522358,1.5432750926654153
7.475,track,-6.8762760671388286,0.0,12.438639929994087,3.741045967423248,-2.7642260497769584,13.0,-0.9133894882850335,1.0,4.5045524545990965,15.928666462039939,20.654531145674458,-4.725864683634519,-0.0005180528368181302,12.598027524467208,19.44222209522358,1.5432750926654153
7.479166666666667,track,-6.860655101032572,0.0,12.427067191286016,3.7490318655015553,-2.77745728993742,13.0,-0.9133894882850335,1.0,4.5045524545990965,15.928666462039939,20.648547170649504,-4.719880708609566,-0.0005180528368181302,12.598027524467208,19.44222209522358,1.5432750926654153
7.483333333333333,track,-6.845000796658283,0.0,12.41543963144124,3.7570330498292632,-2.790614362746015,13.0,-0.9133894882850335,1.0,4.504202354704486,15.9012429155032,20.642409820567096,-4.741166905063894,-0.0005124550229487041,12.598027524467208,19.44222209522358,1.5432750926654153
7.4875,track,-6.82931309828264,0.0,12.403757536758853,3.76504761015449,-2.8037027237726204,13.0,-0.9133894882850335,1.0,4.504202354704486,15.9012429155032,20.636119949527583,-4.734877034024382,-0.0005124550229487041,12.598027524467208,19.44222209522358,1.5432750926654153
7.491666666666666,track,-6.8135918657496335,0.0,12.392021449605682,3.773095807921599,-2.8166609167609455,13.0,-0.9052018273980662,1.0,4.635993853690067,15.87371387827203,20.629678468209683,-4.755964589937655,-0.0005068756288852257,12.598027524467208,19.44222209522358,1.5432750926654153
7.495833333333334,track,-6.797836973157647,0.0,12.38023187081693,3.781174222076801,-2.829498909300522,13.0,-0.9052018273980662,1.0,4.635993853690067,15.87371387827203,20.623086221855083,-4.749372343583053,-0.0005068756288852257,12.598027524467208,19.44222209522358,1.5432750926654153
7.5,track,-6.782048308024888,0.0,12.368389262167701,3.789279631862227,-2.8422260758150393,13.0,-0.5883811878087432,1.0,4.635596849622949,15.845994274242218,20.61634412446444,-4.770349850222225,-0.0005013266435046518,19.381580806872623,19.44222209522358,1.00312881023252
7.504166666666666,track,-6.7662257699645325,0.0,12.356494050326432,3.797409134485262,-2.8548508419045717,13.0,-0.5883811878087432,1.0,4.635596849622949,15.845994274242218,20.60945302324524,-4.763458749003022,-0.0005013266435046518,19.381580806872623,19.44222209522358,1.00312881023252
7.508333333333333,track,-6.7503692700256686,0.0,12.34454662879822,3.8055599853272954,-2.867381166771083,13.0,-0.5883811878087432,1.0,4.635181915213023,15.818088515389134,20.602413832788052,-4.784325317398917,-0.0004958084268790934,19.381580806872623,19.44222209522358,1.00312881023252
7.5125,track,-6.734478729505642,0.0,12.332547361468208,3.81372972480648,-2.8798241592029803,13.0,-0.5883811878087432,1.0,4.635181915213023,15.818088515389134,20.59522739998177,-4.777138884592635,-0.0004958084268790934,19.381580806872623,19.44222209522358,1.00312881023252
7.516666666666667,track,-6.7185540794453695,0.0,12.320496584081585,3.821916014465464,-2.8921865727896225,13.0,-0.5883811878087432,1.0,4.634749308931052,15.7900354870521,20.587894638128457,-4.797859151076358,-0.000490316604488799,19.381580806872623,19.44222209522358,1.00312881023252
7.520833333333333,track,-6.702595259559296,0.0,12.308394607437103,3.8301167726576324,-2.9044743946754963,13.0,-0.5883811878087432,1.0,4.634749308931052,15.7900354870521,20.580416392245084,-4.790380905192983,-0.000490316604488799,19.381580806872623,19.44222209522358,1.00312881023252
7.5249999999999995,track,-6.686602217865794,0.0,12.296241718462307,3.8383300064406267,-2.916693353951314,13.0,-0.5883811878087432,1.0,4.634299290221318,15.761868226635602,20.57279357309136,-4.810925346455757,-0.00048484742661487754,19.381580806872623,19.44222209522358,1.00312881023252
7.529166666666667,track,-6.67057490971706,0.0,12.284038183110935,3.8465539556960344,-2.9288484843292095,13.0,-0.5883811878087432,1.0,4.634299290221318,15.761868226635602,20.565027022792844,-4.803158796157243,-0.00048484742661487754,19.381580806872623,19.44222209522358,1.00312881023252
7.533333333333333,track,-6.65451320742965,0.0,12.271784520567182,3.8548085489783483,-2.940879010500618,13.0,-3.097175403707745,1.0,4.7636182703789824,15.733614790180065,20.55711764095078,-4.823502850770714,-0.000479397708949633,3.6472721903122283,19.8997487421324,5.456063519193741
7.5375,track,-6.638416996919005,0.0,12.259481210266145,3.8630905225546597,-2.9527944722489567,13.0,-3.097175403707745,1.0,4.7636182703789824,15.733614790180065,20.549066261883535,-4.81545147170347,-0.000479397708949633,3.6472721903122283,19.8997487421324,5.456063519193741
7.541666666666667,track,-6.622286176979296,0.0,12.247128694021441,3.8713967855301816,-2.9646038987287486,13.0,-3.097175403707745,1.0,4.763120648363737,15.705190525521012,20.5408737860389,-4.83568326051789,-0.0004739794146247865,3.6472721903122283,19.8997487421324,5.456063519193741
7.545833333333333,track,-6.606120657927002,0.0,12.234727380087586,3.879724572550537,-2.9763153441252155,13.0,-3.097175403707745,1.0,4.763120648363737,15.705190525521012,20.532541047555043,-4.827350522034033,-0.0004739794146247865,3.6472721903122283,19.8997487421324,5.456063519193741
7.55,track,-6.589920361051014,0.0,12.222277644774692,3.888071250237253,-2.9879364750945943,13.0,-3.097175403707745,1.0,4.762605926818976,15.676598699691812,20.52406894554081,-4.847470245849001,-0.00046859289801653276,3.6472721903122283,19.8997487421324,5.456063519193741
7.554166666666666,track,-6.573685217389398,0.0,12.209779836113478,3.89643447878778,-2.9994740786915557,13.0,-3.097175403707745,1.0,4.762605926818976,15.676598699691812,20.515458312141988,-4.838859612450176,-0.00046859289801653276,3.6472721903122283,19.8997487421324,5.456063519193741
7.558333333333334,track,-6.557415167328719,0.0,12.197234275021291,3.9048120145630634,-3.0109346621249085,13.0,-3.097175403707745,1.0,4.762074373093082,15.647876486588212,20.50671004366446,-4.858833557076246,-0.00046323381470091303,3.6472721903122283,19.8997487421324,5.456063519193741
7.5625,track,-6.541110159494675,0.0,12.184641258628844,3.9132018801704307,-3.0223239341873493,13.0,-3.097175403707745,1.0,4.762074373093082,15.647876486588212,20.497824969066414,-4.8499484824782035,-0.00046323381470091303,3.6472721903122283,19.8997487421324,5.456063519193741
7.566666666666666,track,-6.52477006360523,0.0,12.172001325984352,3.921623013466962,-3.0335838346778923,13.0,-1.9932750940330537,1.0,4.88722257967398,15.619055446609382,20.488803975077378,-4.869748528467997,-0.0004578984522320915,5.611187985095736,19.8997487421324,3.5464412874759317
7.570833333333333,track,-6.508394763470602,0.0,12.159314974737292,3.9300720323105587,-3.0447242992943155,13.0,-1.9932750940330537,1.0,4.88722257967398,15.619055446609382,20.479647884058398,-4.860592437449015,-0.0004578984522320915,5.611187985095736,19.8997487421324,3.5464412874759317
7.575,track,-6.4919841562878124,0.0,12.146582663222489,3.9385457238696455,-3.055754763552602,13.0,-1.9932750940330537,1.0,4.886643263935014,15.590057791088192,20.470357582550797,-4.880299791462606,-0.0004525979033153161,5.611187985095736,19.8997487421324,3.5464412874759317
7.579166666666667,track,-6.475538151187815,0.0,12.13380481482841,3.9470412239993897,-3.0666836145786083,13.0,-1.9932750940330537,1.0,4.886643263935014,15.590057791088192,20.46093389178791,-4.870876100699719,-0.0004525979033153161,5.611187985095736,19.8997487421324,3.5464412874759317
7.583333333333333,track,-6.459056668706006,0.0,12.120981819549643,3.9555557956343548,-3.077518866904137,13.0,-1.9932750940330537,1.0,4.886047493783537,15.560889899122637,20.451377696033557,-4.89048779691092,-0.00044733202795362324,5.611187985095736,19.8997487421324,3.5464412874759317
7.5874999999999995,track,-6.442539639468673,0.0,12.10811403793897,3.964087016959821,-3.088267586561563,13.0,-1.9932750940330537,1.0,4.886047493783537,15.560889899122637,20.441689813669242,-4.880799914546606,-0.00044733202795362324,5.611187985095736,19.8997487421324,3.5464412874759317
7.591666666666667,track,-6.425987003817636,0.0,12.095201802194975,3.9726325562486897,-3.0989365785586926,13.0,-1.9932750940330537,1.0,4.885435543011525,15.531590339270041,20.431871125305133,-4.900280786035091,-0.00044209617891311886,5.611187985095736,19.8997487421324,3.5464412874759317
7.595833333333333,track,-6.409398710616031,0.0,12.082245419759182,3.9811903683852132,-3.10953178459029,13.0,-1.9932750940330537,1.0,4.885435543011525,15.531590339270041,20.42192244535638,-4.89033210608634,-0.00044209617891311886,5.611187985095736,19.8997487421324,3.5464412874759317
7.6,track,-6.392774717007301,0.0,12.069245173998686,3.9897584660953447,-3.120058982519159,13.0,-1.2956288111214849,1.0,4.8848076851477105,15.50219184370392,20.41184464992074,-4.90965280621682,-0.0004368863797603654,8.632596900147286,19.8997487421324,2.3051868368593555
7.604166666666667,track,-6.376114987322405,0.0,12.056201327502833,3.9983351243751843,-3.130523159004482,13.0,-1.2956288111214849,1.0,4.8848076851477105,15.50219184370392,20.40163854877341,-4.899446705069488,-0.0004368863797603654,8.632596900147286,19.8997487421324,2.3051868368593555
7.608333333333333,track,-6.359419410087051,0.0,12.04311437686771,4.006938536484729,-3.1408681524295665,13.0,-1.2822613290109524,1.0,5.004493768604943,15.472722178933711,20.391305010147118,-4.9185828312134054,-0.0004316992545830881,8.632596900147286,19.8997487421324,2.3051868368593555
7.6125,track,-6.34268788673386,0.0,12.029984780617879,4.015565604765831,-3.151103099959497,13.0,-1.2822613290109524,1.0,5.004493768604943,15.472722178933711,20.38084483852333,-4.90812265958962,-0.0004316992545830881,8.632596900147286,19.8997487421324,2.3051868368593555
7.616666666666666,track,-6.325920331047955,0.0,12.016812960834345,4.02421336461721,-3.1612367480479016,13.0,-1.2822613290109524,1.0,5.003818682340898,15.4431051647727,20.370258900045776,-4.927153735273075,-0.0004265457326779486,8.632596900147286,19.8997487421324,2.3051868368593555
7.620833333333334,track,-6.309116667725708,0.0,12.003599307512493,4.032879197339259,-3.1712767972442992,13.0,-1.2822613290109524,1.0,5.003818682340898,15.4431051647727,20.35954799647639,-4.91644283170369,-0.0004265457326779486,8.632596900147286,19.8997487421324,2.3051868368593555
7.625,track,-6.292276831985069,0.0,11.990344179691002,4.041560577753484,-3.181230677157713,13.0,-1.2822613290109524,1.0,5.003128133204866,15.413345291292707,20.348712990322237,-4.93536769902953,-0.00042142581367699564,8.632596900147286,19.8997487421324,2.3051868368593555
7.629166666666666,track,-6.275400768254485,0.0,11.977047909421216,4.0502552953399205,-3.191104864748557,13.0,-1.2822613290109524,1.0,5.003128133204866,15.413345291292707,20.33775467936324,-4.924409388070532,-0.00042142581367699564,8.632596900147286,19.8997487421324,2.3051868368593555
7.633333333333333,track,-6.258488429926894,0.0,11.963710802461165,4.058961198621809,-3.2009056704124195,13.0,-0.8334698638571191,1.0,5.00242239856845,15.383477978897401,20.326673921489625,-4.943195942592224,-0.00041633513018759946,13.2809183079189,19.8997487421324,1.4983714439585811
7.6375,track,-6.241539778159723,0.0,11.95033314191474,4.067676424121056,-3.210638531142116,13.0,-0.8334698638571191,1.0,5.00242239856845,15.383477978897401,20.31547150972149,-4.931993530824087,-0.00041633513018759946,13.2809183079189,19.8997487421324,1.4983714439585811
7.641666666666667,track,-6.22455470353855,0.0,11.93691543016878,4.076417909081606,-3.2202508190304577,13.0,-0.8245162637123878,1.0,5.115878772091924,15.353533264292007,20.304148295554384,-4.950615031262378,-0.0004112699612007041,13.2809183079189,19.8997487421324,1.4983714439585811
7.645833333333333,track,-6.207533109658595,0.0,11.92345813101152,4.085182531189183,-3.229751797742348,13.0,-0.8245162637123878,1.0,5.115878772091924,15.353533264292007,20.29270506782154,-4.939171803529533,-0.0004112699612007041,13.2809183079189,19.8997487421324,1.4983714439585811
7.6499999999999995,track,-6.190474912610286,0.0,11.909961671139504,4.093967291594075,-3.23915036928367,13.0,-0.8245162637123878,1.0,5.115126710164133,15.323442482770776,20.281142675150512,-4.957700192379735,-0.00040624026661142574,13.2809183079189,19.8997487421324,1.4983714439585811
7.654166666666667,track,-6.173380039474227,0.0,11.896426444732677,4.102769552654091,-3.248454337638392,13.0,-0.8245162637123878,1.0,5.115126710164133,15.323442482770776,20.269461902969326,-4.9460194201985495,-0.00040624026661142574,13.2809183079189,19.8997487421324,1.4983714439585811
7.658333333333333,track,-6.156248427973026,0.0,11.882852814455568,4.111586760288483,-3.2576712665061227,13.0,-0.8245162637123878,1.0,5.1143599612470165,15.29321261964642,20.257663595618276,-4.964450975971856,-0.000401245650570529,13.2809183079189,19.8997487421324,1.4983714439585811
7.6625,track,-6.139080025098963,0.0,11.869241115635438,4.120416689775014,-3.266807716831227,13.0,-0.8245162637123878,1.0,5.1143599612470165,15.29321261964642,20.24574853396903,-4.952535914322612,-0.000401245650570529,13.2809183079189,19.8997487421324,1.4983714439585811
7.666666666666667,track,-6.121874786910635,0.0,11.855591656823158,4.12925716519866,-3.2758701149470926,13.0,-3.0514639077178223,1.0,5.113578805129268,15.262879425320895,20.233717557195874,-4.970838131874978,-0.0003962816159801482,3.5885507654928976,20.346989949375804,5.669974114628719
7.670833333333333,track,-6.104632677273946,0.0,11.84190472363379,4.13810631280558,-3.2848639654481397,13.0,-3.0514639077178223,1.0,5.113578805129268,15.262879425320895,20.22157144092451,-4.958692015603616,-0.0003962816159801482,3.5885507654928976,20.346989949375804,5.669974114628719
7.675,track,-6.087353667784348,0.0,11.828180578925314,4.146962277503536,-3.293794730034179,13.0,-3.0514639077178223,1.0,5.112783520339345,15.23247320309603,20.209311018673084,-4.976837815577056,-0.0003913443304622053,3.5885507654928976,20.346989949375804,5.669974114628719
7.679166666666666,track,-6.070037736603974,0.0,11.814419466354003,4.155823483289666,-3.302667017114513,13.0,-3.0514639077178223,1.0,5.112783520339345,15.23247320309603,20.196937060462368,-4.964463857366338,-0.0003913443304622053,3.5885507654928976,20.346989949375804,5.669974114628719
7.683333333333334,track,-6.052684795227631,0.0,11.800621838447901,4.164705930322568,-3.311430697464448,13.0,-3.0174243828589207,1.0,5.219460026686403,15.202019630286472,20.18445039493835,-4.982430764651875,-0.00038643055048945773,3.5885507654928976,20.346989949375804,5.669974114628719
7.6875,track,-6.035294766767095,0.0,11.786788113082972,4.173606830528647,-3.320094087582976,13.0,-3.0174243828589207,1.0,5.219460026686403,15.202019630286472,20.171851789103158,-4.969832158816685,-0.00038643055048945773,3.5885507654928976,20.346989949375804,5.669974114628719
7.691666666666666,track,-6.017867585598569,0.0,11.772918674496026,4.18252348044634,-3.3286652608671963,13.0,-3.0174243828589207,1.0,5.2186200157629985,15.17145230801419,20.15914206752606,-4.987689759511866,-0.0003815499785817485,3.5885507654928976,20.346989949375804,5.669974114628719
7.695833333333333,track,-6.000403195893237,0.0,11.759013877786385,4.19145352927966,-3.3371512103136216,13.0,-3.0174243828589207,1.0,5.2186200157629985,15.17145230801419,20.146321992831645,-4.974869684817454,-0.0003815499785817485,3.5885507654928976,20.346989949375804,5.669974114628719
7.7,track,-5.982901551416521,0.0,11.745074049464716,4.200394674411869,-3.3455587972005234,13.0,-1.9613258488582985,1.0,5.217766423696809,15.140776092513963,20.133392384523415,-4.9926162920094495,-0.00037670243473448075,5.520847331527535,20.346989949375804,3.685483174508667
7.704166666666667,track,-5.965362614179652,0.0,11.731099491592614,4.2093449368487095,-3.353893889304557,13.0,-1.9613258488582985,1.0,5.217766423696809,15.140776092513963,20.120354000060914,-4.9795779075469495,-0.00037670243473448075,5.520847331527535,20.346989949375804,3.685483174508667
7.708333333333333,track,-5.947786354370559,0.0,11.717090481928716,4.218302354182232,-3.3621623193355585,13.0,-1.9613258488582985,1.0,5.216899529305132,15.110023028216313,20.10720765330941,-4.997184625093095,-0.0003718838338501947,5.520847331527535,20.346989949375804,3.685483174508667
7.7124999999999995,track,-5.930172749108406,0.0,11.703047277761486,4.227265262916786,-3.3703690001352618,13.0,-1.9613258488582985,1.0,5.216899529305132,15.110023028216313,20.09395409613134,-4.983931067915028,-0.0003718838338501947,5.520847331527535,20.346989949375804,3.685483174508667
7.716666666666667,track,-5.912521714354256,0.0,11.688970329481952,4.236248340996193,-3.3784675870882053,13.0,-1.9386602517769886,1.0,5.31660143638649,15.07922025668034,20.08059413860237,-5.001373881922026,-0.00036709070996044144,5.520847331527535,20.346989949375804,3.685483174508667
7.720833333333333,track,-5.894833177568114,0.0,11.674860052944444,4.245248828674046,-3.3864663690018886,13.0,-1.9386602517769886,1.0,5.31660143638649,15.07922025668034,20.06712853035354,-4.9879082736732,-0.00036709070996044144,5.520847331527535,20.346989949375804,3.685483174508667
7.725,track,-5.877107077407369,0.0,11.660716830321565,4.2542640385787935,-3.394373429491168,13.0,-1.9386602517769886,1.0,5.315691553666182,15.04830878412573,20.053558076880243,-5.005249292754514,-0.000362331785481269,5.520847331527535,20.346989949375804,3.685483174508667
7.729166666666667,track,-5.859343362216702,0.0,11.646541014761691,4.26329164576001,-3.4021957343698497,13.0,-1.9386602517769886,1.0,5.315691553666182,15.04830878412573,20.039883523007802,-4.991574738882073,-0.000362331785481269,5.520847331527535,20.346989949375804,3.685483174508667
7.733333333333333,track,-5.84154198987719,0.0,11.632332930780787,4.272329361482891,-3.409940155417136,13.0,-1.2601291636550427,1.0,5.314768955132274,15.017295466039164,20.026105668772367,-5.008810202733204,-0.00035760656462935364,8.49361127927313,20.346989949375804,2.395564063430634
7.7375,track,-5.823702926417512,0.0,11.618092878555842,4.281375230322786,-3.4176125339870516,13.0,-1.2601291636550427,1.0,5.314768955132274,15.017295466039164,20.012225253499604,-4.994929787460443,-0.00035760656462935364,8.49361127927313,20.346989949375804,2.395564063430634
7.741666666666666,track,-5.805826145993496,0.0,11.603821133915256,4.29042730176387,-3.42521871374096,13.0,-1.2601291636550427,1.0,5.313833918605639,14.98621207382171,19.998243071276217,-5.012030997454507,-0.0003529109406745834,8.49361127927313,20.346989949375804,2.395564063430634
7.745833333333334,track,-5.787911629602572,0.0,11.589517952323659,4.299483933821859,-3.432763581983061,13.0,-1.2601291636550427,1.0,5.313833918605639,14.98621207382171,19.984159855566002,-4.997947781744292,-0.0003529109406745834,8.49361127927313,20.346989949375804,2.395564063430634
7.75,track,-5.769959365175876,0.0,11.575183568525224,4.30854346240698,-3.44025211162424,13.0,-1.2601291636550427,1.0,5.312886719917532,14.95508550533319,19.969976394292583,-5.014890888959392,-0.00034824142980038577,8.49361127927313,20.346989949375804,2.395564063430634
7.754166666666666,track,-5.751969346380108,0.0,11.560818200268344,4.317604510984526,-3.4476883816515267,13.0,-1.2601291636550427,1.0,5.312886719917532,14.95508550533319,19.955693414930387,-5.000607909597195,-0.00034824142980038577,8.49361127927313,20.346989949375804,2.395564063430634
7.758333333333333,track,-5.733941509825149,0.0,11.54642224719207,4.326680773190089,-3.4550287383059617,13.0,-1.2450750594545965,1.0,5.4055115996344325,14.923938527520333,19.94131170277144,-5.017373175251107,-0.00034359509522372727,8.49361127927313,20.346989949375804,2.395564063430634
7.7625,track,-5.715875802203422,0.0,11.531996078447479,4.335769829214477,-3.46228049870167,13.0,-1.2450750594545965,1.0,5.4055115996344325,14.923938527520333,19.926831983943618,-5.002893456423285,-0.00034359509522372727,8.49361127927313,20.346989949375804,2.395564063430634
7.766666666666667,track,-5.697772180145278,0.0,11.517540033065393,4.344869293954624,-3.4694508917008506,13.0,-0.8092987886454878,1.0,5.404523794572563,14.892714645477685,19.912255038508686,-5.019540393031002,-0.00033898035353948004,13.067094275804815,20.346989949375804,1.557116641229912
7.770833333333333,track,-5.679630608757472,0.0,11.503054424508239,4.353977133073274,-3.4765460537169712,13.0,-0.8092987886454878,1.0,5.404523794572563,14.892714645477685,19.897581587302003,-5.004866941824318,-0.00033898035353948004,13.067094275804815,20.346989949375804,1.557116641229912
7.7749999999999995,track,-5.661451061613434,0.0,11.488539540619968,4.363091314569223,-3.483572133185119,13.0,-0.8092987886454878,1.0,5.403524443822361,14.861418595455048,19.882812404584456,-5.021393809129408,-0.00033439695488870824,13.067094275804815,20.346989949375804,1.557116641229912
7.779166666666667,track,-5.643233519400432,0.0,11.473995647851208,4.3722101311204,-3.4905342645024167,13.0,-0.8092987886454878,1.0,5.403524443822361,14.861418595455048,19.86794820546364,-5.006529610008592,-0.00033439695488870824,13.067094275804815,20.346989949375804,1.557116641229912
7.783333333333333,track,-5.624977970026146,0.0,11.459422990848145,4.381331849828643,-3.497437680735211,13.0,-0.8092987886454878,1.0,5.402513820583176,14.830078380375927,19.85298975812269,-5.022911377746762,-0.000329841255801501,13.067094275804815,20.346989949375804,1.557116641229912
7.7875,track,-5.606684407358072,0.0,11.444821796401612,4.390455040337641,-3.504286667167989,13.0,-0.8092987886454878,1.0,5.402513820583176,14.830078380375927,19.837937771756497,-5.007859391380569,-0.000329841255801501,13.067094275804815,20.346989949375804,1.557116641229912
7.791666666666667,track,-5.588352773496077,0.0,11.430192457802564,4.39959212687869,-3.5110412637714545,13.0,-0.7993224488891434,1.0,5.4881975389416615,14.79871769150351,19.82279301257863,-5.0240753210751175,-0.0003253101787445657,13.067094275804815,20.346989949375804,1.557116641229912
7.795833333333333,track,-5.569983020389824,0.0,11.415535338318048,4.408740745500778,-3.517708676283886,13.0,-0.7993224488891434,1.0,5.4881975389416615,14.79871769150351,19.807556188881986,-5.008838497378476,-0.0003253101787445657,13.067094275804815,20.346989949375804,1.557116641229912
7.8,track,-5.551575109746981,0.0,11.400850771390038,4.417898554282291,-3.5242960627222075,13.0,-0.5195595917779432,1.0,5.487148610267228,14.76728687956546,19.792228061361943,-5.02494118179648,-0.00032081120996304364,20.103221962776637,20.346989949375804,1.012125816799443
7.804166666666666,track,-5.533129011548083,0.0,11.386139065298323,4.427063567735387,-3.530809462011397,13.0,-0.5195595917779432,1.0,5.487148610267228,14.76728687956546,19.776809332784932,-5.009522453219471,-0.00032081120996304364,20.103221962776637,20.346989949375804,1.012125816799443
7.808333333333334,track,-5.514644704086878,0.0,11.371400502947134,4.436233790689104,-3.537254964285352,13.0,-0.5195595917779432,1.0,5.4860890487876715,14.735792268081115,19.76130075783777,-5.025508489756654,-0.0003163438480244592,20.103221962776637,20.346989949375804,1.012125816799443
7.8125,track,-5.49612217259283,0.0,11.356635346203124,4.445407558571545,-3.5436376185626752,13.0,-0.5195595917779432,1.0,5.4860890487876715,14.735792268081115,19.74570303339234,-5.009910765311222,-0.0003163438480244592,20.103221962776637,20.346989949375804,1.012125816799443
7.816666666666666,track,-5.477561409385211,0.0,11.34184383532625,4.4545831698287,-3.5499626104497075,13.0,-0.5195595917779432,1.0,5.485019123971177,14.70426127045096,19.730016907907384,-5.025755637456423,-0.0003119044902432997,20.103221962776637,20.346989949375804,1.012125816799443
7.820833333333333,track,-5.458962412586993,0.0,11.327026193033118,4.463759231572389,-3.5562341503514325,13.0,-0.5195595917779432,1.0,5.485019123971177,14.70426127045096,19.714243072223024,-5.009981801772062,-0.0003119044902432997,20.103221962776637,20.346989949375804,1.012125816799443
7.825,track,-5.440325186376584,0.0,11.312182623621405,4.472934290498093,-3.5624566588112367,13.0,-0.5195595917779432,1.0,5.483939102803379,14.672717068152384,19.698382268540325,-5.025665200387939,-0.00030749009432811677,20.103221962776637,20.346989949375804,1.012125816799443
7.829166666666667,track,-5.421649739778975,0.0,11.29731331680215,4.482107183426103,-3.568633636621359,13.0,-0.5195595917779432,1.0,5.483939102803379,14.672717068152384,19.682435181691165,-5.0097181135387805,-0.00030749009432811677,20.103221962776637,20.346989949375804,1.012125816799443
7.833333333333333,track,-5.402936033986409,0.0,11.282418617804232,4.491289390215979,-3.5747277595002687,13.0,-0.33342509562721423,1.0,5.5628335794337485,14.641179262034575,19.66640255269722,-5.025223290662645,-0.0003030981067376925,30.928033788887134,20.346989949375804,0.6578817809196379
7.8374999999999995,track,-5.384184038705264,0.0,11.267498845690785,4.500478867474659,-3.5807453072274185,13.0,-0.33342509562721423,1.0,5.5628335794337485,14.641179262034575,19.65028506608165,-5.009105804047074,-0.0003030981067376925,30.928033788887134,20.346989949375804,0.6578817809196379
7.841666666666667,track,-5.365393732206781,0.0,11.25255429310462,4.509673559636028,-3.586692620679701,13.0,-0.33342509562721423,1.0,5.561718118598105,14.609600663278671,19.634083457086394,-5.024482793807722,-0.00029873569469619337,30.928033788887134,20.346989949375804,0.6578817809196379
7.845833333333333,track,-5.346565099896724,0.0,11.237585230811138,4.518871754413546,-3.5925749504353437,13.0,-0.33342509562721423,1.0,5.561718118598105,14.609600663278671,19.617798404551685,-5.0081977412730145,-0.00029873569469619337,30.928033788887134,20.346989949375804,0.6578817809196379
7.85,track,-5.327698134482485,0.0,11.222591907076964,4.528071699417208,-3.5983976962018303,13.0,-0.33342509562721423,1.0,5.560593213517567,14.577985619438884,19.60143063765625,-5.023445018217367,-0.00029440260302363366,30.928033788887134,20.346989949375804,0.6578817809196379
7.854166666666667,track,-5.308792834637984,0.0,11.20757455192473,4.537271962680333,-3.6041652365364905,13.0,-0.33342509562721423,1.0,5.560593213517567,14.577985619438884,19.58498082936118,-5.006995209922294,-0.00029440260302363366,30.928033788887134,20.346989949375804,0.6578817809196379
7.858333333333333,track,-5.289849205270565,0.0,11.192533376195987,4.546471048180423,-3.609882174897862,13.0,-0.33342509562721423,1.0,5.559459126254138,14.546357991163426,19.56844970270031,-5.0220917115368815,-0.0002900956911999203,30.928033788887134,20.346989949375804,0.6578817809196379
7.8625,track,-5.270867256266584,0.0,11.17746857556309,4.555667760955501,-3.615552151895236,13.0,-0.33342509562721423,1.0,5.559459126254138,14.546357991163426,19.55183792473113,-5.005479933567706,-0.0002900956911999203,30.928033788887134,20.346989949375804,0.6578817809196379
7.866666666666666,track,-5.2518469544840665,0.0,11.16238048698678,4.564872427804258,-3.6211412583143225,13.0,-0.21389509010731214,1.0,5.631874360102143,14.514737943105189,19.535146217619122,-5.020408274513932,-0.0002858123184039293,47.581590444441744,20.346989949375804,0.42762315759776465
7.870833333333334,track,-5.2327882750146975,0.0,11.147269421890538,4.574083072648471,-3.626655623098227,13.0,-0.21389509010731214,1.0,5.631874360102143,14.514737943105189,19.518375248274456,-5.003637305169265,-0.0002858123184039293,47.581590444441744,20.346989949375804,0.42762315759776465
7.875,track,-5.213691201283404,0.0,11.132135665742885,4.5832976955104705,-3.6321014754369187,13.0,-0.21389509010731214,1.0,5.630707443637472,14.483084353952439,19.501525732943016,-5.018441378990576,-0.00028155880651886006,47.581590444441744,20.346989949375804,0.42762315759776465
7.879166666666666,track,-5.1945557236072,0.0,11.116979482677252,4.592514642288905,-3.6374839357517392,13.0,-0.21389509010731214,1.0,5.630707443637472,14.483084353952439,19.484598332748188,-5.0015139787957485,-0.00028155880651886006,47.581590444441744,20.346989949375804,0.42762315759776465
7.883333333333333,track,-5.1753818394075894,0.0,11.101801114715647,4.6017322079065135,-3.642808310785042,13.0,-0.21389509010731214,1.0,5.629532006204155,14.45140281944649,19.467593757785632,-5.016190938339141,-0.00027733470005816385,47.581590444441744,20.346989949375804,0.42762315759776465
7.8875,track,-5.156169551862893,0.0,11.086600786104263,4.610949010727118,-3.6480788667322597,13.0,-0.21389509010731214,1.0,5.629532006204155,14.45140281944649,19.450512663239348,-4.999109843792858,-0.00027733470005816385,47.581590444441744,20.346989949375804,0.42762315759776465
7.891666666666667,track,-5.136918870217228,0.0,11.071378702228847,4.620163594959845,-3.65330013010004,13.0,-0.21389509010731214,1.0,5.628348304042464,14.419716474161525,19.433355753008826,-5.013639278847301,-0.00027313693083442483,47.581590444441744,20.346989949375804,0.42762315759776465
7.895833333333333,track,-5.117629808512073,0.0,11.05613505371053,4.629374809236959,-3.6584756443960047,13.0,-0.21389509010731214,1.0,5.628348304042464,14.419716474161525,19.41612367634314,-4.996407202181616,-0.00027313693083442483,47.581590444441744,20.346989949375804,0.42762315759776465
7.8999999999999995,track,-5.098302385977732,0.0,11.040870015056548,4.638581408241942,-3.66360927695592,13.0,-0.13903180856975292,1.0,5.627156590607294,14.388044859498354,19.398817131026796,-5.01077227152844,-0.0002689629195578505,73.20244683760268,20.346989949375804,0.277955052438547
7.904166666666667,track,-5.07893662583185,0.0,11.025583748554602,4.6477824350115595,-3.668703960466885,13.0,-0.13903180856975292,1.0,5.627156590607294,14.388044859498354,19.38143676048546,-4.993391900987104,-0.0002689629195578505,73.20244683760268,20.346989949375804,0.277955052438547
7.908333333333333,track,-5.059532511837096,0.0,11.010276547601459,4.656987358740846,-3.673728228754508,13.0,-0.13716577039196384,1.0,5.6933755711152125,14.35640448146613,19.36398326212045,-5.0075787806543195,-0.0002648105110284947,73.20244683760268,20.346989949375804,0.277955052438547
7.9125,track,-5.040090034788886,0.0,10.994948683570437,4.666194491570414,-3.6786873674450518,13.0,-0.13716577039196384,1.0,5.6933755711152125,14.35640448146613,19.346457279559942,-4.990052798093813,-0.0002648105110284947,73.20244683760268,20.346989949375804,0.277955052438547
7.916666666666667,track,-5.0206091927379735,0.0,10.979600404989313,4.675402092218939,-3.683586859469553,13.0,-0.13716577039196384,1.0,5.692154121261266,14.324756487476773,19.32885950426816,-5.004103016791385,-0.0002606857185026627,73.20244683760268,20.346989949375804,0.277955052438547
7.920833333333333,track,-5.001089989606313,0.0,10.964231942035948,4.684608751598536,-3.6884311088073973,13.0,-0.13716577039196384,1.0,5.692154121261266,14.324756487476773,19.31119057413258,-4.98643408665581,-0.0002606857185026627,73.20244683760268,20.346989949375804,0.277955052438547
7.925,track,-4.981532435507634,0.0,10.948843505400633,4.6938129836828955,-3.6932247924755823,13.0,-0.13716577039196384,1.0,5.6909253191080555,14.293104706002739,19.293451174581133,-5.000346468578393,-0.00025658831548749467,73.20244683760268,20.346989949375804,0.277955052438547
7.929166666666666,track,-4.961936545445248,0.0,10.933435290531806,4.703013614972756,-3.6979715685187204,13.0,-0.13716577039196384,1.0,5.6909253191080555,14.293104706002739,19.275641937715676,-4.982537231712936,-0.00025658831548749467,73.20244683760268,20.346989949375804,0.277955052438547
7.933333333333334,track,-4.942302339716195,0.0,10.918007476227789,4.7122093749725185,-3.702675432963974,13.0,-0.0891577507547765,1.0,5.689689411468394,14.261469076187009,19.257763542964632,-4.996294466777623,-0.0002525156639618886,112.61914898092719,20.346989949375804,0.18067078408505557
7.9375,track,-4.922629842678434,0.0,10.902560228672094,4.721399289062564,-3.707339413366811,13.0,-0.0891577507547765,1.0,5.689689411468394,14.261469076187009,19.23981661671471,-4.9783475405277,-0.0002525156639618886,112.61914898092719,20.346989949375804,0.18067078408505557
7.941666666666666,track,-4.90291904343992,0.0,10.88709383245755,4.730591817243544,-3.7119350914903153,13.0,-0.08792963113536899,1.0,5.750098351209973,14.229866430321536,19.221801838066117,-4.991935407744582,-0.00024846555561769423,112.61914898092719,20.346989949375804,0.18067078408505557
7.945833333333333,track,-4.88316993785403,0.0,10.871608550832946,4.739785340613725,-3.716467589905074,13.0,-0.08792963113536899,1.0,5.750098351209973,14.229866430321536,19.203719833565742,-4.973853403244207,-0.00024846555561769423,112.61914898092719,20.346989949375804,0.18067078408505557
7.95,track,-4.86338252878374,0.0,10.856104624733687,4.748978176869556,-3.720942263822186,13.0,-0.08792963113536899,1.0,5.7488354214455955,14.19826313564779,19.18557127632958,-4.9873081406817885,-0.0002444432595531167,112.61914898092719,20.346989949375804,0.18067078408505557
7.954166666666667,track,-4.843556824716409,0.0,10.840582277327647,4.75816897615944,-3.7253633774499417,13.0,-0.08792963113536899,1.0,5.7488354214455955,14.19826313564779,19.16735678713974,-4.96909365149195,-0.0002444432595531167,112.61914898092719,20.346989949375804,0.18067078408505557
7.958333333333333,track,-4.823692840122105,0.0,10.82504171273954,4.767356302633062,-3.729735501145199,13.0,-0.08792963113536899,1.0,5.747566042700803,14.166663993781508,19.149077033060628,-4.98241303927912,-0.00024044838957714744,112.61914898092719,20.346989949375804,0.18067078408505557
7.9624999999999995,track,-4.803790594148291,0.0,10.809483120351636,4.776539033715268,-3.734062173097136,13.0,-0.08792963113536899,1.0,5.747566042700803,14.166663993781508,19.130732629090176,-4.964068635308668,-0.00024044838957714744,112.61914898092719,20.346989949375804,0.18067078408505557
7.966666666666667,track,-4.783850111058311,0.0,10.793906673265823,4.785715941595048,-3.7383473005950516,13.0,-2.245183058329242,1.0,5.746290454446179,14.13508819076067,19.112324236297717,-4.977236045537049,-0.0002364783916778048,4.410580327486128,20.784609690826528,4.71244329488791
7.970833333333333,track,-4.763871418993787,0.0,10.778312532397772,4.794886095485798,-3.7425938083324377,13.0,-2.245183058329242,1.0,5.746290454446179,14.13508819076067,19.093852463982607,-4.958764273221938,-0.0002364783916778048,4.410580327486128,20.784609690826528,4.71244329488791
7.975,track,-4.743854550481179,0.0,10.762700844714619,4.804048443025957,-3.7468050439567544,13.0,-2.245183058329242,1.0,5.745008893209239,14.103551914583152,19.075317967358686,-4.971766052775535,-0.0002325311283774384,4.410580327486128,20.784609690826528,4.71244329488791
7.979166666666667,track,-4.723799541251446,0.0,10.747071747155648,4.813202215135791,-3.750983414153257,13.0,-2.245183058329242,1.0,5.745008893209239,14.103551914583152,19.0567213501819,-4.953169435598748,-0.0002325311283774384,4.410580327486128,20.784609690826528,4.71244329488791
7.983333333333333,track,-4.703706394912234,0.0,10.731425485968789,4.822355121410824,-3.7551026848462565,13.0,-2.2134730851345825,1.0,5.799945498097093,14.072068823993112,19.038063267594566,-4.965994443601455,-0.00022860482196508978,4.410580327486128,20.784609690826528,4.71244329488791
7.9875,track,-4.683575120772085,0.0,10.715762289161194,4.831505793635675,-3.759167233822801,13.0,-2.2134730851345825,1.0,5.799945498097093,14.072068823993112,19.019344323680222,-4.9472754996871116,-0.00022860482196508978,4.410580327486128,20.784609690826528,4.71244329488791
7.991666666666666,track,-4.66340573420621,0.0,10.700082365181396,4.840652775810112,-3.7631817551516855,13.0,-2.2134730851345825,1.0,5.798640034624916,14.040607290052222,19.000565167717593,-4.959957877665369,-0.0002247044571482517,4.410580327486128,20.784609690826528,4.71244329488791
7.995833333333334,track,-4.643198255328171,0.0,10.684385907341875,4.849794930729296,-3.7671498814851674,13.0,-2.2134730851345825,1.0,5.798640034624916,14.040607290052222,18.981726398181895,-4.941119108129674,-0.0002247044571482517,4.410580327486128,20.784609690826528,4.71244329488791
8.0,track,-4.6229527094364204,0.0,10.668673092234322,4.858931014020224,-3.771075625813059,13.0,-4.5,1.0,5.797329241001291,14.009170579060203,18.962828658499692,-4.95365807943949,-0.00022082985045497556,1.473544911020882,21.908902300206645,14.868160540168407
8.004166666666666,track,-4.602669125755583,0.0,10.652944083937959,4.868060083400827,-3.7749619911269985,13.0,-4.5,1.0,5.797329241001291,14.009170579060203,18.943872541581733,-4.934701962521531,-0.00022082985045497556,1.473544911020882,21.908902300206645,14.868160540168407
8.008333333333333,track,-4.582347537951496,0.0,10.637199032206759,4.877181072980996,-3.7788124154879172,13.0,-4.5,1.0,5.79601334589215,13.977775094252978,18.924858685104002,-4.947083590851024,-0.00021697883024580624,1.473544911020882,21.908902300206645,14.868160540168407
8.0125,track,-4.561987982931462,0.0,10.62143807649745,4.8862932048082595,-3.782629370234035,13.0,-4.5,1.0,5.79601334589215,13.977775094252978,18.90578767653266,-4.928012582279685,-0.00021697883024580624,1.473544911020882,21.908902300206645,14.868160540168407
8.016666666666666,track,-4.541590469062695,0.0,10.605661454517673,4.895403328504151,-3.786389275146338,13.0,-4.5,1.0,5.845880946785204,13.946434667133113,18.88666015335821,-4.9402254862250965,-0.00021314958686752223,1.473544911020882,21.908902300206645,14.868160540168407
8.020833333333334,track,-4.5211550101425315,0.0,10.589869386397634,4.904510140839251,-3.790096348809239,13.0,-4.5,1.0,5.845880946785204,13.946434667133113,18.867476703201213,-4.921042036068101,-0.00021314958686752223,1.473544911020882,21.908902300206645,14.868160540168407
8.025,track,-4.500681625796958,0.0,10.574062073246438,4.913612242937642,-3.7937551562870295,13.0,-4.5,1.0,5.844543815332062,13.915122060626047,18.84823795769449,-4.933115897068444,-0.0002093464652451013,1.473544911020882,21.908902300206645,14.868160540168407
8.029166666666667,track,-4.480170340158697,0.0,10.558239701603256,4.922708553182649,-3.7973691943637493,13.0,-4.5,1.0,5.844543815332062,13.915122060626047,18.828944498870552,-4.913822438244505,-0.0002093464652451013,1.473544911020882,21.908902300206645,14.868160540168407
8.033333333333333,track,-4.459621182342747,0.0,10.54240244173619,4.93179787582797,-3.8009423680956775,13.0,-4.244142613468478,1.0,5.843202213857921,13.88384129399258,18.809596952533077,-4.925755658540498,-0.0002055691541793149,2.266992170801357,21.908902300206645,9.664304351109465
8.0375,track,-4.439034185192008,0.0,10.526550451884155,4.940879316177495,-3.804477564488447,13.0,-4.244142613468478,1.0,5.843202213857921,13.88384129399258,18.790195895183253,-4.906354601190674,-0.0002055691541793149,2.266992170801357,21.908902300206645,9.664304351109465
8.041666666666666,track,-4.418409385818001,0.0,10.510683876336067,4.94995184976154,-3.807978131541349,13.0,-4.244142613468478,1.0,5.841856362651002,13.852608053088467,18.770741946905996,-4.91813389381753,-0.00020181556567141882,2.266992170801357,21.908902300206645,9.664304351109465
8.045833333333333,track,-4.3977468244037885,0.0,10.49480284949641,4.959014739411093,-3.811446441518038,13.0,-4.244142613468478,1.0,5.841856362651002,13.852608053088467,18.751235678797016,-4.89862762570855,-0.00020181556567141882,2.266992170801357,21.908902300206645,9.664304351109465
8.05,track,-4.377046516043747,0.0,10.478907593164784,4.968074006409906,-3.8148615195897975,13.0,-4.188282152796363,1.0,5.8864592269908265,13.821435556759406,18.731677710510315,-4.910242153750908,-0.00019808396003720896,2.266992170801357,21.908902300206645,9.664304351109465
8.054166666666667,track,-4.356308480813178,0.0,10.4629983128337,4.977128455336559,-3.8182272794606105,13.0,-4.188282152796363,1.0,5.8864592269908265,13.821435556759406,18.712068613009944,-4.890633056250539,-0.00019808396003720896,2.266992170801357,21.908902300206645,9.664304351109465
8.058333333333334,track,-4.335532744211102,0.0,10.447075196078613,4.986176784498216,-3.821548021220864,13.0,-4.188282152796363,1.0,5.885094875118757,13.79030037254456,18.692409000102298,-4.902108627557736,-0.00019437811332418114,2.266992170801357,21.908902300206645,9.664304351109465
8.0625,track,-4.3147193358616995,0.0,10.431138416982924,4.995218003856744,-3.8248269829653756,13.0,-4.188282152796363,1.0,5.885094875118757,13.79030037254456,18.672699437192115,-4.882399064647555,-0.00019437811332418114,2.266992170801357,21.908902300206645,9.664304351109465
8.066666666666666,track,-4.293868290028084,0.0,10.415188134287604,5.004251000067762,-3.828067846876873,13.0,-2.7223833993176365,1.0,5.883726890268333,13.759206729039448,18.652940532299773,-4.893733803260324,-0.00019069765988735416,3.487680262771318,21.908902300206645,6.281797828221152
8.070833333333333,track,-4.272979644377122,0.0,10.39922449561872,5.013274956231037,-3.831273280532336,13.0,-2.7223833993176365,1.0,5.883726890268333,13.759206729039448,18.633132845354126,-4.873926116314679,-0.00019069765988735416,3.487680262771318,21.908902300206645,6.281797828221152
8.075,track,-4.252053440553126,0.0,10.383247635432275,5.022288917759063,-3.8344464447467774,13.0,-2.7223833993176365,1.0,5.882355483843902,13.728169114181979,18.613276978719377,-4.885107864537397,-0.0001870406640545482,3.487680262771318,21.908902300206645,6.281797828221152
8.079166666666666,track,-4.231089722996486,0.0,10.36725767907531,5.031292213593507,-3.8375895256716164,13.0,-2.7223833993176365,1.0,5.882355483843902,13.728169114181979,18.593373486989382,-4.865204372807403,-0.0001870406640545482,3.487680262771318,21.908902300206645,6.281797828221152
8.083333333333334,track,-4.210088539567817,0.0,10.351254740556474,5.040284022880491,-3.840705244520633,13.0,-2.7223833993176365,1.0,5.8809808642389525,13.697199730023861,18.57342296704524,-4.876223237021379,-0.00018340551527242074,3.487680262771318,21.908902300206645,6.281797828221152
8.0875,track,-4.189049940412255,0.0,10.335238926467133,5.049263797334674,-3.843795381441678,13.0,-2.7223833993176365,1.0,5.8809808642389525,13.697199730023861,18.553425968322212,-4.856226238298349,-0.00018340551527242074,3.487680262771318,21.908902300206645,6.281797828221152
8.091666666666667,track,-4.167973953117742,0.0,10.31921042308207,5.058236950683295,-3.8468408124148996,13.0,-2.6812247786515693,1.0,5.9208757105402,13.666308853037817,18.53338308731909,-4.867074234281274,-0.00017979088248139318,3.487680262771318,21.908902300206645,6.281797828221152
8.095833333333333,track,-4.146860609317897,0.0,10.303169403257277,5.06720251196279,-3.849844757950677,13.0,-2.6812247786515693,1.0,5.9208757105402,13.666308853037817,18.513294873342854,-4.846986020305037,-0.00017979088248139318,3.487680262771318,21.908902300206645,6.281797828221152
8.1,track,-4.125709945215668,0.0,10.287116024522176,5.076159384534983,-3.8528108964244168,13.0,-1.74279610612352,1.0,5.91948558853843,13.635474473895398,18.493161917294547,-4.857687443399148,-0.0001762003267185249,5.365661942725104,21.908902300206645,4.083168588343749
8.104166666666666,track,-4.104522000348382,0.0,10.271050433356843,5.085106768148574,-3.855741879679694,13.0,-1.74279610612352,1.0,5.91948558853843,13.635474473895398,18.472984763184293,-4.837510289288896,-0.0001762003267185249,5.365661942725104,21.908902300206645,4.083168588343749
8.108333333333333,track,-4.083296818169933,0.0,10.254972763081732,5.094043722827703,-3.8586408660268625,13.0,-1.74279610612352,1.0,5.9180928446214915,13.604699324452406,18.452763996413452,-4.848064671961046,-0.00017263368567737485,5.365661942725104,21.908902300206645,4.083168588343749
8.1125,track,-4.062034444869564,0.0,10.238883137967154,5.10296959208869,-3.861510027498507,13.0,-1.74279610612352,1.0,5.9180928446214915,13.604699324452406,18.432500155806014,-4.82780083135361,-0.00017263368567737485,5.365661942725104,21.908902300206645,4.083168588343749
8.116666666666667,track,-4.040734930003241,0.0,10.222781670950953,5.111883567917517,-3.8643520838881926,13.0,-1.74279610612352,1.0,5.916697678138302,13.573995391793789,18.412193821407868,-4.83819842961408,-0.00016908937655973303,5.365661942725104,21.908902300206645,4.083168588343749
8.120833333333334,track,-4.019398325358116,0.0,10.206668467606649,5.120785114830061,-3.8671688026329094,13.0,-1.74279610612352,1.0,5.916697678138302,13.573995391793789,18.391845527006012,-4.817850135212224,-0.00016908937655973303,5.365661942725104,21.908902300206645,4.083168588343749
8.125,track,-3.9980246626315297,0.0,10.190543705363599,5.12967905438083,-3.8699429383320605,13.0,-1.7158495197576276,1.0,5.95291618724299,13.543372763906794,18.371455852108237,-4.828083088201444,-0.0001655660896273969,5.365661942725104,21.908902300206645,4.083168588343749
8.129166666666666,track,-3.9766139773057954,0.0,10.17440754892735,5.138564478176275,-3.872677544699524,13.0,-1.7158495197576276,1.0,5.95291618724299,13.543372763906794,18.351025330190716,-4.807652566283924,-0.0001655660896273969,5.365661942725104,21.908902300206645,4.083168588343749
8.133333333333333,track,-3.955166309194064,0.0,10.158260148271575,5.147440346815572,-3.8753761573860435,13.0,-3.0458995158065303,1.0,5.951507863514332,13.512812289441763,18.330554535243387,-4.8177422458016235,-0.0001620669592714741,3.022643531025611,22.360679774997898,7.397723067731613
8.1375,track,-3.9336817012222562,0.0,10.142101642910044,5.15630591323381,-3.878041286767529,13.0,-3.0458995158065303,1.0,5.951507863514332,13.512812289441763,18.310043995529924,-4.79723170608816,-0.0001620669592714741,3.022643531025611,22.360679774997898,7.397723067731613
8.141666666666666,track,-3.9121602000297475,0.0,10.125932159696204,5.165160286202051,-3.8806759713215757,13.0,-3.0458995158065303,1.0,5.950097687909235,13.482317008902696,18.28949427962151,-4.807177270718813,-0.00015859176335247045,3.022643531025611,22.360679774997898,7.397723067731613
8.145833333333334,track,-3.890601854802788,0.0,10.109751816933269,5.1740028544703245,-3.883282263104227,13.0,-3.0458995158065303,1.0,5.950097687909235,13.482317008902696,18.26890591067914,-4.7865889017764465,-0.00015859176335247045,3.022643531025611,22.360679774997898,7.397723067731613
8.15,track,-3.8690067179211263,0.0,10.093560722010647,5.182832851598735,-3.8858627814291085,13.0,-3.0458995158065303,1.0,5.94868585052346,13.451898207608398,18.24827945199598,-4.796381244387583,-0.00015513900715027928,3.022643531025611,22.360679774997898,7.397723067731613
8.154166666666667,track,-3.8473748438352753,0.0,10.077358975377432,5.191649780604263,-3.8884191919715154,13.0,-3.0458995158065303,1.0,5.94868585052346,13.451898207608398,18.227615421774708,-4.775717214166309,-0.00015513900715027928,3.022643531025611,22.360679774997898,7.397723067731613
8.158333333333333,track,-3.825706289751505,0.0,10.061146668040609,5.200452980104858,-3.890953760837692,13.0,-3.0458995158065303,1.0,5.947272538523467,13.421565375942784,18.206914378195815,-4.785349002253031,-0.00015170745422967064,3.022643531025611,22.360679774997898,7.397723067731613
8.1625,track,-3.8040011145464696,0.0,10.044923885423408,5.209242049208501,-3.893467828128022,13.0,-3.0458995158065303,1.0,5.947272538523467,13.421565375942784,18.186176834667894,-4.76461145872511,-0.00015170745422967064,3.022643531025611,22.360679774997898,7.397723067731613
8.166666666666666,track,-3.7822593588760793,0.0,10.028690779084885,5.218021360893613,-3.895945521245843,13.0,-1.9485411606667198,1.0,5.980035573138711,13.391326493650283,18.165403348852582,-4.774076855202298,-0.0001482960895225722,4.650220816962478,22.360679774997898,4.8085199940255485
8.170833333333333,track,-3.7604810665074613,0.0,10.012447489960067,5.226790168468376,-3.8983893899561997,13.0,-1.9485411606667198,1.0,5.980035573138711,13.391326493650283,18.144594433838577,-4.753267940188296,-0.0001482960895225722,4.650220816962478,22.360679774997898,4.8085199940255485
8.175,track,-3.7386662849169796,0.0,9.99619414613997,5.235547581715634,-3.900802516823309,13.0,-1.9485411606667198,1.0,5.978611724837862,13.361163498490791,18.123750642006275,-4.762587143515484,-0.00014490787861121178,4.650220816962478,22.360679774997898,4.8085199940255485
8.179166666666667,track,-3.716815064124775,0.0,9.979930867029191,5.244292990129117,-3.903186986586877,13.0,-1.9485411606667198,1.0,5.978611724837862,13.361163498490791,18.10287248147091,-4.741708982980119,-0.00014490787861121178,4.650220816962478,22.360679774997898,4.8085199940255485
8.183333333333334,track,-3.694927457338378,0.0,9.963657760962043,5.25302562873517,-3.905545456115341,13.0,-1.9485411606667198,1.0,5.977186942731502,13.331078364168873,18.081960499440513,-4.750882135271642,-0.00014154274252692366,4.650220816962478,22.360679774997898,4.8085199940255485
8.1875,track,-3.67300351983176,0.0,9.947374929219816,5.261745001588398,-3.9078796181347224,13.0,-1.9485411606667198,1.0,5.977186942731502,13.331078364168873,18.061015199171695,-4.729936835002824,-0.00014154274252692366,4.650220816962478,22.360679774997898,4.8085199940255485
8.191666666666666,track,-3.651043309626947,0.0,9.931082463508298,5.270450449155101,-3.910191770764316,13.0,-1.9485411606667198,1.0,5.975761404759234,13.301080566149949,18.040037122838214,-4.738956556688263,-0.00013819944059354416,4.650220816962478,22.360679774997898,4.8085199940255485
8.195833333333333,track,-3.6290468864110697,0.0,9.9147804498565,5.279141571810528,-3.9124832764314843,13.0,-1.9485411606667198,1.0,5.975761404759234,13.301080566149949,18.019026768977017,-4.717946202827068,-0.00013819944059354416,4.650220816962478,22.360679774997898,4.8085199940255485
8.2,track,-3.607014293773593,0.0,9.89846903349031,5.287822232994403,-3.9147399278860777,13.0,-1.2460929320323675,1.0,6.005340587824446,13.27117806459802,17.997984679004794,-4.726806614406773,-0.00013487695150648355,7.1541858722499665,22.360679774997898,3.1255379961166065
8.204166666666666,track,-3.584945578226816,0.0,9.882148349501282,5.296491731226464,-3.9169641573665093,13.0,-1.2460929320323675,1.0,6.005340587824446,13.27117806459802,17.976911350889576,-4.705733286291555,-0.00013487695150648355,7.1541858722499665,22.360679774997898,3.1255379961166065
8.208333333333334,track,-3.5628407898145515,0.0,9.865818520560628,5.3051492189435105,-3.919158945756944,13.0,-1.2460929320323675,1.0,6.003906657829459,13.24135533734565,17.955807320821247,-4.7144519834755965,-0.00013157785244396786,7.1541858722499665,22.360679774997898,3.1255379961166065
8.2125,track,-3.5406999809644564,0.0,9.849479661067585,5.3137941240228805,-3.921326278330192,13.0,-1.2460929320323675,1.0,6.003906657829459,13.24135533734565,17.934673081852075,-4.693317744506426,-0.00013157785244396786,7.1541858722499665,22.360679774997898,3.1255379961166065
8.216666666666667,track,-3.5185232071395065,0.0,9.833131874707165,5.322425717987961,-3.9234687265008437,13.0,-1.2460929320323675,1.0,6.0024724892371575,13.211614714864284,17.913509165051565,-4.701894450187281,-0.00012830199506437534,7.1541858722499665,22.360679774997898,3.1255379961166065
8.220833333333333,track,-3.4963105257332594,0.0,9.81677525846203,5.331043537499262,-3.9255878988322084,13.0,-1.2460929320323675,1.0,6.0024724892371575,13.211614714864284,17.892316058667618,-4.680701343803335,-0.00012830199506437534,7.1541858722499665,22.360679774997898,3.1255379961166065
8.225,track,-3.474061996756894,0.0,9.80040990003836,5.339646954327687,-3.9276860216808727,13.0,-1.2460929320323675,1.0,6.001038250634469,13.1819651571261,17.8710942887825,-4.689129131656399,-0.00012504819866903576,7.1541858722499665,22.360679774997898,3.1255379961166065
8.229166666666666,track,-3.4517776817711905,0.0,9.784035881762232,5.348235596568918,-3.929764386270783,13.0,-1.2460929320323675,1.0,6.001038250634469,13.1819651571261,17.84984433897318,-4.66787918184708,-0.00012504819866903576,7.1541858722499665,22.360679774997898,3.1255379961166065
8.233333333333333,track,-3.4294576446029894,0.0,9.76765327789434,5.356808920368283,-3.931824928294374,13.0,-0.8099604058210389,1.0,5.999604107788842,13.152414184351175,17.82856673048251,-4.676152546131334,-0.00012181549096417681,11.006439803461486,22.360679774997898,2.0315996974757944
8.2375,track,-3.4071019503086406,0.0,9.751262158428657,5.3653666306436945,-3.9338686717636726,13.0,-0.8099604058210389,1.0,5.999604107788842,13.152414184351175,17.80726194236142,-4.654847758010247,-0.00012181549096417681,11.006439803461486,22.360679774997898,2.0315996974757944
8.241666666666667,track,-3.3847106494305494,0.0,9.734862647554039,5.373912210741826,-3.935882609908509,13.0,-0.79659303411962,1.0,6.026241981576327,13.12296810581579,17.78593049502677,-4.662962389210979,-0.00011860307784877235,11.006439803461486,22.360679774997898,2.0315996974757944
8.245833333333334,track,-3.362283794898009,0.0,9.718454861028722,5.382445087809728,-3.9378687660761535,13.0,-0.79659303411962,1.0,6.026241981576327,13.12296810581579,17.76457286687755,-4.641604761061759,-0.00011860307784877235,11.006439803461486,22.360679774997898,2.0315996974757944
8.25,track,-3.3398214426705333,0.0,9.702038903734735,5.390964534594101,-3.9398297505568265,13.0,-0.79659303411962,1.0,6.024801808342196,13.09361240032953,17.743189573302736,-4.649577172973207,-0.00011541337344060881,11.006439803461486,22.360679774997898,2.0315996974757944
8.254166666666666,track,-3.317323650639564,0.0,9.68561487371893,5.399470087432646,-3.9417672037931597,13.0,-0.79659303411962,1.0,6.024801808342196,13.09361240032953,17.721781087984347,-4.628168687654818,-0.00011541337344060881,11.006439803461486,22.360679774997898,2.0315996974757944
8.258333333333333,track,-3.294790479307115,0.0,9.669182859614802,5.407961119787764,-3.9436833849904662,13.0,-0.79659303411962,1.0,6.023362215919491,13.064348581591378,17.700347921391856,-4.635999339800476,-0.00011224633380181018,11.006439803461486,22.360679774997898,2.0315996974757944
8.2625,track,-3.272221990724781,0.0,9.652742944564592,5.416437259760262,-3.9455796120503805,13.0,-0.79659303411962,1.0,6.023362215919491,13.064348581591378,17.67889054260083,-4.614541961009451,-0.00011224633380181018,11.006439803461486,22.360679774997898,2.0315996974757944
8.266666666666666,track,-3.249618249201531,0.0,9.636295203529572,5.424897965580066,-3.9474578484045066,13.0,-0.517785472177753,1.0,6.021923360834216,13.035184160652072,17.65740945728813,-4.622225296636056,-0.00010910097828555922,16.932984313017673,22.360679774997898,1.3205398033592664
8.270833333333334,track,-3.2269793202747334,0.0,9.619839707111314,5.433342942431368,-3.949319140382028,13.0,-0.517785472177753,1.0,6.021923360834216,13.035184160652072,17.63590513004837,-4.6007209693963,-0.00010910097828555922,16.932984313017673,22.360679774997898,1.3205398033592664
8.275,track,-3.204305256715155,0.0,9.603376574225296,5.441775254298758,-3.951151892644479,13.0,-0.5090561443728846,1.0,6.045878855225863,13.006125432646817,17.61437806546909,-4.608252632822272,-0.00010597650307858902,16.932984313017673,22.360679774997898,1.3205398033592664
8.279166666666667,track,-3.181596113527503,0.0,9.586905915759406,5.450194365036598,-3.9529580318134094,13.0,-0.5090561443728846,1.0,6.045878855225863,13.006125432646817,17.592828727228696,-4.586703294581881,-0.00010597650307858902,16.932984313017673,22.360679774997898,1.3205398033592664
8.283333333333333,track,-3.158851948596828,0.0,9.57042783208524,5.458599583361915,-3.954740081799572,13.0,-0.5090561443728846,1.0,6.044435873288842,12.977159970824687,17.571257614928236,-4.59409764410355,-0.00010287499419951891,16.932984313017673,22.360679774997898,1.3205398033592664
8.2875,track,-3.1360728216106284,0.0,9.5539424170791,5.4669904766879,-3.9564996014740017,13.0,-0.5090561443728846,1.0,6.044435873288842,12.977159970824687,17.549665187573215,-4.572505216748527,-0.00010287499419951891,16.932984313017673,22.360679774997898,1.3205398033592664
8.291666666666666,track,-3.113258794738247,0.0,9.53744975550724,5.475366449371585,-3.9582387772461973,13.0,-0.5090561443728846,1.0,6.042994088449689,12.948289581529183,17.52805193988348,-4.579762358354295,-9.97963463577672e-05,16.932984313017673,22.360679774997898,1.3205398033592664
8.295833333333333,track,-3.090409931588952,0.0,9.520949926931104,5.483727155830813,-3.9599588582726453,13.0,-0.5090561443728846,1.0,6.042994088449689,12.948289581529183,17.506418326298444,-4.5581287447692596,-9.97963463577672e-05,16.932984313017673,22.360679774997898,1.3205398033592664
8.3,track,-3.0675262979184734,0.0,9.50444300298679,5.492072080914896,-3.961661746635347,13.0,-0.33088649384237495,1.0,6.041553647956737,12.919521349190576,17.48476483677888,-4.565243487588304,-9.673962552770221e-05,26.050745096950266,22.360679774997898,0.8583508721835231
8.304166666666667,track,-3.0446079606180296,0.0,9.48792905119192,5.500400952106495,-3.9633484307690336,13.0,-0.33088649384237495,1.0,6.041553647956737,12.919521349190576,17.463091921318572,-4.5435705721279955,-9.673962552770221e-05,26.050745096950266,22.360679774997898,0.8583508721835231
8.308333333333334,track,-3.0216549884430313,0.0,9.471408132136549,5.508713321999653,-3.9650205732890456,13.0,-0.33088649384237495,1.0,6.0401146963733625,12.89086120453885,17.44140006524953,-4.550538860710677,-9.370406541335486e-05,26.050745096950266,22.360679774997898,0.8583508721835231
8.3125,track,-2.998667451028811,0.0,9.454880303206389,5.517008979412886,-3.9666789432384406,13.0,-0.33088649384237495,1.0,6.0401146963733625,12.89086120453885,17.419689714246413,-4.528828509707562,-9.370406541335486e-05,26.050745096950266,22.360679774997898,0.8583508721835231
8.316666666666666,track,-2.9756454065411004,0.0,9.438345665876968,5.5252906770505446,-3.968312959061259,13.0,-0.3251887076783953,1.0,6.061613301692675,12.862314108418024,17.3979613524473,-4.535647244029277,-9.068904282804474e-05,26.050745096950266,22.360679774997898,0.8583508721835231
8.320833333333333,track,-2.9525889149472713,0.0,9.421804315003815,5.533557982518968,-3.9699242095565235,13.0,-0.3251887076783953,1.0,6.061613301692675,12.862314108418024,17.37621542450061,-4.513901316082586,-9.068904282804474e-05,26.050745096950266,22.360679774997898,0.8583508721835231
8.325,track,-2.9294980386837746,0.0,9.405256336216464,5.5418103032392505,-3.971514908964336,13.0,-0.3251887076783953,1.0,6.060172299087258,12.833868467424203,17.354452409731184,-4.520583942306982,-8.769650148897823e-05,26.050745096950266,22.360679774997898,0.8583508721835231
8.329166666666666,track,-2.9063728416255987,0.0,9.388701809834265,5.550047293962209,-3.973086331727775,13.0,-0.3251887076783953,1.0,6.060172299087258,12.833868467424203,17.332672748286,-4.4988042808617985,-8.769650148897823e-05,26.050745096950266,22.360679774997898,0.8583508721835231
8.333333333333334,track,-2.883213389780581,0.0,9.372140808154276,5.558268442804225,-3.974640403197226,13.0,-0.21137265999095697,1.0,6.0587332119235695,12.805525428840967,17.310876914779406,-4.505351485938438,-8.472641642623087e-05,40.07806937992348,22.360679774997898,0.5579280669192901
8.3375,track,-2.8600197502902227,0.0,9.355573399265928,5.566473477686007,-3.9761781332033217,13.0,-0.21137265999095697,1.0,6.0587332119235695,12.805525428840967,17.289065344959496,-4.483539916118528,-8.472641642623087e-05,40.07806937992348,22.360679774997898,0.5579280669192901
8.341666666666667,track,-2.8367919921458986,0.0,9.338999644250256,5.574661954637756,-3.977701203761551,13.0,-0.21137265999095697,1.0,6.057296175683049,12.777290898814565,17.26723850884407,-4.489947610029506,-8.177801346448616e-05,40.07806937992348,22.360679774997898,0.5579280669192901
8.345833333333333,track,-2.8135301852167647,0.0,9.322419600908361,5.582833662992189,-3.9792104020547447,13.0,-0.21137265999095697,1.0,6.057296175683049,12.777290898814565,17.24539683789373,-4.468105939079164,-8.177801346448616e-05,40.07806937992348,22.360679774997898,0.5579280669192901
8.35,track,-2.790234389314512,0.0,9.305833366231198,5.590991016540681,-3.9806963225190466,13.0,-0.2076552022008664,1.0,6.076566624796158,12.74916981171168,17.223540800677466,-4.474370988965788,-7.885066019438852e-05,40.07806937992348,22.360679774997898,0.5579280669192901
8.354166666666666,track,-2.7669046659270644,0.0,9.289241030927869,5.5991336129874805,-3.982160472799221,13.0,-0.2076552022008664,1.0,6.076566624796158,12.74916981171168,17.201670827379157,-4.452501015667478,-7.885066019438852e-05,40.07806937992348,22.360679774997898,0.5579280669192901
8.358333333333333,track,-2.743541078883065,0.0,9.27264267679586,5.607260890559866,-3.9836049916822542,13.0,-0.2076552022008664,1.0,6.075129189025317,12.721152261481546,17.179787381791503,-4.458635120309959,-7.594602978780744e-05,40.07806937992348,22.360679774997898,0.5579280669192901
8.3625,track,-2.7201436933438927,0.0,9.256038380606435,5.615372529401369,-3.9850310854616247,13.0,-0.2076552022008664,1.0,6.075129189025317,12.721152261481546,17.157890889635848,-4.436738628154303,-7.594602978780744e-05,40.07806937992348,22.360679774997898,0.5579280669192901
8.366666666666667,track,-2.6967125764930953,0.0,9.239428211374447,5.623468044191345,-3.986440615677096,13.0,-4.19538497749357,1.0,6.073694204760139,12.693239620250099,17.135981810027737,-4.442742189777637,-7.306404566815726e-05,1.9837082045043661,23.45207879911715,11.822342996749718
8.370833333333334,track,-2.6732477965586257,0.0,9.222812234145257,5.63154718427275,-3.9878345350057485,13.0,-4.19538497749357,1.0,6.073694204760139,12.693239620250099,17.114060564324568,-4.420820944074471,-7.306404566815726e-05,1.9837082045043661,23.45207879911715,11.822342996749718
8.375,track,-2.6497494235225094,0.0,9.20619050718087,5.639609528667888,-3.9892144714532383,13.0,-4.19538497749357,1.0,6.072261798450079,12.665437436473772,17.09212760707408,-4.426690170600306,-7.020397042198714e-05,1.9837082045043661,23.45207879911715,11.822342996749718
8.379166666666666,track,-2.6262175281692497,0.0,9.189563085662773,5.647654884782305,-3.990581164343341,13.0,-4.19538497749357,1.0,6.072261798450079,12.665437436473772,17.070183355376322,-4.40474591890255,-7.020397042198714e-05,1.9837082045043661,23.45207879911715,11.822342996749718
8.383333333333333,track,-2.602652182811746,0.0,9.172930018808614,5.655682885800841,-3.991936044998206,13.0,-4.19538497749357,1.0,6.070832094016758,12.637750338768026,17.048228259324485,-4.41047792055646,-6.736520073375265e-05,1.9837082045043661,23.45207879911715,11.822342996749718
8.3875,track,-2.5790534603624553,0.0,9.156291353503072,5.663693387829812,-3.993279673330353,13.0,-4.19538497749357,1.0,6.070832094016758,12.637750338768026,17.026262731870464,-4.388512393102436,-6.736520073375265e-05,1.9837082045043661,23.45207879911715,11.822342996749718
8.391666666666666,track,-2.5554214247213394,0.0,9.139647172307834,5.671688553867792,-3.9946034868571694,13.0,-4.120026322546082,1.0,6.088073988757538,12.61018218273813,17.004287221546285,-4.394105038808155,-6.454724747068726e-05,1.9837082045043661,23.45207879911715,11.822342996749718
8.395833333333334,track,-2.531756141117907,0.0,9.122997552661458,5.679668064823841,-3.9959087151302133,13.0,-4.120026322546082,1.0,6.088073988757538,12.61018218273813,16.982302139914147,-4.372119957176018,-6.454724747068726e-05,1.9837082045043661,23.45207879911715,11.822342996749718
8.4,track,-2.5080576767856444,0.0,9.106342564168637,5.687631439742963,-3.9971972382769447,13.0,-4.292496002099215,1.0,6.086645670448621,12.582723735612854,16.96030793088279,-4.377584195269938,-6.17516632850009e-05,1.9040041073565823,23.916521486202797,12.561171162286628
8.404166666666667,track,-2.484326099999479,0.0,9.089682272381632,5.6955784286796165,-3.9984700288810644,13.0,-4.292496002099215,1.0,6.086645670448621,12.582723735612854,16.938305001702023,-4.355581266089168,-6.17516632850009e-05,1.9040041073565823,23.916521486202797,12.561171162286628
8.408333333333333,track,-2.4605614807701945,0.0,9.073016736005814,5.703508615028356,-3.9997287301965483,13.0,-4.292496002099215,1.0,6.085220421486212,12.55537583462925,16.916293791751237,-4.360917957121985,-5.897843340281711e-05,1.9040041073565823,23.916521486202797,12.561171162286628
8.4125,track,-2.4367638899083173,0.0,9.056346010594774,5.71142180685059,-4.000974098649478,13.0,-4.292496002099215,1.0,6.085220421486212,12.55537583462925,16.89427470406028,-4.338898869431031,-5.897843340281711e-05,1.9040041073565823,23.916521486202797,12.561171162286628
8.416666666666666,track,-2.41293339973454,0.0,9.039670145686534,5.719317641706604,-4.002207577977746,13.0,-4.292496002099215,1.0,6.083798357027442,12.528143073556455,16.87224817357958,-4.3441051000231266,-5.6226947192875064e-05,1.9040041073565823,23.916521486202797,12.561171162286628
8.420833333333333,track,-2.389070083166615,0.0,9.022989188424644,5.727195976301924,-4.00342974285371,13.0,-4.292496002099215,1.0,6.083798357027442,12.528143073556455,16.850214599216248,-4.322071525659793,-5.6226947192875064e-05,1.9040041073565823,23.916521486202797,12.561171162286628
8.425,track,-2.365174005238284,0.0,9.006303217586973,5.735058702799423,-4.004633001041126,13.0,-4.21374573585523,1.0,6.099207440838023,12.501029273509888,16.82817441412882,-4.327145140618931,-5.349670688654365e-05,1.9040041073565823,23.916521486202797,12.561171162286628
8.429166666666667,track,-2.341245232211386,0.0,8.989612307108443,5.742905526455594,-4.005818514847406,13.0,-4.21374573585523,1.0,6.099207440838023,12.501029273509888,16.806128015611087,-4.305098742101199,-5.349670688654365e-05,1.9040041073565823,23.916521486202797,12.561171162286628
8.433333333333334,track,-2.317283832242476,0.0,8.972916523363503,5.750735992538336,-4.006988098785333,13.0,-2.7389347283059,1.0,6.097788165730305,12.474026545854255,16.784075832233682,-4.310049286379428,-5.078904445057525e-05,2.929237088240896,23.916521486202797,8.164761255486308
8.4375,track,-2.293289874444306,0.0,8.956215928908271,5.758549871560823,-4.008142669255543,13.0,-2.7389347283059,1.0,6.097788165730305,12.474026545854255,16.762018257014663,-4.287991711160409,-5.078904445057525e-05,2.929237088240896,23.916521486202797,8.164761255486308
8.441666666666666,track,-2.269263429570853,0.0,8.939510579684141,5.766346769628687,-4.009283813791496,13.0,-2.7389347283059,1.0,6.09637241688495,12.447135897420983,16.739955714026983,-4.292819816606001,-4.810390197645996e-05,2.929237088240896,23.916521486202797,8.164761255486308
8.445833333333333,track,-2.245204569104253,0.0,8.922800528675886,5.77412651198405,-4.010412241981242,13.0,-2.7389347283059,1.0,6.09637241688495,12.447135897420983,16.71788859210144,-4.270752694680454,-4.810390197645996e-05,2.929237088240896,23.916521486202797,8.164761255486308
8.45,track,-2.221113365954484,0.0,8.9060858230502,5.781888755944578,-4.011529350164818,13.0,-2.7389347283059,1.0,6.094960300817553,12.42036162476367,16.69581731090929,-4.275455686145621,-4.544069716896622e-05,2.929237088240896,23.916521486202797,8.164761255486308
8.454166666666666,track,-2.1969898935685097,0.0,8.889366507741574,5.789633372633813,-4.0126356740701095,13.0,-2.7389347283059,1.0,6.094960300817553,12.42036162476367,16.673742255186912,-4.253380630423243,-4.544069716896622e-05,2.929237088240896,23.916521486202797,8.164761255486308
8.458333333333334,track,-2.1728342266414455,0.0,8.872642622537438,5.797360062495406,-4.013732448992601,13.0,-2.7389347283059,1.0,6.0935519216902465,12.393707294701802,16.65166384030118,-4.257956545599376,-4.279895420740193e-05,2.929237088240896,23.916521486202797,8.164761255486308
8.4625,track,-2.1486464402451846,0.0,8.855914205601756,5.805068735102674,-4.014820064563314,13.0,-2.7389347283059,1.0,6.0935519216902465,12.393707294701802,16.629582446987282,-4.235875152285481,-4.279895420740193e-05,2.929237088240896,23.916521486202797,8.164761255486308
8.466666666666667,track,-2.1244266024001597,0.0,8.839181323840084,5.8127610828059755,-4.0158916228013455,13.0,-1.7469455528853737,1.0,6.10730081117658,12.36717586096019,16.607498488714505,-4.240322627754316,-4.017828775110634e-05,4.506518597293686,23.916521486202797,5.3070948160661
8.470833333333333,track,-2.1001747820794066,0.0,8.822444040261704,5.820436876980714,-4.016948058811012,13.0,-1.7469455528853737,1.0,6.10730081117658,12.36717586096019,16.585412344500885,-4.2182364835406965,-4.017828775110634e-05,4.506518597293686,23.916521486202797,5.3070948160661
8.475,track,-2.075891049876225,0.0,8.805702411212309,5.828095728763558,-4.017990971854714,13.0,-1.7469455528853737,1.0,6.105896725689153,12.340759970903093,16.56332442336342,-4.222564452460325,-3.7579928914278546e-05,4.506518597293686,23.916521486202797,5.3070948160661
8.479166666666666,track,-2.051575477109123,0.0,8.78895649001316,5.835737464104415,-4.0190210877957435,13.0,-1.7469455528853737,1.0,6.105896725689153,12.340759970903093,16.541235100176557,-4.200475129273463,-3.7579928914278546e-05,4.506518597293686,23.916521486202797,5.3070948160661
8.483333333333333,track,-2.027228136503917,0.0,8.772206324128787,5.843361745249374,-4.020039812249299,13.0,-1.7469455528853737,1.0,6.104496686787026,12.314460198915283,16.519144779588807,-4.204684580673525,-3.5003866568393354e-05,4.506518597293686,23.916521486202797,5.3070948160661
8.4875,track,-2.0028491013210346,0.0,8.755451958732161,5.85096844389184,-4.021047695190003,13.0,-1.7469455528853737,1.0,6.104496686787026,12.314460198915283,16.49705383241269,-4.182593633497407,-3.5003866568393354e-05,4.506518597293686,23.916521486202797,5.3070948160661
8.491666666666667,track,-1.9784384460488902,0.0,8.738693433819218,5.858557265314641,-4.022045979106133,13.0,-1.7469455528853737,1.0,6.103100790312985,12.288280073125229,16.474962659015407,-4.186682585890179,-3.2449617694224045e-05,4.506518597293686,23.916521486202797,5.3070948160661
8.495833333333334,track,-1.9539962455508184,0.0,8.721930787710118,5.866128119537251,-4.023035066184109,13.0,-1.7469455528853737,1.0,6.103100790312985,12.288280073125229,16.452871626231328,-4.164591553106099,-3.2449617694224045e-05,4.506518597293686,23.916521486202797,5.3070948160661
8.5,track,-1.9295225685327906,0.0,8.705164084155088,5.8736824843267,-4.024008853207185,13.0,-1.1137766112905438,1.0,6.115353732296539,12.262222510127149,16.43078113233047,-4.168558622203319,-2.9916788537212688e-05,6.933105534297979,23.916521486202797,3.4496116304429654
8.504166666666666,track,-1.905017484572714,0.0,8.688393383236106,5.881220150418381,-4.024968220555771,13.0,-1.1137766112905438,1.0,6.115353732296539,12.262222510127149,16.408691542238454,-4.146469032111305,-2.9916788537212688e-05,6.933105534297979,23.916521486202797,3.4496116304429654
8.508333333333333,track,-1.8804810647764691,0.0,8.671618738607473,5.888740751098719,-4.0259147108720095,13.0,-1.1137766112905438,1.0,6.113963297198301,12.236281219914053,16.386603249808186,-4.150322029894133,-2.740643131907486e-05,6.933105534297979,23.916521486202797,3.4496116304429654
8.5125,track,-1.8559133809076938,0.0,8.654840201088374,5.896244128506088,-4.026849004583332,13.0,-1.1137766112905438,1.0,6.113963297198301,12.236281219914053,16.36451661585755,-4.128235395943496,-2.740643131907486e-05,6.933105534297979,23.916521486202797,3.4496116304429654
8.516666666666666,track,-1.8313145060570033,0.0,8.638057815842588,5.903729964165712,-4.027772458988577,13.0,-1.1137766112905438,1.0,6.112577289379432,12.210456903836373,16.34243202990263,-4.131975126066253,-2.491849869888684e-05,6.933105534297979,23.916521486202797,3.4496116304429654
8.520833333333334,track,-1.8066845137933016,0.0,8.62127162589897,5.911198143288405,-4.028685586468316,13.0,-1.1137766112905438,1.0,6.112577289379432,12.210456903836373,16.320349848731496,-4.1098929448951225,-2.491849869888684e-05,6.933105534297979,23.916521486202797,3.4496116304429654
8.525,track,-1.7820234788432083,0.0,8.604481669281572,5.918648388022394,-4.0295895881753845,13.0,-1.1137766112905438,1.0,6.111195796543819,12.184752845822285,16.29827045760669,-4.113517611784404,-2.245252875147279e-05,6.933105534297979,23.916521486202797,3.4496116304429654
8.529166666666667,track,-1.7573314762613117,0.0,8.58768798246773,5.9260806196551785,-4.030484835322193,13.0,-1.1137766112905438,1.0,6.111195796543819,12.184752845822285,16.27619420936646,-4.091441363544175,-2.245252875147279e-05,6.933105534297979,23.916521486202797,3.4496116304429654
8.533333333333333,track,-1.7326085821172932,0.0,8.570890597478142,5.933494594564466,-4.031372397501143,13.0,-2.2260745090149756,1.0,6.109818904227733,12.159171753286705,16.25412148510273,-4.094949731816026,-2.00081435743028e-05,3.468855492679365,24.372115213907882,7.0259817006913465
8.5375,track,-1.7078548726829514,0.0,8.554089545280675,5.940890264242031,-4.032252527391977,13.0,-2.2260745090149756,1.0,6.109818904227733,12.159171753286705,16.232052633783105,-4.072880880496402,-2.00081435743028e-05,3.468855492679365,24.372115213907882,7.0259817006913465
8.541666666666666,track,-1.6830704187301002,0.0,8.537284879909304,5.948268948684314,-4.033119689128852,13.0,-2.1825327153165266,1.0,6.120723033121844,12.133715849359241,16.209988034311035,-4.076272184951795,-1.7585036519197255e-05,3.468855492679365,24.372115213907882,7.0259817006913465
8.545833333333333,track,-1.6582552916855688,0.0,8.520476652497232,5.9556304906875095,-4.033974578897492,13.0,-2.1825327153165266,1.0,6.120723033121844,12.133715849359241,16.187928033657084,-4.0542121842978425,-1.7585036519197255e-05,3.468855492679365,24.372115213907882,7.0259817006913465
8.55,track,-1.6334095642813264,0.0,8.503664908494024,5.962974577018155,-4.034818560769961,13.0,-2.1825327153165266,1.0,6.119352842020518,12.108379266427452,16.16587300642867,-4.057493740001217,-1.5184175929461113e-05,3.468855492679365,24.372115213907882,7.0259817006913465
8.554166666666667,track,-1.6085333097256833,0.0,8.486849691156138,5.97030109335437,-4.035652161092397,13.0,-2.1825327153165266,1.0,6.119352842020518,12.108379266427452,16.14382329560593,-4.035444029178479,-1.5184175929461113e-05,3.468855492679365,24.372115213907882,7.0259817006913465
8.558333333333334,track,-1.5836266023634555,0.0,8.470031038714648,5.977609766934646,-4.036476585957761,13.0,-2.1825327153165266,1.0,6.117987505825218,12.083162357955716,16.121779271574045,-4.038616913618329,-1.2805549077043554e-05,3.468855492679365,24.372115213907882,7.0259817006913465
8.5625,track,-1.5586895168661745,0.0,8.453208987801945,5.984900519347425,-4.037292219048621,13.0,-2.1825327153165266,1.0,6.117987505825218,12.083162357955716,16.099741273393917,-4.0165789154382,-1.2805549077043554e-05,3.468855492679365,24.372115213907882,7.0259817006913465
8.566666666666666,track,-1.5337221288997986,0.0,8.43638357057969,5.992173111930191,-4.038100133341381,13.0,-1.4186462649557423,1.0,6.116627102293869,12.058067793174247,16.077709667303576,-4.019641874129328,-1.0448770702952662e-05,5.336700757968254,24.372115213907882,4.566888105449375
8.570833333333333,track,-1.5087245143317576,0.0,8.419554818109935,5.999427496329852,-4.038900592740912,13.0,-1.4186462649557423,1.0,6.116627102293869,12.058067793174247,16.055684788516544,-3.9976169953422964,-1.0448770702952662e-05,5.336700757968254,24.372115213907882,4.566888105449375
8.575,track,-1.48369674423288,0.0,8.402722781823925,6.0066648237306275,-4.039688708642241,13.0,-1.3902887110602484,1.0,6.126318186229197,12.033097759068946,16.033667000916267,-4.000569241847322,-8.113525746552218e-06,5.336700757968254,24.372115213907882,4.566888105449375
8.579166666666666,track,-1.4586388902659861,0.0,8.385887510434205,6.013884952054521,-4.040465133532815,13.0,-1.3902887110602484,1.0,6.126318186229197,12.033097759068946,16.011656637560957,-3.9785588784920107,-8.113525746552218e-06,5.336700757968254,24.372115213907882,4.566888105449375
8.583333333333334,track,-1.433551025321541,0.0,8.369049047172117,6.021087586666815,-4.041231182901224,13.0,-1.3902887110602484,1.0,6.12496543415921,12.008247223203321,15.989654058074299,-3.981406834870977,-5.800638128132291e-06,5.336700757968254,24.372115213907882,4.566888105449375
8.5875,track,-1.4084332227139769,0.0,8.352207433225852,6.028272625815428,-4.0419873471039445,13.0,-1.3902887110602484,1.0,6.12496543415921,12.008247223203321,15.96765959156032,-3.959412368356998,-5.800638128132291e-06,5.336700757968254,24.372115213907882,4.566888105449375
8.591666666666667,track,-1.3832855568264084,0.0,8.335362704931928,6.035439813016411,-4.042734790541628,13.0,-1.3902887110602484,1.0,6.123617845750094,11.983516633697986,15.94567359345348,-3.9621569597554926,-3.510064519199308e-06,5.336700757968254,24.372115213907882,4.566888105449375
8.595833333333333,track,-1.3581081023252544,0.0,8.318514897151045,6.042589080276984,-4.043473867411783,13.0,-1.3902887110602484,1.0,6.123617845750094,11.983516633697986,15.92369638897165,-3.9401797552736615,-3.510064519199308e-06,5.336700757968254,24.372115213907882,4.566888105449375
8.6,track,-1.3329009348116694,0.0,8.301664040422757,6.049720203260397,-4.044205614789329,13.0,-0.9036876621891615,1.0,6.122275491204557,11.958908461150838,15.901728329431837,-3.9428198682809987,-1.2414346978073965e-06,8.210308858412699,24.372115213907882,2.968477268542094
8.604166666666666,track,-1.3076641300524103,0.0,8.284810164286997,6.056833142222161,-4.044930272582513,13.0,-0.9036876621891615,1.0,6.122275491204557,11.958908461150838,15.879769736234312,-3.9208612750834746,-1.2414346978073965e-06,8.210308858412699,24.372115213907882,2.968477268542094
8.608333333333333,track,-1.2823977646360134,0.0,8.267953294409741,6.063927699935248,-4.045648770541283,13.0,-0.9036876621891615,1.0,6.120938438749885,11.93442472217339,15.857820956649338,-3.9233962344759497,1.0055556000223643e-06,8.210308858412699,24.372115213907882,2.968477268542094
8.6125,track,-1.2571019152181806,0.0,8.251093455856847,6.071003860279885,-4.04636125269486,13.0,-0.9036876621891615,1.0,6.120938438749885,11.93442472217339,15.83588230832674,-3.90145758615335,1.0055556000223643e-06,8.210308858412699,24.372115213907882,2.968477268542094
8.616666666666667,track,-1.231776654173102,0.0,8.234230692143852,6.078062650818906,-4.047063291118608,13.0,-0.8852228850029957,1.0,6.129540642442323,11.910067052052069,15.813954136109542,-3.903887084057474,3.2311548235871342e-06,8.210308858412699,24.372115213907882,2.968477268542094
8.620833333333334,track,-1.2064220542976578,0.0,8.217365044685229,6.08510397010659,-4.047755390069501,13.0,-0.8852228850029957,1.0,6.129540642442323,11.910067052052069,15.792036755422735,-3.881969703370667,3.2311548235871342e-06,8.210308858412699,24.372115213907882,2.968477268542094
8.625,track,-1.181038189435909,0.0,8.200496550030373,6.092127566819692,-4.048438717165363,13.0,-0.8852228850029957,1.0,6.128212238428544,11.885830748539833,15.770130506959418,-3.884299758419585,5.434608562656881e-06,8.210308858412699,24.372115213907882,2.968477268542094
8.629166666666666,track,-1.1556251337147292,0.0,8.183625243200607,6.099133373083174,-4.049113639143514,13.0,-0.8852228850029957,1.0,6.128212238428544,11.885830748539833,15.748235702296293,-3.8624049537564598,5.434608562656881e-06,8.210308858412699,24.372115213907882,2.968477268542094
8.633333333333333,track,-1.1301829621749029,0.0,8.166751154888546,6.10612116955831,-4.049781194894863,13.0,-0.5753948752519473,1.0,6.126889339136633,11.861715981150438,15.726352678041026,-3.8646366968905883,7.615935230093876e-06,12.631244397557996,24.372115213907882,1.9295102245523612
8.6375,track,-1.1047117500230064,0.0,8.149874314739657,6.113090916455157,-4.05044163573338,13.0,-0.5753948752519473,1.0,6.126889339136633,11.861715981150438,15.70448174198383,-3.842765760833393,7.615935230093876e-06,12.631244397557996,24.372115213907882,1.9295102245523612
8.641666666666666,track,-1.0792115732671566,0.0,8.132994748522842,6.120042421403952,-4.051095892035603,13.0,-0.5753948752519473,1.0,6.125572005623328,11.837724731322874,15.68262322671155,-3.8448984953886765,9.775446670520294e-06,12.631244397557996,24.372115213907882,1.9295102245523612
8.645833333333334,track,-1.0536825079834156,0.0,8.116112481363288,6.126975668097842,-4.051744118293026,13.0,-0.5753948752519473,1.0,6.125572005623328,11.837724731322874,15.66077743628948,-3.8230527049666057,9.775446670520294e-06,12.631244397557996,24.372115213907882,1.9295102245523612
8.65,track,-1.0281246265163573,0.0,8.099227554650097,6.1338915520939645,-4.0523824111657785,13.0,-0.5633738258392854,1.0,6.133196148405488,11.81385860126148,15.638944700744528,-3.8250860994830482,1.1913399788979922e-05,12.631244397557996,24.372115213907882,1.9295102245523612
8.654166666666667,track,-1.002538001584898,0.0,8.082340007813798,6.140789983550259,-4.053011240711926,13.0,-0.5633738258392854,1.0,6.133196148405488,11.81385860126148,15.617125321791448,-3.8032667205299675,1.1913399788979922e-05,12.631244397557996,24.372115213907882,1.9295102245523612
8.658333333333333,track,-0.9769227068903219,0.0,8.065449875593005,6.147670726698258,-4.053631732990096,13.0,-0.5633738258392854,1.0,6.1318882167638655,11.790113542092904,15.595319625345706,-3.805206083252802,1.402915645238765e-05,12.631244397557996,24.372115213907882,1.9295102245523612
8.6625,track,-0.9512788163768738,0.0,8.048557191314371,6.154533723227537,-4.054244226872324,13.0,-0.5633738258392854,1.0,6.1318882167638655,11.790113542092904,15.573527909311656,-3.7834143672187532,1.402915645238765e-05,12.631244397557996,24.372115213907882,1.9295102245523612
8.666666666666666,track,-0.9256064048456494,0.0,8.031661984125392,6.161378767493858,-4.054849725354998,13.0,-3.531614735788305,1.0,6.130586031875555,11.766489793745867,15.551750495555112,-3.785260701809244,1.6122761089106918e-05,2.0149741729330715,25.45584412271571,12.633335188441267
8.670833333333333,track,-0.8999055472308282,0.0,8.014764282220273,6.168205827557102,-4.055448457228439,13.0,-3.531614735788305,1.0,6.130586031875555,11.766489793745867,15.529987678229158,-3.763497884483291,1.6122761089106918e-05,2.0149741729330715,25.45584412271571,12.633335188441267
8.675,track,-0.8741763192175895,0.0,7.997864110046383,6.175014723177262,-4.056041321733562,13.0,-3.531614735788305,1.0,6.129289647879345,11.742989177491468,15.50823977521186,-3.765250597720392,1.819451541337433e-05,2.0149741729330715,25.45584412271571,12.633335188441267
8.679166666666667,track,-0.8484187965323597,0.0,7.980961491482454,6.181805444455152,-4.056628455343257,13.0,-3.531614735788305,1.0,6.129289647879345,11.742989177491468,15.486507076963946,-3.7435178994724767,1.819451541337433e-05,2.0149741729330715,25.45584412271571,12.633335188441267
8.683333333333334,track,-0.8226330555632094,0.0,7.964056447025002,6.188577832596071,-4.057210669788276,13.0,-3.531614735788305,1.0,6.127999117132818,11.719613157953878,15.464789897436155,-3.745176739482278,2.0244669586057923e-05,2.0149741729330715,25.45584412271571,12.633335188441267
8.6875,track,-0.796819172662746,0.0,7.947148996924279,6.19533189611121,-4.057788024173596,13.0,-3.531614735788305,1.0,6.127999117132818,11.719613157953878,15.443088523454096,-3.723475365500218,2.0244669586057923e-05,2.0149741729330715,25.45584412271571,12.633335188441267
8.691666666666666,track,-0.7709772208529795,0.0,7.93023917614454,6.202068434343968,-4.058356987137288,13.0,-3.456151716767596,1.0,6.134749238275671,11.696362900203482,15.421403266356473,-3.725040366152991,2.2273430242287715e-05,2.0149741729330715,25.45584412271571,12.633335188441267
8.695833333333333,track,-0.7451072733992607,0.0,7.913327018184978,6.208787388892501,-4.058917910294945,13.0,-3.456151716767596,1.0,6.134749238275671,11.696362900203482,15.399734410568886,-3.703371510365404,2.2273430242287715e-05,2.0149741729330715,25.45584412271571,12.633335188441267
8.7,track,-0.719209404403354,0.0,7.8964125523628175,6.215488559017621,-4.059471797318457,13.0,-3.523649963486556,1.0,6.133468887400324,11.67323461177438,15.378082263420621,-3.7048476516462423,2.428021672084104e-05,1.9763757805654047,25.92296279363144,13.116413917102019
8.704166666666666,track,-0.6932836881011832,0.0,7.879495806993348,6.222171912520989,-4.060018888672753,13.0,-3.523649963486556,1.0,6.133468887400324,11.67323461177438,15.356447105624675,-3.683212493850295,2.428021672084104e-05,1.9763757805654047,25.92296279363144,13.116413917102019
8.708333333333334,track,-0.6673301994598765,0.0,7.86257680664679,6.22883727391362,-4.060560083173864,13.0,-3.523649963486556,1.0,6.132194544770066,11.650228310333215,15.334829240557251,-3.6846009302240352,2.6265056111076214e-05,1.9763757805654047,25.92296279363144,13.116413917102019
8.7125,track,-0.6413490134894826,0.0,7.845655575279797,6.2354846328945355,-4.06109552807837,13.0,-3.523649963486556,1.0,6.132194544770066,11.650228310333215,15.31322894527249,-3.6630006349392756,2.6265056111076214e-05,1.9763757805654047,25.92296279363144,13.116413917102019
8.716666666666667,track,-0.6153402058424569,0.0,7.828732133472469,6.242113835286168,-4.061626033758664,13.0,-3.523649963486556,1.0,6.130926256221239,11.627345429595954,15.291646519249417,-3.664301089653462,2.8228206307483942e-05,1.9763757805654047,25.92296279363144,13.116413917102019
8.720833333333333,track,-0.5893038521379819,0.0,7.811806501516793,6.248724889074005,-4.062151669362155,13.0,-3.523649963486556,1.0,6.130926256221239,11.627345429595954,15.270082235936302,-3.6427368063403476,2.8228206307483942e-05,1.9763757805654047,25.92296279363144,13.116413917102019
8.725,track,-0.5632400250925265,0.0,7.794878712654569,6.255318490909295,-4.062669326933886,13.0,-3.4466150458330658,1.0,6.136891789336321,11.604587105633287,15.248536392099233,-3.643949286465945,3.0169882374352975e-05,1.9763757805654047,25.92296279363144,13.116413917102019
8.729166666666666,track,-0.537148797629552,0.0,7.777948798771542,6.26189459111387,-4.063179331926523,13.0,-3.4466150458330658,1.0,6.136891789336321,11.604587105633287,15.227009258691384,-3.6224221530580976,3.0169882374352975e-05,1.9763757805654047,25.92296279363144,13.116413917102019
8.733333333333333,track,-0.5110302434548635,0.0,7.761016787719495,6.26845300192526,-4.063682652491214,13.0,-3.4453250683395025,1.0,6.135634258889317,11.581950055303414,15.205501128511246,-3.6235510732078313,3.208959710162412e-05,1.9771157630707366,26.38181191654584,13.343584836717504
8.7375,track,-0.48488443637879514,0.0,7.744082706435794,6.2749936982564,-4.064179508088235,13.0,-3.4453250683395025,1.0,6.135634258889317,11.581950055303414,15.184012268840052,-3.602062213536637,3.208959710162412e-05,1.9771157630707366,26.38181191654584,13.343584836717504
8.741666666666667,track,-0.45871145089498344,0.0,7.727146578241494,6.281516516114814,-4.0646707666320765,13.0,-3.4453250683395025,1.0,6.134382917798086,11.559434348663714,15.162542968562898,-3.603108619899183,3.3987399799033043e-05,1.9771157630707366,26.38181191654584,13.343584836717504
8.745833333333334,track,-0.4325113615160015,0.0,7.710208425913482,6.288021450955667,-4.06515655872289,13.0,-3.4453250683395025,1.0,6.134382917798086,11.559434348663714,15.141093491340671,-3.5816591426769553,3.3987399799033043e-05,1.9771157630707366,26.38181191654584,13.343584836717504
8.75,track,-0.4062842433541179,0.0,7.693268268964683,6.294508358852067,-4.065637667711668,13.0,-3.4453250683395025,1.0,6.133137805648353,11.53704129127747,15.119664122198815,-3.5826228309213453,3.5863542078731965e-05,1.9771157630707366,26.38181191654584,13.343584836717504
8.754166666666666,track,-0.38003017146909013,0.0,7.676326126674038,6.300977252406668,-4.066114149754872,13.0,-3.4453250683395025,1.0,6.133137805648353,11.53704129127747,15.098255121228785,-3.5612138299513165,3.5863542078731965e-05,1.9771157630707366,26.38181191654584,13.343584836717504
8.758333333333333,track,-0.35374922144970705,0.0,7.659382015353936,6.307428004651943,-4.06658671682452,13.0,-3.4453250683395025,1.0,6.131898960437224,11.514771908976915,15.0768667696485,-3.5620948606715843,3.771823539530238e-05,1.9771157630707366,26.38181191654584,13.343584836717504
8.7625,track,-0.3274414687726556,0.0,7.642435951342426,6.313860642492348,-4.067055362762324,13.0,-3.4453250683395025,1.0,6.131898960437224,11.514771908976915,15.055499324029212,-3.5407274150522956,3.771823539530238e-05,1.9771157630707366,26.38181191654584,13.343584836717504
8.766666666666666,track,-0.30110698632206034,0.0,7.625487962682161,6.32027578814287,-4.067517278463493,13.0,-2.18934995655345,1.0,6.137166650875664,11.49262699264501,15.034153062844812,-3.541526070199803,3.9551657381431925e-05,3.041716558570364,26.38181191654584,8.673330143866378
8.770833333333334,track,-0.2747458470885613,0.0,7.60853807645129,6.326673416039775,-4.067972695409168,13.0,-2.18934995655345,1.0,6.137166650875664,11.49262699264501,15.012828240142149,-3.52020124749714,3.9551657381431925e-05,3.041716558570364,26.38181191654584,8.673330143866378
8.775,track,-0.2483581247271376,0.0,7.5915863161163575,6.333053366741687,-4.0684224803838545,13.0,-2.18934995655345,1.0,6.135939147325579,11.470603457201278,14.991525130524764,-3.5209216733234854,4.1363368269769054e-05,3.041716558570364,26.38181191654584,8.673330143866378
8.779166666666667,track,-0.22194389291425973,0.0,7.5746327045532915,6.339415635090694,-4.068866775135917,13.0,-2.18934995655345,1.0,6.135939147325579,11.470603457201278,14.970243984460273,-3.499640527258995,4.1363368269769054e-05,3.041716558570364,26.38181191654584,8.673330143866378
8.783333333333333,track,-0.19550322590769514,0.0,7.557677261382473,6.345760081575497,-4.069306360996502,13.0,-2.18934995655345,1.0,6.134718022554132,11.448701196003812,14.948985072731436,-3.500283876727623,4.31534058219226e-05,3.041716558570364,26.38181191654584,8.673330143866378
8.7875,track,-0.16903619791574237,0.0,7.54072000594688,6.352086718068662,-4.069741304542309,13.0,-2.18934995655345,1.0,6.134718022554132,11.448701196003812,14.927748642273698,-3.4790474462698855,4.31534058219226e-05,3.041716558570364,26.38181191654584,8.673330143866378
8.791666666666666,track,-0.14254288365782736,0.0,7.523760954634498,6.358395421899602,-4.070172314971621,13.0,-2.18934995655345,1.0,6.133503308706455,11.426921208708881,14.906534960097797,-3.4796137513889156,4.4921989237188e-05,3.041716558570364,26.38181191654584,8.673330143866378
8.795833333333333,track,-0.11602335774473534,0.0,7.506800123818081,6.364686219142086,-4.070599395939965,13.0,-2.18934995655345,1.0,6.133503308706455,11.426921208708881,14.88534426965311,-3.45842306094423,4.4921989237188e-05,3.041716558570364,26.38181191654584,8.673330143866378
8.8,track,-0.0894776925260888,0.0,7.489837540156118,6.37095965247517,-4.071020078871321,13.0,-1.3904714653851973,1.0,6.138144555396348,11.405264261644552,14.86417683513479,-3.4589125734902395,4.666930442356047e-05,4.679563936262098,26.38181191654584,5.637664593513146
8.804166666666667,track,-0.06290596043134805,0.0,7.472873229423708,6.377215702737779,-4.0714345757781505,13.0,-1.3904714653851973,1.0,6.138144555396348,11.405264261644552,14.843032897400683,-3.437768635756131,4.666930442356047e-05,4.679563936262098,26.38181191654584,5.637664593513146
8.808333333333334,track,-0.03630823450926908,0.0,7.45590721391098,6.383454221298952,-4.071843723054712,13.0,-1.3904714653851973,1.0,6.136941607660832,11.383727665759203,14.821912716821712,-3.4381850510625105,4.839498663858051e-05,4.679563936262098,26.38181191654584,5.637664593513146
8.8125,track,-0.009684587808693284,0.0,7.438939515381195,6.389675208138192,-4.072247647148535,13.0,-1.3904714653851973,1.0,6.136941607660832,11.383727665759203,14.800816530720846,-3.4170888649616433,4.839498663858051e-05,4.679563936262098,26.38181191654584,5.637664593513146
8.816666666666666,track,0.016964906080405046,0.0,7.421970152453107,6.395878533383599,-4.07264710274121,13.0,-1.3904714653851973,1.0,6.135745165005207,11.362311353531279,14.779744595692657,-3.417433242161377,5.009909267545033e-05,4.679563936262098,26.38181191654584,5.637664593513146
8.820833333333333,track,0.04364017363449864,0.0,7.404999143517189,6.402064212982462,-4.073042144620131,13.0,-1.3904714653851973,1.0,6.135745165005207,11.362311353531279,14.758697145570611,-3.3963857920393323,5.009909267545033e-05,4.679563936262098,26.38181191654584,5.637664593513146
8.825,track,0.07034114085498624,0.0,7.388026504106871,6.408232132917027,-4.073433458476365,13.0,-1.3904714653851973,1.0,6.134555254001561,11.341016222832963,14.737674433220104,-3.3966582103871397,5.178183836678852e-05,4.679563936262098,26.38181191654584,5.637664593513146
8.829166666666666,track,0.09706773386516601,0.0,7.371052249777143,6.414382322443146,-4.07382103913474,13.0,-1.3904714653851973,1.0,6.134555254001561,11.341016222832963,14.71667668902958,-3.3756604661966167,5.178183836678852e-05,4.679563936262098,26.38181191654584,5.637664593513146
8.833333333333334,track,0.12381987836917366,0.0,7.3540763934688265,6.420514680961833,-4.074205513995791,13.0,-0.9038064525003783,1.0,6.133371899821294,11.319842952322643,14.695704162180837,-3.375861209858193,5.3443408340276383e-05,7.199329132710919,26.38181191654584,3.6644819857835453
8.8375,track,0.15059750023921167,0.0,7.337098948353155,6.426629248809125,-4.074586827761056,13.0,-0.9038064525003783,1.0,6.133371899821294,11.319842952322643,14.67475707966021,-3.3549141273375667,5.3443408340276383e-05,7.199329132710919,26.38181191654584,3.6644819857835453
8.841666666666667,track,0.17740052736997178,0.0,7.320119936891296,6.432726511382422,-4.074962750846082,13.0,-0.8825928466860062,1.0,6.137458794293314,11.2987920365393,14.653835687823308,-3.3550436512840074,5.5083961009824765e-05,7.199329132710919,26.38181191654584,3.6644819857835453
8.845833333333333,track,0.20422888765264946,0.0,7.303139380969412,6.438806467842641,-4.075333421252088,13.0,-0.8825928466860062,1.0,6.137458794293314,11.2987920365393,14.632940211055063,-3.3341481745157617,5.5083961009824765e-05,7.199329132710919,26.38181191654584,3.6644819857835453
8.85,track,0.2310825084545925,0.0,7.286157299339152,6.444868992466328,-4.075699591262519,13.0,-0.8825928466860062,1.0,6.136287619466071,11.277860938834497,14.612070891981878,-3.3342099531473814,5.6703170741564295e-05,7.199329132710919,26.38181191654584,3.6644819857835453
8.854166666666666,track,0.2579613172057508,0.0,7.269173710478827,6.450914100277994,-4.076061326477833,13.0,-0.8825928466860062,1.0,6.136287619466071,11.277860938834497,14.591227951543987,-3.3133670127094903,5.6703170741564295e-05,7.199329132710919,26.38181191654584,3.6644819857835453
8.858333333333333,track,0.284865240877813,0.0,7.252188630022786,6.456941681294934,-4.076419309449735,13.0,-0.8825928466860062,1.0,6.135123074785804,11.257049451681253,14.570411628682665,-3.3133621770014123,5.830108709662074e-05,7.199329132710919,26.38181191654584,3.6644819857835453
8.8625,track,0.31179420656015094,0.0,7.235202073584465,6.462951763761104,-4.076773545197183,13.0,-0.8825928466860062,1.0,6.135123074785804,11.257049451681253,14.549622140935078,-3.2925726892538245,5.830108709662074e-05,7.199329132710919,26.38181191654584,3.6644819857835453
8.866666666666667,track,0.3387481409393686,0.0,7.21821405417882,6.468944251012241,-4.077124657354662,13.0,-0.5736853503459041,1.0,6.133965180243083,11.236358232297825,14.528859723600513,-3.292501491302689,5.9877902292074074e-05,11.075890973401414,26.38181191654584,2.3819132907593046
8.870833333333334,track,0.36572697086560235,0.0,7.201224585010899,6.474919182296098,-4.0774726003011015,13.0,-0.5736853503459041,1.0,6.133965180243083,11.236358232297825,14.508124590853713,-3.27176635855589,5.9877902292074074e-05,11.075890973401414,26.38181191654584,2.3819132907593046
8.875,track,0.39273062495576,0.0,7.184233687438067,6.480876981637833,-4.077815417479698,13.0,-0.5598849428820712,1.0,6.137554107837033,11.21578775508617,14.487416975122704,-3.271629220036535,6.143378271783294e-05,11.075890973401414,26.38181191654584,2.3819132907593046
8.879166666666666,track,0.41975903184223473,0.0,7.167241382300881,6.486817652753929,-4.07815323292463,13.0,-0.5598849428820712,1.0,6.137554107837033,11.21578775508617,14.466737087938784,-3.250949332852613,6.143378271783294e-05,11.075890973401414,26.38181191654584,2.3819132907593046
8.883333333333333,track,0.4468121196710654,0.0,7.150247687413991,6.492741078919361,-4.078486772853683,13.0,-0.5598849428820712,1.0,6.136408683828624,11.195335790889326,14.446085158051837,-3.2507493671625105,6.296846293246796e-05,11.075890973401414,26.38181191654584,2.3819132907593046
8.8875,track,0.4738898166657662,0.0,7.1332526203629785,6.498647278728196,-4.078816092242994,13.0,-0.5598849428820712,1.0,6.136408683828624,11.195335790889326,14.42546139359707,-3.230125602707745,6.296846293246796e-05,11.075890973401414,26.38181191654584,2.3819132907593046
8.891666666666666,track,0.500992050625241,0.0,7.116256195985522,6.50453615027395,-4.079141850589466,13.0,-0.5598849428820712,1.0,6.135269967658912,11.17500216164301,14.404866019689058,-3.229863858046047,6.448200880815455e-05,11.075890973401414,26.38181191654584,2.3819132907593046
8.895833333333334,track,0.5281187494775014,0.0,7.099258429130928,6.5104077245425,-4.079464045102452,13.0,-0.5598849428820712,1.0,6.135269967658912,11.17500216164301,14.384299241107323,-3.209297079464313,6.448200880815455e-05,11.075890973401414,26.38181191654584,2.3819132907593046
8.9,track,0.5552698407782006,0.0,7.082259332135547,6.516261912167809,-4.079783278891461,13.0,-3.949695485879206,1.0,6.134137974416823,11.154787444332454,14.363761279373065,-3.2089738350406116,6.597461131730342e-05,1.570051313368656,27.92848008753788,17.788259434410048
8.904166666666667,track,0.5824452522550541,0.0,7.065258917548481,6.522098754444816,-4.08009950089586,13.0,-3.949695485879206,1.0,6.134137974416823,11.154787444332454,14.343252335949584,-3.1884648916171314,6.597461131730342e-05,1.570051313368656,27.92848008753788,17.788259434410048
8.908333333333333,track,0.6096449113077134,0.0,7.0482571956046165,6.52791817263824,-4.080413266527534,13.0,-3.949695485879206,1.0,6.133012717971347,11.134692044185536,14.322772628805193,-3.188080584619657,6.744643721648906e-05,1.570051313368656,27.92848008753788,17.788259434410048
8.9125,track,0.636868745543577,0.0,7.03125417691944,6.533720216607267,-4.080724484442413,13.0,-3.949695485879206,1.0,6.133012717971347,11.134692044185536,14.302322356124991,-3.1676303119394547,6.744643721648906e-05,1.570051313368656,27.92848008753788,17.788259434410048
8.916666666666666,track,0.6641166841540149,0.0,7.014249879467877,6.5395052665051185,-4.081031388375026,13.0,-3.852267211972616,1.0,6.1361634814798816,11.114716222175153,14.281901733014692,-3.167185510839539,6.889763297472819e-05,1.570051313368656,27.92848008753788,17.788259434410048
8.920833333333333,track,0.6913886564032724,0.0,6.997244320949018,6.545273339821793,-4.081334044526198,13.0,-3.852267211972616,1.0,6.1361634814798816,11.114716222175153,14.26151095502419,-3.146794732849039,6.889763297472819e-05,1.570051313368656,27.92848008753788,17.788259434410048
8.925,track,0.7186845911465198,0.0,6.980237516327679,6.551024338379373,-4.081633109121304,13.0,-3.852267211972616,1.0,6.135050961509624,11.094857866163544,14.241150233675937,-3.146292367512393,7.032796533491386e-05,1.570051313368656,27.92848008753788,17.788259434410048
8.929166666666667,track,0.7460044173631274,0.0,6.96322948053625,6.556758291985812,-4.081928589943004,13.0,-3.852267211972616,1.0,6.135050961509624,11.094857866163544,14.220819761213344,-3.125961895049799,7.032796533491386e-05,1.570051313368656,27.92848008753788,17.788259434410048
8.933333333333334,track,0.7733480636752622,0.0,6.94622022601044,6.562475114912357,-4.082221086194443,13.0,-3.495954055791306,1.0,6.1339452177845795,11.075116687556305,14.200519745615317,-3.125403058059012,7.173749605651574e-05,1.7300734217559959,28.39013913315678,16.409788611364977
8.9375,track,0.8007154588719831,0.0,6.929209765356929,6.568174847213019,-4.0825105568426165,13.0,-3.495954055791306,1.0,6.1339452177845795,11.075116687556305,14.180250375856184,-3.1051336882998792,7.173749605651574e-05,1.7300734217559959,28.39013913315678,16.409788611364977
8.941666666666666,track,0.8281065314290994,0.0,6.912198108886689,6.573857413707915,-4.082797552857714,13.0,-3.495954055791306,1.0,6.132846259651087,11.055493074623396,14.160011856410069,-3.1045187817866733,7.312639916755959e-05,1.7300734217559959,28.39013913315678,16.409788611364977
8.945833333333333,track,0.8555212100247722,0.0,6.895185267251413,6.579522862961469,-4.083081992466352,13.0,-3.495954055791306,1.0,6.132846259651087,11.055493074623396,14.139804373018599,-3.0843112983952037,7.312639916755959e-05,1.7300734217559959,28.39013913315678,16.409788611364977
8.95,track,0.8829594247244144,0.0,6.878171257552576,6.585171527914108,-4.083362327720953,13.0,-3.407476927347914,1.0,6.135602878533655,11.03598727237637,14.119628127271746,-3.0836408548953753,7.449482867404072e-05,1.7300734217559959,28.39013913315678,16.409788611364977
8.954166666666666,track,0.9104211056792398,0.0,6.8611560966554075,6.590803429158116,-4.083638615320332,13.0,-3.407476927347914,1.0,6.135602878533655,11.03598727237637,14.099483302255956,-3.0634960298795852,7.449482867404072e-05,1.7300734217559959,28.39013913315678,16.409788611364977
8.958333333333334,track,0.9379061826625791,0.0,6.84413979878436,6.596418476001408,-4.083911489051501,13.0,-3.407476927347914,1.0,6.134516833962357,11.016597407368796,14.079370096034252,-3.0627726886654556,7.58425995870217e-05,1.7300734217559959,28.39013913315678,16.409788611364977
8.9625,track,0.9654145855817067,0.0,6.827122378159956,6.602016700590625,-4.084180949856831,13.0,-3.407476927347914,1.0,6.134516833962357,11.016597407368796,14.059288688439894,-3.042691281071099,7.58425995870217e-05,1.7300734217559959,28.39013913315678,16.409788611364977
8.966666666666667,track,0.9929462440148696,0.0,6.8101038465894925,6.607598023959114,-4.084447576911256,13.0,-2.214860002776144,1.0,6.13343760083534,10.997323213540275,14.039239274047771,-3.0419160605074955,7.716978762215644e-05,2.6616514180861475,28.39013913315678,10.666362597387236
8.970833333333333,track,1.0205010877142824,0.0,6.793084216070404,6.613162487859072,-4.084711324581225,13.0,-2.214860002776144,1.0,6.13343760083534,10.997323213540275,14.019222029474438,-3.0218988159341627,7.716978762215644e-05,2.6616514180861475,28.39013913315678,10.666362597387236
8.975,track,1.0480790461445368,0.0,6.776063496379426,6.618710023261074,-4.084972725834693,13.0,-2.214860002776144,1.0,6.132365184249185,10.978165016445296,13.999237145844546,-3.02107212939925,7.847656702780526e-05,2.6616514180861475,28.39013913315678,10.666362597387236
8.979166666666666,track,1.0756800489774139,0.0,6.759041697645333,6.624240679890473,-4.085231696182202,13.0,-2.214860002776144,1.0,6.132365184249185,10.978165016445296,13.979284796593506,-3.00111978014821,7.847656702780526e-05,2.6616514180861475,28.39013913315678,10.666362597387236
8.983333333333333,track,1.1033040256322308,0.0,6.742018827939282,6.62975439715607,-4.085488729452155,13.0,-2.214860002776144,1.0,6.131299588252068,10.959123007004251,13.95936516943237,-3.000242162428118,7.976309326135112e-05,2.6616514180861475,28.39013913315678,10.666362597387236
8.9875,track,1.1309509057630192,0.0,6.724994895819322,6.6352512313891845,-4.085743708790344,13.0,-2.214860002776144,1.0,6.131299588252068,10.959123007004251,13.9394784346497,-2.980355427645448,7.976309326135112e-05,2.6616514180861475,28.39013913315678,10.666362597387236
8.991666666666667,track,1.1586206202716354,0.0,6.707969915664623,6.64073148206789,-4.085995237127887,13.0,-2.157314360897064,1.0,6.133711639144595,10.940197263074625,13.919624777098697,-2.979427514024072,8.102950608063165e-05,2.6616514180861475,28.39013913315678,10.666362597387236
8.995833333333334,track,1.1863131001883365,0.0,6.690943901804765,6.646195180008247,-4.086243326365886,13.0,-2.157314360897064,1.0,6.133711639144595,10.940197263074625,13.899804364437498,-2.9596071013628737,8.102950608063165e-05,2.6616514180861475,28.39013913315678,10.666362597387236
9.0,track,1.2140282762281476,0.0,6.6739168661721555,6.651642249554646,-4.086488551826261,13.0,-1.4022543345830918,1.0,6.132659096853981,10.921386001062217,13.880017378088523,-2.9586313770263066,8.227564691831935e-05,4.09484833551715,28.39013913315678,6.933135688301704
9.004166666666666,track,1.2417660792743204,0.0,6.656888820846139,6.657072731081458,-4.086730878243985,13.0,-1.4022543345830918,1.0,6.132659096853981,10.921386001062217,13.860263982547165,-2.9388779814849486,8.227564691831935e-05,4.09484833551715,28.39013913315678,6.933135688301704
9.008333333333333,track,1.269526439935984,0.0,6.639859775703735,6.662486558799287,-4.086970834176772,13.0,-1.4022543345830918,1.0,6.131613385251088,10.902688868024226,13.840544355841402,-2.9378554878171763,8.35015895416974e-05,4.09484833551715,28.39013913315678,6.933135688301704
9.0125,track,1.2973092890235487,0.0,6.622829740932869,6.6678837810155,-4.087208345007868,13.0,-1.4022543345830918,1.0,6.131613385251088,10.902688868024226,13.82085865933797,-2.9181697913137437,8.35015895416974e-05,4.09484833551715,28.39013913315678,6.933135688301704
9.016666666666666,track,1.3251145571081904,0.0,6.605798724684173,6.673264340314012,-4.087443899686999,13.0,-1.4022543345830918,1.0,6.130574504494745,10.884106042024452,13.801207067705821,-2.917101025681369,8.470749621845662e-05,4.09484833551715,28.39013913315678,6.933135688301704
9.020833333333334,track,1.3529421749897486,0.0,6.588766735555773,6.6786282915739825,-4.087677390816072,13.0,-1.4022543345830918,1.0,6.130574504494745,10.884106042024452,13.7815897392162,-2.897483697191748,8.470749621845662e-05,4.09484833551715,28.39013913315678,6.933135688301704
9.025,track,1.3807920745649056,0.0,6.571733787241238,6.683975898037669,-4.0879075954886295,13.0,-1.36482875008604,1.0,6.132675915004031,10.86563758878641,13.76200684567913,-2.8963692568927204,8.589351368360225e-05,4.09484833551715,28.39013913315678,6.933135688301704
9.029166666666667,track,1.4086641878669561,0.0,6.554699893409226,6.689307192492137,-4.088134519682867,13.0,-1.36482875008604,1.0,6.132675915004031,10.86563758878641,13.742458542734617,-2.8768209539482084,8.589351368360225e-05,4.09484833551715,28.39013913315678,6.933135688301704
9.033333333333333,track,1.4365584466398933,0.0,6.537665065412071,6.694622105504919,-4.088358719317223,13.0,-0.8871386875559261,1.0,6.13165016856331,10.84728191021295,13.722944998823547,-2.875663088610597,8.705952205066106e-05,6.299766670026385,28.39013913315678,4.506538197396107
9.0375,track,1.4644747828016995,0.0,6.520629314764955,6.6999206788334975,-4.088580155307881,13.0,-0.8871386875559261,1.0,6.13165016856331,10.84728191021295,13.703466366481202,-2.8561844562682532,8.705952205066106e-05,6.299766670026385,28.39013913315678,4.506538197396107
9.041666666666666,track,1.492413128019804,0.0,6.5035926508535855,6.705202852345074,-4.088799338728625,13.0,-0.8871386875559261,1.0,6.130631251419435,10.829038671014557,13.684022810815025,-2.8549841398004676,8.820560697826165e-05,6.299766670026385,28.39013913315678,4.506538197396107
9.045833333333333,track,1.5203734141666265,0.0,6.486555083383115,6.710468675237382,-4.089016192912942,13.0,-0.8871386875559261,1.0,6.130631251419435,10.829038671014557,13.664614481288996,-2.835575810274438,8.820560697826165e-05,6.299766670026385,28.39013913315678,4.506538197396107
9.05,track,1.5483555728969227,0.0,6.469516620087526,6.715718095271074,-4.0892311909413,13.0,-0.8871386875559261,1.0,6.129619160103334,10.810908000726705,13.64524153971196,-2.8343335389852546,8.933193188882517e-05,6.299766670026385,28.39013913315678,4.506538197396107
9.054166666666667,track,1.5763595360961007,0.0,6.452477269150639,6.72095116780271,-4.0894442248528176,13.0,-0.8871386875559261,1.0,6.129619160103334,10.810908000726705,13.625904132509184,-2.814996131782479,8.933193188882517e-05,6.299766670026385,28.39013913315678,4.506538197396107
9.058333333333334,track,1.604385235459882,0.0,6.435437036919408,6.726167847307517,-4.089655735495276,13.0,-0.8871386875559261,1.0,6.128613890258276,10.792889923243589,13.60660241822463,-2.8137124949810413,9.043864560184675e-05,6.299766670026385,28.39013913315678,4.506538197396107
9.0625,track,1.6324326029358316,0.0,6.418395930298992,6.731368194227879,-4.089865588899904,13.0,-0.8871386875559261,1.0,6.128613890258276,10.792889923243589,13.587336540276354,-2.794446617032764,9.043864560184675e-05,6.299766670026385,28.39013913315678,4.506538197396107
9.066666666666666,track,1.6605015714623828,0.0,6.401353960793604,6.736552446372286,-4.090072681293067,13.0,-1.4508166965258058,1.0,6.130445775656158,10.774984373766436,13.568106654391501,-2.793122280625066,9.1525884768653e-05,3.7464671105146246,28.844410203711913,7.69909606913639
9.070833333333333,track,1.6885920741457023,0.0,6.384311140025686,6.741720643996676,-4.090276984300394,13.0,-1.4508166965258058,1.0,6.130445775656158,10.774984373766436,13.548912901396362,-2.7739285276299257,9.1525884768653e-05,3.7464671105146246,28.844410203711913,7.69909606913639
9.075,track,1.716704043853519,0.0,6.367267477505776,6.746872729876007,-4.090479004778139,13.0,-1.4508166965258058,1.0,6.129453674239084,10.757189823385238,13.52975543374732,-2.7725656103620833,9.259355111317595e-05,3.7464671105146246,28.844410203711913,7.69909606913639
9.079166666666666,track,1.7448374136521918,0.0,6.350222983021517,6.752008751681444,-4.090678676222126,13.0,-1.4508166965258058,1.0,6.129453674239084,10.757189823385238,13.510634389258128,-2.7534445658728908,9.259355111317595e-05,3.7464671105146246,28.844410203711913,7.69909606913639
9.083333333333334,track,1.7729921164023084,0.0,6.333177664409033,6.757128660027977,-4.09087646699617,13.0,-1.4508166965258058,1.0,6.12846837936222,10.739505868899839,13.491549917148157,-2.752044048248319,9.364172976019465e-05,3.7464671105146246,28.844410203711913,7.69909606913639
9.0875,track,1.8011680851886602,0.0,6.3161315299138625,6.762232508724464,-4.091072278840796,13.0,-1.4508166965258058,1.0,6.12846837936222,10.739505868899839,13.472502152250183,-2.7329962833503436,9.364172976019465e-05,3.7464671105146246,28.844410203711913,7.69909606913639
9.091666666666667,track,1.8293652529180369,0.0,6.299084585966075,6.7673202550503735,-4.091266547468919,13.0,-1.4508166965258058,1.0,6.127489883378692,10.721932525019872,13.453491240579437,-2.7315587155595638,9.467057576211907e-05,3.7464671105146246,28.844410203711913,7.69909606913639
9.095833333333333,track,1.8575835527425475,0.0,6.28203683951514,6.772391957882559,-4.091459148224572,13.0,-1.4508166965258058,1.0,6.127489883378692,10.721932525019872,13.434517314018446,-2.712584788998574,9.467057576211907e-05,3.7464671105146246,28.844410203711913,7.69909606913639
9.1,track,1.885822918689468,0.0,6.264988301531842,6.777447827260894,-4.091649115991503,13.0,-2.900538164553435,1.0,6.129078003123448,10.704469718251776,13.415580515782162,-2.7111107975303854,9.568023209181078e-05,1.82105407336654,29.93325909419153,16.437325794974676
9.104166666666666,track,1.9140832849583882,0.0,6.247938983118074,6.782487904540862,-4.091836419304438,13.0,-2.900538164553435,1.0,6.129078003123448,10.704469718251776,13.396680975176881,-2.6922112569251055,9.568023209181078e-05,1.82105407336654,29.93325909419153,16.437325794974676
9.108333333333333,track,1.9423645855319918,0.0,6.230888893334097,6.787512137664856,-4.092021548154362,13.0,-2.900538164553435,1.0,6.1281126756630195,10.687116064240476,13.377818832213576,-2.6907027679731,9.667063143520879e-05,1.82105407336654,29.93325909419153,16.437325794974676
9.1125,track,1.970666754594298,0.0,6.213838041523276,6.792520574953486,-4.092204434596885,13.0,-2.900538164553435,1.0,6.1281126756630195,10.687116064240476,13.358994213248614,-2.6718781490081374,9.667063143520879e-05,1.82105407336654,29.93325909419153,16.437325794974676
9.116666666666667,track,1.9989897261432414,0.0,6.196786435141393,6.797513171746416,-4.092385531652083,13.0,-2.900538164553435,1.0,6.127154122353171,10.669871174083802,13.340207255122241,-2.670336081038439,9.764186897830385e-05,1.82105407336654,29.93325909419153,16.437325794974676
9.120833333333334,track,2.0273334344020957,0.0,6.179734082053865,6.8024899821250395,-4.092564741006573,13.0,-2.900538164553435,1.0,6.127154122353171,10.669871174083802,13.321458081271983,-2.65158690718818,9.764186897830385e-05,1.82105407336654,29.93325909419153,16.437325794974676
9.125,track,2.055697813434252,0.0,6.162680988369237,6.80745096771746,-4.092742484310647,13.0,-2.900538164553435,1.0,6.126202332502987,10.652735025428479,13.302746825399883,-2.6500117999714052,9.859410144401858e-05,1.82105407336654,29.93325909419153,16.437325794974676
9.129166666666666,track,2.084082797548241,0.0,6.145627160710828,6.812396187357501,-4.0929186380182285,13.0,-2.900538164553435,1.0,6.126202332502987,10.652735025428479,13.284073608054959,-2.6313385826264803,9.859410144401858e-05,1.82105407336654,29.93325909419153,16.437325794974676
9.133333333333333,track,2.112488320915041,0.0,6.128572604056164,6.817325608032005,-4.093093597119175,13.0,-2.703352606329933,1.0,6.125257294682675,10.635707512904165,13.2654385598326,-2.6297310469284345,9.952747416913562e-05,1.9538837912402496,30.397368307141328,15.557408502706426
9.1375,track,2.140914317967054,0.0,6.111517323984698,6.822239292483047,-4.093267217151997,13.0,-2.703352606329933,1.0,6.125257294682675,10.635707512904165,13.246841798422698,-2.6111342855185327,9.952747416913562e-05,1.9538837912402496,30.397368307141328,15.557408502706426
9.141666666666666,track,2.1693607239315167,0.0,6.094461329706894,6.827137431471049,-4.093438626673049,13.0,-2.6248094318857857,1.0,6.126635791625038,10.618788461474242,13.22828345167635,-2.6094949902021076,0.00010044212302500263,1.9538837912402496,30.397368307141328,15.557408502706426
9.145833333333334,track,2.197827474230239,0.0,6.077404630672778,6.832020071693296,-4.093607768187807,13.0,-2.6248094318857857,1.0,6.126635791625038,10.618788461474242,13.209763634759495,-2.5909751732852526,0.00010044212302500263,1.9538837912402496,30.397368307141328,15.557408502706426
9.15,track,2.2263145041094683,0.0,6.060347234463211,6.836887171015062,-4.093775090296139,13.0,-2.6248094318857857,1.0,6.1257038683371645,10.601976540401347,13.191282472420264,-2.5893059320189167,0.00010133799827415026,1.9538837912402496,30.397368307141328,15.557408502706426
9.154166666666667,track,2.254821749033998,0.0,6.043289149027298,6.841738781887211,-4.093940504619194,13.0,-2.6248094318857857,1.0,6.1257038683371645,10.601976540401347,13.172840076969107,-2.57086353656776,0.00010133799827415026,1.9538837912402496,30.397368307141328,15.557408502706426
9.158333333333333,track,2.2833491443191014,0.0,6.026230380577577,6.846574868424759,-4.094104427932842,13.0,-2.6248094318857857,1.0,6.124778661171333,10.585271308108682,13.15443657008295,-2.5691652619742684,0.00010221519540460619,1.9538837912402496,30.397368307141328,15.557408502706426
9.1625,track,2.3118966255183726,0.0,6.009170935801785,6.8513954878251075,-4.094266746190171,13.0,-2.6248094318857857,1.0,6.124778661171333,10.585271308108682,13.13607206124632,-2.550800753137638,0.00010221519540460619,1.9538837912402496,30.397368307141328,15.557408502706426
9.166666666666666,track,2.3404641280580574,0.0,5.992110819763754,6.856200609524394,-4.094427849127313,13.0,-1.7061261307257607,1.0,6.12386015596593,10.568672653281473,13.117746669095958,-2.549074015814486,0.00010307386532159928,3.0059750634465376,30.397368307141328,10.112315526759177
9.170833333333333,track,2.369051587618989,0.0,5.975050038091197,6.860990294623507,-4.094587601413705,13.0,-1.7061261307257607,1.0,6.12386015596593,10.568672653281473,13.09946050031936,-2.530787847037888,0.00010307386532159928,3.0059750634465376,30.397368307141328,10.112315526759177
9.175,track,2.39765894058822,0.0,5.957988599583662,6.86576471261551,-4.09474524180842,13.0,-1.655053662483478,1.0,6.125048229663237,10.55218039523772,13.081213670840333,-2.5290332756026133,0.00010391414949319466,3.0059750634465376,30.397368307141328,10.112315526759177
9.179166666666667,track,2.426286123549191,0.0,5.940926513283933,6.8705239106330716,-4.094900711934927,13.0,-1.655053662483478,1.0,6.125048229663237,10.55218039523772,13.0630062848518,-2.5108258896140816,0.00010391414949319466,3.0059750634465376,30.397368307141328,10.112315526759177
9.183333333333334,track,2.454933072927624,0.0,5.9238637864270425,6.8752678508238825,-4.09505444565363,13.0,-1.655053662483478,1.0,6.124142772874008,10.535793316412327,13.044838455246126,-2.509045138833798,0.00010473602291414977,3.0059750634465376,30.397368307141328,10.112315526759177
9.1875,track,2.4835997253681716,0.0,5.906800426614593,6.879996585731474,-4.095206354987949,13.0,-1.655053662483478,1.0,6.124142772874008,10.535793316412327,13.026710283427501,-2.4909169670151745,0.00010473602291414977,3.0059750634465376,30.397368307141328,10.112315526759177
9.191666666666666,track,2.51228601738237,0.0,5.889736439768032,6.8847100834075485,-4.095356843174784,13.0,-1.655053662483478,1.0,6.123243974028949,10.519510987297213,13.008621879288267,-2.4891108919910527,0.0001055395894979185,3.0059750634465376,30.397368307141328,10.112315526759177
9.195833333333333,track,2.5409918857192677,0.0,5.872671832277838,6.889408400855492,-4.095505797646555,13.0,-1.655053662483478,1.0,6.123243974028949,10.519510987297213,12.99057334147318,-2.4710623541759653,0.0001055395894979185,3.0059750634465376,30.397368307141328,10.112315526759177
9.2,track,2.569717267015741,0.0,5.855606608962786,6.894091511153547,-4.095653595612577,13.0,-1.0757848806142607,1.0,6.122351816462574,10.503333268772305,12.972564776905305,-2.4692315081330007,0.00010632500201384948,4.624577020686981,30.397368307141328,6.5730050923934655
9.204166666666666,track,2.5984620981614444,0.0,5.838540775195601,6.898759474968857,-4.095800104124303,13.0,-1.0757848806142607,1.0,6.122351816462574,10.503333268772305,12.954596281498588,-2.451263012726284,0.00010632500201384948,4.624577020686981,30.397368307141328,6.5730050923934655
9.208333333333334,track,2.6272263159517375,0.0,5.821474334869652,6.9034122696703335,-4.0959456782276975,13.0,-1.0757848806142607,1.0,6.1214662829065905,10.48725995635401,12.936667959236727,-2.4494080028827168,0.00010709240430385768,4.624577020686981,30.397368307141328,6.5730050923934655
9.2125,track,2.656009857447248,0.0,5.804407292502439,6.908049958922528,-4.096090168131375,13.0,-1.0757848806142607,1.0,6.1214662829065905,10.48725995635401,12.91877990333068,-2.431519946976671,0.00010709240430385768,4.624577020686981,30.397368307141328,6.5730050923934655
9.216666666666667,track,2.684812660354034,0.0,5.787339655477728,6.91267269762866,-4.0962328859304264,13.0,-1.0425762860693846,1.0,6.122492346777001,10.471290790748629,12.900932215119038,-2.42964142437041,0.00010784193280138714,4.624577020686981,30.397368307141328,6.5730050923934655
9.220833333333333,track,2.7136346625899876,0.0,5.770271431503502,6.917280536628835,-4.096373753814179,13.0,-1.0425762860693846,1.0,6.122492346777001,10.471290790748629,12.883124985381377,-2.411834194632749,0.00010784193280138714,4.624577020686981,30.397368307141328,6.5730050923934655
9.225,track,2.7424758019489173,0.0,5.753202626626346,6.921873446143116,-4.096513170517512,13.0,-1.0425762860693846,1.0,6.121619735623828,10.45542459639746,12.865358312528626,-2.4099337161311656,0.00010857357667931296,4.624577020686981,30.397368307141328,6.5730050923934655
9.229166666666666,track,2.7713360164550758,0.0,5.736133247321561,6.926451481478035,-4.096651033148351,13.0,-1.0425762860693846,1.0,6.121619735623828,10.45542459639746,12.84763228464839,-2.392207688250928,0.00010857357667931296,4.624577020686981,30.397368307141328,6.5730050923934655
9.233333333333333,track,2.800215244029465,0.0,5.7190632985132455,6.931014617853477,-4.096787713995776,13.0,-3.0862316632166107,1.0,6.120753695338193,10.439660903377268,12.829946997254167,-2.3902860938768997,0.00010928744055114451,1.5622528899351946,31.937438845342623,20.443193961169406
9.2375,track,2.8291134228388217,0.0,5.701992785640865,6.935562914245611,-4.096923089371398,13.0,-3.0862316632166107,1.0,6.120753695338193,10.439660903377268,12.81230253576969,-2.372641632392424,0.00010928744055114451,1.5622528899351946,31.937438845342623,20.443193961169406
9.241666666666667,track,2.858030490964395,0.0,5.684921712686478,6.9400963501376065,-4.097057509052842,13.0,-3.0862316632166107,1.0,6.119894206432754,10.42399950409029,12.794698992840562,-2.3706994887502724,0.00010998367310407375,1.5622528899351946,31.937438845342623,20.443193961169406
9.245833333333334,track,2.88696638674568,0.0,5.667850084219159,6.944614987508354,-4.097190832156536,13.0,-3.0862316632166107,1.0,6.119894206432754,10.42399950409029,12.777136451254163,-2.3531369471638732,0.00010998367310407375,1.5622528899351946,31.937438845342623,20.443193961169406
9.25,track,2.9159210490996976,0.0,5.6507779073098074,6.949118964964237,-4.097322458244424,13.0,-2.9878965910652218,1.0,6.120772231915815,10.408440136276338,12.759615001054708,-2.35117486477837,0.00011066241559994978,1.5622528899351946,31.937438845342623,20.443193961169406
9.254166666666666,track,2.9448944171550324,0.0,5.633705189350149,6.953608333280341,-4.097452310317998,13.0,-2.9878965910652218,1.0,6.120772231915815,10.408440136276338,12.74213472263899,-2.3336945863626535,0.00011066241559994978,1.5622528899351946,31.937438845342623,20.443193961169406
9.258333333333333,track,2.973886429930927,0.0,5.616631936124489,6.958083066214718,-4.097580774158376,13.0,-2.9878965910652218,1.0,6.119925545771823,10.392981713583236,12.724695703199231,-2.3317139896159955,0.00011132367689886474,1.5622528899351946,31.937438845342623,20.443193961169406
9.2625,track,3.0028970266757162,0.0,5.599558153838341,6.96254321874937,-4.097707748675559,13.0,-2.9878965910652218,1.0,6.119925545771823,10.392981713583236,12.707298020510736,-2.314316306927499,0.00011132367689886474,1.5622528899351946,31.937438845342623,20.443193961169406
9.266666666666666,track,3.0319261465481007,0.0,5.582483847196059,6.966988769372229,-4.097833594147769,13.0,-1.9421327841923943,1.0,6.119085351313489,10.377623776748994,12.68994175894369,-2.312317982194695,0.00011196756856899807,2.403465984515684,31.937438845342623,13.288076074760115
9.270833333333334,track,3.0609737289502594,0.0,5.565409021406404,6.971419776518138,-4.0979581895173265,13.0,-1.9421327841923943,1.0,6.119085351313489,10.377623776748994,12.672626993679804,-2.2950032169308097,0.00011196756856899807,2.403465984515684,31.937438845342623,13.288076074760115
9.275,track,3.0900397132115405,0.0,5.548333680267456,6.975836222707436,-4.098081873347399,13.0,-1.9421327841923943,1.0,6.118251627042425,10.36236609784636,12.655353806296631,-2.2929877084502723,0.00011259424111426542,2.403465984515684,31.937438845342623,13.288076074760115
9.279166666666667,track,3.1191240389165267,0.0,5.531257828150464,6.980238169196676,-4.09820450807807,13.0,-1.9421327841923943,1.0,6.118251627042425,10.36236609784636,12.638122269409585,-2.2757561715632266,0.00011259424111426542,2.403465984515684,31.937438845342623,13.288076074760115
9.283333333333333,track,3.148226645591333,0.0,5.514181468093204,6.984625601953521,-4.098326413742388,13.0,-1.9421327841923943,1.0,6.117424350980379,10.34720839736928,12.62093246183225,-2.273724064462971,0.00011320383798155376,2.403465984515684,31.937438845342623,13.288076074760115
9.2875,track,3.1773474730268667,0.0,5.497104603763245,6.988998584528056,-4.0984474391900685,13.0,-1.9421327841923943,1.0,6.117424350980379,10.34720839736928,12.603784453640376,-2.2565760562710957,0.00011320383798155376,2.403465984515684,31.937438845342623,13.288076074760115
9.291666666666666,track,3.2064864615455724,0.0,5.480027241091836,6.993357244489333,-4.098567041138093,13.0,-1.878196528336907,1.0,6.11817805137271,10.332150352611187,12.58667832112387,-2.2545279685126824,0.0001137964967660332,2.403465984515684,31.937438845342623,13.288076074760115
9.295833333333333,track,3.2356435516916973,0.0,5.462949386390385,6.9977016350699826,-4.09868512834838,13.0,-1.878196528336907,1.0,6.11817805137271,10.332150352611187,12.569614132040133,-2.2374637794289463,0.0001137964967660332,2.403465984515684,31.937438845342623,13.288076074760115
9.3,track,3.264818683927513,0.0,5.445871044487863,7.002031736595699,-4.098802056605368,13.0,-1.2208277434189896,1.0,6.117363394310079,10.317190910662944,12.552591959933393,-2.235401049270449,0.000114372237628178,3.697639976177975,31.937438845342623,8.637249448594075
9.304166666666667,track,3.2940117989515496,0.0,5.428792220678555,7.006347605768783,-4.098917714233918,13.0,-1.2208277434189896,1.0,6.117363394310079,10.317190910662944,12.535611870038482,-2.2184209593755373,0.000114372237628178,3.697639976177975,31.937438845342623,8.637249448594075
9.308333333333334,track,3.323222837397092,0.0,5.411712918866408,7.010649226930145,-4.099032434915184,13.0,-1.2208277434189896,1.0,6.116555118484198,10.302329581737894,12.518673933182926,-2.216344351445033,0.00011493117291068206,3.697639976177975,31.937438845342623,8.637249448594075
9.3125,track,3.352451740145502,0.0,5.394633143491102,7.0149366596184315,-4.0991460900733525,13.0,-1.2208277434189896,1.0,6.116555118484198,10.302329581737894,12.501778212105924,-2.1994486303680305,0.00011493117291068206,3.697639976177975,31.937438845342623,8.637249448594075
9.316666666666666,track,3.38169844802718,0.0,5.3775528976805305,7.019209891602727,-4.099258994537312,13.0,-1.2208277434189896,1.0,6.115753200162254,10.28756608567003,12.48492477494675,-2.197358689276721,0.00011547345014974576,3.697639976177975,31.937438845342623,8.637249448594075
9.320833333333333,track,3.4109629021302132,0.0,5.360472185156356,7.023468984728016,-4.09937100580201,13.0,-1.2208277434189896,1.0,6.115753200162254,10.28756608567003,12.468113681975334,-2.180547596305305,0.00011547345014974576,3.697639976177975,31.937438845342623,8.637249448594075
9.325,track,3.440245044022095,0.0,5.343391011614961,7.027714054051596,-4.0994816499348135,13.0,-1.1792581790679117,1.0,6.116392412911251,10.27290009912365,12.451344998861078,-2.178444899737429,0.00011599921098038614,3.697639976177975,31.937438845342623,8.637249448594075
9.329166666666666,track,3.469544815490299,0.0,5.326309383124201,7.031945152368922,-4.099590837782469,13.0,-1.1792581790679117,1.0,6.116392412911251,10.27290009912365,12.434618783605648,-2.161718684481998,0.00011599921098038614,3.697639976177975,31.937438845342623,8.637249448594075
9.333333333333334,track,3.4988621582524453,0.0,5.309227304317192,7.036162262915159,-4.0996989136821735,13.0,-1.4142989283943972,1.0,6.115602951569744,10.25833064015557,12.417935099211858,-2.159604459056287,0.00011650849114802354,3.083133344452607,32.4037034920393,10.509990931901259
9.3375,track,3.5281970142597787,0.0,5.292144780280532,7.040365441760056,-4.099805768798357,13.0,-1.4142989283943972,1.0,6.115602951569744,10.25833064015557,12.40129400123238,-2.1429633610768093,0.00011650849114802354,3.083133344452607,32.4037034920393,10.509990931901259
9.341666666666667,track,3.557549325409542,0.0,5.275061814755107,7.04455467594311,-4.099911726102153,13.0,-1.4142989283943972,1.0,6.114819775611044,10.243857228823847,12.384695550032278,-2.1408383212084297,0.00011700140862294992,3.083133344452607,32.4037034920393,10.509990931901259
9.345833333333333,track,3.58691903384374,0.0,5.257978412003076,7.048730024207468,-4.100016660487531,13.0,-1.4142989283943972,1.0,6.114819775611044,10.243857228823847,12.368139798741966,-2.124282569918119,0.00011700140862294992,3.083133344452607,32.4037034920393,10.509990931901259
9.35,track,3.6163060816639048,0.0,5.240894575016836,7.052891476839639,-4.100120876697479,13.0,-1.4142989283943972,1.0,6.114042859734844,10.22947957067507,12.351626805117062,-2.122147234441992,0.00011747811253670897,3.083133344452607,32.4037034920393,10.509990931901259
9.354166666666666,track,3.645710411225377,0.0,5.22381030736591,7.057039094753317,-4.100224236222172,13.0,-1.4142989283943972,1.0,6.114042859734844,10.22947957067507,12.335156619891963,-2.1056770492168937,0.00011747811253670897,3.083133344452607,32.4037034920393,10.509990931901259
9.358333333333333,track,3.6751319648546037,0.0,5.206725611415013,7.061172871014358,-4.1003270282151085,13.0,-1.4142989283943972,1.0,6.113272178270721,10.215197330456462,12.31872929824055,-2.103531967784088,0.00011793874638023523,3.083133344452607,32.4037034920393,10.509990931901259
9.3625,track,3.70457068513913,0.0,5.189640490151801,7.065292868286256,-4.100429103170981,13.0,-1.4142989283943972,1.0,6.113272178270721,10.215197330456462,12.302344888526902,-2.08714755807044,0.00011793874638023523,3.083133344452607,32.4037034920393,10.509990931901259
9.366666666666667,track,3.734026515111064,0.0,5.172554948353939,7.069399193264184,-4.1005300314867945,13.0,-2.261319657340075,1.0,6.1138167636493,10.201010138801637,12.286003443540652,-2.0849933047390152,0.0001183834489643201,1.8602967509526112,33.46640106136302,17.98981858363496
9.370833333333334,track,3.7634993980287716,0.0,5.155468991212962,7.0734919002497865,-4.100629713834558,13.0,-2.261319657340075,1.0,6.1138167636493,10.201010138801637,12.269705009457155,-2.068694870655518,0.0001183834489643201,1.8602967509526112,33.46640106136302,17.98981858363496
9.375,track,3.7929892771030085,0.0,5.1383826225931015,7.0775709778168645,-4.10072846876649,13.0,-2.261319657340075,1.0,6.113058310200606,10.186917040973542,12.253449636507876,-2.066532595534333,0.00011881226488613488,1.8602967509526112,33.46640106136302,17.98981858363496
9.379166666666666,track,3.8224960957820278,0.0,5.121295846842128,7.081636482964599,-4.100826180233742,13.0,-2.261319657340075,1.0,6.113058310200606,10.186917040973542,12.2372373685198,-2.0503203275462583,0.00011881226488613488,1.8602967509526112,33.46640106136302,17.98981858363496
9.383333333333333,track,3.8520197974799615,0.0,5.10420866705797,7.085688407504053,-4.100923148198068,13.0,-2.261319657340075,1.0,6.1123060134194445,10.172917534509924,12.221068253194233,-2.0481507186843095,0.00011922531273319143,1.8602967509526112,33.46640106136302,17.98981858363496
9.3875,track,3.8815603258575693,0.0,5.087121086879537,7.0897268106258275,-4.10101924282375,13.0,-2.261319657340075,1.0,6.1123060134194445,10.172917534509924,12.204942332035776,-2.0320247975258514,0.00011922531273319143,1.8602967509526112,33.46640106136302,17.98981858363496
9.391666666666666,track,3.911117624553018,0.0,5.0700331087621064,7.093751686907701,-4.101114748183263,13.0,-2.261319657340075,1.0,6.111559846295898,10.159011285613932,12.188859650243051,-2.0298483646291188,0.00011962273931950839,1.8602967509526112,33.46640106136302,17.98981858363496
9.395833333333334,track,3.940691637458469,0.0,5.0529447357491115,7.097763097308211,-4.101209523118867,13.0,-2.261319657340075,1.0,6.111559846295898,10.159011285613932,12.172820247023775,-2.0138089614098433,0.00011962273931950839,1.8602967509526112,33.46640106136302,17.98981858363496
9.4,track,3.9702823088704786,0.0,5.035855972445032,7.101761138882396,-4.101303192979038,13.0,-1.991535793956299,1.0,6.112016400497278,10.145197926318199,12.156824165254118,-2.0116262389359187,0.00012000468670712823,2.035085057496108,33.94112549695428,16.677988653070926
9.404166666666667,track,3.9998895833089043,0.0,5.018766823855652,7.105745865222207,-4.101395661450978,13.0,-1.991535793956299,1.0,6.112016400497278,10.145197926318199,12.140871442010464,-1.9956735156922645,0.00012000468670712823,2.035085057496108,33.94112549695428,16.677988653070926
9.408333333333333,track,4.029513405255897,0.0,5.001677293701829,7.109717267278276,-4.101487236917578,13.0,-1.991535793956299,1.0,6.11128226669797,10.131476559009066,12.124962117692611,-1.9934855586835452,0.00012037121172726346,2.035085057496108,33.94112549695428,16.677988653070926
9.4125,track,4.059153719427538,0.0,4.9845873861730245,7.1136754011939125,-4.101577806913118,13.0,-1.991535793956299,1.0,6.11128226669797,10.131476559009066,12.109096227104551,-1.9776196680954856,0.00012037121172726346,2.035085057496108,33.94112549695428,16.677988653070926
9.416666666666666,track,4.088810470515005,0.0,4.967497104248842,7.117620260992072,-4.101667661803759,13.0,-1.991535793956299,1.0,6.110554180909924,10.11784669066879,12.093273808197562,-1.9754271175287716,0.00012072243739597326,2.035085057496108,33.94112549695428,16.677988653070926
9.420833333333333,track,4.118483603452029,0.0,4.950406451432969,7.121551904885827,-4.1017566758095425,13.0,-1.991535793956299,1.0,6.110554180909924,10.11784669066879,12.077494893529062,-1.959648202860272,0.00012072243739597326,2.035085057496108,33.94112549695428,16.677988653070926
9.425,track,4.148173063158373,0.0,4.933315430083409,7.125470329522447,-4.10184512389452,13.0,-1.991535793956299,1.0,6.10983211494961,10.104307978102813,12.0617595186292,-1.9574515405263875,0.00012105851178181463,2.035085057496108,33.94112549695428,16.677988653070926
9.429166666666667,track,4.177878794803297,0.0,4.916224043127787,7.129375594781814,-4.101932869349166,13.0,-1.991535793956299,1.0,6.10983211494961,10.104307978102813,12.046067713834171,-1.9417597357313583,0.00012105851178181463,2.035085057496108,33.94112549695428,16.677988653070926
9.433333333333334,track,4.207600743551461,0.0,4.899132292403062,7.133267699559436,-4.1020201739342586,13.0,-1.2944982660715945,1.0,6.109116040360116,10.090860045765037,12.030419512279876,-1.9395594665148386,0.00012137957838071064,3.1309000884555505,33.94112549695428,10.840692624496102
9.4375,track,4.237338854822564,0.0,4.8820401803530045,7.1371467050648985,-4.102106892013704,13.0,-1.2944982660715945,1.0,6.109116040360116,10.090860045765037,12.014814942106163,-1.9239548963411262,0.00012137957838071064,3.1309000884555505,33.94112549695428,10.840692624496102
9.441666666666666,track,4.267093121474642,0.0,4.864948020193682,7.141023996498692,-4.102118438237241,13.0,-1.2453710377984224,1.0,6.247855200589377,10.077502491124493,11.999254051804728,-1.9217515606802344,0.00012168577688525107,3.1309000884555505,33.94112549695428,10.840692624496102
9.445833333333333,track,4.29686353251892,0.0,4.847856099877068,7.1448986506266765,-4.102060875987612,13.0,-1.2453710377984224,1.0,6.247855200589377,10.077502491124493,11.983736883541765,-1.9062343924172702,0.00012168577688525107,3.1309000884555505,33.94112549695428,10.840692624496102
9.45,track,4.326650073208919,0.0,4.830764682547943,7.148769765599734,-4.101940158989883,13.0,-1.2453710377984224,1.0,6.247134948197844,10.064177878213341,11.968263480254286,-1.9040856020409451,0.00012196797592129696,3.1309000884555505,33.94112549695428,10.840692624496102
9.454166666666666,track,4.356452725610212,0.0,4.813674010177632,7.152636576310428,-4.1017613688745636,13.0,-1.2453710377984224,1.0,6.247134948197844,10.064177878213341,11.952833879015024,-1.8886560008016817,0.00012196797592129696,3.1309000884555505,33.94112549695428,10.840692624496102
9.458333333333334,track,4.386271468638459,0.0,4.796584303703099,7.15649832677938,-4.101529553887728,13.0,-1.2453710377984224,1.0,6.246420739502369,10.050877363697397,11.937448117505138,-1.8865707538077405,0.0001222249478323111,3.1309000884555505,33.94112549695428,10.840692624496102
9.4625,track,4.416106278577073,0.0,4.779495766345568,7.160354385267118,-4.101248965807541,13.0,-1.2453710377984224,1.0,6.246420739502369,10.050877363697397,11.922106227977196,-1.8712288642797994,0.0001222249478323111,3.1309000884555505,33.94112549695428,10.840692624496102
9.466666666666667,track,4.4459570910374815,0.0,4.762408330880312,7.164194990498203,-4.100984511661347,13.0,-1.3555220310599194,1.0,6.133133142829223,10.037611427288198,11.906808229140522,-1.8691968018523233,0.00012245862739536405,2.876480206931218,34.40930106817051,11.962293703692882
9.470833333333333,track,4.475823842785383,0.0,4.7453219363985895,7.168020419496266,-4.100734675613459,13.0,-1.3555220310599194,1.0,6.133133142829223,10.037611427288198,11.891554135885569,-1.8539427085973708,0.00012245862739536405,2.876480206931218,34.40930106817051,11.962293703692882
9.475,track,4.505706532207616,0.0,4.728236931540661,7.171845461335921,-4.1004011659028095,13.0,-1.3020503069598028,1.0,6.313584234596985,10.024434485080208,11.876343987383496,-1.8519095023032883,0.00012267809497350333,2.876480206931218,34.40930106817051,11.962293703692882
9.479166666666666,track,4.535605153436418,0.0,4.711153636678426,7.175669094912512,-4.099990766936558,13.0,-1.3020503069598028,1.0,6.313584234596985,10.024434485080208,11.86117781719998,-1.8367433321197713,0.00012267809497350333,2.876480206931218,34.40930106817051,11.962293703692882
9.483333333333333,track,4.565519696480443,0.0,4.694072344650746,7.179490330566047,-4.099510086643038,13.0,-1.3020503069598028,1.0,6.312880338966952,10.011287380473718,11.84605565829579,-1.8347682778220706,0.0001228739992767827,2.876480206931218,34.40930106817051,11.962293703692882
9.4875,track,4.595450147815103,0.0,4.676993324578826,7.183308320318224,-4.098964817260872,13.0,-1.3020503069598028,1.0,6.312880338966952,10.011287380473718,11.830977538547703,-1.819690158073986,0.0001228739992767827,2.876480206931218,34.40930106817051,11.962293703692882
9.491666666666667,track,4.625396490457642,0.0,4.659916822247928,7.1871222342092995,-4.098360559415503,13.0,-1.3020503069598028,1.0,6.3121824368205965,9.998156519238826,11.815943485111372,-1.8177869658725456,0.0001230443907506849,2.876480206931218,34.40930106817051,11.962293703692882
9.495833333333334,track,4.6553587045010865,0.0,4.6428430635749525,7.190931370426775,-4.097702081514143,13.0,-1.3020503069598028,1.0,6.3121824368205965,9.998156519238826,11.800953520544683,-1.802797001305856,0.0001230443907506849,2.876480206931218,34.40930106817051,11.962293703692882
9.5,track,4.685336698289851,0.0,4.625771790968303,7.1947185093035095,-4.097105425596016,13.0,-2.4897032422468968,1.0,6.10544333914733,9.985053461291724,11.786007641564314,-1.800954180272592,0.00012319142111310758,1.5043246411241074,35.94440151122286,23.89404555945011
9.504166666666666,track,4.715330383804076,0.0,4.60870276918064,7.198484523413919,-4.096565229038949,13.0,-2.4897032422468968,1.0,6.10544333914733,9.985053461291724,11.771105842882461,-1.7860523815907388,0.00012319142111310758,1.5043246411241074,35.94440151122286,23.89404555945011
9.508333333333333,track,4.745339676134778,0.0,4.591635781912596,7.20223015936835,-4.096076944330542,13.0,-2.4897032422468968,1.0,6.10477972857938,9.972070547646323,11.756248120639551,-1.7841775729932277,0.00012333033602176564,1.5043246411241074,35.94440151122286,23.89404555945011
9.5125,track,4.7753644934498025,0.0,4.574570631712802,7.205956155605849,-4.095636047950708,13.0,-2.4897032422468968,1.0,6.10477972857938,9.972070547646323,11.741434469033907,-1.769363921387584,0.00012333033602176564,1.5043246411241074,35.94440151122286,23.89404555945011
9.516666666666666,track,4.805404756358009,0.0,4.557507135785176,7.209663097969644,-4.0952390226301345,13.0,-2.387540351149699,1.0,6.103631212958391,9.959227757926175,11.72666488357581,-1.767437125649634,0.00012346467197729553,1.5043246411241074,35.94440151122286,23.89404555945011
9.520833333333334,track,4.835460388094509,0.0,4.540445127350629,7.213351616759816,-4.094882024291367,13.0,-2.387540351149699,1.0,6.103631212958391,9.959227757926175,11.711939357896423,-1.7527115999702474,0.00012346467197729553,1.5043246411241074,35.94440151122286,23.89404555945011
9.525,track,4.865531314090736,0.0,4.523384452820148,7.217022239094532,-4.0945618873155345,13.0,-2.387540351149699,1.0,6.102979030215832,9.946515896575916,11.697257886911913,-1.7507419903359966,0.00012359320962087678,1.5043246411241074,35.94440151122286,23.89404555945011
9.529166666666667,track,4.89561746201447,0.0,4.506324972157035,7.220675501695944,-4.094275359146948,13.0,-2.387540351149699,1.0,6.102979030215832,9.946515896575916,11.682620463716665,-1.736104567140748,0.00012359320962087678,1.5043246411241074,35.94440151122286,23.89404555945011
9.533333333333333,track,4.925718786482886,0.0,4.489266728350555,7.224317872419775,-4.093978513555256,13.0,-1.5519012282473044,1.0,6.178704737181764,9.933927065681528,11.6680270916622,-1.73410002598067,0.00012371491019266503,2.314345601729396,35.94440151122286,15.531129613642571
9.5375,track,4.955835241817013,0.0,4.4722097614046605,7.22794928019046,-4.093672067014667,13.0,-1.5519012282473044,1.0,6.178704737181764,9.933927065681528,11.653477771555307,-1.7195507058737791,0.00012371491019266503,2.314345601729396,35.94440151122286,15.531129613642571
9.541666666666666,track,4.985966781867758,0.0,4.455154107124346,7.2315696121788955,-4.093357027275539,13.0,-1.5519012282473044,1.0,6.178055774516286,9.921424361416065,11.63897250439016,-1.7175481429740962,0.0001238240186815858,2.314345601729396,35.94440151122286,15.531129613642571
9.545833333333333,track,5.016113360281232,0.0,4.438099798920723,7.235178819233779,-4.093033968869701,13.0,-1.5519012282473044,1.0,6.178055774516286,9.921424361416065,11.624511288813993,-1.703086927397928,0.0001238240186815858,2.314345601729396,35.94440151122286,15.531129613642571
9.55,track,5.046274992260556,0.0,4.421047294186836,7.238791675037762,-4.092601136132639,13.0,-1.4855602362722322,1.0,6.368973706355568,9.908997699165848,11.610094146715499,-1.701096447549649,0.00012391910491199064,2.314345601729396,35.94440151122286,15.531129613642571
9.554166666666667,track,5.0764516875642105,0.0,4.403997013077716,7.242406872877037,-4.092067466188889,13.0,-1.4855602362722322,1.0,6.368973706355568,9.908997699165848,11.595721095721604,-1.6867233965557547,0.00012391910491199064,2.314345601729396,35.94440151122286,15.531129613642571
9.558333333333334,track,5.106643450754356,0.0,4.386949340063833,7.246023165634852,-4.091441523332005,13.0,-1.4855602362722322,1.0,6.368316223081783,9.896573590130263,11.58139215111394,-1.6848185609836768,0.00012398842369980628,2.314345601729396,35.94440151122286,15.531129613642571
9.5625,track,5.1368502818488695,0.0,4.369904628288643,7.249639462683364,-4.09073082604542,13.0,-1.4855602362722322,1.0,6.368316223081783,9.896573590130263,11.567107324486427,-1.6705337343561648,0.00012398842369980628,2.314345601729396,35.94440151122286,15.531129613642571
9.566666666666666,track,5.167072198245553,0.0,4.352863351625092,7.25325993520414,-4.08990639925234,13.0,-1.418980679595051,1.0,6.435624280389514,9.884141684004708,11.552866633246047,-1.6687249492413394,0.00012403051813156553,2.422936300938141,36.41428291206625,15.028988957723296
9.570833333333333,track,5.197309211718633,0.0,4.335825945269945,7.256883233538978,-4.08897752523532,13.0,-1.418980679595051,1.0,6.435624280389514,9.884141684004708,11.538670090868136,-1.6545284068634292,0.00012403051813156553,2.422936300938141,36.41428291206625,15.028988957723296
9.575,track,5.227561328684015,0.0,4.318792807422091,7.26050807169165,-4.087953083484908,13.0,-1.418980679595051,1.0,6.434971385116207,9.87169055907111,11.524517707470192,-1.652827148399081,0.0001240437747808478,2.422936300938141,36.41428291206625,15.028988957723296
9.579166666666666,track,5.2578285508615314,0.0,4.301764303734043,7.2641333226040485,-4.086840885131672,13.0,-1.418980679595051,1.0,6.434971385116207,9.87169055907111,11.510409489872298,-1.6387189308011867,0.0001240437747808478,2.422936300938141,36.41428291206625,15.028988957723296
9.583333333333334,track,5.2881108754688,0.0,4.284740768516302,7.267757905744418,-4.085648452257647,13.0,-1.418980679595051,1.0,6.434324246524764,9.859228573935436,11.496345441476317,-1.6371168675408811,0.0001240298338528321,2.422936300938141,36.41428291206625,15.028988957723296
9.5875,track,5.3184082958133105,0.0,4.267722508731075,7.271380882682522,-4.08438234845445,13.0,-1.418980679595051,1.0,6.434324246524764,9.859228573935436,11.482325562966926,-1.6230969890314912,0.0001240298338528321,2.422936300938141,36.41428291206625,15.028988957723296
9.591666666666667,track,5.348720860667145,0.0,4.250710219592985,7.275015564920205,-4.0829493931416065,13.0,-1.3556859778956953,1.0,6.620920147296214,9.846770935807514,11.468349874221566,-1.6215789384140524,0.0001239914719133628,2.422936300938141,36.41428291206625,15.028988957723296
9.595833333333333,track,5.379048610576342,0.0,4.233704539576958,7.2786599782074966,-4.081363203846583,13.0,-1.3556859778956953,1.0,6.620920147296214,9.846770935807514,11.454418390767112,-1.6076474549595972,0.0001239914719133628,2.422936300938141,36.41428291206625,15.028988957723296
9.6,track,5.409391424058913,0.0,4.216704970388298,7.282275235816769,-4.07989660527843,13.0,-1.8281070748164563,1.0,6.138244408249669,9.834259092239908,11.440531066648902,-1.6062719744089944,0.00012391945526413743,1.796798893109745,37.469987990390386,20.85374614492363
9.604166666666666,track,5.439749186176051,0.0,4.1997110564672795,7.285862908113351,-4.078539341044445,13.0,-1.8281070748164563,1.0,6.138244408249669,9.834259092239908,11.426687857469943,-1.5924287652300362,0.00012391945526413743,1.796798893109745,37.469987990390386,20.85374614492363
9.608333333333333,track,5.470121787773124,0.0,4.182722379953274,7.289424383297312,-4.077282363361244,13.0,-1.8281070748164563,1.0,6.1376432220419215,9.821878167727887,11.41288871838914,-1.5910105506612542,0.00012384409043846646,1.796798893109745,37.469987990390386,20.85374614492363
9.6125,track,5.500509125178144,0.0,4.165738558831276,7.292960977204859,-4.07611706927956,13.0,-1.8281070748164563,1.0,6.1376432220419215,9.821878167727887,11.399133606060714,-1.5772554383328286,0.00012384409043846646,1.796798893109745,37.469987990390386,20.85374614492363
9.616666666666667,track,5.530911099542013,0.0,4.148759242514273,7.296473847328554,-4.075035916080624,13.0,-1.8281070748164563,1.0,6.137047397938271,9.809677485678815,11.38542247675764,-1.5757449910788253,0.00012377373778923626,1.796798893109745,37.469987990390386,20.85374614492363
9.620833333333334,track,5.561327616620711,0.0,4.131784110521454,7.299964098887392,-4.074031678276566,13.0,-1.8281070748164563,1.0,6.137047397938271,9.809677485678815,11.371755288175704,-1.5620778024968887,0.00012377373778923626,1.796798893109745,37.469987990390386,20.85374614492363
9.625,track,5.591758651621601,0.0,4.114813334573537,7.30344840021347,-4.072986227500214,13.0,-1.7429797639185047,1.0,6.343041763707471,9.797640006204045,11.358132020943154,-1.560492014739109,0.00012370595814291976,1.796798893109745,37.469987990390386,20.85374614492363
9.629166666666666,track,5.622204177876384,0.0,4.0978470724703735,7.30692630114802,-4.071902904759254,13.0,-1.7429797639185047,1.0,6.343041763707471,9.797640006204045,11.344552654960934,-1.5469126487568876,0.00012370595814291976,1.796798893109745,37.469987990390386,20.85374614492363
9.633333333333333,track,5.652664233708108,0.0,4.080885945628064,7.3104133996136484,-4.070670442154195,13.0,-1.5323338311894241,1.0,6.557280398717134,9.78567286203453,11.33101719269165,-1.5453443306571197,0.00012362601104621212,2.0438001477070493,37.94733192202055,18.56704627631712
9.6375,track,5.683138850239342,0.0,4.063930524684548,7.313907967496049,-4.069301026443888,13.0,-1.5323338311894241,1.0,6.557280398717134,9.78567286203453,11.317525633748764,-1.5318527717142316,0.00012362601104621212,2.0438001477070493,37.94733192202055,18.56704627631712
9.641666666666666,track,5.7136280517954185,0.0,4.046981332199875,7.31740837345838,-4.067806196321408,13.0,-1.5323338311894241,1.0,6.5566606152665505,9.773672261563213,11.304077972547109,-1.5304057109838956,0.00012351726358235046,2.0438001477070493,37.94733192202055,18.56704627631712
9.645833333333334,track,5.744131856661497,0.0,4.030038847897739,7.3209131678587,-4.066196232512738,13.0,-1.5323338311894241,1.0,6.5566606152665505,9.773672261563213,11.290674201382572,-1.517001939819358,0.00012351726358235046,2.0438001477070493,37.94733192202055,18.56704627631712
9.65,track,5.774650277398074,0.0,4.013103510758962,7.324420976778569,-4.064480913306391,13.0,-1.5323338311894241,1.0,6.556046418899527,9.76163120910051,11.277314307311705,-1.5156830982111933,0.00012337883520829296,2.0438001477070493,37.94733192202055,18.56704627631712
9.654166666666667,track,5.805183321512989,0.0,3.996175723682617,7.327930587579617,-4.062668898322935,13.0,-1.5323338311894241,1.0,6.556046418899527,9.76163120910051,11.263998275930915,-1.5023670668304026,0.00012337883520829296,2.0438001477070493,37.94733192202055,18.56704627631712
9.658333333333333,track,5.83573099170124,0.0,3.9792558550585517,7.331440845180254,-4.060768469775619,13.0,-1.5323338311894241,1.0,6.55543777653568,9.7495691531081,11.250726087572241,-1.5011569344641413,0.00012321417503610883,2.0438001477070493,37.94733192202055,18.56704627631712
9.6625,track,5.866293286443151,0.0,3.962344242927725,7.334950738058581,-4.058786911398443,13.0,-1.5323338311894241,1.0,6.55543777653568,9.7495691531081,11.23749772170397,-1.4879285685958707,0.00012321417503610883,2.0438001477070493,37.94733192202055,18.56704627631712
9.666666666666666,track,5.896870415572429,0.0,3.9454427491310375,7.338510991026773,-4.056358511204995,13.0,-0.9475076650525966,1.0,7.268463682824608,9.737502403288358,11.224313239162155,-1.4868108358737981,0.0001230262396792434,3.144307919549307,37.94733192202055,12.068580079606129
9.670833333333333,track,5.927462568223191,0.0,3.9285530879387256,7.342116636183035,-4.053518686154836,13.0,-0.9475076650525966,1.0,7.268463682824608,9.737502403288358,11.211172691397971,-1.473670288109613,0.0001230262396792434,3.144307919549307,37.94733192202055,12.068580079606129
9.675,track,5.95806991413429,0.0,3.91167683554949,7.345763018663695,-4.050300573416553,13.0,-0.9475076650525966,1.0,7.267800988771379,9.725185131719801,11.198076115708451,-1.4728909839886497,0.0001227749820804127,3.144307919549307,37.94733192202055,12.068580079606129
9.679166666666667,track,5.988692605279831,0.0,3.8948154418510916,7.349445874929915,-4.046734487615573,13.0,-0.9475076650525966,1.0,7.267800988771379,9.725185131719801,11.185023542369525,-1.4598384106497242,0.0001227749820804127,3.144307919549307,37.94733192202055,12.068580079606129
9.683333333333334,track,6.019330777005451,0.0,3.8779702385556556,7.353161214148855,-4.042848790904703,13.0,-0.9475076650525966,1.0,7.267144360524328,9.7125870983026,11.172014988019543,-1.4594278897169424,0.00012245603629345387,3.144307919549307,37.94733192202055,12.068580079606129
9.6875,track,6.049984549491603,0.0,3.861142449642648,7.356905396676356,-4.038669339121783,13.0,-0.9475076650525966,1.0,7.267144360524328,9.7125870983026,11.159050464289015,-1.4464633659864146,0.00012245603629345387,3.144307919549307,37.94733192202055,12.068580079606129
9.691666666666666,track,6.080654028726599,0.0,3.844333198236238,7.360675016399178,-4.034220337538478,13.0,-0.9475076650525966,1.0,7.266493769173503,9.699765124904888,11.146129969599048,-1.4463648446941595,0.0001220793488861507,3.144307919549307,37.94733192202055,12.068580079606129
9.695833333333333,track,6.111339307810163,0.0,3.827543515842783,7.36446698005554,-4.029523774429112,13.0,-0.9475076650525966,1.0,7.266493769173503,9.699765124904888,11.133253499097055,-1.433488374192167,0.0001220793488861507,3.144307919549307,37.94733192202055,12.068580079606129
9.7,track,6.142040262625868,0.0,3.8107728654357804,7.368229155769239,-4.024956097680674,13.0,-1.7083837246625266,1.0,6.602500861607942,9.686767720482981,11.120420961264939,-1.4336532407819564,0.00012165348570506525,1.655098602862969,39.4715087119811,23.848433346329806
9.704166666666666,track,6.172756775788775,0.0,3.7940207553176655,7.371963159097584,-4.020506428347545,13.0,-1.7083837246625266,1.0,6.602500861607942,9.686767720482981,11.107632269931187,-1.4208645494482044,0.00012165348570506525,1.655098602862969,39.4715087119811,23.848433346329806
9.708333333333334,track,6.20348873588337,0.0,3.777286733910783,7.375670422702824,-4.016165137651817,13.0,-1.7083837246625266,1.0,6.601920541062125,9.673882737835475,11.094887333430735,-1.4210045955952604,0.0001212256700730468,1.655098602862969,39.4715087119811,23.848433346329806
9.7125,track,6.234236037134789,0.0,3.7605703876491274,7.379352300340398,-4.011923102797371,13.0,-1.7083837246625266,1.0,6.601920541062125,9.673882737835475,11.082186065477343,-1.4083033276418675,0.0001212256700730468,1.655098602862969,39.4715087119811,23.848433346329806
9.716666666666667,track,6.264998578748445,0.0,3.743871336424783,7.383009987277436,-4.007772293842635,13.0,-1.7083837246625266,1.0,6.601345592216038,9.661181739612298,11.069528374585985,-1.4083466349736882,0.00012080804737789387,1.655098602862969,39.4715087119811,23.848433346329806
9.720833333333333,track,6.295776264667511,0.0,3.7271892320453297,7.386644620575818,-4.003705051068816,13.0,-1.7083837246625266,1.0,6.601345592216038,9.661181739612298,11.05691417464689,-1.3957324350345923,0.00012080804737789387,1.655098602862969,39.4715087119811,23.848433346329806
9.725,track,6.326569002996332,0.0,3.710523754224421,7.390257198916984,-3.999714677018139,13.0,-1.7083837246625266,1.0,6.600775969532724,9.648647164441876,11.044343374553822,-1.3956962101119474,0.00012039825427432089,1.655098602862969,39.4715087119811,23.848433346329806
9.729166666666666,track,6.357376705828329,0.0,3.69387460950547,7.39384867967913,-3.9957947325482177,13.0,-1.7083837246625266,1.0,6.600775969532724,9.648647164441876,11.031815888550566,-1.383168724108691,0.00012039825427432089,1.655098602862969,39.4715087119811,23.848433346329806
9.733333333333333,track,6.388199472774895,0.0,3.677242881454318,7.39746406717586,-3.991614732276532,13.0,-1.1104494210306424,1.0,7.209403134229364,9.636264298982397,11.019331693755317,-1.3830673947729195,0.00011999430301102738,2.546305542866106,39.4715087119811,15.501481675114373
9.7375,track,6.419037391250021,0.0,3.6606295651800465,7.4011004340302255,-3.9871959058251747,13.0,-1.1104494210306424,1.0,7.209403134229364,9.636264298982397,11.00689076580943,-1.3706264668270327,0.00011999430301102738,2.546305542866106,39.4715087119811,15.501481675114373
9.741666666666667,track,6.4498905855082045,0.0,3.644035928002253,7.404766621964083,-3.9824729226704907,13.0,-1.0514224771473535,1.0,7.371814259936312,9.623799451430896,10.9944930878816,-1.370693636450703,0.00011955864437589964,2.546305542866106,39.4715087119811,15.501481675114373
9.745833333333334,track,6.480759165616732,0.0,3.6274631342104855,7.408459226046643,-3.977470510024151,13.0,-1.0514224771473535,1.0,7.371814259936312,9.623799451430896,10.982138640889119,-1.3583391894582237,0.00011955864437589964,2.546305542866106,39.4715087119811,15.501481675114373
9.75,track,6.511643228374557,0.0,3.6109122516905443,7.4121750618780595,-3.972211804785855,13.0,-1.0514224771473535,1.0,7.3711955654347365,9.611150619685235,10.9698273925987,-1.3586767729134646,0.00011907507948274166,2.546305542866106,39.4715087119811,15.501481675114373
9.754166666666666,track,6.542542858537545,0.0,3.5943842607874488,7.415911239117213,-3.9667178167428996,13.0,-1.0514224771473535,1.0,7.3711955654347365,9.611150619685235,10.957559310038517,-1.3464086903532817,0.00011907507948274166,2.546305542866106,39.4715087119811,15.501481675114373
9.758333333333333,track,6.573458129591368,0.0,3.5778800598270672,7.419665052917575,-3.961008230491522,13.0,-1.0514224771473535,1.0,7.370582653865422,9.598341552750638,10.945334347374864,-1.3469927946242255,0.00011854794342762976,2.546305542866106,39.4715087119811,15.501481675114373
9.7625,track,6.604389104835596,0.0,3.561400472926859,7.423434058614635,-3.955100856050006,13.0,-1.0514224771473535,1.0,7.370582653865422,9.598341552750638,10.933152459344594,-1.3348109065939566,0.00011854794342762976,2.546305542866106,39.4715087119811,15.501481675114373
9.766666666666666,track,6.635335849994421,0.0,3.544946342952687,7.427218838118166,-3.948991193801197,13.0,-1.0119110185041682,1.0,7.410217369762281,9.585410778533406,10.92101359259345,-1.3356028140600456,0.0001179840011698959,2.6457295478528184,39.949968710876355,15.099793077224524
9.770833333333334,track,6.666298421221196,0.0,3.5285184428831142,7.431017094426072,-3.942696016697436,13.0,-1.0119110185041682,1.0,7.410217369762281,9.585410778533406,10.908917695003845,-1.3235069164704394,0.0001179840011698959,2.6457295478528184,39.949968710876355,15.099793077224524
9.775,track,6.697276910699391,0.0,3.512117812976158,7.434837474766774,-3.9361511776695375,13.0,-0.9556980020634276,1.0,7.561468595813932,9.57237650009665,10.896864718649095,-1.324488218552445,0.0001173867085312812,2.6457295478528184,39.949968710876355,15.099793077224524
9.779166666666667,track,6.728271398877061,0.0,3.4957454077477417,7.438677162640664,-3.929377254819847,13.0,-0.9556980020634276,1.0,7.561468595813932,9.57237650009665,10.884854616128717,-1.312478116032067,0.0001173867085312812,2.6457295478528184,39.949968710876355,15.099793077224524
9.783333333333333,track,6.759281955221158,0.0,3.479402101376691,7.442533522583412,-3.9223935290521887,13.0,-0.9556980020634276,1.0,7.560857262769443,9.559209812712297,10.872887325824125,-1.3136775131118292,0.00011675186652238462,2.6457295478528184,39.949968710876355,15.099793077224524
9.7875,track,6.790308639281411,0.0,3.4630886953993882,7.446404174460907,-3.915217434552606,13.0,-0.9556980020634276,1.0,7.560857262769443,9.559209812712297,10.860962787956153,-1.3017529752438564,0.00011675186652238462,2.6457295478528184,39.949968710876355,15.099793077224524
9.791666666666666,track,6.821351501314275,0.0,3.4468059231486037,7.450286887887453,-3.9078653401883146,13.0,-0.9556980020634276,1.0,7.560251697407465,9.545928057745869,10.849080928852748,-1.3031528711068807,0.00011608283794584996,2.6457295478528184,39.949968710876355,15.099793077224524
9.795833333333333,track,6.852410583221374,0.0,3.4305544565296375,7.454179657703635,-3.900351988551909,13.0,-0.9556980020634276,1.0,7.560251697407465,9.545928057745869,10.83724167782313,-1.2913136200772626,0.00011608283794584996,2.6457295478528184,39.949968710876355,15.099793077224524
9.8,track,6.883485728706817,0.0,3.414333493289258,7.458034916506192,-3.89303117769106,13.0,-1.5733072670238575,1.0,6.930827666492106,9.532562986541377,10.825444885848214,-1.2928818993068356,0.00011538532172134235,1.6071358061328855,41.47288270665544,25.805462455875535
9.804166666666667,track,6.91457679115952,0.0,3.398142298816234,7.461854988648798,-3.8858866735257274,13.0,-1.5733072670238575,1.0,6.930827666492106,9.532562986541377,10.81369041420909,-1.2811274276677114,0.00011538532172134235,1.6071358061328855,41.47288270665544,25.805462455875535
9.808333333333334,track,6.945683632634664,0.0,3.38198019903361,7.4656419540344485,-3.8789039478297718,13.0,-1.5733072670238575,1.0,6.93028291938064,9.519370064455657,10.80197811693339,-1.2826080524777328,0.00011470088055639554,1.6071358061328855,41.47288270665544,25.805462455875535
9.8125,track,6.976806123263062,0.0,3.3658465764183902,7.469397750815485,-3.8720694276527348,13.0,-1.5733072670238575,1.0,6.93028291938064,9.519370064455657,10.790307858105173,-1.2709377936495156,0.00011470088055639554,1.6071358061328855,41.47288270665544,25.805462455875535
9.816666666666666,track,7.00794419348911,0.0,3.3497412630034344,7.473136854251679,-3.865275219589416,13.0,-1.4821275152627995,1.0,7.105515426254781,9.506405011314994,10.778679512461173,-1.2722745011461774,0.0001140389395839837,1.6071358061328855,41.47288270665544,25.805462455875535
9.820833333333333,track,7.039097775755307,0.0,3.3336641040146175,7.476859743887266,-3.8585181573160043,13.0,-1.4821275152627995,1.0,7.105515426254781,9.506405011314994,10.767092962860646,-1.2606879515456526,0.0001140389395839837,1.6071358061328855,41.47288270665544,25.805462455875535
9.825,track,7.070266804180535,0.0,3.317614955523986,7.480566822054624,-3.8517956377515294,13.0,-1.4821275152627995,1.0,7.10496736039457,9.493578790021928,10.755548083923543,-1.261969293901616,0.00011338562974888775,1.6071358061328855,41.47288270665544,25.805462455875535
9.829166666666666,track,7.101451214594352,0.0,3.3015936847743537,7.484258499316203,-3.845104979911735,13.0,-1.4821275152627995,1.0,7.10496736039457,9.493578790021928,10.744044758406394,-1.250465968384467,0.00011338562974888775,1.6071358061328855,41.47288270665544,25.805462455875535
9.833333333333334,track,7.132651099049617,0.0,3.2856013389261074,7.487972269263486,-3.8381630035791563,13.0,-0.9633828849208197,1.0,7.632425064419499,9.480861266230098,10.73258291634458,-1.2517216501144814,0.00011273641552965585,2.472516624819824,41.47288270665544,16.773550596319097
9.8375,track,7.1638665380351565,0.0,3.269638878694537,7.49170535652961,-3.8309904555768988,13.0,-0.9633828849208197,1.0,7.632425064419499,9.480861266230098,10.721162490131341,-1.2403012239012439,0.00011273641552965585,2.472516624819824,41.47288270665544,16.773550596319097
9.841666666666667,track,7.195097601228889,0.0,3.253707183884966,7.495455166495864,-3.8236067542970904,13.0,-0.9633828849208197,1.0,7.631847332183,9.468061061561155,10.709783398689876,-1.2417223371287203,0.00011206065041897937,2.472516624819824,41.47288270665544,16.773550596319097
9.845833333333333,track,7.22634434853329,0.0,3.2378070610594256,7.499219353056148,-3.8160294781296646,13.0,-0.9633828849208197,1.0,7.631847332183,9.468061061561155,10.698445564422638,-1.2303845028614828,0.00011206065041897937,2.472516624819824,41.47288270665544,16.773550596319097
9.85,track,7.257606868872733,0.0,3.221939537429686,7.503004881466246,-3.808205671137535,13.0,-0.9050726044046308,1.0,7.763275203869551,9.455145452913758,10.687148910503153,-1.232003457589395,0.00011135341044264275,2.472516624819824,41.47288270665544,16.773550596319097
9.854166666666666,track,7.288885239818151,0.0,3.2061055550780804,7.506809026900331,-3.800155764385355,13.0,-0.9050726044046308,1.0,7.763275203869551,9.455145452913758,10.675893363035321,-1.2207479101215626,0.00011135341044264275,2.472516624819824,41.47288270665544,16.773550596319097
9.858333333333333,track,7.32017952832708,0.0,3.190305976405404,7.510629242143126,-3.791898881442284,13.0,-0.9050726044046308,1.0,7.762698552684376,9.442099764539181,10.66467883365171,-1.2225790691125287,0.00011061267722630463,2.472516624819824,41.47288270665544,16.773550596319097
9.8625,track,7.351489791765214,0.0,3.174541591711177,7.51446322515224,-3.783452326614453,13.0,-0.9050726044046308,1.0,7.762698552684376,9.442099764539181,10.653505238064595,-1.2114054735254132,0.00011061267722630463,2.472516624819824,41.47288270665544,16.773550596319097
9.866666666666667,track,7.382815931750805,0.0,3.158812007434215,7.518273596541951,-3.7751002264708533,13.0,-1.3959067934137457,1.0,7.2626843520841575,9.42894316687746,10.642372427644428,-1.2134292607669697,0.00010984196618714969,1.6031206894457324,42.988370520409354,26.81542993202357
9.870833333333334,track,7.4141578544523945,0.0,3.143116862009379,7.522061448381465,-3.7668349019606446,13.0,-1.3959067934137457,1.0,7.2626843520841575,9.42894316687746,10.631280263970188,-1.2023370970927287,0.00010984196618714969,1.6031206894457324,42.988370520409354,26.81542993202357
9.875,track,7.4455154700496236,0.0,3.127455821949946,7.525827743335073,-3.7586496142638324,13.0,-1.3959067934137457,1.0,7.262154991282098,9.415882783192473,10.620228599472567,-1.2043458162800929,0.00010907497721119965,1.6031206894457324,42.988370520409354,26.81542993202357
9.879166666666666,track,7.476888692555987,0.0,3.111828580665893,7.529573401527391,-3.7505379081726993,13.0,-1.3959067934137457,1.0,7.262154991282098,9.415882783192473,10.609217296697338,-1.1933345135048645,0.00010907497721119965,1.6031206894457324,42.988370520409354,26.81542993202357
9.883333333333333,track,7.508277439345407,0.0,3.096234854998595,7.533299229460755,-3.7424941601515918,13.0,-1.3959067934137457,1.0,7.261630646155018,9.402970686857627,10.598246209283392,-1.1952755224257654,0.00010832042377910127,1.6031206894457324,42.988370520409354,26.81542993202357
9.8875,track,7.539681631030071,0.0,3.0806743844251794,7.537006004319332,-3.734512937619733,13.0,-1.3959067934137457,1.0,7.261630646155018,9.402970686857627,10.587315200879639,-1.1843445140220126,0.00010832042377910127,1.6031206894457324,42.988370520409354,26.81542993202357
9.891666666666666,track,7.571101235640332,0.0,3.0651472712327235,7.540705106462751,-3.726507166189474,13.0,-1.30759640793068,1.0,7.41370961542225,9.390194983734364,10.57642414123296,-1.1862291574985973,0.00010757669092949186,1.6031206894457324,42.988370520409354,26.81542993202357
9.895833333333334,track,7.602536220048828,0.0,3.04965360785436,7.544396258039142,-3.718479210807222,13.0,-1.30759640793068,1.0,7.41370961542225,9.390194983734364,10.565572908495419,-1.1753779247610543,0.00010757669092949186,1.6031206894457324,42.988370520409354,26.81542993202357
9.9,track,7.633986683217295,0.0,3.034194504696043,7.548111160432258,-3.7101847579960614,13.0,-0.849937665154942,1.0,7.878736181208032,9.377492073304087,10.554761417762272,-1.177269344458187,0.00010683384557376891,2.466339522224204,42.988370520409354,17.43002945581532
9.904166666666667,track,7.6654527120696265,0.0,3.0187709802643523,7.551846924559388,-3.7016458636057186,13.0,-0.849937665154942,1.0,7.878736181208032,9.377492073304087,10.543989587674188,-1.166497514370102,0.00010683384557376891,2.466339522224204,42.988370520409354,17.43002945581532
9.908333333333333,track,7.696934382288734,0.0,3.0033839671732014,7.555600852585768,-3.692883141876249,13.0,-0.849937665154942,1.0,7.878183193484026,9.364685320919,10.533257322332512,-1.1685720014135128,0.00010606367946202342,2.466339522224204,42.988370520409354,17.43002945581532
9.9125,track,7.728431759372068,0.0,2.9880343201370434,7.559370500000259,-3.6839152886779027,13.0,-0.849937665154942,1.0,7.878183193484026,9.364685320919,10.522564530515309,-1.1578792095963097,0.00010606367946202342,2.466339522224204,42.988370520409354,17.43002945581532
9.916666666666666,track,7.759944899296751,0.0,2.9727228209481646,7.563153581923832,-3.6747598053309507,13.0,-0.849937665154942,1.0,7.877635442929232,9.351753247330693,10.511911106686204,-1.1601578593555117,0.00010526307526574451,2.466339522224204,42.988370520409354,17.43002945581532
9.920833333333333,track,7.791473849448589,0.0,2.9574501854929003,7.566948036441065,-3.6654325092634643,13.0,-0.849937665154942,1.0,7.877635442929232,9.351753247330693,10.50129695095978,-1.1495437036290865,0.00010526307526574451,2.466339522224204,42.988370520409354,17.43002945581532
9.925,track,7.8230186806146715,0.0,2.9422173112399723,7.570759479859887,-3.6558898207026935,13.0,-0.7936661468764953,1.0,7.9878495948377415,9.33872842161575,10.49072196041166,-1.1519935387959093,0.00010443764029655599,2.466339522224204,42.988370520409354,17.43002945581532
9.929166666666667,track,7.854579453768062,0.0,2.9270250203388435,7.574585556813767,-3.646149816270871,13.0,-0.7936661468764953,1.0,7.9878495948377415,9.33872842161575,10.480186037409595,-1.1414576157938456,0.00010443764029655599,2.466339522224204,42.988370520409354,17.43002945581532
9.933333333333334,track,7.8861560406225015,0.0,2.9118726675026236,7.578380845065399,-3.636564680692788,13.0,-1.4068818476662084,1.0,7.3636856279777225,9.32560049111672,10.469689010131917,-1.1440885190151957,0.0001035860721865786,1.3913394282114,44.98888751680797,32.334947608465505
9.9375,track,7.917748320219699,0.0,2.896759660767011,7.582147103327413,-3.6271216165469498,13.0,-1.4068818476662084,1.0,7.3636856279777225,9.32560049111672,10.459230719118356,-1.1336302280016346,0.0001035860721865786,1.3913394282114,44.98888751680797,32.334947608465505
9.941666666666666,track,7.949356178150587,0.0,2.881685455778705,7.585885903413001,-3.6178091971934823,13.0,-1.4068818476662084,1.0,7.363187964294977,9.312603150062008,10.448810995858764,-1.1362078457967557,0.00010274611074512343,1.3913394282114,44.98888751680797,32.334947608465505
9.945833333333333,track,7.980979506138045,0.0,2.8666495528503373,7.589598716989992,-3.6086167028082894,13.0,-1.4068818476662084,1.0,7.363187964294977,9.312603150062008,10.438429683912519,-1.1258265338505113,0.00010274611074512343,1.3913394282114,44.98888751680797,32.334947608465505
9.95,track,8.012618201369039,0.0,2.851651492022214,7.593286855438592,-3.5995345987495897,13.0,-1.4068818476662084,1.0,7.36269500512986,9.299794769659174,10.428086618083968,-1.1282918484247955,0.00010192740090451304,1.3913394282114,44.98888751680797,32.334947608465505
9.954166666666666,track,8.044272166173014,0.0,2.8366908507931092,7.59695155295406,-3.590553894985112,13.0,-1.4068818476662084,1.0,7.36269500512986,9.299794769659174,10.41778164495455,-1.1179868752953763,0.00010192740090451304,1.3913394282114,44.98888751680797,32.334947608465505
9.958333333333334,track,8.075941307445161,0.0,2.821767239822724,7.600593905315203,-3.581666632892514,13.0,-1.4068818476662084,1.0,7.362206696680765,9.28715617561338,10.407514602568323,-1.1203584269549431,0.000101127126655365,1.3913394282114,44.98888751680797,32.334947608465505
9.9625,track,8.107625536402974,0.0,2.806880301219763,7.604214949875106,-3.572865264710622,13.0,-1.4068818476662084,1.0,7.362206696680765,9.28715617561338,10.39728534046181,-1.1101291648484295,0.000101127126655365,1.3913394282114,44.98888751680797,32.334947608465505
9.966666666666667,track,8.13932488430037,0.0,2.7920306210872154,7.607843495374968,-3.563923231811357,13.0,-1.0465720124954392,1.0,7.771617504661422,9.274671315958251,10.387093737962305,-1.1124224220040524,0.00010034290983056788,1.7406993671452329,45.47526800360829,26.124711056905973
9.970833333333333,track,8.171039376024634,0.0,2.7772187355045483,7.611478013823444,-3.554852539840113,13.0,-1.0465720124954392,1.0,7.771617504661422,9.274671315958251,10.376939681635685,-1.1022683656774332,0.00010034290983056788,1.7406993671452329,45.47526800360829,26.124711056905973
9.975,track,8.202769030485152,0.0,2.7624451334512936,7.6151170705244855,-3.5456644927810865,13.0,-1.0465720124954392,1.0,7.771111664557659,9.262187028641051,10.366823046086129,-1.1046360174450764,9.955043695795548e-05,1.7406993671452329,45.47526800360829,26.124711056905973
9.979166666666666,track,8.234513861256323,0.0,2.747710261744846,7.618759385080817,-3.5363692095474324,13.0,-1.0465720124954392,1.0,7.771111664557659,9.262187028641051,10.35674371365624,-1.0945566850151884,9.955043695795548e-05,1.7406993671452329,45.47526800360829,26.124711056905973
9.983333333333333,track,8.266273876886853,0.0,2.733014527354277,7.622403751327291,-3.526976253736523,13.0,-1.0465720124954392,1.0,7.770610580219787,9.249671273377592,10.346701554821323,-1.0970302814437303,9.874478059094681e-05,1.7406993671452329,45.47526800360829,26.124711056905973
9.9875,track,8.298049081466287,0.0,2.7183583017572457,7.626049099064311,-3.517494143287523,13.0,-1.0465720124954392,1.0,7.770610580219787,9.249671273377592,10.33669644822772,-1.0870251748501276,9.874478059094681e-05,1.7406993671452329,45.47526800360829,26.124711056905973
9.991666666666667,track,8.32983947486611,0.0,2.703741922732572,7.629694415957857,-3.50793096592166,13.0,-1.0465720124954392,1.0,7.770114203972904,9.237141178024242,10.326728260764526,-1.0895870827402845,9.792887680117876e-05,1.7406993671452329,45.47526800360829,26.124711056905973
9.995833333333334,track,8.361645053240373,0.0,2.689165698218462,7.63333880982315,-3.49829388338642,13.0,-1.0465720124954392,1.0,7.770114203972904,9.237141178024242,10.31679686786571,-1.0796556898414698,9.792887680117876e-05,1.7406993671452329,45.47526800360829,26.124711056905973
10.0,track,8.393465830581103,0.0,2.674630077537684,7.636986561775456,-3.4885489633868003,13.0,-1.006747250798804,1.0,7.84612968201289,9.224611088213662,10.306902140362075,-1.0822910521484128,9.710522457956301e-05,1.6778448581589798,46.49731175025068,27.712521526734
10.004166666666666,track,8.425301815980749,0.0,2.660135470942466,7.640636495914815,-3.478705582852289,13.0,-1.006747250798804,1.0,7.84612968201289,9.224611088213662,10.297043957201454,-1.0724328689877929,9.710522457956301e-05,1.6778448581589798,46.49731175025068,27.712521526734
10.008333333333333,track,8.457153013910254,0.0,2.6456822517040712,7.644287503081069,-3.468772617214696,13.0,-1.006747250798804,1.0,7.845637781856257,9.212067289815751,10.287222185136367,-1.0751548953206147,9.62718451355887e-05,1.6778448581589798,46.49731175025068,27.712521526734
10.0125,track,8.48901942474986,0.0,2.6312707602227987,7.647938601505006,-3.458757955505429,13.0,-1.006747250798804,1.0,7.845637781856257,9.212067289815751,10.277436699457814,-1.0653694096420636,9.62718451355887e-05,1.6778448581589798,46.49731175025068,27.712521526734
10.016666666666666,track,8.520901045003905,0.0,2.6169013056315626,7.651588860970961,-3.4486691018966984,13.0,-1.006747250798804,1.0,7.8451504919279875,9.199515894859447,10.267687363404761,-1.0681714685453143,9.542994242840768e-05,1.6778448581589798,46.49731175025068,27.712521526734
10.020833333333334,track,8.55279786777037,0.0,2.6025741694401314,7.655237463951542,-3.4385126859435386,13.0,-1.006747250798804,1.0,7.8451504919279875,9.199515894859447,10.257974049117319,-1.058458154257873,9.542994242840768e-05,1.6778448581589798,46.49731175025068,27.712521526734
10.025,track,8.584709882901787,0.0,2.588289606725664,7.6588836315403475,-3.428295051472173,13.0,-1.006747250798804,1.0,7.844667764201474,9.186970074456456,10.248296616834589,-1.061326542378133,9.458184918122547e-05,1.6778448581589798,46.49731175025068,27.712521526734
10.029166666666667,track,8.616637077422231,0.0,2.5740478493786307,7.662526684906541,-3.418021763287994,13.0,-1.006747250798804,1.0,7.844667764201474,9.186970074456456,10.238654936007466,-1.0516848615510104,9.458184918122547e-05,1.6778448581589798,46.49731175025068,27.712521526734
10.033333333333333,track,8.648579383873608,0.0,2.5598486916021357,7.666153548330296,-3.4077978663587696,13.0,-1.18915032692471,1.0,7.658834870191935,9.174440826556662,10.229048848099696,-1.054608021543034,9.372954798919506e-05,1.420481212486275,48.0,33.791365614745004
10.0375,track,8.680536736948659,0.0,2.545691943042175,7.669764738011916,-3.397619654390531,13.0,-1.18915032692471,1.0,7.658834870191935,9.174440826556662,10.219478205743203,-1.045037379186542,9.372954798919506e-05,1.420481212486275,48.0,33.791365614745004
10.041666666666666,track,8.712509106820082,0.0,2.531577697174119,7.673368769141823,-3.3874190083335693,13.0,-1.0981128633668622,1.0,7.7790567122121335,9.161999529711775,10.209942862023658,-1.0479433323118823,9.288460040733911e-05,1.420481212486275,48.0,33.791365614745004
10.045833333333333,track,8.744496462567175,0.0,2.517506037729168,7.676965379302438,-3.3771982667882723,13.0,-1.0981128633668622,1.0,7.7790567122121335,9.161999529711775,10.200442680012925,-1.0384431503011493,9.288460040733911e-05,1.420481212486275,48.0,33.791365614745004
10.05,track,8.776498772151337,0.0,2.503477038460453,7.680554300198822,-3.3669598244914956,13.0,-1.0981128633668622,1.0,7.778591245213704,9.149622539039738,10.190977511924924,-1.041354972885185,9.204344565147933e-05,1.420481212486275,48.0,33.791365614745004
10.054166666666667,track,8.808516002651897,0.0,2.4894907650114217,7.684135320134368,-3.356705627767602,13.0,-1.0981128633668622,1.0,7.778591245213704,9.149622539039738,10.181547220065122,-1.0319246810253833,9.204344565147933e-05,1.420481212486275,48.0,33.791365614745004
10.058333333333334,track,8.840548120225357,0.0,2.4755472745564178,7.687708217630374,-3.346437709200936,13.0,-1.0981128633668622,1.0,7.778130107301629,9.137298318568895,10.172151656018526,-1.0348533374496318,9.120443269216913e-05,1.420481212486275,48.0,33.791365614745004
10.0625,track,8.872595090323284,0.0,2.4616466175352136,7.691272823502556,-3.336157685088948,13.0,-1.0981128633668622,1.0,7.778130107301629,9.137298318568895,10.16279068154448,-1.0254923629755857,9.120443269216913e-05,1.420481212486275,48.0,33.791365614745004
10.066666666666666,track,8.904656896606713,0.0,2.447788991115783,7.694833508023376,-3.3258303406633947,13.0,-1.030263317016221,1.0,7.846604296985751,9.125029853991169,10.15346415373823,-1.0284342997470617,9.036820279268001e-05,1.514029147538383,48.98979485566356,32.35723363405168
10.070833333333333,track,8.936733520548557,0.0,2.433974574034896,7.698389746042716,-3.3154600994128334,13.0,-1.030263317016221,1.0,7.846604296985751,9.125029853991169,10.144171939307252,-1.0191420853160826,9.036820279268001e-05,1.514029147538383,48.98979485566356,32.35723363405168
10.075,track,8.968824970191022,0.0,2.4202037604250943,7.701947914191727,-3.3049952663524085,13.0,-0.9471248135257864,1.0,7.951077745938527,9.112796765250987,10.134913902958985,-1.022117137707997,8.953167985065316e-05,1.514029147538383,48.98979485566356,32.35723363405168
10.079166666666666,track,9.000931249332599,0.0,2.4064769096547964,7.705506993978423,-3.294444184871541,13.0,-0.9471248135257864,1.0,7.951077745938527,9.112796765250987,10.12568991821272,-1.0128931529617318,8.953167985065316e-05,1.514029147538383,48.98979485566356,32.35723363405168
10.083333333333334,track,9.033052357764937,0.0,2.3927943481498284,7.709066023761153,-3.283814761192372,13.0,-0.9471248135257864,1.0,7.950619285958018,9.100563117197062,10.116499846790596,-1.0159367295935349,8.86893183002055e-05,1.514029147538383,48.98979485566356,32.35723363405168
10.0875,track,9.065188291741128,0.0,2.379156373107715,7.7126241542859475,-3.2731140101071743,13.0,-0.9471248135257864,1.0,7.950619285958018,9.100563117197062,10.107343559548605,-1.006780442351544,8.86893183002055e-05,1.514029147538383,48.98979485566356,32.35723363405168
10.091666666666667,track,9.097339044157065,0.0,2.3655632538830873,7.716180579825143,-3.2623486139105973,13.0,-0.9471248135257864,1.0,7.950165061572707,9.088329619764885,10.098220915672727,-1.0098912959078419,8.784141088529407e-05,1.514029147538383,48.98979485566356,32.35723363405168
10.095833333333333,track,9.129504604965943,0.0,2.35201523528364,7.719734594130566,-3.251524463867392,13.0,-0.9471248135257864,1.0,7.950165061572707,9.088329619764885,10.089131783757376,-1.000802163992491,8.784141088529407e-05,1.514029147538383,48.98979485566356,32.35723363405168
10.1,track,9.161684972272132,0.0,2.3385126283009443,7.723288153485306,-3.240625675846892,13.0,-0.9074006373482987,1.0,7.990063128656569,9.076107673957537,10.080076024263958,-1.003968350306421,8.698995147746958e-05,1.58031030066874,50.0,31.63935587766624
10.104166666666666,track,9.193880140807307,0.0,2.3250557158948877,7.726840448441796,-3.229658977453569,13.0,-0.9074006373482987,1.0,7.990063128656569,9.076107673957537,10.071053506931262,-0.9949458329737256,8.698995147746958e-05,1.58031030066874,50.0,31.63935587766624
10.108333333333333,track,9.226090102100402,0.0,2.311644754296345,7.730390710342665,-3.218630783650202,13.0,-0.9074006373482987,1.0,7.989614974240818,9.063893610101488,10.062064089774442,-0.9981704796729544,8.613454300430753e-05,1.58031030066874,50.0,31.63935587766624
10.1125,track,9.258314844877226,0.0,2.2982799762000354,7.733938266437974,-3.2075467431143916,13.0,-0.9074006373482987,1.0,7.989614974240818,9.063893610101488,10.053107640350907,-0.9892140302494191,8.613454300430753e-05,1.58031030066874,50.0,31.63935587766624
10.116666666666667,track,9.290554380016694,0.0,2.284961795868076,7.737488433472417,-3.1963632796702743,13.0,-0.8299919033251232,1.0,8.081117245407022,9.051693359653497,10.044184022302803,-0.9924906626493054,8.527631469248617e-05,1.58031030066874,50.0,31.63935587766624
10.120833333333334,track,9.322808713969003,0.0,2.2716905909306844,7.741040148554269,-3.18508918497401,13.0,-0.8299919033251232,1.0,8.081117245407022,9.051693359653497,10.035293108215376,-0.9835997485618787,8.527631469248617e-05,1.58031030066874,50.0,31.63935587766624
10.125,track,9.355077849011966,0.0,2.2584667043890976,7.744592410311279,-3.173732769980814,13.0,-0.8299919033251232,1.0,8.080672219786353,9.039486123497603,10.026434758494297,-0.986948634996694,8.441215826464116e-05,1.58031030066874,50.0,31.63935587766624
10.129166666666666,track,9.387361783727096,0.0,2.2452904484353855,7.748144331631179,-3.1623014288909217,13.0,-0.8299919033251232,1.0,8.080672219786353,9.039486123497603,10.017608842833855,-0.9781227193362518,8.441215826464116e-05,1.58031030066874,50.0,31.63935587766624
10.133333333333333,track,9.419660487354584,0.0,2.232161892642615,7.751688870596932,-3.1508533902648947,13.0,-0.9243098375574856,1.0,7.9844531341578735,9.027274932281745,10.008815211083155,-0.9815402788014084,8.354275493412745e-05,1.4190531150922323,51.49757275833493,36.2900952829999
10.1375,track,9.451973928269455,0.0,2.219081098472072,7.755225819569037,-3.1393906009303802,13.0,-0.9243098375574856,1.0,7.9844531341578735,9.027274932281745,10.000053723506705,-0.9727787912249599,8.354275493412745e-05,1.4190531150922323,51.49757275833493,36.2900952829999
10.141666666666666,track,9.48430207394964,0.0,2.206048118981464,7.758754963244399,-3.1279150777459104,13.0,-0.9243098375574856,1.0,7.984021391823783,9.015102751136386,9.991324229268352,-0.9762214781319674,8.26751005289492e-05,1.4190531150922323,51.49757275833493,36.2900952829999
10.145833333333334,track,9.51664489118007,0.0,2.1930630004876965,7.762276135302798,-3.116428438504177,13.0,-0.9243098375574856,1.0,7.984021391823783,9.015102751136386,9.98262658803535,-0.9675238368989658,8.26751005289492e-05,1.4190531150922323,51.49757275833493,36.2900952829999
10.15,track,9.549002370316561,0.0,2.180125983906319,7.76579499275806,-3.104883979530628,13.0,-0.8407458380514197,1.0,8.074091978087225,9.002984151063009,9.973960655824381,-0.9709765047613731,8.18116782698596e-05,1.4190531150922323,51.49757275833493,36.2900952829999
10.154166666666667,track,9.58137449908099,0.0,2.1672372877310018,7.769310903462831,-3.0932870820761305,13.0,-0.8407458380514197,1.0,8.074091978087225,9.002984151063009,9.965326298445122,-0.9623421473821132,8.18116782698596e-05,1.4190531150922323,51.49757275833493,36.2900952829999
10.158333333333333,track,9.613761262677327,0.0,2.1543971089251057,7.77282326312104,-3.0816429134150445,13.0,-0.8407458380514197,1.0,8.073663255105979,8.990892275300324,9.95672337023419,-0.9658310949338679,8.094841331048868e-05,1.4190531150922323,51.49757275833493,36.2900952829999
10.1625,track,9.646162644128047,0.0,2.1416056256508673,7.776331548172929,-3.069955985817206,13.0,-0.8407458380514197,1.0,8.073663255105979,8.990892275300324,9.948151735513004,-0.9572594602126819,8.094841331048868e-05,1.4190531150922323,51.49757275833493,36.2900952829999
10.166666666666666,track,9.678578672543576,0.0,2.128863399496745,7.779846819726913,-3.0581342769893975,13.0,-0.662242839981132,1.0,8.25446627244257,8.978824675959839,9.939611261812555,-0.9607865858527173,8.008508761161068e-05,1.8015491122889125,52.0,28.864047971433163
10.170833333333333,track,9.71100937116354,0.0,2.1161709431429263,7.783367668791234,-3.0461895249164956,13.0,-0.662242839981132,1.0,8.25446627244257,8.978824675959839,9.931101825236475,-0.9522771492766358,8.008508761161068e-05,1.8015491122889125,52.0,28.864047971433163
10.175,track,9.743454757732092,0.0,2.1035287233750637,7.786892776452439,-3.0341327442869837,13.0,-0.662242839981132,1.0,8.254035832915694,8.966730475492623,9.922623289283509,-0.9558928137908862,7.921382534950425e-05,1.8015491122889125,52.0,28.864047971433163
10.179166666666667,track,9.775914845072453,0.0,2.0909371657660882,7.7904209616864994,-3.021973826154096,13.0,-0.662242839981132,1.0,8.254035832915694,8.966730475492623,9.91417552645848,-0.947445050965859,7.921382534950425e-05,1.8015491122889125,52.0,28.864047971433163
10.183333333333334,track,9.808389641388583,0.0,2.0783966570886943,7.793951115871226,-3.0097220825745907,13.0,-0.662242839981132,1.0,8.253609281376828,8.954606758055574,9.905758396812724,-0.9511516387571493,7.833436177958022e-05,1.8015491122889125,52.0,28.864047971433163
10.1875,track,9.84087915076938,0.0,2.0659075494273607,7.797482251391262,-2.9973858387200414,13.0,-0.662242839981132,1.0,8.253609281376828,8.954606758055574,9.89737176977371,-0.9427650117181351,7.833436177958022e-05,1.8015491122889125,52.0,28.864047971433163
10.191666666666666,track,9.87338338993817,0.0,2.053470300384916,7.80101740050929,-2.9849397701867404,13.0,-0.5985940931238698,1.0,8.315664167775942,8.942469295115512,9.889015507394117,-0.9465462122786049,7.744938940754703e-05,1.8015491122889125,52.0,28.864047971433163
10.195833333333333,track,9.90590237079369,0.0,2.0410853269911553,7.804555405324977,-2.9723936145026024,13.0,-0.5985940931238698,1.0,8.315664167775942,8.942469295115512,9.88068948088446,-0.9382201857689481,7.744938940754703e-05,1.8015491122889125,52.0,28.864047971433163
10.2,track,9.938436048080591,0.0,2.028752566393243,7.80808254885647,-2.959862543498999,13.0,-0.7940520397490641,1.0,8.11684130717216,8.930311439068065,9.872393533518965,-0.9420820944508997,7.655806198378966e-05,1.358093176650599,54.0,39.76163118143163
10.204166666666666,track,9.970984377014938,0.0,2.0164719584273727,7.81159894424307,-2.9473459118088896,13.0,-0.7940520397490641,1.0,8.11684130717216,8.930311439068065,9.864127519738874,-0.933816080670809,7.655806198378966e-05,1.358093176650599,54.0,39.76163118143163
10.208333333333334,track,10.003547313146907,0.0,2.004243444480274,7.815104671672406,-2.9348433473036466,13.0,-0.7940520397490641,1.0,8.116432993661952,8.918204487482777,9.855891283064754,-0.9376867955819758,7.567181426148468e-05,1.358093176650599,54.0,39.76163118143163
10.2125,track,10.03612481245247,0.0,1.9920669682741958,7.8185998333351465,-2.92235428945881,13.0,-0.7940520397490641,1.0,8.116432993661952,8.918204487482777,9.84768467818132,-0.9294801906985426,7.567181426148468e-05,1.358093176650599,54.0,39.76163118143163
10.216666666666667,track,10.068716831201149,0.0,1.979942474766341,7.822084499682678,-2.909878441885161,13.0,-0.7940520397490641,1.0,8.11602832833697,8.906170845548322,9.839507549061949,-0.9333367035136266,7.479434624152277e-05,1.358093176650599,54.0,39.76163118143163
10.220833333333333,track,10.101323326049739,0.0,1.967869910951887,7.825558763661421,-2.897415315469003,13.0,-0.7940520397490641,1.0,8.11602832833697,8.906170845548322,9.83135975082427,-0.9251889052759472,7.479434624152277e-05,1.358093176650599,54.0,39.76163118143163
10.225,track,10.133944272926822,0.0,1.9558493856919197,7.82902725049983,-2.8849260623921373,13.0,-0.7126682672384075,1.0,8.187690081319573,8.894209325419688,9.82324113349624,-0.9290318080765503,7.392562061323666e-05,1.358093176650599,54.0,39.76163118143163
10.229166666666666,track,10.16657964647453,0.0,1.9438809961347645,7.832489651449717,-2.872413493717245,13.0,-0.7126682672384075,1.0,8.187690081319573,8.894209325419688,9.815151557638234,-0.9209422322185458,7.392562061323666e-05,1.358093176650599,54.0,39.76163118143163
10.233333333333333,track,10.199229416772525,0.0,1.9319647998904395,7.835944871518709,-2.8598870986380387,13.0,-0.7249973136507893,1.0,8.174776859015138,8.882296006863244,9.807090872001801,-0.9247948651385564,7.306201023707086e-05,1.3349979272034689,55.49774770204643,41.57141113941815
10.2375,track,10.231893553133979,0.0,1.9201008471284828,7.839392726749209,-2.8473486628695746,13.0,-0.7249973136507893,1.0,8.174776859015138,8.882296006863244,9.799058936035024,-0.9167629291717788,7.306201023707086e-05,1.3349979272034689,55.49774770204643,41.57141113941815
10.241666666666667,track,10.264572024076788,0.0,1.9082891803103696,7.842833026274128,-2.8348000363471666,13.0,-0.7249973136507893,1.0,8.174379979870563,8.870430494453588,9.791055598562156,-0.92062510410857,7.220357755252733e-05,1.3349979272034689,55.49774770204643,41.57141113941815
10.245833333333334,track,10.297264797505717,0.0,1.8965298357161813,7.846265622942991,-2.8222427026052146,13.0,-0.7249973136507893,1.0,8.174379979870563,8.870430494453588,9.783080719127803,-0.9126502246742162,7.220357755252733e-05,1.3349979272034689,55.49774770204643,41.57141113941815
10.25,track,10.329971840671812,0.0,1.8848228430804705,7.849690359862757,-2.8096782325705973,13.0,-0.7249973136507893,1.0,8.173986598254658,8.858616856105531,9.775134146808073,-0.9165172907025421,7.135107535024898e-05,1.3349979272034689,55.49774770204643,41.57141113941815
10.254166666666666,track,10.362693120341422,0.0,1.873168227015079,7.85310712070657,-2.7971078556939917,13.0,-0.7249973136507893,1.0,8.173986598254658,8.858616856105531,9.767215741406485,-0.9085988853009542,7.135107535024898e-05,1.3349979272034689,55.49774770204643,41.57141113941815
10.258333333333333,track,10.395428602745866,0.0,1.8615660065648738,7.85651577706671,-2.7845329080492145,13.0,-0.7249973136507893,1.0,8.173596670919274,8.846857187683494,9.759325352409705,-0.9124681647262111,7.05049374113754e-05,1.3349979272034689,55.49774770204643,41.57141113941815
10.2625,track,10.428178253739242,0.0,1.850016196541896,7.859916238409994,-2.7719544055146916,13.0,-0.7249973136507893,1.0,8.173596670919274,8.846857187683494,9.75146284002409,-0.9046056523405952,7.05049374113754e-05,1.3349979272034689,55.49774770204643,41.57141113941815
10.266666666666666,track,10.460942035438324,0.0,1.8385187787291746,7.863307607779475,-2.759380275053141,13.0,-0.7195807608697956,1.0,8.160543649970688,8.835153176485074,9.743628053366189,-0.9084748768811158,6.966552442252088e-05,1.1973166229784313,57.4978260458602,48.02223985066645
10.270833333333334,track,10.493719909957974,0.0,1.8270737338017233,7.866689884716132,-2.7468107825883084,13.0,-0.7195807608697956,1.0,8.160543649970688,8.835153176485074,9.735820852349379,-0.9006676758643063,6.966552442252088e-05,1.1973166229784313,57.4978260458602,48.02223985066645
10.275,track,10.526511839322264,0.0,1.8156810405644739,7.870063047429571,-2.734246376939845,13.0,-0.7195807608697956,1.0,8.160161096651606,8.82351013612739,9.728041086952084,-0.9045309508246927,6.883375648162284e-05,1.1973166229784313,57.4978260458602,48.02223985066645
10.279166666666667,track,10.559317785582277,0.0,1.8043406769634553,7.873427102402876,-2.721687264244457,13.0,-0.7195807608697956,1.0,8.160161096651606,8.82351013612739,9.720288617898726,-0.8967784817713347,6.883375648162284e-05,1.1973166229784313,57.4978260458602,48.02223985066645
10.283333333333333,track,10.592137710725797,0.0,1.7930526193104668,7.876782034445134,-2.7091338367172755,13.0,-0.7195807608697956,1.0,8.159781864781515,8.81192971195405,9.71256329612113,-0.9006335841670788,6.800996901334695e-05,1.1973166229784313,57.4978260458602,48.02223985066645
10.2875,track,10.624971576791577,0.0,1.7818168432671624,7.880127855787153,-2.6965862503930413,13.0,-0.7195807608697956,1.0,8.159781864781515,8.81192971195405,9.704864983238167,-0.8929352712841165,6.800996901334695e-05,1.1973166229784313,57.4978260458602,48.02223985066645
10.291666666666666,track,10.657819345777995,0.0,1.770633323059736,7.8834645567404396,-2.6840448497823184,13.0,-0.7195807608697956,1.0,8.159405912665223,8.80041196529974,9.697193531213168,-0.8967815659134295,6.719424084413678e-05,1.1973166229784313,57.4978260458602,48.02223985066645
10.295833333333333,track,10.690680979754173,0.0,1.7595020324390809,7.886792154283012,-2.671509748957217,13.0,-0.7195807608697956,1.0,8.159405912665223,8.80041196529974,9.689548802630563,-0.8891368373308242,6.719424084413678e-05,1.1973166229784313,57.4978260458602,48.02223985066645
10.3,track,10.72355644827943,0.0,1.7484230088933037,7.890112446061466,-2.6589656509865085,13.0,-0.6665372851125543,1.0,8.188163762638462,8.788956879982896,9.681930652611548,-0.8929737726286511,6.638663109380651e-05,1.1394741890708007,59.49789912257407,52.21522320842776
10.304166666666667,track,10.756445720351447,0.0,1.7373962841209887,7.893425297284356,-2.6464139453555835,13.0,-0.6665372851125543,1.0,8.188163762638462,8.788956879982896,9.674338946607607,-0.8853820666247109,6.638663109380651e-05,1.1394741890708007,59.49789912257407,52.21522320842776
10.308333333333334,track,10.789348764368306,0.0,1.726421883685718,7.896730564046219,-2.633856104464962,13.0,-0.6665372851125543,1.0,8.187792927746793,8.777555347016383,9.666773540472597,-0.8892181934562141,6.558577055552298e-05,1.1394741890708007,59.49789912257407,52.21522320842776
10.3125,track,10.822265548284564,0.0,1.7154998283540432,7.900028139902072,-2.621293279601931,13.0,-0.6665372851125543,1.0,8.187792927746793,8.777555347016383,9.659234300355669,-0.8816789533392848,6.558577055552298e-05,1.1394741890708007,59.49789912257407,52.21522320842776
10.316666666666666,track,10.855196039564301,0.0,1.7046301336747092,7.903317907137001,-2.6087267230401694,13.0,-0.6665372851125543,1.0,8.187425262208677,8.766205896572856,9.651721082927148,-0.8855151863542932,6.479148324125202e-05,1.1394741890708007,59.49789912257407,52.21522320842776
10.320833333333333,track,10.888140205326911,0.0,1.6938128112336268,7.906599783026148,-2.596157385859771,13.0,-0.6665372851125543,1.0,8.187425262208677,8.766205896572856,9.644233755109216,-0.8780278585363599,6.479148324125202e-05,1.1394741890708007,59.49789912257407,52.21522320842776
10.325,track,10.921098012292754,0.0,1.6830478681707988,7.909873671802275,-2.583586335078743,13.0,-0.6665372851125543,1.0,8.187060726388678,8.754910074108585,9.636772174464278,-0.8818621003556939,6.40040617473322e-05,1.1394741890708007,59.49789912257407,52.21522320842776
10.329166666666666,track,10.954069426920148,0.0,1.672335308364335,7.913139510574272,-2.5710143535512637,13.0,-0.6665372851125543,1.0,8.187060726388678,8.754910074108585,9.62933620875561,-0.8744261346470261,6.40040617473322e-05,1.1394741890708007,59.49789912257407,52.21522320842776
10.333333333333334,track,10.987054412241566,0.0,1.6616751047791418,7.9163964771402435,-2.5584488604463567,13.0,-0.6785184710435463,1.0,8.174546874053382,8.743669110478397,9.621925715670567,-0.8782566051921701,6.322374640934332e-05,1.1193535104077323,61.497967446087195,54.94061248236594
10.3375,track,11.020052931364683,0.0,1.651067229986922,7.9196445895479295,-2.545889950132749,13.0,-0.6785184710435463,1.0,8.174546874053382,8.743669110478397,9.614540563128209,-0.8708714526498116,6.322374640934332e-05,1.1193535104077323,61.497967446087195,54.94061248236594
10.341666666666667,track,11.053064962240708,0.0,1.640511785524895,7.922887410246095,-2.533306670886513,13.0,-0.591122552997687,1.0,8.23258457964632,8.7324877033607,9.607180613998437,-0.8746929106377369,6.245131514515763e-05,1.1193535104077323,61.497967446087195,54.94061248236594
10.345833333333333,track,11.08609048163089,0.0,1.6300088617529038,7.9261246536436785,-2.5207017052778675,13.0,-0.591122552997687,1.0,8.23258457964632,8.7324877033607,9.599845740878138,-0.8673580375174366,6.245131514515763e-05,1.1193535104077323,61.497967446087195,54.94061248236594
10.35,track,11.119129465125264,0.0,1.6195585379847846,7.929356038649617,-2.508077704348644,13.0,-0.591122552997687,1.0,8.23222719207941,8.72134929365088,9.592535807048582,-0.8711865133977034,6.16842243084682e-05,1.1193535104077323,61.497967446087195,54.94061248236594
10.354166666666666,track,11.152181887341301,0.0,1.6091608842007572,7.9325813318489,-2.4954369081665795,13.0,-0.591122552997687,1.0,8.23222719207941,8.72134929365088,9.585250685515417,-0.8639013918645375,6.16842243084682e-05,1.1193535104077323,61.497967446087195,54.94061248236594
10.358333333333333,track,11.185247721925398,0.0,1.5988159610331938,7.935800300183145,-2.482781560215235,13.0,-0.591122552997687,1.0,8.231872797574873,8.71025108132588,9.57799024007372,-0.8677391587478394,6.09220819387399e-05,1.1193535104077323,61.497967446087195,54.94061248236594
10.3625,track,11.21832694173382,0.0,1.5885238213325332,7.939012754021139,-2.470113528158522,13.0,-0.591122552997687,1.0,8.231872797574873,8.71025108132588,9.570754344229236,-0.8605032629033554,6.09220819387399e-05,1.1193535104077323,61.497967446087195,54.94061248236594
10.366666666666667,track,11.251419518860745,0.0,1.5782845103923804,7.942218510462265,-2.4574346256367057,13.0,-0.5909626519712915,1.0,8.231683517030248,8.699196280923795,9.563542862397682,-0.864346581473886,6.016543520146867e-05,1.1196563819591183,63.49803146555018,56.71207031789925
10.370833333333334,track,11.28452542475968,0.0,1.5680980669994924,7.945417415744319,-2.444746414293103,13.0,-0.5909626519712915,1.0,8.231683517030248,8.699196280923795,9.5563556686805,-0.8571593877567032,6.016543520146867e-05,1.1196563819591183,63.49803146555018,56.71207031789925
10.375,track,11.317644642669913,0.0,1.5579646332308037,7.948612298456113,-2.4320241044852824,13.0,-0.5073860839389519,1.0,8.28080305376932,8.68818747834538,9.54919263148472,-0.8610051531393397,5.9414732795236665e-05,1.1196563819591183,63.49803146555018,56.71207031789925
10.379166666666666,track,11.350777154250748,0.0,1.5478843365511055,7.951802779400396,-2.4192712031275847,13.0,-0.5073860839389519,1.0,8.28080305376932,8.68818747834538,9.542053628519987,-0.8538661501746077,5.9414732795236665e-05,1.1196563819591183,63.49803146555018,56.71207031789925
10.383333333333333,track,11.383922939635571,0.0,1.5378572902495464,7.95498849235739,-2.4064911123741886,13.0,-0.5073860839389519,1.0,8.280455332941791,8.677211846700898,9.534938528294933,-0.8577266815940361,5.86680213313121e-05,1.1196563819591183,63.49803146555018,56.71207031789925
10.3875,track,11.417081977656236,0.0,1.5278835953870686,7.958169124959551,-2.3936867669946453,13.0,-0.5073860839389519,1.0,8.280455332941791,8.677211846700898,9.5278472086473,-0.8506353619464017,5.86680213313121e-05,1.1196563819591183,63.49803146555018,56.71207031789925
10.391666666666666,track,11.450254245874852,0.0,1.5179633410430715,7.961344372467674,-2.3808610425592893,13.0,-0.5073860839389519,1.0,8.280110476549543,8.666268904757056,9.520779538319355,-0.8545106335622994,5.792527634110004e-05,1.1196563819591183,63.49803146555018,56.71207031789925
10.395833333333334,track,11.483439720785967,0.0,1.5080966060764232,7.964513978667292,-2.3680163919956105,13.0,-0.5073860839389519,1.0,8.280110476549543,8.666268904757056,9.513735395394754,-0.8474664906376994,5.792527634110004e-05,1.1196563819591183,63.49803146555018,56.71207031789925
10.4,track,11.516638348226419,0.0,1.498283195902068,7.967670585708594,-2.3552184418452593,13.0,-0.6237491820328753,1.0,8.161782574044341,8.65536290458461,9.506714641319748,-0.8513517367351384,5.718721191661988e-05,0.9107796584966907,66.9925368977769,73.55515274501523
10.404166666666667,track,11.549850075726381,0.0,1.4885229295946762,7.970814599990802,-2.342463913773986,13.0,-0.6237491820328753,1.0,8.161782574044341,8.65536290458461,9.49971714768811,-0.8443542431034989,5.718721191661988e-05,0.9107796584966907,66.9925368977769,73.55515274501523
10.408333333333333,track,11.583074852289837,0.0,1.4788156379934592,7.973946375229396,-2.3297499842920986,13.0,-0.6237491820328753,1.0,8.161448173593152,8.644532934280193,9.492742777980304,-0.8482098437001119,5.645995481328976e-05,0.9107796584966907,66.9925368977769,73.55515274501523
10.4125,track,11.616312628361825,0.0,1.4691611634637083,7.977066257277338,-2.317073887140191,13.0,-0.6237491820328753,1.0,8.161448173593152,8.644532934280193,9.48579140565782,-0.8412584713776274,5.645995481328976e-05,0.9107796584966907,66.9925368977769,73.55515274501523
10.416666666666666,track,11.649563370395038,0.0,1.4595594902202167,7.980178087970957,-2.304401578437999,13.0,-0.525720610387566,1.0,8.220263248678656,8.63378712695577,9.47886289999915,-0.8450757730433799,5.5744802530081696e-05,0.9107796584966907,66.9925368977769,73.55515274501523
10.420833333333333,track,11.682827044791917,0.0,1.4500106010782032,7.983281855250944,-2.291733394083236,13.0,-0.525720610387566,1.0,8.220263248678656,8.63378712695577,9.471957139702699,-0.8381700127469286,5.5744802530081696e-05,0.9107796584966907,66.9925368977769,73.55515274501523
10.425,track,11.716103617835335,0.0,1.4405144768319917,7.986377530420103,-2.279069819090765,13.0,-0.525720610387566,1.0,8.219931864136983,8.62310330102464,9.46507399526108,-0.8419706942364402,5.5038331693252275e-05,0.9107796584966907,66.9925368977769,73.55515274501523
10.429166666666667,track,11.74939305579004,0.0,1.431071097162999,7.989465109129343,-2.266411120558264,13.0,-0.525720610387566,1.0,8.219931864136983,8.62310330102464,9.458213346503815,-0.8351100454791758,5.5038331693252275e-05,0.9107796584966907,66.9925368977769,73.55515274501523
10.433333333333334,track,11.782695336923,0.0,1.4216805486304152,7.992547471910248,-2.253731647820141,13.0,-0.4775689741317016,1.0,8.26841839252526,8.612475070497934,9.451375068252881,-0.8388999977549468,5.4339569665894436e-05,1.002610437296569,68.99275324264136,68.81312090533676
10.4375,track,11.816010438469474,0.0,1.4123429078068999,7.995624371154049,-2.241033797643681,13.0,-0.4775689741317016,1.0,8.26841839252526,8.612475070497934,9.444559044255069,-0.8320839737571337,5.4339569665894436e-05,1.002610437296569,68.99275324264136,68.81312090533676
10.441666666666666,track,11.849338336647198,0.0,1.403058241378251,7.998695562653751,-2.228319942875686,13.0,-0.4775689741317016,1.0,8.268090374281147,8.60188807893001,9.437765149955993,-0.8358770710259842,5.3646304498836906e-05,1.002610437296569,68.99275324264136,68.81312090533676
10.445833333333333,track,11.882679006831566,0.0,1.3938266076941863,8.001760844248022,-2.2155920841755665,13.0,-0.4775689741317016,1.0,8.268090374281147,8.60188807893001,9.430993269701485,-0.8291051907714752,5.3646304498836906e-05,1.002610437296569,68.99275324264136,68.81312090533676
10.45,track,11.91603243369552,0.0,1.3846481482213768,8.004822447349069,-2.202830273474262,13.0,-0.39280122472702095,1.0,8.308951903702086,8.591340258648602,9.424243282207815,-0.8329030235592136,5.295823713111503e-05,1.002610437296569,68.99275324264136,68.81312090533676
10.454166666666666,track,11.949398600360091,0.0,1.3755229898262693,8.00787999949699,-2.1900380148257956,13.0,-0.39280122472702095,1.0,8.308951903702086,8.591340258648602,9.417515074786206,-0.8261748161376048,5.295823713111503e-05,1.002610437296569,68.99275324264136,68.81312090533676
10.458333333333334,track,11.982777488452875,0.0,1.3664512452634432,8.010933142268176,-2.177218695078251,13.0,-0.39280122472702095,1.0,8.308627479859028,8.580822205550067,9.410808526380668,-0.8299863208306019,5.227393289137074e-05,1.002610437296569,68.99275324264136,68.81312090533676
10.4625,track,12.016169078321257,0.0,1.3574330150653209,8.013981568411522,-2.1643752475493483,13.0,-0.39280122472702095,1.0,8.308627479859028,8.580822205550067,9.404123524543312,-0.8233013189932458,5.227393289137074e-05,1.002610437296569,68.99275324264136,68.81312090533676
10.466666666666667,track,12.049573349446694,0.0,1.3484683912607291,8.017025070104866,-2.151509713102023,13.0,-0.39128187999099445,1.0,8.309845664265572,8.57033438113374,9.39745994864614,-0.827125567512401,5.1593494732745675e-05,1.0065035664397504,71.49825172687791,71.0362626729528
10.470833333333333,track,12.082990280226431,0.0,1.339557455372911,8.020063387136675,-2.13862461307634,13.0,-0.39128187999099445,1.0,8.309845664265572,8.57033438113374,9.39081768666063,-0.8204833055268909,5.1593494732745675e-05,1.0065035664397504,71.49825172687791,71.0362626729528
10.475,track,12.116419847994555,0.0,1.3307002785818158,8.02309626434983,-2.1257224298628494,13.0,-0.39128187999099445,1.0,8.309526281426555,8.559880504792291,9.384196618373114,-0.8243161135808234,5.0917534048427646e-05,1.0065035664397504,71.49825172687791,71.0362626729528
10.479166666666666,track,12.14986202919785,0.0,1.3218969232929783,8.026123488790931,-2.112805269321003,13.0,-0.39128187999099445,1.0,8.309526281426555,8.559880504792291,9.37759663216191,-0.8177161273696189,5.0917534048427646e-05,1.0065035664397504,71.49825172687791,71.0362626729528
10.483333333333333,track,12.18331679940113,0.0,1.3131474431623287,8.029144848787139,-2.099875231355874,13.0,-0.39128187999099445,1.0,8.30920940181015,8.549463957346019,9.371017608324692,-0.8215536509786733,5.024661100816517e-05,1.0065035664397504,71.49825172687791,71.0362626729528
10.4875,track,12.21678413344715,0.0,1.3044518845281545,8.03216017104519,-2.086934072201812,13.0,-0.39128187999099445,1.0,8.30920940181015,8.549463957346019,9.364459435733451,-0.8149954783874327,5.024661100816517e-05,1.0065035664397504,71.49825172687791,71.0362626729528
10.491666666666667,track,12.250264013285225,0.0,1.2958103577428997,8.035171161137692,-2.0739664284611488,13.0,-0.3111240273792649,1.0,8.341055731629757,8.539087664883102,9.357921997233518,-0.8188343323504168,4.9581215034089776e-05,1.0065035664397504,71.49825172687791,71.0362626729528
10.495833333333334,track,12.283756419609485,0.0,1.2872229610859838,8.038177517822344,-2.060975197659796,13.0,-0.3111240273792649,1.0,8.341055731629757,8.539087664883102,9.351405184012583,-0.8123175191294802,4.9581215034089776e-05,1.0065035664397504,71.49825172687791,71.0362626729528
10.5,track,12.317261318425217,0.0,1.2786896580458376,8.041175715775474,-2.0479927296351113,13.0,-0.3657250106056574,1.0,8.285406172314838,8.528744607657174,9.344908875882432,-0.8161642682252588,4.892029484760473e-05,0.8562374299852836,75.49834435270749,88.17454330863006
10.504166666666666,track,12.350778675864511,0.0,1.270210412341538,8.044165785430375,-2.035018969031885,13.0,-0.3657250106056574,1.0,8.285406172314838,8.528744607657174,9.338432961350284,-0.8096883536931103,4.892029484760473e-05,0.8562374299852836,75.49834435270749,88.17454330863006
10.508333333333333,track,12.38430845810855,0.0,1.261785187217092,8.04714773856899,-2.022054029867058,13.0,-0.3657250106056574,1.0,8.285097480274338,8.518451533841123,9.33197732130202,-0.8135257874608969,4.826647843378303e-05,0.8562374299852836,75.49834435270749,88.17454330863006
10.5125,track,12.417850631466735,0.0,1.2534139461695895,8.050121605964293,-2.0090978514005977,13.0,-0.3657250106056574,1.0,8.285097480274338,8.518451533841123,9.325541845244679,-0.8070903114035559,4.826647843378303e-05,0.8562374299852836,75.49834435270749,88.17454330863006
10.516666666666666,track,12.451405162299531,0.0,1.2450966522470013,8.053087399871096,-1.9961505414211735,13.0,-0.3657250106056574,1.0,8.284791161755884,8.508214232437197,9.319126415187274,-0.8109121827500775,4.762069114520008e-05,0.8562374299852836,75.49834435270749,88.17454330863006
10.520833333333334,track,12.48497201709659,0.0,1.2368332687688062,8.056045151293873,-1.9832120347668112,13.0,-0.3657250106056574,1.0,8.284791161755884,8.508214232437197,9.312730921681425,-0.8045166892442286,4.762069114520008e-05,0.8562374299852836,75.49834435270749,88.17454330863006
10.525,track,12.518551171265617,0.0,1.2286238401486744,8.058997000566661,-1.970262868831624,13.0,-0.27659765910125733,1.0,8.321150860997786,8.498032408023017,9.306355250055176,-0.8083228420321614,4.698291151688497e-05,0.8562374299852836,75.49834435270749,88.17454330863006
10.529166666666667,track,12.552142599580796,0.0,1.2204684042376555,8.061942795642631,-1.9573046186445369,13.0,-0.27659765910125733,1.0,8.321150860997786,8.498032408023017,9.299999293871164,-0.801966885848147,4.698291151688497e-05,0.8562374299852836,75.49834435270749,88.17454330863006
10.533333333333333,track,12.585746274883123,0.0,1.2123669803322261,8.064882072558381,-1.944341737303048,13.0,-0.2818673006654717,1.0,8.31550803500673,8.487895104115424,9.293662938900798,-0.8057678347853747,4.635146619012869e-05,0.8402296691019394,78.99367063252599,94.01437908870392
10.5375,track,12.619362169614073,0.0,1.2043195832657283,8.067814735428016,-1.931375295959452,13.0,-0.2818673006654717,1.0,8.31550803500673,8.487895104115424,9.287346079141203,-0.7994509750257784,4.635146619012869e-05,0.8402296691019394,78.99367063252599,94.01437908870392
10.541666666666666,track,12.652990255784662,0.0,1.196326223112647,8.070740680941492,-1.918406436739529,13.0,-0.2818673006654717,1.0,8.315207526808914,8.477801983097699,9.281048601242729,-0.8032466181450284,4.57263223877493e-05,0.8402296691019394,78.99367063252599,94.01437908870392
10.545833333333333,track,12.686630505091909,0.0,1.188386906253844,8.073659833739244,-1.905436046112732,13.0,-0.2818673006654717,1.0,8.315207526808914,8.477801983097699,9.27477040002726,-0.7969684169295593,4.57263223877493e-05,0.8402296691019394,78.99367063252599,94.01437908870392
10.55,track,12.720282888881336,0.0,1.1805016350219573,8.076572109462443,-1.8924650956528062,13.0,-0.2818673006654717,1.0,8.31490928335441,8.467754999175527,9.268511363074563,-0.8007563638990361,4.510779965681372e-05,0.8402296691019394,78.99367063252599,94.01437908870392
10.554166666666667,track,12.753947378256026,0.0,1.1726704087026432,8.079477449925788,-1.8794943166353815,13.0,-0.2818673006654717,1.0,8.31490928335441,8.467754999175527,9.262271386076614,-0.7945163869010877,4.510779965681372e-05,0.8402296691019394,78.99367063252599,94.01437908870392
10.558333333333334,track,12.787623944033726,0.0,1.1648932231312135,8.082375786648043,-1.8665245371431125,13.0,-0.2818673006654717,1.0,8.314613276164165,8.457755253546049,9.256050357588244,-0.7982951040421957,4.449608397791432e-05,0.8402296691019394,78.99367063252599,94.01437908870392
10.5625,track,12.821312556849572,0.0,1.1571700716392543,8.085267075803138,-1.8535563580701824,13.0,-0.2818673006654717,1.0,8.314613276164165,8.457755253546049,9.249848174212572,-0.7920929206665246,4.449608397791432e-05,0.8402296691019394,78.99367063252599,94.01437908870392
10.566666666666666,track,12.855013198670177,0.0,1.1495010520530708,8.088154036945438,-1.8405647006840142,13.0,-0.1768532327430671,1.0,8.362723178582453,8.447803619714092,9.243664728277883,-0.7958611085637903,4.389132404430368e-05,0.9323732485612565,81.49846624323675,87.4097003201206
10.570833333333333,track,12.888725850337371,0.0,1.1418862511413777,8.09103640012672,-1.827552218806378,13.0,-0.1768532327430671,1.0,8.362723178582453,8.447803619714092,9.237499919804495,-0.7896963000904028,4.389132404430368e-05,0.9323732485612565,81.49846624323675,87.4097003201206
10.575,track,12.922450491599973,0.0,1.1343257448824184,8.093913903024363,-1.8145215021502146,13.0,-0.1768532327430671,1.0,8.362429862380942,8.437886881682589,9.231353641608464,-0.7934667599258761,4.329149402943572e-05,0.9323732485612565,81.49846624323675,87.4097003201206
10.579166666666666,track,12.956187101282817,0.0,1.1268196000108426,8.096786323882462,-1.801474769178201,13.0,-0.1768532327430671,1.0,8.362429862380942,8.437886881682589,9.22522579418186,-0.7873389124992718,4.329149402943572e-05,0.9323732485612565,81.49846624323675,87.4097003201206
10.583333333333334,track,12.989935657302395,0.0,1.1193678741398356,8.099653444698612,-1.7884142090416821,13.0,-0.1768532327430671,1.0,8.362138712298913,8.42800349077081,9.219116270901871,-0.7911127801310623,4.2696371143096724e-05,0.9323732485612565,81.49846624323675,87.4097003201206
10.5875,track,13.023696136819812,0.0,1.1119706171656671,8.102515084180256,-1.7753416738004586,13.0,-0.1768532327430671,1.0,8.362138712298913,8.42800349077081,9.213024972797616,-0.7850214820268075,4.2696371143096724e-05,0.9323732485612565,81.49846624323675,87.4097003201206
10.591666666666667,track,13.057468516242935,0.0,1.1046278712682818,8.105371061549485,-1.7622590153724846,13.0,-0.1768532327430671,1.0,8.361849701428774,8.418156477163638,9.206951793878206,-0.788795316714567,4.2106440047698265e-05,0.9323732485612565,81.49846624323675,87.4097003201206
10.595833333333333,track,13.091252771365705,0.0,1.097339672195107,8.108221229464625,-1.7491677775619336,13.0,-0.1768532327430671,1.0,8.361849701428774,8.418156477163638,9.200896635773034,-0.7827401586093959,4.2106440047698265e-05,0.9323732485612565,81.49846624323675,87.4097003201206
10.6,track,13.125048874311855,0.0,1.0901060206178435,8.11106470707619,-1.7360763785432682,13.0,-0.1281411094572021,1.0,8.348706128094614,8.408348335901152,9.194859392476921,-0.786511056575769,4.1522103245459924e-05,0.7596287608826852,86.99425268372619,114.52206283321772
10.604166666666666,track,13.158856796971737,0.0,1.0829269142527587,8.113901438371707,-1.7229855276203505,13.0,-0.1281411094572021,1.0,8.348706128094614,8.408348335901152,9.188839965640595,-0.7804916297394413,4.1522103245459924e-05,0.7596287608826852,86.99425268372619,114.52206283321772
10.608333333333333,track,13.192676510961904,0.0,1.075802347476212,8.116731357640457,-1.7098960263712213,13.0,-0.1281411094572021,1.0,8.348421753852245,8.3985847759873,9.182838250166144,-0.7842534741788437,4.094425709919834e-05,0.7596287608826852,86.99425268372619,114.52206283321772
10.6125,track,13.226507987722796,0.0,1.0687323122358114,8.119554422613794,-1.6968084576961089,13.0,-0.1281411094572021,1.0,8.348421753852245,8.3985847759873,9.17685414855227,-0.7782693725649698,4.094425709919834e-05,0.7596287608826852,86.99425268372619,114.52206283321772
10.616666666666667,track,13.260351198474055,0.0,1.061716797626729,8.122370580302253,-1.6837235061798137,13.0,-0.1281411094572021,1.0,8.348139436377107,8.388868011825535,9.17088755665563,-0.7820195448300958,4.037325698023847e-05,0.7596287608826852,86.99425268372619,114.52206283321772
10.620833333333334,track,13.294206114307057,0.0,1.0547557907577583,8.125179799920394,-1.6706416485529991,13.0,-0.1281411094572021,1.0,8.348139436377107,8.388868011825535,9.164938377865623,-0.776070366040088,4.037325698023847e-05,0.7596287608826852,86.99425268372619,114.52206283321772
10.625,track,13.328072706136755,0.0,1.047849276295366,8.127982039127359,-1.6575634709741358,13.0,-0.1281411094572021,1.0,8.34785914982675,8.379198700490429,9.159006509035056,-0.7798078085446266,3.980921558270662e-05,0.7596287608826852,86.99425268372619,114.52206283321772
10.629166666666666,track,13.36195094478977,0.0,1.040997237291113,8.130777276723821,-1.644489361020749,13.0,-0.1281411094572021,1.0,8.34785914982675,8.379198700490429,9.15309185448156,-0.7738931539911306,3.980921558270662e-05,0.7596287608826852,86.99425268372619,114.52206283321772
10.633333333333333,track,13.395840801805685,0.0,1.0341996627496854,8.133565683819617,-1.631417889942594,13.0,-0.12456164739944665,1.0,8.351206496476351,8.369577346587667,9.14719431228632,-0.7776169656986536,3.925221915110602e-05,0.7814578100669805,90.9945053286186,116.441993612962
10.6375,track,13.429742248595678,0.0,1.0274565396957276,8.136347229598552,-1.6183495329498745,13.0,-0.12456164739944665,1.0,8.351206496476351,8.369577346587667,9.141313787903602,-0.7717364413159361,3.925221915110602e-05,0.7814578100669805,90.9945053286186,116.441993612962
10.641666666666666,track,13.463655260002335,0.0,1.020767886867091,8.139122737597663,-1.605276678872787,13.0,-0.04376392725124101,1.0,8.366314505730546,8.3600033028334,9.135450181264975,-0.7754468784315764,3.87021740414339e-05,0.7814578100669805,90.9945053286186,116.441993612962
10.645833333333334,track,13.497579810469258,0.0,1.0141337185225265,8.141892112061587,-1.5922004026954848,13.0,-0.04376392725124101,1.0,8.366314505730546,8.3600033028334,9.1296033995189,-0.7696000966854994,3.87021740414339e-05,0.7814578100669805,90.9945053286186,116.441993612962
10.65,track,13.531515874017185,0.0,1.007554044205391,8.144655251502538,-1.5791218361125359,13.0,-0.04376392725124101,1.0,8.366039535494181,8.35047235194256,9.123773343481382,-0.7733009915388218,3.815843596724848e-05,0.7814578100669805,90.9945053286186,116.441993612962
10.654166666666667,track,13.565463424350861,0.0,1.0010288697475722,8.147412080082463,-1.5660418698765006,13.0,-0.04376392725124101,1.0,8.366039535494181,8.35047235194256,9.117959921128323,-0.7674875691857614,3.815843596724848e-05,0.7814578100669805,90.9945053286186,116.441993612962
10.658333333333333,track,13.599422434828705,0.0,0.9945581969737365,8.150162514682673,-1.5529614657205693,13.0,-0.04376392725124101,1.0,8.365766500746512,8.34098422582326,9.112163034197208,-0.7711788083739473,3.7620966924468006e-05,0.7814578100669805,90.9945053286186,116.441993612962
10.6625,track,13.633392878562612,0.0,0.988142024642194,8.152906496137412,-1.5398813595701935,13.0,-0.04376392725124101,1.0,8.365766500746512,8.34098422582326,9.106382591524467,-0.7653983657012072,3.7620966924468006e-05,0.7814578100669805,90.9945053286186,116.441993612962
10.666666666666666,track,13.667374728316766,0.0,0.9817803474758277,8.155643940996878,-1.5268025199279431,13.0,-0.04404162090200852,1.0,8.365214139024161,8.331540020298135,9.100618495788396,-0.7690784754902603,3.7089937461188806e-05,0.7765305192962543,95.49869109050658,122.98124634824927
10.670833333333333,track,13.701367956672577,0.0,0.9754731577256358,8.15837480539454,-1.5137255400460377,13.0,-0.04404162090200852,1.0,8.365214139024161,8.331540020298135,9.094870656703227,-0.7633306364050928,3.7089937461188806e-05,0.7765305192962543,95.49869109050658,122.98124634824927
10.675,track,13.735372537404297,0.0,0.9692204582939579,8.161099375612748,-1.5006478636027134,13.0,0.03158516203148347,1.0,8.371036972244715,8.32214068905296,9.089138978256099,-0.7669982892031376,3.656549503729604e-05,0.7765305192962543,95.49869109050658,122.98124634824927
10.679166666666667,track,13.769388444029284,0.0,0.9630222489223587,8.163817589996825,-1.4875702491838125,13.0,0.03158516203148347,1.0,8.371036972244715,8.32214068905296,9.083423371369188,-0.7612826823162279,3.656549503729604e-05,0.7765305192962543,95.49869109050658,122.98124634824927
10.683333333333334,track,13.80341564977418,0.0,0.9568785258624816,8.166529378775351,-1.4744935343704928,13.0,0.03158516203148347,1.0,8.370769414653566,8.31278523145767,9.077723740981664,-0.7649385095239948,3.604748579064873e-05,0.7765305192962543,95.49869109050658,122.98124634824927
10.6875,track,13.837454127668176,0.0,0.9507892827616363,8.16923469455869,-1.4614183442028585,13.0,0.03158516203148347,1.0,8.370769414653566,8.31278523145767,9.072039998903257,-0.7592547674455878,3.604748579064873e-05,0.7765305192962543,95.49869109050658,122.98124634824927
10.691666666666666,track,13.87150385050467,0.0,0.9447545102914887,8.171933480758618,-1.448345392835414,13.0,0.03158516203148347,1.0,8.37050369918217,8.303473914600394,9.066372051053744,-0.7628981364533493,3.5535949345368584e-05,0.7765305192962543,95.49869109050658,122.98124634824927
10.695833333333333,track,13.905564790929304,0.0,0.9387741969868124,8.174625701912412,-1.435275193122313,13.0,0.03158516203148347,1.0,8.37050369918217,8.303473914600394,9.060719810155963,-0.757245895555568,3.5535949345368584e-05,0.7765305192962543,95.49869109050658,122.98124634824927
10.7,track,13.939636921829115,0.0,0.9328483329789324,8.177311415954655,-1.4222073618912014,13.0,0.03342846374339463,1.0,8.372106395994699,8.294207455539624,9.05508318323203,-0.7608757276924064,3.503099308416195e-05,0.7337113204674452,100.99504938362078,137.64957220406131
10.704166666666666,track,13.973720215947802,0.0,0.9269769063068007,8.17999058848486,-1.4091424013116096,13.0,0.03342846374339463,1.0,8.372106395994699,8.294207455539624,9.049462084027093,-0.7552546284874679,3.503099308416195e-05,0.7337113204674452,100.99504938362078,137.64957220406131
10.708333333333334,track,14.007814645843801,0.0,0.9211599025111016,8.18266317503985,-1.3960809109677945,13.0,0.03342846374339463,1.0,8.371844237952313,8.284985894794595,9.043856420572881,-0.7588705257782858,3.453261929707556e-05,0.7337113204674452,100.99504938362078,137.64957220406131
10.7125,track,14.041920183972854,0.0,0.915397305425328,8.185329150972512,-1.3830233005856414,13.0,0.03342846374339463,1.0,8.371844237952313,8.284985894794595,9.038266107553511,-0.7532802127589163,3.453261929707556e-05,0.7337113204674452,100.99504938362078,137.64957220406131
10.716666666666667,track,14.07603680277245,0.0,0.9096890979884232,8.187988511903022,-1.369969784857154,13.0,0.10745383816440182,1.0,8.3721460537016,8.275809581818313,9.032691054060125,-0.7568814722418117,3.404087628417961e-05,0.7337113204674452,100.99504938362078,137.64957220406131
10.720833333333333,track,14.110164474600177,0.0,0.9040352616507138,8.190641238654631,-1.3569207210502658,13.0,0.10745383816440182,1.0,8.3721460537016,8.275809581818313,9.027131175760431,-0.7513215939421168,3.404087628417961e-05,0.7337113204674452,100.99504938362078,137.64957220406131
10.725,track,14.144303171687389,0.0,0.8984357759256416,8.193287300930574,-1.343876574017336,13.0,0.10745383816440182,1.0,8.371887405865554,8.266678775680647,9.021586382789142,-0.7549076071084938,3.355579708073776e-05,0.7337113204674452,100.99504938362078,137.64957220406131
10.729166666666666,track,14.178452866215611,0.0,0.8928906191262697,8.195926686773593,-1.330837631849276,13.0,0.10745383816440182,1.0,8.371887405865554,8.266678775680647,9.016056591783242,-0.7493778161025947,3.355579708073776e-05,0.7337113204674452,100.99504938362078,137.64957220406131
10.733333333333333,track,14.212613532181088,0.0,0.8873997864112241,8.198559831714327,-1.3177998516109362,13.0,0.11570330724947944,1.0,8.379983160100982,8.257593759579093,9.010541714356577,-0.7529479547774843,3.3077416992349594e-05,0.6813988239670922,107.49883720301351,157.76199403626373
10.7375,track,14.246785143390769,0.0,0.8819632704237585,8.201186690323533,-1.3047638369917143,13.0,0.11570330724947944,1.0,8.379983160100982,8.257593759579093,9.005041668506317,-0.7474479089272251,3.3077416992349594e-05,0.6813988239670922,107.49883720301351,157.76199403626373
10.741666666666667,track,14.280967673426067,0.0,0.8765810609363276,8.20380720847151,-1.2917302769834182,13.0,0.11570330724947944,1.0,8.379727698804775,8.24855247947003,8.999556366834653,-0.7510038873646221,3.26054122652615e-05,0.6813988239670922,107.49883720301351,157.76199403626373
10.745833333333334,track,14.315161095726506,0.0,0.8712531456574529,8.206421352105048,-1.2786996669299124,13.0,0.11570330724947944,1.0,8.379727698804775,8.24855247947003,8.994085728257884,-0.7455332487878535,3.26054122652615e-05,0.6813988239670922,107.49883720301351,157.76199403626373
10.75,track,14.349365382642535,0.0,0.8659795010254987,8.209028859847164,-1.2656747116690072,13.0,0.18894493182859504,1.0,8.375495522709704,8.239554758652254,8.988629666186048,-0.7490749075337944,3.213974588269831e-05,0.6813988239670922,107.49883720301351,157.76199403626373
10.754166666666666,track,14.383580506500387,0.0,0.8607601025356741,8.21162972588458,-1.2526556375578923,13.0,0.18894493182859504,1.0,8.375495522709704,8.239554758652254,8.983188100292267,-0.7436333416400143,3.213974588269831e-05,0.6813988239670922,107.49883720301351,157.76199403626373
10.758333333333333,track,14.417806439552825,0.0,0.8555949242613994,8.214223932585165,-1.239642785825946,13.0,0.18894493182859504,1.0,8.375243541562831,8.23060222358144,8.977760945046931,-0.7471587214654903,3.1680655866444035e-05,0.6813988239670922,107.49883720301351,157.76199403626373
10.7625,track,14.452043154048859,0.0,0.8504839395329203,8.216811479047951,-1.2266363348349756,13.0,0.18894493182859504,1.0,8.375243541562831,8.23060222358144,8.972348121106778,-0.7417458975253369,3.1680655866444035e-05,0.6813988239670922,107.49883720301351,157.76199403626373
10.766666666666666,track,14.486290625399704,0.0,0.8454271518254564,8.219393124202973,-1.2136290497913678,13.0,0.20293717972284642,1.0,8.389158790881142,8.221695445979247,8.966949544707555,-0.7452540987283077,3.122821764537569e-05,0.634417283803678,114.9956520917204,181.26185245499408
10.770833333333334,track,14.520548828753306,0.0,0.840424561400214,8.221968804864357,-1.2006217020581524,13.0,0.20293717972284642,1.0,8.389158790881142,8.221695445979247,8.961565138122738,-0.7398696921434906,3.122821764537569e-05,0.634417283803678,114.9956520917204,181.26185245499408
10.775,track,14.554817738966003,0.0,0.8354761650215434,8.224538451047268,-1.1876151308809373,13.0,0.20293717972284642,1.0,8.388909666148697,8.212830655893631,8.956194818526857,-0.743364162633227,3.078184186145235e-05,0.634417283803678,114.9956520917204,181.26185245499408
10.779166666666667,track,14.589097330689558,0.0,0.8305819568014335,8.227102013653447,-1.1746099728263817,13.0,0.20293717972284642,1.0,8.388909666148697,8.212830655893631,8.950838509066871,-0.7380078531732414,3.078184186145235e-05,0.634417283803678,114.9956520917204,181.26185245499408
10.783333333333333,track,14.62338757833832,0.0,0.8257419278735549,8.229659435702757,-1.1616069426908724,13.0,0.20293717972284642,1.0,8.388662152851126,8.204007319924402,8.945496127871289,-0.7414888079468878,3.034143394182274e-05,0.634417283803678,114.9956520917204,181.26185245499408
10.7875,track,14.657688456171162,0.0,0.8209560671910823,8.232210679881787,-1.1486065637934435,13.0,0.20293717972284642,1.0,8.388662152851126,8.204007319924402,8.94016759897394,-0.7361602790495374,3.034143394182274e-05,0.634417283803678,114.9956520917204,181.26185245499408
10.791666666666666,track,14.69199993620177,0.0,0.8162243410176552,8.234755207345717,-1.1356142816225103,13.0,0.2746742192798922,1.0,8.379319859089252,8.195226169509654,8.934852841033864,-0.7396266715242088,2.9907092477527843e-05,0.634417283803678,114.9956520917204,181.26185245499408
10.795833333333333,track,14.726321990506023,0.0,0.8115467155277868,8.237293033020917,-1.1226301175684028,13.0,0.2746742192798922,1.0,8.379319859089252,8.195226169509654,8.92955177859101,-0.7343256090813548,2.9907092477527843e-05,0.634417283803678,114.9956520917204,181.26185245499408
10.8,track,14.760654593735707,0.0,0.8069231815260708,8.239824775124275,-1.109648160411847,13.0,0.28593885769859984,1.0,8.390478616823357,8.186490247963638,8.924264331920503,-0.7377740839568656,2.947926857867561e-05,0.6094242438015389,122.99593489217439,201.82317350050886
10.804166666666667,track,14.794997720389699,0.0,0.8023537276658969,8.242350396958187,-1.0966689264417435,13.0,0.28593885769859984,1.0,8.390478616823357,8.186490247963638,8.918990427044186,-0.7325001790805482,2.947926857867561e-05,0.6094242438015389,122.99593489217439,201.82317350050886
10.808333333333334,track,14.82935134477801,0.0,0.7978383400922965,8.244869853194752,-1.0836930176640955,13.0,0.28593885769859984,1.0,8.390235754844944,8.177797279691621,8.913729985203432,-0.7359327055118123,2.9057600005195244e-05,0.6094242438015389,122.99593489217439,201.82317350050886
10.8125,track,14.86371544109809,0.0,0.7933770031902276,8.247383116819348,-1.0707208564965338,13.0,0.28593885769859984,1.0,8.390235754844944,8.177797279691621,8.908482933317352,-0.7306856536257319,2.9057600005195244e-05,0.6094242438015389,122.99593489217439,201.82317350050886
10.816666666666666,track,14.898089983395876,0.0,0.7889696991983006,8.24989015146841,-1.0577529580624716,13.0,0.28593885769859984,1.0,8.38999442818496,8.169146671466136,8.9032491936043,-0.7341025221381646,2.864198087698654e-05,0.6094242438015389,122.99593489217439,201.82317350050886
10.820833333333333,track,14.932474945638443,0.0,0.7846164089235197,8.25239093821603,-1.0447896659474216,13.0,0.28593885769859984,1.0,8.38999442818496,8.169146671466136,8.898028693890078,-0.7288820224239437,2.864198087698654e-05,0.6094242438015389,122.99593489217439,201.82317350050886
10.825,track,14.966870297888843,0.0,0.7803170739099129,8.254884540096082,-1.0318404032656425,13.0,0.35342143550597027,1.0,8.372856340050186,8.16053886054858,8.892821356585246,-0.7322824960366656,2.8232462067849027e-05,0.6094242438015389,122.99593489217439,201.82317350050886
10.829166666666666,track,15.001276010485165,0.0,0.7760716376963367,8.257371023117317,-1.0189046912582973,13.0,0.35342143550597027,1.0,8.372856340050186,8.16053886054858,8.887627109716478,-0.7270882491678982,2.8232462067849027e-05,0.6094242438015389,122.99593489217439,201.82317350050886
10.833333333333334,track,15.035692058925862,0.0,0.7718800942390833,8.259851625767482,-1.0059704297407956,13.0,0.3753418957107253,1.0,8.394805361073026,8.15197872515476,8.882445877887552,-0.7304671527327892,2.7829770850167966e-05,0.5738330666994758,132.49150916190817,230.88859260753577
10.8375,track,15.070118418528793,0.0,0.7677424350835045,8.262326304703205,-0.9930381973389336,13.0,0.3753418957107253,1.0,8.394805361073026,8.15197872515476,8.877277591125885,-0.7252988659711237,2.7829770850167966e-05,0.5738330666994758,132.49150916190817,230.88859260753577
10.841666666666667,track,15.10455506439914,0.0,0.7636586490418539,8.26479500888338,-0.9801086499961542,13.0,0.3753418957107253,1.0,8.394568381370329,8.143461223519653,8.872122174979056,-0.7286609514594021,2.743312001879176e-05,0.5738330666994758,132.49150916190817,230.88859260753577
10.845833333333333,track,15.13900197150574,0.0,0.7596287229469351,8.267257705584239,-0.9671822627805138,13.0,0.3753418957107253,1.0,8.394568381370329,8.143461223519653,8.866979560350698,-0.7235183368310439,2.743312001879176e-05,0.5738330666994758,132.49150916190817,230.88859260753577
10.85,track,15.173459114645667,0.0,0.7556526412973095,8.269714353582197,-0.9542595959101402,13.0,0.3753418957107253,1.0,8.394332865742388,8.134984769792544,8.8618496737391,-0.7268649039465563,2.70422490721541e-05,0.5738330666994758,132.49150916190817,230.88859260753577
10.854166666666666,track,15.207926468516627,0.0,0.7517303869745069,8.272164929030641,-0.9413410374726229,13.0,0.3753418957107253,1.0,8.394332865742388,8.134984769792544,8.856732446930021,-0.7217476771374765,2.70422490721541e-05,0.5738330666994758,132.49150916190817,230.88859260753577
10.858333333333333,track,15.24240400767882,0.0,0.7478619408613022,8.274609398926211,-0.9284270671691177,13.0,0.3753418957107253,1.0,8.394098796861464,8.12654987401435,8.851627807379097,-0.7250779333647485,2.6657216896784603e-05,0.5738330666994758,132.49150916190817,230.88859260753577
10.8625,track,15.276891706623974,0.0,0.7440472825277797,8.27704774683719,-0.9155180000453821,13.0,0.3753418957107253,1.0,8.394098796861464,8.12654987401435,8.846535687759898,-0.719985813745549,2.6657216896784603e-05,0.5738330666994758,132.49150916190817,230.88859260753577
10.866666666666667,track,15.31138953889485,0.0,0.7402863814383234,8.279479745010379,-0.9026162614695294,13.0,0.4591141225253534,1.0,8.39007390581848,8.11815692844095,8.841456016318114,-0.7232990878771631,2.6278064281385507e-05,0.5491838450793335,142.99650345375582,260.38002525929903
10.870833333333334,track,15.345897478063764,0.0,0.7365792067060256,8.28190540053928,-0.889721935751466,13.0,0.4591141225253534,1.0,8.39007390581848,8.11815692844095,8.836388726464373,-0.7182317980234231,2.6278064281385507e-05,0.5491838450793335,142.99650345375582,260.38002525929903
10.875,track,15.380415497684327,0.0,0.7329257266120305,8.284324708935078,-0.8768352225588273,13.0,0.4591141225253534,1.0,8.389842783908295,8.109807236776975,8.831333747447943,-0.7215265106709665,2.5904970392281125e-05,0.5491838450793335,142.99650345375582,260.38002525929903
10.879166666666666,track,15.414943571349541,0.0,0.7293259091879057,8.286737679651326,-0.8639561817899413,13.0,0.4591141225253534,1.0,8.389842783908295,8.109807236776975,8.826291013608596,-0.7164837768316208,2.5904970392281125e-05,0.5491838450793335,142.99650345375582,260.38002525929903
10.883333333333333,track,15.449481672643072,0.0,0.7257797217296587,8.289144310447673,-0.8510849899792949,13.0,0.4591141225253534,1.0,8.389613057601824,8.101501160820492,8.82126045520148,-0.7197592943809881,2.553797014007748e-05,0.5491838450793335,142.99650345375582,260.38002525929903
10.8875,track,15.484029775196097,0.0,0.7222871313689305,8.291544612725826,-0.8382216865747395,13.0,0.4591141225253534,1.0,8.389613057601824,8.101501160820492,8.816242007497411,-0.7147408466769201,2.553797014007748e-05,0.5491838450793335,142.99650345375582,260.38002525929903
10.891666666666666,track,15.518587852638246,0.0,0.7188481045830262,8.293938586115653,-0.8253664286170416,13.0,0.4591141225253534,1.0,8.389384710563691,8.09323865149337,8.811235601758352,-0.7179969502649804,2.517703499422111e-05,0.5491838450793335,142.99650345375582,260.38002525929903
10.895833333333334,track,15.553155878653339,0.0,0.7154626077562284,8.29632624362201,-0.81251923843147,13.0,0.4591141225253534,1.0,8.389384710563691,8.09323865149337,8.806241174186823,-0.7130025226934509,2.517703499422111e-05,0.5491838450793335,142.99650345375582,260.38002525929903
10.9,track,15.587733830377013,0.0,0.7121306413721368,8.29870841368208,-0.7996719321819735,13.0,0.5653885859983433,1.0,8.404849498352966,8.08501963340715,8.801258657752532,-0.7162390243453819,2.4822131557531972e-05,0.5032598805321573,156.49281133649558,310.9582491873123
10.904166666666667,track,15.62232168470847,0.0,0.7088522029638026,8.301085039549541,-0.7868252180001963,13.0,0.5653885859983433,1.0,8.404849498352966,8.08501963340715,8.796287990220566,-0.7112683568134164,2.4822131557531972e-05,0.5032598805321573,156.49281133649558,310.9582491873123
10.908333333333333,track,15.65691941828595,0.0,0.7056272868613069,8.30345605859505,-0.7739798645989653,13.0,0.5653885859983433,1.0,8.404623439874467,8.076839865740801,8.791329105423928,-0.7144892396831268,2.4472592259088972e-05,0.5032598805321573,156.49281133649558,310.9582491873123
10.9125,track,15.691527007563462,0.0,0.7024558849597207,8.305821426602604,-0.7611364563806956,13.0,0.5653885859983433,1.0,8.404623439874467,8.076839865740801,8.786381941929186,-0.7095420761883832,2.4472592259088972e-05,0.5032598805321573,156.49281133649558,310.9582491873123
10.916666666666666,track,15.726144428782222,0.0,0.6993379864267759,8.308181092502451,-0.7482956479067495,13.0,0.5653885859983433,1.0,8.404398715839031,8.068698616092377,8.781446434437441,-0.7127478183450648,2.4128283749473106e-05,0.5032598805321573,156.49281133649558,310.9582491873123
10.920833333333333,track,15.760771658042907,0.0,0.6962735784283214,8.310535022564329,-0.7354579196290801,13.0,0.5653885859983433,1.0,8.404398715839031,8.068698616092377,8.776522522320718,-0.7078239062283422,2.4128283749473106e-05,0.5032598805321573,156.49281133649558,310.9582491873123
10.925,track,15.795408671273757,0.0,0.693262645802897,8.312883175403844,-0.7226238301018647,13.0,0.5653885859983433,1.0,8.404175310973084,8.060596541444273,8.771610141153559,-0.7110135997092859,2.378928452767365e-05,0.5032598805321573,156.49281133649558,310.9582491873123
10.929166666666667,track,15.830055444299006,0.0,0.6903051717509795,8.315225526059978,-0.7097937724602091,13.0,0.5653885859983433,1.0,8.404175310973084,8.060596541444273,8.766709231117941,-0.7061126896736674,2.378928452767365e-05,0.5032598805321573,156.49281133649558,310.9582491873123
10.933333333333334,track,15.864711961214772,0.0,0.6874012227374038,8.317564059783528,-0.6969477632581783,13.0,0.6035681806425229,1.0,8.442584125820217,8.052534159821512,8.761819730357013,-0.709285570535501,2.345565227209098e-05,0.47142543521905006,171.98837169994954,364.8262457880202
10.9375,track,15.899378205323472,0.0,0.684550856737586,8.319898586088176,-0.6840878399562685,13.0,0.6035681806425229,1.0,8.442584125820217,8.052534159821512,8.756941581389377,-0.7044074215678638,2.345565227209098e-05,0.47142543521905006,171.98837169994954,364.8262457880202
10.941666666666666,track,15.934054151588345,0.0,0.6817540466043356,8.322227103569562,-0.6712344319800982,13.0,0.6630927266734042,1.0,8.407545515931922,8.044501761310702,8.752074721386377,-0.7075729600756752,2.312589101726692e-05,0.47142543521905006,171.98837169994954,364.8262457880202
10.945833333333333,track,15.968739774968618,0.0,0.6790107645511887,8.324549611265518,-0.6583876927552401,13.0,0.6630927266734042,1.0,8.407545515931922,8.044501761310702,8.747219092012253,-0.7027173307015508,2.312589101726692e-05,0.47142543521905006,171.98837169994954,364.8262457880202
10.95,track,16.00343505037709,0.0,0.6763209817219001,8.326866098032765,-0.6455478790292646,13.0,0.6630927266734042,1.0,8.40732587998255,8.036507237918578,8.742374631307863,-0.705867393389285,2.2801181467300267e-05,0.47142543521905006,171.98837169994954,364.8262457880202
10.954166666666666,track,16.03813995273674,0.0,0.6736846687666169,8.32917656631595,-0.6327151092679789,13.0,0.6630927266734042,1.0,8.40732587998255,8.036507237918578,8.737541281742724,-0.7010340438241466,2.2801181467300267e-05,0.47142543521905006,171.98837169994954,364.8262457880202
10.958333333333334,track,16.072854456937446,0.0,0.6711017954020725,8.331481008169575,-0.6198896074906727,13.0,0.6630927266734042,1.0,8.407107505159066,8.028554088026983,8.732718982236365,-0.7041648942093814,2.2482036810047922e-05,0.47142543521905006,171.98837169994954,364.8262457880202
10.9625,track,16.10757853789106,0.0,0.6685723309735614,8.333779428868075,-0.6070714628426691,13.0,0.6630927266734042,1.0,8.407107505159066,8.028554088026983,8.727907676071759,-0.699353588044775,2.2482036810047922e-05,0.47142543521905006,171.98837169994954,364.8262457880202
10.966666666666667,track,16.142312183206464,0.0,0.6660963738746131,8.33607487569655,-0.594229703747602,13.0,0.7213040663678124,1.0,8.46578369609297,8.020642350089515,8.723107305576022,-0.7024649554865064,2.2168443818481378e-05,0.4333800290863654,191.48368076679537,441.8378049640951
10.970833333333333,track,16.17705537943613,0.0,0.6636740113326671,8.338367095119999,-0.5813670100670393,13.0,0.7213040663678124,1.0,8.46578369609297,8.020642350089515,8.718317817124706,-0.697675467035192,2.2168443818481378e-05,0.4333800290863654,191.48368076679537,441.8378049640951
10.975,track,16.211808102870567,0.0,0.6613052252455146,8.340653624265226,-0.5685086609166087,13.0,0.7760532698665464,1.0,8.422658891514976,8.01275673266802,8.713539151600196,-0.7007824189321763,2.1858061883120772e-05,0.4333800290863654,191.48368076679537,441.8378049640951
10.979166666666666,track,16.24657032971795,0.0,0.6589899961031647,8.342934443372064,-0.5556549941639943,13.0,0.7760532698665464,1.0,8.422658891514976,8.01275673266802,8.708771254094897,-0.6960145214268756,2.1858061883120772e-05,0.4333800290863654,191.48368076679537,441.8378049640951
10.983333333333333,track,16.28134203606949,0.0,0.6567283026318185,8.345209524368899,-0.542806433123098,13.0,0.7760532698665464,1.0,8.42244380823029,8.004906039315726,8.704014066269695,-0.6991080269539697,2.1552210300550018e-05,0.4333800290863654,191.48368076679537,441.8378049640951
10.9875,track,16.31612319796046,0.0,0.6545201224174594,8.347478853833007,-0.529963251446181,13.0,0.7760532698665464,1.0,8.42244380823029,8.004906039315726,8.699267533938787,-0.6943614946230613,2.1552210300550018e-05,0.4333800290863654,191.48368076679537,441.8378049640951
10.991666666666667,track,16.350913791333674,0.0,0.6523654315302525,8.349742409570911,-0.5171258129296401,13.0,0.7760532698665464,1.0,8.422229933342154,7.997094773122114,8.694531599556118,-0.6974368264340046,2.125155605385581e-05,0.4333800290863654,191.48368076679537,441.8378049640951
10.995833333333334,track,16.38571379209805,0.0,0.6502642051247816,8.352000183450095,-0.5042943373130286,13.0,0.7760532698665464,1.0,8.422229933342154,7.997094773122114,8.689806209670744,-0.6927114365486303,2.125155605385581e-05,0.4333800290863654,191.48368076679537,441.8378049640951
11.0,track,16.420523188925415,0.0,0.6482165490222342,8.354255238568406,-0.4914374646113603,13.0,0.835258755852738,1.0,8.481910264366402,7.989323179976714,8.685091310053744,-0.6957681300770299,2.0956119413931902e-05,0.4026608357118851,214.97906874856446,533.8961470352381
11.004166666666666,track,16.455341969374818,0.0,0.646222557246095,8.3565073078567,-0.4785580262734108,13.0,0.835258755852738,1.0,8.481910264366402,7.989323179976714,8.680386850265123,-0.6910636702884089,2.0956119413931902e-05,0.4026608357118851,214.97906874856446,533.8961470352381
11.008333333333333,track,16.490170119944516,0.0,0.6442823125325005,8.358756136727406,-0.46565873126269025,13.0,0.835258755852738,1.0,8.481697262569163,7.981576003789546,8.675692776386324,-0.6941167725967783,2.066356953120116e-05,0.4026608357118851,214.97906874856446,533.8961470352381
11.0125,track,16.525007626210847,0.0,0.642395887736752,8.361001503919908,-0.4527419509796171,13.0,0.835258755852738,1.0,8.481697262569163,7.981576003789546,8.67100903827471,-0.6894330344851629,2.066356953120116e-05,0.4026608357118851,214.97906874856446,533.8961470352381
11.016666666666666,track,16.559854461553737,0.0,0.6405632295219403,8.363240482293548,-0.4398379715548063,13.0,0.8834176456188189,1.0,8.428568949930595,7.973851049787762,8.666335580157474,-0.6924845303697115,2.037355949701304e-05,0.4026608357118851,214.97906874856446,533.8961470352381
11.020833333333334,track,16.594710599560955,0.0,0.6387842860865917,8.365473121732533,-0.42694642448369,13.0,0.8834176456188189,1.0,8.428568949930595,7.973851049787762,8.661672350236122,-0.6878213004483599,2.037355949701304e-05,0.4026608357118851,214.97906874856446,533.8961470352381
11.025,track,16.629576013970468,0.0,0.637059006575865,8.367699458283296,-0.4140670825743832,13.0,0.8834176456188189,1.0,8.428359605418635,7.966164904939995,8.657019293556145,-0.6908543886161491,2.0088591762942848e-05,0.4026608357118851,214.97906874856446,533.8961470352381
11.029166666666667,track,16.66445067870714,0.0,0.6353873414664861,8.36991953680197,-0.4011996262509341,13.0,0.8834176456188189,1.0,8.428359605418635,7.966164904939995,8.652376359075406,-0.6862114541354114,2.0088591762942848e-05,0.4026608357118851,214.97906874856446,533.8961470352381
11.033333333333333,track,16.699334585747714,0.0,0.633769427524636,8.3721376897376,-0.3882993460440048,13.0,0.9667135781975321,1.0,8.512406219791808,7.958522080416732,8.64774349613829,-0.6892214157215577,1.9809337313106306e-05,0.36796595753909483,245.45875417267155,667.0691925260303
11.0375,track,16.73422772570692,0.0,0.6322053871164399,8.374353590209394,-0.3753696979670824,13.0,0.9667135781975321,1.0,8.512406219791808,7.958522080416732,8.64312065759961,-0.6845985771828782,1.9809337313106306e-05,0.36796595753909483,245.45875417267155,667.0691925260303
11.041666666666666,track,16.769130087911066,0.0,0.6306953289413927,8.376566928995159,-0.3624139620113495,13.0,0.9667135781975321,1.0,8.512197083419467,7.950900504025302,8.638507792957334,-0.6876072889320325,1.9532438106512957e-05,0.36796595753909483,245.45875417267155,667.0691925260303
11.045833333333333,track,16.80404166055436,0.0,0.6292393496256462,8.378777434390834,-0.34943503577915463,13.0,0.9667135781975321,1.0,8.512197083419467,7.950900504025302,8.633904855220441,-0.683004351195139,1.9532438106512957e-05,0.36796595753909483,245.45875417267155,667.0691925260303
11.05,track,16.83896241722076,0.0,0.627837393753782,8.380981599935433,-0.33646940924740776,13.0,1.0075949765949803,1.0,8.448203381274164,7.943296476000701,8.629311791484355,-0.6860153154836539,1.9257322559183216e-05,0.36796595753909483,245.45875417267155,667.0691925260303
11.054166666666667,track,16.873892331714195,0.0,0.6264894075976769,8.383179478424868,-0.32351667746521084,13.0,1.0075949765949803,1.0,8.448203381274164,7.943296476000701,8.624728552604642,-0.6814320766039408,1.9257322559183216e-05,0.36796595753909483,245.45875417267155,667.0691925260303
11.058333333333334,track,16.908831378000947,0.0,0.6251953385241579,8.385371108820266,-0.3105765776445797,13.0,1.0075949765949803,1.0,8.447998048062473,7.935729919669275,8.620155086433591,-0.6844251667643165,1.898699926155139e-05,0.36796595753909483,245.45875417267155,667.0691925260303
11.0625,track,16.943779530244,0.0,0.6239551353584784,8.387556538333058,-0.2976487597630795,13.0,1.0075949765949803,1.0,8.447998048062473,7.935729919669275,8.615591344526507,-0.6798614248572313,1.898699926155139e-05,0.36796595753909483,245.45875417267155,667.0691925260303
11.066666666666666,track,16.978736786371496,0.0,0.6227689939955849,8.389741470598896,-0.28467392709441464,13.0,1.118277443574253,1.0,8.559739515999203,7.928206307886819,8.611037280029036,-0.682830972142217,1.8722287439001977e-05,0.3315462119930844,286.44720281406137,863.9736858765143
11.070833333333333,track,17.0137031424748,0.0,0.6216370909765213,8.391925464792658,-0.27165672457527884,13.0,1.118277443574253,1.0,8.559739515999203,7.928206307886819,8.606492849291465,-0.678286541404647,1.8722287439001977e-05,0.3315462119930844,286.44720281406137,863.9736858765143
11.075,track,17.04867859292187,0.0,0.6205595846355557,8.394108107297054,-0.25860152183174523,13.0,1.118277443574253,1.0,8.559533679422005,7.920696676472674,8.601958005354438,-0.6812613288817642,1.8458792053113382e-05,0.3315462119930844,286.44720281406137,863.9736858765143
11.079166666666666,track,17.083663130548086,0.0,0.6195366170576577,8.396289030291909,-0.24551221869552728,13.0,1.118277443574253,1.0,8.559533679422005,7.920696676472674,8.597432704486861,-0.6767360280141872,1.8458792053113382e-05,0.3315462119930844,286.44720281406137,863.9736858765143
11.083333333333334,track,17.118656746744964,0.0,0.6185683149738855,8.398467887251154,-0.23239250010531537,13.0,1.118277443574253,1.0,8.559328934761885,7.913196259870596,8.592916899675288,-0.6797206398046913,1.819578512127833e-05,0.3315462119930844,286.44720281406137,863.9736858765143
11.0875,track,17.153659431627787,0.0,0.617654791483131,8.400644371877414,-0.21924563778109546,13.0,1.118277443574253,1.0,8.559328934761885,7.913196259870596,8.588410547152387,-0.6752142872817913,1.819578512127833e-05,0.3315462119930844,286.44720281406137,863.9736858765143
11.091666666666667,track,17.188671158053168,0.0,0.6167959788009855,8.402814342091716,-0.2061150437149192,13.0,1.1504631065851858,1.0,8.482831786211607,7.905709979134977,8.583913596878872,-0.6782036177438953,1.7934010106269914e-05,0.3315462119930844,286.44720281406137,863.9736858765143
11.095833333333333,track,17.22369189919094,0.0,0.6159918118193292,8.404977873064933,-0.19300007559751328,13.0,1.1504631065851858,1.0,8.482831786211607,7.905709979134977,8.579426002367244,-0.6737160232322664,1.7934010106269914e-05,0.3315462119930844,286.44720281406137,863.9736858765143
11.1,track,17.25872160972699,0.0,0.6152420310288426,8.407130528652633,-0.1799473897167911,13.0,1.062600139517405,1.0,8.393773718997661,7.898261239278185,8.574947710742672,-0.6766864714644878,1.7677008684416888e-05,0.3589606954120551,317.09304628137147,883.3642522264915
11.104166666666666,track,17.293760246245316,0.0,0.6145463958396835,8.40927276439819,-0.16695244539816945,13.0,1.062600139517405,1.0,8.393773718997661,7.898261239278185,8.570478672970799,-0.6722174336926139,1.7677008684416888e-05,0.3589606954120551,317.09304628137147,883.3642522264915
11.108333333333333,track,17.32880776702828,0.0,0.6139046825517053,8.411404987911215,-0.15401118911477843,13.0,1.062600139517405,1.0,8.393576071379908,7.890878864872296,8.566018837592482,-0.6751399727201864,1.7429135883911896e-05,0.3589606954120551,317.09304628137147,883.3642522264915
11.1125,track,17.363864131957467,0.0,0.6133166833721558,8.41352758300491,-0.14111980309187172,13.0,1.062600139517405,1.0,8.393576071379908,7.890878864872296,8.561568156869793,-0.6706892919974967,1.7429135883911896e-05,0.3589606954120551,317.09304628137147,883.3642522264915
11.116666666666667,track,17.39892930234015,0.0,0.6127822046443709,8.41564089184391,-0.12827489466836925,13.0,1.062600139517405,1.0,8.393379449637992,7.883565370409531,8.557126580763217,-0.6735612103536851,1.719075920356105e-05,0.3589606954120551,317.09304628137147,883.3642522264915
11.120833333333334,track,17.43400324083331,0.0,0.6123010660962992,8.417745238358119,-0.11547325153721448,13.0,1.062600139517405,1.0,8.393379449637992,7.883565370409531,8.552694062835808,-0.6691286924262759,1.719075920356105e-05,0.3589606954120551,317.09304628137147,883.3642522264915
11.125,track,17.469085891328266,0.0,0.6118728885107174,8.419836118789432,-0.1027626205396152,13.0,1.080059568802252,1.0,8.298056596108736,7.876315754874144,8.54827055075296,-0.6719547958788159,1.6961098357134627e-05,0.3589606954120551,317.09304628137147,883.3642522264915
11.129166666666666,track,17.504177200601905,0.0,0.6114973218818016,8.421914225673174,-0.09013599093979614,13.0,1.080059568802252,1.0,8.298056596108736,7.876315754874144,8.543855996022204,-0.6675402411480599,1.6961098357134627e-05,0.3589606954120551,317.09304628137147,883.3642522264915
11.133333333333333,track,17.53927712246283,0.0,0.6111740894259406,8.423981246622581,-0.07757578940662196,13.0,1.1009848175814372,1.0,8.319024271943121,7.869149793534257,8.539450349245644,-0.670300555711386,1.6743103951784814e-05,0.3521383108219143,359.6887543418615,1021.4416985823665
11.1375,track,17.574385612752874,0.0,0.6109029348763585,8.426037669610025,-0.06507709189972744,13.0,1.1009848175814372,1.0,8.319024271943121,7.869149793534257,8.535053564606638,-0.6659037710723803,1.6743103951784814e-05,0.3521383108219143,359.6887543418615,1021.4416985823665
11.141666666666666,track,17.609502629136962,0.0,0.6106836203299063,8.428083932181352,-0.05263549114851648,13.0,1.1009848175814372,1.0,8.318832366451652,7.862062115495045,8.5306655945979,-0.668603479102855,1.6535917572439853e-05,0.3521383108219143,359.6887543418615,1021.4416985823665
11.145833333333334,track,17.644628130991347,0.0,0.6105159251265605,8.430120445052601,-0.040246848802980795,13.0,1.1009848175814372,1.0,8.318832366451652,7.862062115495045,8.526286395133175,-0.6642242796381295,1.6535917572439853e-05,0.3521383108219143,359.6887543418615,1021.4416985823665
11.15,track,17.679762079221728,0.0,0.6103996439772639,8.432147575291472,-0.027907475831190298,13.0,1.1009848175814372,1.0,8.318641433680003,7.8550443414482665,8.52191592052074,-0.6668715790724732,1.633821561865805e-05,0.3521383108219143,359.6887543418615,1021.4416985823665
11.154166666666667,track,17.714904436176525,0.0,0.6103345860950026,8.434165669150847,-0.015613891742701586,13.0,1.1009848175814372,1.0,8.318641433680003,7.8550443414482665,8.517554128337055,-0.6625097868887894,1.633821561865805e-05,0.3521383108219143,359.6887543418615,1021.4416985823665
11.158333333333333,track,17.750055165488504,0.0,0.6103205735575938,8.43617503487505,-0.0033630089780931037,13.0,1.1009848175814372,1.0,8.318451463337647,7.848091113407845,8.513200974623022,-0.6651098612151773,1.6149123599229752e-05,0.3521383108219143,359.6887543418615,1021.4416985823665
11.1625,track,17.785214232008844,0.0,0.610357440648511,8.438175964881426,0.008848101820127942,13.0,1.1009848175814372,1.0,8.318451463337647,7.848091113407845,8.508856418542733,-0.6607653051348882,1.6149123599229752e-05,0.3521383108219143,359.6887543418615,1021.4416985823665
11.166666666666666,track,17.8203816027201,0.0,0.6104450436495092,8.440168970701704,0.02102472023956234,13.0,1.2203069395887862,1.0,8.32335109248539,7.841197922809,8.504520417975918,-0.6633224951669183,1.596789148381089e-05,0.31932902600203084,422.44999704106993,1322.930152420229
11.170833333333333,track,17.855557245544684,0.0,0.6105832481725604,8.442154277899844,0.033169085532267446,13.0,1.2203069395887862,1.0,8.32335109248539,7.841197922809,8.500192933770155,-0.6589950109611542,1.596789148381089e-05,0.31932902600203084,422.44999704106993,1322.930152420229
11.175,track,17.89074112923021,0.0,0.6107719279640733,8.444132084526256,0.045283149963117046,13.0,1.2203069395887862,1.0,8.323162902431514,7.83435970644288,8.495873925325052,-0.6615142188821721,1.579368402663159e-05,0.31932902600203084,422.44999704106993,1322.930152420229
11.179166666666667,track,17.925933223322282,0.0,0.6110109646402089,8.446102582096858,0.057368802272525415,13.0,1.2203069395887862,1.0,8.323162902431514,7.83435970644288,8.491563354882583,-0.6572036484397027,1.579368402663159e-05,0.31932902600203084,422.44999704106993,1322.930152420229
11.183333333333334,track,17.961133498062225,0.0,0.6113002466162989,8.448065937585804,0.06942767426160806,13.0,1.2203069395887862,1.0,8.322975646519538,7.8275730714412,8.487261183277507,-0.6596881118363072,1.5625918300312975e-05,0.31932902600203084,422.44999704106993,1322.930152420229
11.1875,track,17.996341924370594,0.0,0.6116396689521791,8.450022314008285,0.08146136061125649,13.0,1.2203069395887862,1.0,8.322975646519538,7.8275730714412,8.482967374068952,-0.6553943026277519,1.5625918300312975e-05,0.31932902600203084,422.44999704106993,1322.930152420229
11.191666666666666,track,18.031558473755297,0.0,0.6120291323868167,8.451971852328866,0.09347122431300456,13.0,1.2203069395887862,1.0,8.322789315734086,7.820835548580774,8.478681889445497,-0.6578463408647232,1.5464152228052483e-05,0.31932902600203084,422.44999704106993,1322.930152420229
11.195833333333333,track,18.06678311830402,0.0,0.6124685432754841,8.45391469169379,0.10545861328016354,13.0,1.2203069395887862,1.0,8.322789315734086,7.820835548580774,8.474404694209248,-0.6535691456284745,1.5464152228052483e-05,0.31932902600203084,422.44999704106993,1322.930152420229
11.2,track,18.10201581767366,0.0,0.6129576735401321,8.455847848713294,0.11739126351552724,13.0,1.2737891058040918,1.0,8.259539730314915,7.814145044171264,8.470135749484706,-0.6559907053134417,1.530800256757942e-05,0.30423517908789377,495.7418683145494,1629.4692474446856
11.204166666666666,track,18.13725653313771,0.0,0.6134963116397555,8.457771711371542,0.12927314390961098,13.0,1.2737891058040918,1.0,8.259539730314915,7.814145044171264,8.465875019126734,-0.6517299749554696,1.530800256757942e-05,0.30423517908789377,495.7418683145494,1629.4692474446856
11.208333333333334,track,18.172505227414543,0.0,0.6140842607757966,8.45968662644046,0.1411077926498606,13.0,1.2737891058040918,1.0,8.25935662169167,7.807515315700241,8.461622465930173,-0.6541071502299319,1.5159477634384106e-05,0.30423517908789377,495.7418683145494,1629.4692474446856
11.2125,track,18.20776186458552,0.0,0.6147213380586262,8.461592921034796,0.15289854787909457,13.0,1.2737891058040918,1.0,8.25935662169167,7.807515315700241,8.457378055279715,-0.6498627395794745,1.5159477634384106e-05,0.30423517908789377,495.7418683145494,1629.4692474446856
11.216666666666667,track,18.243026409945426,0.0,0.6154073729380083,8.463490886377263,0.1646483710517017,13.0,1.2737891058040918,1.0,8.259174405349219,7.800947140110069,8.453141751557807,-0.6521946114477379,1.5018628293714674e-05,0.30423517908789377,495.7418683145494,1629.4692474446856
11.220833333333333,track,18.278298829940187,0.0,0.6161422065706806,8.465380798743082,0.17636007184136776,13.0,1.2737891058040918,1.0,8.259174405349219,7.800947140110069,8.44891352160389,-0.6479663814938216,1.5018628293714674e-05,0.30423517908789377,495.7418683145494,1629.4692474446856
11.225,track,18.313579092035816,0.0,0.6169256904392255,8.467262902951004,0.18803612845077552,13.0,1.2737891058040918,1.0,8.258993073058267,7.794436257930174,8.444693331302295,-0.6502570733721198,1.488474424285223e-05,0.30423517908789377,495.7418683145494,1629.4692474446856
11.229166666666666,track,18.34886716467241,0.0,0.6177576858874528,8.46913743278263,0.19967890757456744,13.0,1.2737891058040918,1.0,8.258993073058267,7.794436257930174,8.440481148869223,-0.6460448909390487,1.488474424285223e-05,0.30423517908789377,495.7418683145494,1629.4692474446856
11.233333333333333,track,18.38416299330981,0.0,0.6186378039996265,8.470998872976697,0.21122834692167564,13.0,1.1579818318166073,1.0,8.141737285233654,7.787979079660938,8.436276937350849,-0.6482978576899114,1.4757215228457772e-05,0.3346610854132039,551.9420259411309,1649.256665918153
11.2375,track,18.419466526315034,0.0,0.6195656861998682,8.472847921253107,0.22269172805798315,13.0,1.1579818318166073,1.0,8.141737285233654,7.787979079660938,8.43208066240533,-0.6441015827443911,1.4757215228457772e-05,0.3346610854132039,551.9420259411309,1649.256665918153
11.241666666666667,track,18.454777686727713,0.0,0.6205406968121426,8.474678499043161,0.23400254694586856,13.0,1.13954747839746,1.0,8.00464253535072,7.781601219782227,8.42789228431196,-0.6462910645297327,1.463982840774932e-05,0.3346610854132039,551.9420259411309,1649.256665918153
11.245833333333334,track,18.490096402505998,0.0,0.6215622517934829,8.476491786788378,0.24517319552166023,13.0,1.13954747839746,1.0,8.00464253535072,7.781601219782227,8.423711766235302,-0.6421105464530736,1.463982840774932e-05,0.3346610854132039,551.9420259411309,1649.256665918153
11.25,track,18.525422606062804,0.0,0.6226298139237282,8.478288853633169,0.256214911258859,13.0,1.13954747839746,1.0,8.004469303599473,7.775337876293702,8.419539071506765,-0.644201195213064,1.453780571512148e-05,0.3346610854132039,551.9420259411309,1649.256665918153
11.254166666666666,track,18.560756233914717,0.0,0.6237428891881382,8.480070684459141,0.26713806345841007,13.0,1.13954747839746,1.0,8.004469303599473,7.775337876293702,8.415374166077475,-0.6400362897837744,1.453780571512148e-05,0.3346610854132039,551.9420259411309,1649.256665918153
11.258333333333333,track,18.59609722629242,0.0,0.6249010227077332,8.481838170649478,0.27795204470279083,13.0,1.13954747839746,1.0,8.004296896925696,7.769186204338384,8.411217016186638,-0.642030811848254,1.4450630243634596e-05,0.3346610854132039,551.9420259411309,1649.256665918153
11.2625,track,18.63144552685597,0.0,0.6261037957896561,8.483592135251222,0.2886655396615205,13.0,1.13954747839746,1.0,8.004296896925696,7.769186204338384,8.407067590441665,-0.6378813861032803,1.4450630243634596e-05,0.3346610854132039,551.9420259411309,1649.256665918153
11.266666666666666,track,18.666801002971688,0.0,0.6273499489751432,8.485314267772353,0.2990767645169011,13.0,0.7543326311088782,1.0,7.614726095528593,7.763133276293908,8.402925844034517,-0.6397925677406082,1.4376251908580339e-05,0.5055623743066323,554.2562584220408,1096.3162738963538
11.270833333333334,track,18.702163532108685,0.0,0.6286383294790069,8.487006992879587,0.3092113209272922,13.0,0.7543326311088782,1.0,7.614726095528593,7.763133276293908,8.398791735554495,-0.6356584592605875,1.4376251908580339e-05,0.5055623743066323,554.2562584220408,1096.3162738963538
11.275,track,18.737532972538876,0.0,0.6299675677567613,8.488665703245772,0.3190171866610732,13.0,0.7345516387177893,1.0,7.476200665154167,7.757263568401605,8.394665220633305,-0.6374016522317,1.4327248551015842e-05,0.5055623743066323,554.2562584220408,1096.3162738963538
11.279166666666667,track,18.77290919354553,0.0,0.6313364109697865,8.490293041597164,0.32852237112605087,13.0,0.7345516387177893,1.0,7.476200665154167,7.757263568401605,8.390546258275238,-0.6332826898736341,1.4327248551015842e-05,0.5055623743066323,554.2562584220408,1096.3162738963538
11.283333333333333,track,18.80829207437739,0.0,0.6327437122882112,8.491891399646319,0.33775231642193243,13.0,0.7345516387177893,1.0,7.476041893229792,7.751615266717859,8.386434810112034,-0.6348195433941751,1.4309219110425551e-05,0.5055623743066323,554.2562584220408,1096.3162738963538
11.2875,track,18.843681503370075,0.0,0.634188421903634,8.493462958243695,0.3467303077014522,13.0,0.7345516387177893,1.0,7.476041893229792,7.751615266717859,8.382330840620744,-0.6307155739028857,1.4309219110425551e-05,0.5055623743066323,554.2562584220408,1096.3162738963538
11.291666666666666,track,18.879077377089015,0.0,0.635669578155166,8.495009692546038,0.3554775003676697,13.0,0.7345516387177893,1.0,7.47588386080825,7.7461665813602245,8.378234317101212,-0.6320677357409874,1.4318715974288165e-05,0.5055623743066323,554.2562584220408,1096.3162738963538
11.295833333333333,track,18.914479599618637,0.0,0.6371863001776894,8.496533407109201,0.36401328540562083,13.0,0.7345516387177893,1.0,7.47588386080825,7.7461665813602245,8.374145209203107,-0.6279786278428824,1.4318715974288165e-05,0.5055623743066323,554.2562584220408,1096.3162738963538
11.3,commit,18.94988808188772,0.0,0.6387377808628222,8.498035744579727,0.3723553644318778,13.0,0.7345516387177893,1.0,7.47588386080825,7.7461665813602245,8.370063507441857,-0.6238969260816337,1.5088133155220372e-05,nan,nan,nan
11.304166666666667,commit,18.947420627727737,5.93192009891183e-07,0.6378224428599095,-0.5921889983957573,-0.2196811206990429,13.0,0.7345516387177893,1.0,7.47588386080825,7.7461665813602245,7.737485587981905,0.00868099337831908,1.5088133155220372e-05,nan,nan,nan
11.308333333333334,commit,18.944980102955867,1.186014580880717e-06,0.6369099451158087,-0.5857259452492696,-0.21899945858419295,13.0,0.7345516387177893,1.0,7.47588386080825,7.7461665813602245,7.105323432226821,0.6408431491334029,0.0,nan,nan,nan
11.3125,commit,18.942560706022995,1.777040452253585e-06,0.6359728999409598,-0.580655263888904,-0.224890841963715,13.0,0.7345516387177893,1.0,7.47588386080825,7.7461665813602245,6.4735104058098605,1.2726561755503636,0.0,nan,nan,nan
11.316666666666666,commit,18.94015781017205,2.365305418529829e-06,0.6349882535828251,-0.5766950042267336,-0.23631512595235954,13.0,0.7345516387177893,1.0,7.47588386080825,7.7461665813602245,5.841990584379818,1.9041759969804055,0.0,nan,nan,nan
11.320833333333333,commit,18.937767735370286,2.950196995002473e-06,0.6339366015305615,-0.573617952423194,-0.25239649254325963,13.0,0.7345516387177893,1.0,7.47588386080825,7.7461665813602245,5.210717023232486,2.5354495581277385,0.0,nan,nan,nan
11.325,commit,18.935387563236333,3.531366847239278e-06,0.6328016117554877,-0.571241312148994,-0.272397546017717,13.0,0.7345516387177893,1.0,7.47588386080825,7.7461665813602245,4.579650309140312,3.1665162722199125,0.0,nan,nan,nan
11.329166666666666,commit,18.933014987019863,4.108662220562998e-06,0.631569538906704,-0.5694182919526389,-0.2956974837080729,13.0,0.7345516387177893,1.0,7.47588386080825,7.7461665813602245,3.9487573475892503,3.7974092337709737,0.0,nan,nan,nan
11.333333333333334,commit,18.93064819013973,4.6820725264697654e-06,0.6302288151484722,-0.5680312512317466,-0.3217737019756447,13.0,0.7345516387177893,1.0,7.47588386080825,7.7461665813602245,3.318010346613052,4.428156234747172,0.0,nan,nan,nan
11.3375,commit,18.928285747972016,5.251687989408806e-06,0.6287697055746746,-0.5669861202518706,-0.35018629771141935,13.0,0.7345516387177893,1.0,7.47588386080825,7.7461665813602245,2.687385964971435,5.0587806163887885,0.0,nan,nan,nan
11.341666666666667,commit,18.92592654855039,5.817667862145621e-06,0.6271840180314929,-0.5662078611903216,-0.38056501036358825,13.0,0.7345516387177893,1.0,7.47588386080825,7.7461665813602245,2.056864597821766,5.689301983538459,0.0,nan,nan,nan
11.345833333333333,commit,18.92356972863625,6.380216207676262e-06,0.6254648587777051,-0.5656367793939253,-0.4125982209090777,13.0,0.7345516387177893,1.0,7.47588386080825,7.7461665813602245,1.4264297774997619,6.319736803860462,0.0,nan,nan,nan
11.35,commit,18.92121462226697,6.939563641954758e-06,0.6236064267593819,-0.5652255286273753,-0.44602368439756535,13.0,0.7345516387177893,1.0,7.47588386080825,7.7461665813602245,0.796067670724906,6.950098910635318,0.0,nan,nan,nan
11.354166666666666,commit,18.918860719423485,7.495953752090188e-06,0.6216038404116221,-0.5649366824363422,-0.48062072346236284,13.0,0.7345516387177893,1.0,7.47588386080825,7.7461665813602245,0.16576665661862433,7.580399924741599,0.0,nan,nan,nan
11.358333333333333,commit,18.91650763289438,8.049633163432615e-06,0.6194529918574789,-0.564740766985528,-0.516203652994364,13.0,0.7345516387177893,1.0,7.47588386080825,7.7461665813602245,-0.4644830275210685,8.210649608881292,0.0,nan,nan,nan
11.3625,commit,18.914155071770303,8.600844437702877e-06,0.6171504241813863,-0.564614669778576,-0.5526162422622255,13.0,0.7345516387177893,1.0,7.47588386080825,7.7461665813602245,-1.0946895836155894,8.840856164975815,0.0,nan,nan,nan
11.366666666666667,commit,18.91180282029414,9.149821152470626e-06,0.6146932281347722,-0.5645403542784756,-0.5897270511873784,13.0,0.7345516387177893,1.0,7.47588386080825,7.7461665813602245,-1.7248599025234193,9.471026483883643,0.0,nan,nan,nan
11.370833333333334,commit,18.909450721030638,9.696784647528915e-06,0.6120789552050454,-0.5645038232414287,-0.6274255031344251,13.0,0.7345516387177893,1.0,7.47588386080825,7.7461665813602245,-2.3549997737468864,10.101166355107111,0.0,nan,nan,nan
11.375,commit,18.90709866151372,1.0241942032300542e-05,0.6093055444625259,-0.5644942840601717,-0.665618578204672,13.0,0.7345516387177893,1.0,7.47588386080825,7.7461665813602245,-2.9851140615556098,10.731280642915834,0.0,nan,nan,nan
11.379166666666666,commit,18.904746563688725,1.0785485135423657e-05,0.6063712610073001,-0.5645034779994536,-0.7042280292542107,13.0,0.7345516387177893,1.0,7.47588386080825,7.7461665813602245,-3.6152068529166255,11.361373434276851,0.0,nan,nan,nan
11.383333333333333,commit,18.90239437559607,1.132759014723427e-05,0.6032746441813406,-0.5645251422372082,-0.743188038230277,13.0,0.7345516387177893,1.0,7.47588386080825,7.7461665813602245,-4.2452815817526695,11.991448163112894,0.0,nan,nan,nan
11.3875,commit,18.900042064848655,1.1868417761349416e-05,0.6000144640005936,-0.5645545793793575,-0.7824432433792816,13.0,0.7345516387177893,1.0,7.47588386080825,7.7461665813602245,-4.875341133322503,12.621507714682728,0.0,nan,nan,nan
11.391666666666666,commit,18.897689613541058,1.2408113665684602e-05,0.5965896845055717,-0.5645883138235287,-0.8219470788052451,13.0,0.7345516387177893,1.0,7.47588386080825,7.7461665813602245,-5.505387931907394,13.25155451326762,0.0,nan,nan,nan
11.395833333333334,commit,18.895337014298576,1.2946809268226317e-05,0.5929994329344577,-0.5646238181956221,-0.8616603770673703,13.0,0.7345516387177893,1.0,7.47588386080825,7.7461665813602245,-6.135424014476585,13.881590595836808,0.0,nan,nan,nan
11.4,commit,18.89298426723096,1.3484622570520109e-05,0.5892429737958363,-0.5646592962278015,-0.9015501932691278,13.0,0.7345516387177893,1.0,7.47588386080825,7.7461665813602245,-6.765451092575781,14.511617673936005,0.0,nan,nan,nan
11.404166666666667,commit,18.890631377601736,1.402165912358101e-05,0.5853196870640225,-0.5646935110141115,-0.941588815635327,13.0,0.7345516387177893,1.0,7.47588386080825,7.7461665813602245,-7.395470604322933,15.141637185683159,0.0,nan,nan,nan
11.408333333333333,commit,18.888278354061423,1.4558013017962817e-05,0.5812290498428164,-0.5647256496748487,-0.9817529330894676,13.0,0.7345516387177893,1.0,7.47588386080825,7.7461665813602245,-8.02548375809364,15.771650339453863,0.0,nan,nan,nan
11.4125,commit,18.885925207323222,1.50937678729867e-05,0.5769706209470143,-0.5647552171686528,-1.0220229349924872,13.0,0.7345516387177893,1.0,7.47588386080825,7.7461665813602245,-8.655491569225187,16.401658150585412,0.0,nan,nan,nan
11.416666666666666,commit,18.88357194918413,1.5628997800395497e-05,0.5725440279381732,-0.5647819533823217,-1.0623823221218756,13.0,0.7345516387177893,1.0,7.47588386080825,7.7461665813602245,-9.285494890855373,17.0316614722156,0.0,nan,nan,nan
11.420833333333333,commit,18.881218591814296,1.6163768325585945e-05,0.5679489562245411,-0.5648057687602682,-1.1028172112716923,13.0,0.7345516387177893,1.0,7.47588386080825,7.7461665813602245,-9.915494439833774,17.661661021194,0.0,nan,nan,nan
11.425,commit,18.87886514725323,1.66981372555747e-05,0.5631851398968909,-0.5648266946556314,-1.143315918636044,13.0,0.7345516387177893,1.0,7.47588386080825,7.7461665813602245,-10.545490818493015,18.29165739985324,0.0,nan,nan,nan
11.429166666666667,commit,18.876511627064346,1.7232155487374404e-05,0.5582523540240467,-0.5648448453321349,-1.1838686094826127,13.0,0.7345516387177893,1.0,7.47588386080825,7.7461665813602245,-11.175484532941711,18.921651114301937,0.0,nan,nan,nan
11.433333333333334,commit,18.87415804210955,1.7765867753813175e-05,0.5531504081757231,-0.5648603891516394,-1.224467003597656,13.0,0.7345516387177893,1.0,7.47588386080825,7.7461665813602245,-11.805476008434963,19.551642589795186,0.0,nan,nan,nan
11.4375,commit,18.87180440241383,1.8299313306280424e-05,0.5478791409771918,-0.5648735269730212,-1.2651041276475277,13.0,0.7345516387177893,1.0,7.47588386080825,7.7461665813602245,-12.435465602289293,20.181632183649516,0.0,nan,nan,nan
11.441666666666666,commit,18.86945071709639,1.8832526535627526e-05,0.5424384155313455,-0.564884476184849,-1.3057741070031128,13.0,0.7345516387177893,1.0,7.47588386080825,7.7461665813602245,-13.065453614734485,20.81162019609471,0.0,nan,nan,nan
11.445833333333333,commit,18.86709699435008,1.9365537533655413e-05,0.5368281155698712,-0.5648934591147844,-1.3464719907538414,13.0,0.7345516387177893,1.0,7.47588386080825,7.7461665813602245,-13.69544029803184,21.441606879392065,0.0,nan,nan,nan
11.45,commit,18.86474324145501,1.989837259841095e-05,0.5310481422172381,-0.5649006948169605,-1.38719360463195,13.0,0.7345516387177893,1.0,7.47588386080825,7.7461665813602245,-14.325425864135875,22.0715924454961,0.0,nan,nan,nan
11.454166666666666,commit,18.86238946481565,2.0431054686991045e-05,0.5250984112697186,-0.5649063934464738,-1.427935427404678,13.0,0.7345516387177893,1.0,7.47588386080825,7.7461665813602245,-14.955410491132174,22.701577072492398,0.0,nan,nan,nan
11.458333333333334,commit,18.86003567001316,2.096360381979732e-05,0.5189788509072317,-0.5649107525970635,-1.4686944869968526,13.0,0.7345516387177893,1.0,7.47588386080825,7.7461665813602245,-15.585394328646792,23.331560910007013,0.0,nan,nan,nan
11.4625,commit,18.857681861866862,2.149603744025699e-05,0.5126893997688998,-0.5649139551118315,-1.5094682731996498,13.0,0.7345516387177893,1.0,7.47588386080825,7.7461665813602245,-16.21537750239168,23.961544083751903,0.0,nan,nan,nan
11.466666666666667,commit,18.85532804450026,2.2028370733975345e-05,0.5062300053342298,-0.5649161679837986,-1.5502546643207944,13.0,0.7345516387177893,1.0,7.47588386080825,7.7461665813602245,-16.845360117983926,24.59152669934415,0.0,nan,nan,nan
11.470833333333333,commit,18.85297422140839,2.256061691114963e-05,0.49960062256109705,-0.5649175420483604,-1.5910518655518604,13.0,0.7345516387177893,1.0,7.47588386080825,7.7461665813602245,-17.47534226415505,25.22150884551527,0.0,nan,nan,nan
11.475,commit,18.850620395524068,2.3092787455881106e-05,0.4928012127395048,-0.5649182122374905,-1.631858357182151,13.0,0.7345516387177893,1.0,7.47588386080825,7.7461665813602245,-18.105324015447533,25.851490596807757,0.0,nan,nan,nan
11.479166666666666,commit,18.84826656928149,2.362489234579368e-05,0.4858317425266449,-0.5649182982192482,-1.6726728510863684,13.0,0.7345516387177893,1.0,7.47588386080825,7.7461665813602245,-18.735305434480722,26.481472015840943,0.0,nan,nan,nan
11.483333333333333,commit,18.84591274467612,2.4156940245119756e-05,0.4786921831342958,-0.5649179052885503,-1.7134942541637928,13.0,0.7345516387177893,1.0,7.47588386080825,7.7461665813602245,-19.365286573854696,27.111453155214924,0.0,nan,nan,nan
11.4875,commit,18.843558923320252,2.4688938674158728e-05,0.4713825096442231,-0.5649171254085016,-1.7543216376174446,13.0,0.7345516387177893,1.0,7.47588386080825,7.7461665813602245,-19.99526747775009,27.74143405911032,0.0,nan,nan,nan
11.491666666666667,commit,18.841205106493888,2.522089415775958e-05,0.463902700431144,-0.5649160383276641,-1.795154211138984,13.0,0.7345516387177893,1.0,7.47588386080825,7.7461665813602245,-20.625248183272287,28.37141476463251,0.0,nan,nan,nan
11.495833333333334,commit,18.838851295190892,2.5752812355232382e-05,0.45625273667608485,-0.5649147127189426,-1.8359913012142057,13.0,0.7345516387177893,1.0,7.47588386080825,7.7461665813602245,-21.255228721580913,29.001395302941138,0.0,nan,nan,nan
11.5,commit,18.83649749016047,2.6284698173858216e-05,0.44843260195571244,-0.5649132073014614,-1.8768323328893817,13.0,0.7345516387177893,1.0,7.47588386080825,7.7461665813602245,-21.885209118838873,29.6313757001991,0.0,nan,nan,nan
11.504166666666666,commit,18.83414369194414,2.681655586794574e-05,0.44044228189552853,-0.5649115719188574,-1.917676814444141,13.0,0.7345516387177893,1.0,7.47588386080825,7.7461665813602245,-22.51518939700984,30.261355978370066,0.0,nan,nan,nan
11.508333333333333,commit,18.831789900908486,2.7348389125176952e-05,0.43228176387675676,-0.5649098485565763,-1.958524324505218,13.0,0.7345516387177893,1.0,7.47588386080825,7.7461665813602245,-23.14516957452822,30.891336155888446,0.0,nan,nan,nan
11.5125,commit,18.829436117273953,2.788020114179503e-05,0.4239510367883821,-0.5649080722876609,-1.99937450120992,13.0,0.7345516387177893,1.0,7.47588386080825,7.7461665813602245,-23.775149666862113,31.521316248222337,0.0,nan,nan,nan
11.516666666666666,commit,18.82708234114003,2.8411994688013935e-05,0.41545009081717044,-0.5649062721416381,-2.040227033090795,13.0,0.7345516387177893,1.0,7.47588386080825,7.7461665813602245,-24.405129686986417,32.151296268346634,0.0,nan,nan,nan
11.520833333333334,commit,18.824728572507137,2.8943772164871896e-05,0.40677891726964704,-0.5649044718948488,-2.081081651405615,13.0,0.7345516387177893,1.0,7.47588386080825,7.7461665813602245,-25.03510964578012,32.781276227140346,0.0,nan,nan,nan
11.525,commit,18.82237481129554,2.9475535653608757e-05,0.3979375084209761,-0.5649026907832323,-2.1219381236810255,13.0,0.7345516387177893,1.0,7.47588386080825,7.7461665813602245,-25.665089552360307,33.41125613372053,0.0,nan,nan,nan
11.529166666666667,commit,18.820021057361622,3.000728695851922e-05,0.38892585738649543,-0.5649009441404177,-2.162796248275359,13.0,0.7345516387177893,1.0,7.47588386080825,7.7461665813602245,-26.29506941436263,34.04123599572286,0.0,nan,nan,nan
11.533333333333333,commit,18.817667310511766,3.0539027644119565e-05,0.37974395801233984,-0.5648992439651895,-2.203655849797338,13.0,0.7345516387177893,1.0,7.47588386080825,7.7461665813602245,-26.92504923817698,34.67121581953721,0.0,0.7975897170529901,252.98221281347034,317.1833931713826
11.5375,commit,18.81531357051417,3.1070759067363306e-05,0.37039180478215816,-0.5648975994231384,-2.2445167752436013,13.0,0.7345516387177893,1.0,7.47588386080825,7.7461665813602245,-27.555029029145473,35.301195610505694,0.0,0.7975897170529901,252.98221281347034,317.1833931713826
11.541666666666666,commit,18.812959837108806,3.160248240555045e-05,0.3608693927374081,-0.5648960172876951,-2.285378890740013,13.0,0.7345516387177893,1.0,7.47588386080825,7.7461665813602245,-28.185008791728716,35.93117537308894,0.0,0.7975897170529901,252.98221281347034,317.1833931713826
11.545833333333333,commit,18.810606110015783,3.21341986804945e-05,0.3511767174091156,-0.564894502325881,-2.3262420787902025,13.0,0.7345516387177893,1.0,7.47588386080825,7.7461665813602245,-28.814988529645525,36.56115511100575,0.0,0.7975897170529901,252.98221281347034,317.1833931713826
11.55,commit,18.808252388942307,3.266590877944032e-05,0.3413137747593227,-0.564893057634054,-2.3671062359502972,13.0,0.7345516387177893,1.0,7.47588386080825,7.7461665813602245,-29.444968245990175,37.1911348273504,0.0,0.7975897170529901,252.98221281347034,317.1833931713826
11.554166666666667,commit,18.805898673588437,3.3197613473162976e-05,0.3312805611307316,-0.5648916849287499,-2.4079712708618537,13.0,0.7345516387177893,1.0,7.47588386080825,7.7461665813602245,-30.074947943330994,37.82111452469122,0.0,0.7975897170529901,252.98221281347034,317.1833931713826
11.558333333333334,commit,18.80354496365178,3.372931343162281e-05,0.32107707320329026,-0.5648903847974522,-2.4488371025859226,13.0,0.7345516387177893,1.0,7.47588386080825,7.7461665813602245,-30.704927623792944,38.45109420515317,0.0,0.7975897170529901,252.98221281347034,317.1833931713826
11.5625,commit,18.801191258831306,3.4261009237503004e-05,0.31070330795666373,-0.5648891569138077,-2.4897036591903614,13.0,0.7345516387177893,1.0,7.47588386080825,7.7461665813602245,-31.334907289127088,39.081073870487316,0.0,0.7975897170529901,252.98221281347034,317.1833931713826
11.566666666666666,commit,18.79883755883038,3.4792701397913865e-05,0.3001592626377045,-0.5648880002214541,-2.5305708765502177,13.0,0.7345516387177893,1.0,7.47588386080825,7.7461665813602245,-31.9648869407689,39.71105352212913,0.0,0.17564218607752993,509.7450343063677,2902.1788312368303
11.570833333333333,commit,18.79648386335917,3.532439035451036e-05,0.28944493473217336,-0.564886913090275,-2.571438697327463,13.0,0.7345516387177893,1.0,7.47588386080825,7.7461665813602245,-32.59486657988697,40.34103316124719,0.0,0.17564218607752993,509.7450343063677,2902.1788312368303
11.575,commit,18.79413017213647,3.585607649223727e-05,0.2785603219400826,-0.5648858934485347,-2.612307070101779,13.0,0.7345516387177893,1.0,7.47588386080825,7.7461665813602245,-33.224846207424136,40.971012788784364,0.0,0.17564218607752993,509.7450343063677,2902.1788312368303
11.579166666666666,commit,18.791776484891077,3.638776014688759e-05,0.2675054221541299,-0.5648849388940084,-2.6531759486286517,13.0,0.7345516387177893,1.0,7.47588386080825,7.7461665813602245,-33.85482582413165,41.60099240549188,0.0,0.17564218607752993,509.7450343063677,2902.1788312368303
11.583333333333334,commit,18.789422801362797,3.691944161163535e-05,0.25628023344077644,-0.5648840467868889,-2.6940452912048363,13.0,0.7345516387177893,1.0,7.47588386080825,7.7461665813602245,-34.48480543059802,42.23097201195825,0.0,0.17564218607752993,509.7450343063677,2902.1788312368303
11.5875,commit,18.7870691213031,3.7451121142682234e-05,0.24488475402359117,-0.5648832143269513,-2.7349150601244623,13.0,0.7345516387177893,1.0,7.47588386080825,7.7461665813602245,-35.11478502727298,42.86095160863321,0.0,0.17564218607752993,509.7450343063677,2902.1788312368303
11.591666666666667,commit,18.78471544447553,3.798279896413869e-05,0.2333189822685423,-0.5648824386171682,-2.775785221211724,13.0,0.7345516387177893,1.0,7.47588386080825,7.7461665813602245,-35.744764614487586,43.49093119584781,0.0,0.17564218607752993,509.7450343063677,2902.1788312368303
11.595833333333333,commit,18.782361770655882,3.8514475272244037e-05,0.2215829166709658,-0.5648817167157102,-2.8166557434183583,13.0,0.7345516387177893,1.0,7.47588386080825,7.7461665813602245,-36.37474419247092,44.12091077383115,0.0,0.17564218607752993,509.7450343063677,2902.1788312368303
11.6,commit,18.780008099632223,3.904615023901583e-05,0.2096765558439825,-0.5648810456780305,-2.857526598475993,13.0,0.7345516387177893,1.0,7.47588386080825,7.7461665813602245,-37.00472376136406,44.75089034272429,0.0,0.23547455348528656,554.2562584220408,2353.7840935185086
11.604166666666666,commit,18.777654431204763,3.9577824015406396e-05,0.19759989850816986,-0.5648804225905187,-2.8983977605950355,13.0,0.7345516387177893,1.0,7.47588386080825,7.7461665813602245,-37.63470332123157,45.3808699025918,0.0,0.23547455348528656,554.2562584220408,2353.7840935185086
11.608333333333333,commit,18.77530076518561,4.010949673403409e-05,0.18535294348232365,-0.5648798445970163,-2.9392692062030905,13.0,0.7345516387177893,1.0,7.47588386080825,7.7461665813602245,-38.26468287207114,46.01084945343137,0.0,0.23547455348528656,554.2562584220408,2353.7840935185086
11.6125,commit,18.772947101398444,4.064116851154736e-05,0.1729356896751694,-0.5648793089193194,-2.9801409137170194,13.0,0.7345516387177893,1.0,7.47588386080825,7.7461665813602245,-38.894662413821294,46.640828995181515,0.0,0.23547455348528656,554.2562584220408,2353.7840935185086
11.616666666666667,commit,18.77059343967814,4.117283945067184e-05,0.1603481360779041,-0.5648788128726373,-3.0210128633436737,13.0,0.7345516387177893,1.0,7.47588386080825,7.7461665813602245,-39.52464194636784,47.27080852772806,0.0,0.23547455348528656,554.2562584220408,2353.7840935185086
11.620833333333334,commit,18.76823977987032,4.170450964198389e-05,0.14759028175746608,-0.5648783538768485,-3.0618850369051254,13.0,0.7345516387177893,1.0,7.47588386080825,7.7461665813602245,-40.154621469549134,47.90078805090936,0.0,0.23547455348528656,554.2562584220408,2353.7840935185086
11.625,commit,18.765886121830885,4.2236179165447845e-05,0.1346621258504458,-0.5648779294642701,-3.1027574176848702,13.0,0.7345516387177893,1.0,7.47588386080825,7.7461665813602245,-40.78460098316015,48.53076756452038,0.0,0.23547455348528656,554.2562584220408,2353.7840935185086
11.629166666666666,commit,18.763532465425534,4.276784809174939e-05,0.12156366755756233,-0.5648775372845602,-3.1436299902920295,13.0,0.7345516387177893,1.0,7.47588386080825,7.7461665813602245,-41.41458048695567,49.16074706831589,0.0,0.23547455348528656,554.2562584220408,2353.7840935185086
11.633333333333333,commit,18.761178810529255,4.329951648345267e-05,0.10829490613864133,-0.5648771751072782,-3.18450274054104,13.0,0.7345516387177893,1.0,7.47588386080825,7.7461665813602245,-42.04455998065276,49.790726562012985,0.0,0.3654859986692768,552.5214927946242,1511.7446216991566
11.6375,commit,18.75882515702583,4.3831184396005295e-05,0.09485584090803839,-0.56487684082255,-3.225375655344705,13.0,0.7345516387177893,1.0,7.47588386080825,7.7461665813602245,-42.674539463932675,50.420706045292896,0.0,0.3654859986692768,552.5214927946242,1511.7446216991566
11.641666666666666,commit,18.756471504807326,4.436285187861177e-05,0.08124647123046003,-0.5648765324402186,-3.266248722618807,13.0,0.7345516387177893,1.0,7.47588386080825,7.7461665813602245,-43.30451893644188,51.0506855178021,0.0,0.3654859986692768,552.5214927946242,1511.7446216991566
11.645833333333334,commit,18.75411785377363,4.48945189749933e-05,0.06746679651714019,-0.5648762480877988,-3.3071219311967606,13.0,0.7345516387177893,1.0,7.47588386080825,7.7461665813602245,-43.934498397792936,51.680664979153164,0.0,0.3654859986692768,552.5214927946242,1511.7446216991566
11.65,commit,18.7561918722182,5.121315239677672e-05,0.06681356259915415,0.4977644266965733,-0.15677614031664922,13.0,0.7345516387177893,1.0,7.47588386080825,7.7461665813602245,-42.318053117558236,50.064219698918464,0.0,0.3654859986692768,552.5214927946242,1511.7446216991566
11.654166666666667,commit,18.75826454802422,5.7016801356310205e-05,0.06604288128174353,0.49744219344456264,-0.18496351617854917,13.0,0.7345516387177893,1.0,7.47588386080825,7.7461665813602245,-40.676624387418606,48.422790968778834,0.0,0.3654859986692768,552.5214927946242,1511.7446216991566
11.658333333333333,commit,18.760334966129097,6.236981895217226e-05,0.06515482923927973,0.4969003451709197,-0.21313249019131003,13.0,0.7345516387177893,1.0,7.47588386080825,7.7461665813602245,-39.00833488512399,46.754501466484214,0.0,0.3654859986692768,552.5214927946242,1511.7446216991566
11.6625,commit,18.7624018783311,6.728702368796631e-05,0.06414904500705336,0.4960589284808781,-0.2413882157343305,13.0,0.7345516387177893,1.0,7.47588386080825,7.7461665813602245,-37.31130190767573,45.057468489035955,0.0,0.3654859986692768,552.5214927946242,1511.7446216991566
11.666666666666666,commit,18.764463678287207,7.176780655591332e-05,0.0630247709022111,0.49483198946560386,-0.2698257851621417,13.0,0.7345516387177893,1.0,7.47588386080825,7.7461665813602245,-35.583644465530874,43.3298110468911,0.0,0.5537860701291928,554.2562584220408,1000.8490431923257
11.670833333333333,commit,18.76651837062333,7.580407670019597e-05,0.06178089206275378,0.4931261606699525,-0.2985309214697593,13.0,0.7345516387177893,1.0,7.47588386080825,7.7461665813602245,-33.82348764719012,41.56965422855034,0.0,0.5537860701291928,554.2562584220408,1000.8490431923257
11.675,commit,18.768563538872186,7.938266267401102e-05,0.06041597624145828,0.49084037972566463,-0.32757979711091917,13.0,0.7345516387177893,1.0,7.47588386080825,7.7461665813602245,-32.02896667921007,39.7751332605703,0.0,0.5537860701291928,554.2562584220408,1000.8490431923257
11.679166666666667,commit,18.770596313089616,8.248668399537515e-05,0.05892831552070096,0.4878658121833344,-0.35703857298175673,13.0,0.7345516387177893,1.0,7.47588386080825,7.7461665813602245,-30.19823102097092,37.944397602331144,0.0,0.5537860701291928,554.2562584220408,1000.8490431923257
11.683333333333334,commit,18.77261333752877,8.509688254988388e-05,0.057315970623540595,0.484085865397549,-0.3869627753184884,13.0,0.7345516387177893,1.0,7.47588386080825,7.7461665813602245,-28.329448609734452,36.07561519109468,0.0,0.5537860701291928,554.2562584220408,1000.8490431923257
11.6875,commit,18.774610810939613,8.754860667259951e-05,0.05557678643922869,0.47939361860230295,-0.4174042042348575,13.0,0.7345516387177893,1.0,7.47588386080825,7.7461665813602245,-26.42087690397728,34.1670434853375,0.0,0.5537860701291928,554.2562584220408,1000.8490431923257
11.691666666666666,commit,18.776587219932008,9.032745775170479e-05,0.0537098641046305,0.47433815817472547,-0.44806136030356564,13.0,0.7345516387177893,1.0,7.47588386080825,7.7461665813602245,-24.471659972011572,32.21782655337179,0.0,0.5537860701291928,554.2562584220408,1000.8490431923257
11.695833333333333,commit,18.77854268694606,9.309246072031012e-05,0.05171453865534799,0.46931208337275276,-0.4788781078278038,13.0,0.7345516387177893,1.0,7.47588386080825,7.7461665813602245,-22.48190436675138,30.228070948111608,0.0,0.5537860701291928,554.2562584220408,1000.8490431923257
11.7,commit,18.780477174375427,9.565830108593948e-05,0.04959086143782343,0.46427698304835485,-0.5096825322058939,13.0,0.7345516387177893,1.0,7.47588386080825,7.7461665813602245,-20.45119311372897,28.197359695089194,0.0,0.8519785694295274,554.2562584220408,650.5518780750117
11.704166666666666,commit,18.78239082408253,9.814346073795134e-05,0.04733854720029272,0.459275929704173,-0.5405554170073695,13.0,0.7345516387177893,1.0,7.47588386080825,7.7461665813602245,-18.379489771321804,26.12565635268203,0.0,0.8519785694295274,554.2562584220408,650.5518780750117
11.708333333333334,commit,18.784283629493004,0.00010058352388255166,0.044957608925322017,0.45427329851356807,-0.5714251859929698,13.0,0.7345516387177893,1.0,7.47588386080825,7.7461665813602245,-16.26651371785244,24.01268029921267,0.0,0.8519785694295274,554.2562584220408,650.5518780750117
11.7125,commit,18.786155575856863,0.00010299347631730838,0.04244807610635579,0.4492671273265796,-0.6022878765518956,13.0,0.7345516387177893,1.0,7.47588386080825,7.7461665813602245,-14.112018038032394,21.85818461939262,0.0,0.8519785694295274,554.2562584220408,650.5518780750117
11.716666666666667,commit,18.788006420423873,0.00010537900098638774,0.039810434263237646,0.4442026960822342,-0.6330340423483545,13.0,0.7345516387177893,1.0,7.47588386080825,7.7461665813602245,-11.915353755677904,19.66152033703813,0.0,0.8519785694295274,554.2562584220408,650.5518780750117
11.720833333333333,commit,18.78983591363338,0.00010774385901415392,0.03704518253948916,0.4390783702815809,-0.6636604136996368,13.0,0.7345516387177893,1.0,7.47588386080825,7.7461665813602245,-9.675913243679542,17.422079825039763,0.0,0.8519785694295274,554.2562584220408,650.5518780750117
11.725,commit,18.791643710172853,0.0001100906316127404,0.03415301158202222,0.4338711694739044,-0.6941210297920646,13.0,0.7345516387177893,1.0,7.47588386080825,7.7461665813602245,-7.392957616260356,15.13912419762058,0.0,0.8519785694295274,554.2562584220408,650.5518780750117
11.729166666666666,commit,18.793429359532226,0.00011242111328157502,0.0311348224312161,0.42855584624929777,-0.7243653961934686,13.0,0.7345516387177893,1.0,7.47588386080825,7.7461665813602245,-5.06560418370842,12.811770765068644,0.0,0.8519785694295274,554.2562584220408,650.5518780750117
11.733333333333333,commit,18.795192295591274,0.00011473652393904893,0.02799174734569975,0.42310465417147197,-0.7543380205239236,13.0,0.7345516387177893,1.0,7.47588386080825,7.7461665813602245,-2.6928142736380782,10.438980854998302,0.0,nan,nan,nan
11.7375,commit,18.796931824573456,0.00011703763675628017,0.024725173894608734,0.4174869557231418,-0.7839776282618438,13.0,0.7345516387177893,1.0,7.47588386080825,7.7461665813602245,-0.27338064564349857,8.019547227003722,0.0,nan,nan,nan
11.741666666666667,commit,18.798647110883945,0.00011932485858932531,0.021336773281578222,0.41166871451754183,-0.8132161471273227,13.0,0.7345516387177893,1.0,7.47588386080825,7.7461665813602245,2.194085767034235,5.552080814325989,0.0,nan,nan,nan
11.745833333333334,commit,18.798564622980923,0.00011743028932945451,0.02163052396761497,-0.019797096725564012,0.07050016464881892,13.0,0.7345516387177893,1.0,7.47588386080825,7.7461665813602245,2.0185008650622995,5.727665716297925,0.0,nan,nan,nan
11.75,commit,18.79848952570268,0.00011647578796666566,0.02190051216654437,-0.01802334677779017,0.06479716774305554,13.0,0.7345516387177893,1.0,7.47588386080825,7.7461665813602245,1.8569600399164137,5.88920654144381,0.0,nan,nan,nan
11.754166666666666,commit,18.798421368026222,0.00011586389474802004,0.022148704405880702,-0.016357842349903763,0.059566137440719875,13.0,0.7345516387177893,1.0,7.47588386080825,7.7461665813602245,1.7083727888855167,6.037793792474708,0.0,nan,nan,nan
11.758333333333333,commit,18.798359563694696,0.00011551239174590633,0.02237687965104941,-0.01483303956600146,0.05476205884049005,13.0,0.7345516387177893,1.0,7.47588386080825,7.7461665813602245,1.5716709292526103,6.1744956521076135,0.0,nan,nan,nan
11.7625,commit,18.798303575535687,0.00011542694276571192,0.022586675655781766,-0.013437158162270549,0.05035104113576563,13.0,0.7345516387177893,1.0,7.47588386080825,7.7461665813602245,1.4459163619695532,6.30025021939067,0.0,nan,nan,nan
11.766666666666666,commit,18.798252906632744,0.00011556839946865576,0.022779570492905778,-0.012160536706680969,0.04629476090976305,13.0,0.7345516387177893,1.0,7.47588386080825,7.7461665813602245,1.3302043923443743,6.41596218901585,0.0,nan,nan,nan
11.770833333333334,commit,18.798207124780046,0.00011593507746528055,0.02295694348448425,-0.010987644647736872,0.04256951797883308,13.0,0.7345516387177893,1.0,7.47588386080825,7.7461665813602245,1.2237574300826528,6.522409151277571,0.0,nan,nan,nan
11.775,commit,18.79816583707624,0.00011649270228677653,0.023120047524197773,-0.00990904891322969,0.03914496953124571,13.0,0.7345516387177893,1.0,7.47588386080825,7.7461665813602245,1.125835319251808,6.620331262108416,0.0,nan,nan,nan
11.779166666666667,commit,18.798127975979924,0.00011702715883694523,0.023270033977142782,-0.009086663116143407,0.03599674870680246,13.0,0.7345516387177893,1.0,7.47588386080825,7.7461665813602245,1.0356910332334655,6.710475548126759,0.0,nan,nan,nan
11.783333333333333,commit,18.798093040337125,0.00011749577623695672,0.023407961278131464,-0.008384554271477634,0.033102552237283936,13.0,0.7345516387177893,1.0,7.47588386080825,7.7461665813602245,0.9527723329814867,6.793394248378737,0.0,nan,nan,nan
11.7875,commit,18.798060673548125,0.00011785842445534974,0.023534802789640756,-0.0077680293597124535,0.030441962762229838,13.0,0.7345516387177893,1.0,7.47588386080825,7.7461665813602245,0.8764686479741315,6.869697933386093,0.0,nan,nan,nan
11.791666666666666,commit,18.798030743979346,0.00011814148307421296,0.023651453071458193,-0.007183096506957479,0.027996067636184965,13.0,0.7345516387177893,1.0,7.47588386080825,7.7461665813602245,0.8062624281894716,6.939904153170753,0.0,nan,nan,nan
11.795833333333333,commit,18.798003122566115,0.00011837383827786924,0.0237587348212807,-0.00662913917521429,0.02574761995740192,13.0,0.7345516387177893,1.0,7.47588386080825,7.7461665813602245,0.7416786380724798,7.004487943287744,0.0,nan,nan,nan
11.8,commit,18.79797763579974,0.0001185637153137771,0.023857403576017556,-0.006116823930526975,0.023680501136845368,13.0,0.7345516387177893,1.0,7.47588386080825,7.7461665813602245,0.6822716181933802,7.063894963166844,0.0,nan,nan,nan
11.804166666666667,commit,18.797953600857912,0.00011860327936956011,0.023948151162329016,-0.00576838603867349,0.02177942071475076,13.0,0.7345516387177893,1.0,7.47588386080825,7.7461665813602245,0.6276638825192157,7.1185026988410085,0.0,nan,nan,nan
11.808333333333334,commit,18.797931466441366,0.00011860843702593172,0.024031622513949455,-0.005312259970995202,0.020033124388905733,13.0,0.7345516387177893,1.0,7.47588386080825,7.7461665813602245,0.5774266826087807,7.1687398987514435,0.0,nan,nan,nan
11.8125,commit,18.797911122783074,0.00011863954021373196,0.0241083996671034,-0.004882477990252155,0.018426516756946856,13.0,0.7345516387177893,1.0,7.47588386080825,7.7461665813602245,0.5312425394173522,7.214924041942873,0.0,nan,nan,nan
11.816666666666666,commit,18.797892347548235,0.00011857749467874775,0.02417901310617501,-0.004506056361471777,0.01694722537718625,13.0,0.7345516387177893,1.0,7.47588386080825,7.7461665813602245,0.488651226348848,7.2575153550113765,0.0,nan,nan,nan
11.820833333333333,commit,18.79787506955175,0.00011851317745378487,0.024243964361164095,-0.004146719156336415,0.015588301197380972,13.0,0.7345516387177893,1.0,7.47588386080825,7.7461665813602245,0.44948786875539576,7.2966787126048285,0.0,nan,nan,nan
11.825,commit,18.797858964369237,0.00011845826949271286,0.024303715092997023,-0.003865243803593893,0.01434017563990303,13.0,0.7345516387177893,1.0,7.47588386080825,7.7461665813602245,0.4135462181667805,7.332620363193443,0.0,nan,nan,nan
11.829166666666666,commit,18.79784418333854,0.0001184660547442837,0.024358657459093554,-0.003547447367243969,0.013186167863166988,13.0,0.7345516387177893,1.0,7.47588386080825,7.7461665813602245,0.3804478179541147,7.365718763406109,0.0,nan,nan,nan
11.833333333333334,commit,18.797830612878208,0.00011848269431761699,0.02440919634566101,-0.003256910479490229,0.012129332776190202,13.0,0.7345516387177893,1.0,7.47588386080825,7.7461665813602245,0.3499954377048295,7.396171143655395,0.0,nan,nan,nan
11.8375,commit,18.797818152309652,0.00011850662796264981,0.024455685318157828,-0.0029905364536112343,0.011157353399235667,13.0,0.7345516387177893,1.0,7.47588386080825,7.7461665813602245,0.3219778302368621,7.424188751123362,0.0,nan,nan,nan
11.841666666666667,commit,18.797806709475488,0.00011853646456224332,0.024498449406295728,-0.002746280199676521,0.01026338115309635,13.0,0.7345516387177893,1.0,7.47588386080825,7.7461665813602245,0.29620048574006336,7.449966095620161,0.0,nan,nan,nan
11.845833333333333,commit,18.79779620010109,0.00011857104628972229,0.024537787479559196,-0.0025222498559263552,0.00944113758323245,13.0,0.7345516387177893,1.0,7.47588386080825,7.7461665813602245,0.2724843988726769,7.473682182487548,0.0,nan,nan,nan
11.85,commit,18.797786547087014,0.00011860941175741879,0.0245739743638512,-0.002316723377918713,0.008684852230081093,13.0,0.7345516387177893,1.0,7.47588386080825,7.7461665813602245,0.25066484007704437,7.49550174128318,0.0,nan,nan,nan
11.854166666666666,commit,18.797777679869785,0.00011865076461690801,0.024607262785401235,-0.0021281321351535364,0.007989221172008315,13.0,0.7345516387177893,1.0,7.47588386080825,7.7461665813602245,0.2305902231374098,7.515576358222814,0.0,nan,nan,nan
11.858333333333333,commit,18.7977695338435,0.00011869444702752017,0.02463788515605722,-0.001955046308827776,0.0073493689574367985,13.0,0.7345516387177893,1.0,7.47588386080825,7.7461665813602245,0.212121061226688,7.534045520133536,0.0,nan,nan,nan
11.8625,commit,18.797762049836006,0.00011873991725239064,0.024666055213120045,-0.001796161798196791,0.006760813695077764,13.0,0.7345516387177893,1.0,7.47588386080825,7.7461665813602245,0.19512900482785403,7.551037576532369,0.0,nan,nan,nan
11.866666666666667,commit,18.797755173634062,0.00011878673075332356,0.02469196952575623,-0.0016502884666188056,0.006219435032684788,13.0,0.7345516387177893,1.0,7.47588386080825,7.7461665813602245,0.17949595534069834,7.566670626019526,0.0,nan,nan,nan
11.870833333333334,commit,18.797748855552488,0.00011883452424952385,0.024715808879001506,-0.0015163395782581174,0.005721444778866068,13.0,0.7345516387177893,1.0,7.47588386080825,7.7461665813602245,0.16511324860085402,7.581053332759371,0.0,nan,nan,nan
11.875,commit,18.79774305004293,0.00011888300228587061,0.02473773954543552,-0.0013933222941306788,0.0052633599441639645,13.0,0.7345516387177893,1.0,7.47588386080825,7.7461665813602245,0.15188090293756065,7.594285678422663,0.0,nan,nan,nan
11.879166666666666,commit,18.797737715338297,0.00011893192592452214,0.024757914453758977,-0.0012803291116193917,0.0048419779976297955,13.0,0.7345516387177893,1.0,7.47588386080825,7.7461665813602245,0.13970692677841462,7.606459654581809,0.0,nan,nan,nan
11.883333333333333,commit,18.797732813129358,0.00011898110323229126,0.024776474262728106,-0.0011765301453018839,0.004454354152591038,13.0,0.7345516387177893,1.0,7.47588386080825,7.7461665813602245,0.12850668117040184,7.617659900189822,0.0,nan,nan,nan
11.8875,commit,18.79772830827036,0.00011903038128577256,0.02479354834819395,-0.0010811661587753895,0.004097780511802734,13.0,0.7345516387177893,1.0,7.47588386080825,7.7461665813602245,0.11820229292807426,7.62796428843215,0.0,nan,nan,nan
11.891666666666666,commit,18.797724168510914,0.00011907963945846758,0.024809255710347297,-0.0009935422676983759,0.0037697669168029607,13.0,0.7345516387177893,1.0,7.47588386080825,7.7461665813602245,0.10872211444016178,7.637444466920063,0.0,nan,nan,nan
11.895833333333334,commit,18.797720364251564,0.00011912878379046724,0.02482370580768,-0.000913022243622789,0.0034680233598491997,13.0,0.7345516387177893,1.0,7.47588386080825,7.7461665813602245,0.10000022646445714,7.646166354895766,0.0,nan,nan,nan
11.9,commit,18.797716868320915,0.00011917774227123173,0.024836999323631946,-0.0008390233559675877,0.0031904438284667824,13.0,0.7345516387177893,1.0,7.47588386080825,7.7461665813602245,0.09197598052221388,7.65419060083801,0.0,nan,nan,nan
11.904166666666667,commit,18.797713655772178,0.00011922646089247093,0.02484922887140079,-0.0007710116969639415,0.002935091464521984,13.0,0.7345516387177893,1.0,7.47588386080825,7.7461665813602245,0.08459357776181041,7.661573003598414,0.0,nan,nan,nan
11.908333333333333,commit,18.797710703697426,0.00011927490034989116,0.0248604796419381,-0.0007084979403059436,0.0027001849289551294,13.0,0.7345516387177893,1.0,7.47588386080825,7.7461665813602245,0.07780168140460378,7.668364899955621,0.0,nan,nan,nan
11.9125,commit,18.797707991057884,0.00011932303329138214,0.024870829999742414,-0.0006510334899167602,0.002484085873035148,13.0,0.7345516387177893,1.0,7.47588386080825,7.7461665813602245,0.07155306010970736,7.674613521250516,0.0,nan,nan,nan
11.916666666666666,commit,18.7977054985288,0.00011937084202495117,0.024880352030681372,-0.0005982069799561029,0.0022852874253497454,13.0,0.7345516387177893,1.0,7.47588386080825,7.7461665813602245,0.06580425980268628,7.6803623215575385,0.0,nan,nan,nan
11.920833333333333,commit,18.797703208357586,0.00011941831661311202,0.024889112045727503,-0.000549641091509495,0.0021024036110718625,13.0,0.7345516387177893,1.0,7.47588386080825,7.7461665813602245,0.060515301705208045,7.685651279655016,0.0,nan,nan,nan
11.925,commit,18.797701104234022,0.00011946545329220685,0.024897171044173796,-0.0005049896550731738,0.0019341596271100978,13.0,0.7345516387177893,1.0,7.47588386080825,7.7461665813602245,0.055649404480808386,7.690517176879416,0.0,nan,nan,nan
11.929166666666667,commit,18.797699171171477,0.00011951225316404412,0.024904585139605293,-0.000463935011291244,0.0017793829035591194,13.0,0.7345516387177893,1.0,7.47588386080825,7.7461665813602245,0.05117272857606253,7.694993852784163,0.0,nan,nan,nan
11.933333333333334,commit,18.79769739539812,0.00011955872111626681,0.024911405951634408,-0.00042618560519889923,0.0016369948869875625,13.0,0.7345516387177893,1.0,7.47588386080825,7.7461665813602245,0.04705414098902529,7.6991124403711995,0.0,nan,nan,nan
11.9375,commit,18.79769576425732,0.00011960486493383773,0.02491768096616318,-0.00039147379206612437,0.0015060034869048486,13.0,0.7345516387177893,1.0,7.47588386080825,7.7461665813602245,0.04326499883512761,7.702901582525097,0.0,nan,nan,nan
11.941666666666666,commit,18.79769426611634,0.00011965069457080127,0.0249234538667107,-0.00035955383481750677,0.0013854961314056988,13.0,0.7345516387177893,1.0,7.47588386080825,7.7461665813602245,0.039778950211921474,7.706387631148303,0.0,nan,nan,nan
11.945833333333333,commit,18.797692890282693,0.00011969622155565124,0.02492876483913794,-0.00033020007541761687,0.0012746333825373393,13.0,0.7345516387177893,1.0,7.47588386080825,7.7461665813602245,0.036571750981459705,7.709594830378765,0.0,nan,nan,nan
11.95,commit,18.797691626927428,0.00011974145850823643,0.02493365085191342,-0.0003032052641399489,0.0011726430661157874,13.0,0.7345516387177893,1.0,7.47588386080825,7.7461665813602245,0.03362109619966998,7.712545485160554,0.0,nan,nan,nan
11.954166666666666,commit,18.797690467014792,0.00011978641874949456,0.024938145913887957,-0.0002783790323277161,0.0010788148738890557,13.0,0.7345516387177893,1.0,7.47588386080825,7.7461665813602245,0.030906465023122307,7.715260116337102,0.0,nan,nan,nan
11.958333333333334,commit,18.797689402237726,0.00011983111598844877,0.02494228131138926,-0.00025554649570640994,0.0009924954003121059,13.0,0.7345516387177893,1.0,7.47588386080825,7.7461665813602245,0.028408978016356216,7.717757603343868,0.0,nan,nan,nan
11.9625,commit,18.797688424958658,0.00011987556407311768,0.024946085826299046,-0.00023454697645465777,0.0009130835783490304,13.0,0.7345516387177893,1.0,7.47588386080825,7.7461665813602245,0.026111265869476718,7.720055315490748,0.0,nan,nan,nan
11.966666666666667,commit,18.797687528155183,0.00011991977679442727,0.024949585936642534,-0.00021523283356912794,0.0008400264824368481,13.0,0.7345516387177893,1.0,7.47588386080825,7.7461665813602245,0.02399734861358387,7.72216923274664,0.0,nan,nan,nan
11.970833333333333,commit,18.797686705370218,0.00011996376773376045,0.024952806001094327,-0.0001974683918331364,0.0007728154684302699,13.0,0.7345516387177893,1.0,7.47588386080825,7.7461665813602245,0.022052524495453762,7.72411405686477,0.0,nan,nan,nan
11.975,commit,18.797685950666214,0.00012000755014651296,0.024955768428694607,-0.00018112896078523335,0.0007109826240671302,13.0,0.7345516387177893,1.0,7.47588386080825,7.7461665813602245,0.0202632677392348,7.725903313620989,0.0,nan,nan,nan
11.979166666666666,commit,18.797685258583147,0.00012005113687498599,0.024958493834961664,-0.00016609993580751856,0.0006540975040935232,13.0,0.7345516387177893,1.0,7.47588386080825,7.7461665813602245,0.018617134484788668,7.727549446875435,0.0,nan,nan,nan
11.983333333333333,commit,18.797684624099922,0.0001200945402854194,0.024961001185494432,-0.0001522759742315292,0.0006017641278642932,13.0,0.7345516387177893,1.0,7.47588386080825,7.7461665813602245,0.017102676248794114,7.729063905111429,0.0,nan,nan,nan
11.9875,commit,18.797684042598924,0.00012013777222449594,0.024963307928068175,-0.00013956023995005513,0.0005536182176978308,13.0,0.7345516387177893,1.0,7.47588386080825,7.7461665813602245,0.015709360307325018,7.7304572210529,0.0,nan,nan,nan
11.991666666666667,commit,18.797683509833462,0.0001201808439915679,0.02496543011414691,-0.0001278637107025543,0.000509324658896991,13.0,0.7345516387177893,1.0,7.47588386080825,7.7461665813602245,0.014427496446188232,7.731739084914036,0.0,nan,nan,nan
11.995833333333334,commit,18.797683021897868,0.00012022376632355187,0.0249673825106619,-0.00011710454261447565,0.00046857516359780776,13.0,0.7345516387177893,1.0,7.47588386080825,7.7461665813602245,0.013248169570189872,7.732918411790034,0.0,nan,nan,nan
12.0,commit,18.797682575200003,0.0001202665493898952,0.02496917870283671,-0.00010720748720721779,0.00043108612195418006,13.0,0.7345516387177893,1.0,7.47588386080825,7.7461665813602245,0.012163177702359546,7.734003403657864,0.0,nan,nan,nan
12.004166666666666,commit,18.79768216643602,0.00012030920279533333,0.02497083118877637,-9.810335634266494e-05,0.0003965966255180253,13.0,0.7345516387177893,1.0,7.47588386080825,7.7461665813602245,0.011164974942554277,7.73500160641767,0.0,nan,nan,nan
12.008333333333333,commit,18.79768179256714,0.00012035173558895853,0.024972351466482166,-8.972853116218954e-05,0.0003648666493916569,13.0,0.7345516387177893,1.0,7.47588386080825,7.7461665813602245,0.010246618988319012,7.735919962371906,0.0,nan,nan,nan
12.0125,commit,18.797681450798343,0.00012039415627773245,0.024973750113897623,-8.202451123133056e-05,0.0003356753797098891,13.0,0.7345516387177893,1.0,7.47588386080825,7.7461665813602245,0.009401722853538425,7.736764858506686,0.0,nan,nan,nan
12.016666666666666,commit,18.797681138558758,0.00012043647284372224,0.024975036862545895,-7.493750058913291e-05,0.0003088196755853534,13.0,0.7345516387177893,1.0,7.47588386080825,7.7461665813602245,0.00862441044894201,7.737542170911282,0.0,nan,nan,nan
12.020833333333334,commit,18.797680853483644,0.00012047869276373674,0.024976220665270315,-6.841802759897997e-05,0.0002841126538610933,13.0,0.7345516387177893,1.0,7.47588386080825,7.7461665813602245,0.007909275715639381,7.738257305644585,0.0,nan,nan,nan
12.025,commit,18.79768059339783,0.00012052082303067389,0.02497730975855271,-6.242059579809515e-05,0.0002613823877749277,13.0,0.7345516387177893,1.0,7.47588386080825,7.7461665813602245,0.007251345027479484,7.738915236332745,0.0,nan,nan,nan
12.029166666666667,commit,18.797680356300482,0.00012056287017606055,0.024978311719841526,-5.690336319101689e-05,0.0002404707093157446,13.0,0.7345516387177893,1.0,7.47588386080825,7.7461665813602245,0.006646042600615643,7.739520538759608,0.0,nan,nan,nan
12.033333333333333,commit,18.79768014035112,0.00012060484029305454,0.024979233520291796,-5.182784755707909e-05,0.0002212321080646909,13.0,0.7345516387177893,1.0,7.47588386080825,7.7461665813602245,0.006089158670329272,7.740077422689895,0.0,nan,nan,nan
12.0375,commit,18.79767994385672,0.00012064673905978959,0.024980081573282634,-4.715865578178929e-05,0.00020353271780099158,13.0,0.7345516387177893,1.0,7.47588386080825,7.7461665813602245,0.005576820212867586,7.740589761147357,0.0,nan,nan,nan
12.041666666666666,commit,18.797679765259907,0.00012068857176239143,0.02498086177905159,-4.286323504626057e-05,0.00018724938454937196,13.0,0.7345516387177893,1.0,7.47588386080825,7.7461665813602245,0.0051054640096402665,7.741061117350584,0.0,nan,nan,nan
12.045833333333333,commit,18.797679603128056,0.0001207303433178142,0.024981579565756303,-3.89116442529752e-05,0.00017226880913136233,13.0,0.7345516387177893,1.0,7.47588386080825,7.7461665813602245,0.004671811865667379,7.741494769494557,0.0,nan,nan,nan
12.05,commit,18.79767945614329,0.00012077205829590387,0.02498223992724971,-3.5276343879889034e-05,0.0001584867584181332,13.0,0.7345516387177893,1.0,7.47588386080825,7.7461665813602245,0.004272847810658036,7.741893733549567,0.0,nan,nan,nan
12.054166666666667,commit,18.797679323093277,0.00012081372094095572,0.024982847457831962,-3.19320029136471e-05,0.00014580733974025456,13.0,0.7345516387177893,1.0,7.47588386080825,7.7461665813602245,0.0039057971233064878,7.742260784236917,0.0,nan,nan,nan
12.058333333333334,commit,18.79767920286277,0.0001208553351922642,0.024983406384221075,-2.8855321284842407e-05,0.00013414233338672477,13.0,0.7345516387177893,1.0,7.47588386080825,7.7461665813602245,0.003568107033898274,7.742598474326326,0.0,nan,nan,nan
12.0625,commit,18.797679094425828,0.00012089690470396166,0.024983920594964654,-2.6024866721248872e-05,0.00012341057845860481,13.0,0.7345516387177893,1.0,7.47588386080825,7.7461665813602245,0.0032574289701824814,7.742909152390042,0.0,nan,nan,nan
12.066666666666666,commit,18.79767899683864,0.00012093843286379089,0.0249843936674985,-2.3420924714297325e-05,0.00011353740812385799,13.0,0.7345516387177893,1.0,7.47588386080825,7.7461665813602245,0.002971602223530495,7.743194979136694,0.0,nan,nan,nan
12.070833333333333,commit,18.79767890923297,0.00012097992281103434,0.024984828893039386,-2.102536058194683e-05,0.00010445412981244934,13.0,0.7345516387177893,1.0,7.47588386080825,7.7461665813602245,0.002708638921762032,7.743457942438462,0.0,nan,nan,nan
12.075,commit,18.797678830810085,0.0001210213774534781,0.024985229299485937,-1.8821492692486478e-05,9.609754717212343e-05,13.0,0.7345516387177893,1.0,7.47588386080825,7.7461665813602245,0.0024667102036659157,7.743699871156558,0.0,nan,nan,nan
12.079166666666666,commit,18.797678760835186,0.00012106279948333636,0.024985597672486964,-1.6793975826596198e-05,8.840952024661425e-05,13.0,0.7345516387177893,1.0,7.47588386080825,7.7461665813602245,0.0022441334997635076,7.743922447860461,0.0,nan,nan,nan
12.083333333333334,commit,18.797678698632296,0.00012110419139238231,0.02498593657482413,-1.4928693973966924e-05,8.133656091970781e-05,13.0,0.7345516387177893,1.0,7.47588386080825,7.7461665813602245,0.0020393608303705324,7.744127220529854,0.0,nan,nan,nan
12.0875,commit,18.797678643579538,0.00012114555548607912,0.024986248364243024,-1.3212661752601574e-05,7.482946053433137e-05,13.0,0.7345516387177893,1.0,7.47588386080825,7.7461665813602245,0.0018509680395958346,7.744315613320628,0.0,nan,nan,nan
12.091666666666667,commit,18.797678595104813,0.00012118689389683827,0.024986535209858166,-1.1633933725728504e-05,6.88429476345398e-05,13.0,0.7345516387177893,1.0,7.47588386080825,7.7461665813602245,0.0016776448906852203,7.744488936469539,0.0,nan,nan,nan
12.095833333333333,commit,18.79767855268181,0.00012122820859652513,0.02498679910724509,-1.0181521044295838e-05,6.333537286089264e-05,13.0,0.7345516387177893,1.0,7.47588386080825,7.7461665813602245,0.001518185953456815,7.7446483954067675,0.0,nan,nan,nan
12.1,commit,18.79767851582633,0.00012126950140798667,0.024987041892324462,-8.845314742907793e-06,5.826841904961466e-05,13.0,0.7345516387177893,1.0,7.47588386080825,7.7461665813602245,0.0013714822208880965,7.744795099139336,0.0,nan,nan,nan
12.104166666666666,commit,18.797678484092934,0.00012131077401601662,0.0249872652541359,-7.616015242416694e-06,5.360683474510408e-05,13.0,0.7345516387177893,1.0,7.47588386080825,7.7461665813602245,0.0012365133960840027,7.744930067964141,0.0,nan,nan,nan
12.108333333333333,commit,18.797678457071818,0.00012135202797741849,0.024987470746589385,-6.485067471258792e-06,4.93181888363628e-05,13.0,0.7345516387177893,1.0,7.47588386080825,7.7461665813602245,0.0011123407964027045,7.745054240563822,0.0,nan,nan,nan
12.1125,commit,18.79767843438598,0.00012139326473048944,0.0249876597992764,-5.444601240530823e-06,4.537264488338466e-05,13.0,0.7345516387177893,1.0,7.47588386080825,7.7461665813602245,0.0009981008249261702,7.745168480535298,0.0,nan,nan,nan
12.116666666666667,commit,18.797678415688576,0.00012143448560375847,0.02498783372741625,-4.487376346080086e-06,4.174275356336882e-05,13.0,0.7345516387177893,1.0,7.47588386080825,7.7461665813602245,0.0008929989644457323,7.745273582395779,0.0,nan,nan,nan
12.120833333333334,commit,18.797678400660526,0.00012147569182418095,0.024987993741006173,-3.6067321305457535e-06,3.840326158142948e-05,13.0,0.7345516387177893,1.0,7.47588386080825,7.7461665813602245,0.0007963042516301916,7.745370277108594,0.0,nan,nan,nan
12.125,commit,18.797678389008272,0.00012151688452479142,0.024988140953240087,-2.796541038423072e-06,3.533093613888871e-05,13.0,0.7345516387177893,1.0,7.47588386080825,7.7461665813602245,0.0007073441934678078,7.745459237166756,0.0,nan,nan,nan
12.129166666666666,commit,18.797678380461747,0.00012155806475162594,0.024988276388253013,-2.051165963358295e-06,3.250440310255398e-05,13.0,0.7345516387177893,1.0,7.47588386080825,7.7461665813602245,0.000625500089956048,7.745541081270268,0.0,nan,nan,nan
12.133333333333333,commit,18.79767837477249,0.00012159923347041535,0.024988400988246177,-1.3654209257111442e-06,2.990399835963581e-05,13.0,0.7345516387177893,1.0,7.47588386080825,7.7461665813602245,0.0005502027313934195,7.745616378628831,0.0,nan,nan,nan
12.1375,commit,18.79767837116088,0.00012164022994645337,0.024988514377399507,-8.66786345487685e-07,2.7213396799376233e-05,13.0,0.7345516387177893,1.0,7.47588386080825,7.7461665813602245,0.000479665218146093,7.745686916142078,0.0,nan,nan,nan
12.141666666666666,commit,18.797678368942478,0.00012168091467503581,0.024988616283009066,-5.324163579013315e-07,2.445734629432511e-05,13.0,0.7345516387177893,1.0,7.47588386080825,7.7461665813602245,0.00041231892910693544,7.7457542624311175,0.0,nan,nan,nan
12.145833333333334,commit,18.797678368584357,0.00012172148107562033,0.02498870892748614,-8.594899909759182e-08,2.2234674497821627e-05,13.0,0.7345516387177893,1.0,7.47588386080825,7.7461665813602245,0.000349234916337017,7.745817346443887,0.0,nan,nan,nan
12.15,commit,18.797678370202465,0.00012176201757073651,0.024988793649787216,3.883458216149038e-07,2.033335225841426e-05,13.0,0.7345516387177893,1.0,7.47588386080825,7.7461665813602245,0.00029067906608209115,7.745875902294142,0.0,nan,nan,nan
12.154166666666667,commit,18.797678373760643,0.00012180256289690436,0.02498887135913189,8.539626781841744e-07,1.8650242722018096e-05,13.0,0.7345516387177893,1.0,7.47588386080825,7.7461665813602245,0.00023656864467060318,7.745930012715553,0.0,nan,nan,nan
12.158333333333333,commit,18.797678379159848,0.00012184313307623415,0.024988942743417692,1.2958091372023286e-06,1.7132228592335597e-05,13.0,0.7345516387177893,1.0,7.47588386080825,7.7461665813602245,0.00018667677022743442,7.745979904589997,0.0,nan,nan,nan
12.1625,commit,18.797678386278665,0.00012188373381579529,0.024989008367077365,1.7085161538264853e-06,1.5749678321137772e-05,13.0,0.7345516387177893,1.0,7.47588386080825,7.7461665813602245,0.00014072527216096246,7.746025856088064,0.0,nan,nan,nan
12.166666666666666,commit,18.797678394991443,0.00012192436620656151,0.024989068717871907,2.0910664482576145e-06,1.4484190689910414e-05,13.0,0.7345516387177893,1.0,7.47588386080825,7.7461665813602245,9.842625208884417e-05,7.746068155108135,0.0,nan,nan,nan
12.170833333333333,commit,18.797678405176153,0.00012196502933717356,0.024989124230025365,2.4443303940060736e-06,1.3322916830156573e-05,13.0,0.7345516387177893,1.0,7.47588386080825,7.7461665813602245,5.950011249412811e-05,7.74610708124773,0.0,nan,nan,nan
12.175,commit,18.797678416717574,0.0001220057214878398,0.02498917529633852,2.769940716835816e-06,1.225591515702229e-05,13.0,0.7345516387177893,1.0,7.47588386080825,7.7461665813602245,2.368283860147941e-05,7.746142898521623,0.0,nan,nan,nan
12.179166666666667,commit,18.797678429508334,0.00012204644067085016,0.024989222275108056,3.0697825200729735e-06,1.1274904689141663e-05,13.0,0.7345516387177893,1.0,7.47588386080825,7.7461665813602245,-9.27159018891386e-06,7.746175852950413,0.0,nan,nan,nan
12.183333333333334,commit,18.797678447818413,0.00012207965376915462,0.024989247292774713,4.394419238806771e-06,6.004239997935146e-06,13.0,0.7345516387177893,1.0,7.47588386080825,7.7461665813602245,-2.9524746004780056e-05,7.746196106106228,0.0,nan,nan,nan
12.1875,commit,18.797678470920104,0.00012211063652873568,0.02498926642974573,5.544405665446606e-06,4.592873044460821e-06,13.0,0.7345516387177893,1.0,7.47588386080825,7.7461665813602245,-3.8838263565174876e-05,7.74620541962379,0.0,nan,nan,nan
12.191666666666666,commit,18.7976784948659,0.00012214259214793298,0.024989285163025083,5.7469911284968e-06,4.495987044265959e-06,13.0,0.7345516387177893,1.0,7.47588386080825,7.7461665813602245,-4.624749660024915e-05,7.746212828856824,0.0,nan,nan,nan
12.195833333333333,commit,18.79767851907213,0.00012217526945442145,0.024989302384084353,5.809495104121557e-06,4.133054224947363e-06,13.0,0.7345516387177893,1.0,7.47588386080825,7.7461665813602245,-5.305853500449378e-05,7.746219639895228,0.0,nan,nan,nan
12.2,commit,18.79767854351552,0.0001222086150586917,0.024989318227170782,5.86641352865046e-06,3.802340743062904e-06,13.0,0.7345516387177893,1.0,7.47588386080825,7.7461665813602245,-5.9324853612916574e-05,7.746225906213836,0.0,nan,nan,nan
12.204166666666666,commit,18.797678568177048,0.0001222425755481976,0.024989332802708274,5.918766428162833e-06,3.498128998087602e-06,13.0,0.7345516387177893,1.0,7.47588386080825,7.7461665813602245,-6.509010971446785e-05,7.746231671469938,0.0,nan,nan,nan
12.208333333333334,commit,18.797678593039265,0.0001222771017426521,0.02498934621212294,5.966932430534995e-06,3.218259519488509e-06,13.0,0.7345516387177893,1.0,7.47588386080825,7.7461665813602245,-7.039437787286621e-05,7.746236975738097,0.0,nan,nan,nan
12.2125,commit,18.797678618086127,0.00012231214839006558,0.02498935854871185,6.011247190503728e-06,2.9607813381085646e-06,13.0,0.7345516387177893,1.0,7.47588386080825,7.7461665813602245,-7.527452019760325e-05,7.746241855880421,0.0,nan,nan,nan
12.216666666666667,commit,18.797678643302874,0.0001223476738574999,0.02498936989830595,6.052018741250685e-06,2.7239025843714404e-06,13.0,0.7345516387177893,1.0,7.47588386080825,7.7461665813602245,-7.976445032524888e-05,7.74624634581055,0.0,nan,nan,nan
12.220833333333333,commit,18.797678668675918,0.00012238363984276067,0.024989380339870616,6.089530310235329e-06,2.505975519519199e-06,13.0,0.7345516387177893,1.0,7.47588386080825,7.7461665813602245,-8.389537084454917e-05,7.746250476731069,0.0,nan,nan,nan
12.225,commit,18.79767869419276,0.00012242001110735617,0.0249893899460533,6.12404257868459e-06,2.3054838441741166e-06,13.0,0.7345516387177893,1.0,7.47588386080825,7.7461665813602245,-8.769598911758926e-05,7.746254277349342,0.0,nan,nan,nan
12.229166666666666,commit,18.797678719841908,0.00012245675523080843,0.024989398783687562,6.155795458434144e-06,2.121032222857089e-06,13.0,0.7345516387177893,1.0,7.47588386080825,7.7461665813602245,-9.11927161045458e-05,7.746257774076328,0.0,nan,nan,nan
12.233333333333333,commit,18.79767874561278,0.00012249384238700327,0.024989406914262418,6.185009445214251e-06,1.951337965371003e-06,13.0,0.7345516387177893,1.0,7.47588386080825,7.7461665813602245,-9.440985223961504e-05,7.746260991212464,0.0,nan,nan,nan
12.2375,commit,18.797678771495647,0.0001225312451350539,0.024989414394346158,6.211887614566678e-06,1.7952200976611987e-06,13.0,0.7345516387177893,1.0,7.47588386080825,7.7461665813602245,-9.736975416508313e-05,7.746263951114389,0.0,nan,nan,nan
12.241666666666667,commit,18.79767879748155,0.00012256893822909753,0.024989421275981364,6.236616732997932e-06,1.6515924495877354e-06,13.0,0.7345516387177893,1.0,7.47588386080825,7.7461665813602245,-0.00010009299086486408,7.746266674351088,0.0,nan,nan,nan
12.245833333333334,commit,18.79767882356225,0.00012260689844249907,0.02498942760704637,6.259368664757599e-06,1.5194556011385862e-06,13.0,0.7345516387177893,1.0,7.47588386080825,7.7461665813602245,-0.00010259848630772744,7.746269179846532,0.0,nan,nan,nan
12.25,commit,18.797678849730172,0.00012264510440734792,0.024989433431591213,6.2803013891711605e-06,1.3978907619574543e-06,13.0,0.7345516387177893,1.0,7.47588386080825,7.7461665813602245,-0.00010490365236271663,7.746271485012586,0.0,nan,nan,nan
12.254166666666666,commit,18.79767887597834,0.00012268353646375702,0.024989438790138655,6.299560532606527e-06,1.2860513864121348e-06,13.0,0.7345516387177893,1.0,7.47588386080825,7.7461665813602245,-0.00010702450702637866,7.74627360586725,0.0,nan,nan,nan
12.258333333333333,commit,18.79767890230034,0.00012272217652529243,0.024989443719971426,6.317279800379772e-06,1.1831598651021458e-06,13.0,0.7345516387177893,1.0,7.47588386080825,7.7461665813602245,-0.00010897578855742295,7.746275557148781,0.0,nan,nan,nan
12.2625,commit,18.797678928690267,0.00012276100795204062,0.02498944825538915,6.333582334788381e-06,1.0885002537791566e-06,13.0,0.7345516387177893,1.0,7.47588386080825,7.7461665813602245,-0.00011077105656308928,7.746277352416788,0.0,nan,nan,nan
12.266666666666666,commit,18.79767895514269,0.00012280001543486604,0.02498945242794656,6.3485814638252675e-06,1.001413777408644e-06,13.0,0.7345516387177893,1.0,7.47588386080825,7.7461665813602245,-0.00011242278594981558,7.746279004146174,0.0,nan,nan,nan
12.270833333333334,commit,18.797678981652613,0.00012283918488950133,0.024989456266674544,6.362381367019399e-06,9.212947159539797e-07,13.0,0.7345516387177893,1.0,7.47588386080825,7.7461665813602245,-0.0001139424544932562,7.746280523814717,0.0,nan,nan,nan
12.275,commit,18.797679008215436,0.00012287850335810404,0.024989459798280995,6.375077951491644e-06,8.475855480388761e-07,13.0,0.7345516387177893,1.0,7.47588386080825,7.7461665813602245,-0.00011534062201288205,7.746281921982237,0.0,nan,nan,nan
12.279166666666667,commit,18.797679034826935,0.00012291795891953436,0.024989463047337554,6.386759421389056e-06,7.797735743775291e-07,13.0,0.7345516387177893,1.0,7.47588386080825,7.7461665813602245,-0.00011662700410808107,7.746283208364333,0.0,nan,nan,nan
12.283333333333333,commit,18.797679061483212,0.00012295754060617095,0.024989466036449862,6.397506936893639e-06,7.173869538412703e-07,13.0,0.7345516387177893,1.0,7.47588386080825,7.7461665813602245,-0.00011781053957591288,7.7462843918998,0.0,nan,nan,nan
12.2875,commit,18.797679088180693,0.0001229972383273417,0.02498946878641408,6.4073952423105445e-06,6.599914124869044e-07,13.0,0.7345516387177893,1.0,7.47588386080825,7.7461665813602245,-0.0001188994518223417,7.7462854808120465,0.0,nan,nan,nan
12.291666666666666,commit,18.797679114916082,0.00012303704280003163,0.02498947131636385,6.416492954250851e-06,6.071879451660656e-07,13.0,0.7345516387177893,1.0,7.47588386080825,7.7461665813602245,-0.00011990130751957202,7.7462864826677436,0.0,nan,nan,nan
12.295833333333333,commit,18.797679141686345,0.00012307694548341602,0.024989473643901194,6.424863347882241e-06,5.586089620659984e-07,13.0,0.7345516387177893,1.0,7.47588386080825,7.7461665813602245,-0.00012082306772039821,7.746287404427945,0.0,nan,nan,nan
12.3,commit,18.7976791684887,0.00012311693851983936,0.024989475785219678,6.432564582651587e-06,5.139164358236581e-07,13.0,0.7345516387177893,1.0,7.47588386080825,7.7461665813602245,-0.00012167113683218323,7.746288252497057,0.0,nan,nan,nan
12.304166666666667,commit,18.797679195320573,0.0001231570146806835,0.0249894777552188,6.4396500862963336e-06,4.727997891598723e-07,13.0,0.7345516387177893,1.0,7.47588386080825,7.7461665813602245,-0.00012245140790476686,7.746289032768129,0.0,nan,nan,nan
12.308333333333334,commit,18.79767922217961,0.0001231971673147738,0.024989479567603928,6.4461692118374806e-06,4.349724306018654e-07,13.0,0.7345516387177893,1.0,7.47588386080825,7.7461665813602245,-0.000123169301621254,7.746289750661846,0.0,nan,nan,nan
12.3125,commit,18.79767924906364,0.00012323739030383886,0.02498948123498613,6.452167120051809e-06,4.001717279072947e-07,13.0,0.7345516387177893,1.0,7.47588386080825,7.7461665813602245,-0.00012382980644136778,7.746290411166665,0.0,nan,nan,nan
12.316666666666666,commit,18.797679275970665,0.00012327767801817213,0.024989482768965527,6.457685595838286e-06,3.6815505578130514e-07,13.0,0.7345516387177893,1.0,7.47588386080825,7.7461665813602245,-0.0001244375108911996,7.746291018871115,0.0,nan,nan,nan
12.320833333333333,commit,18.797679302898846,0.00012331802527874524,0.02498948418021491,6.462762940534341e-06,3.38699851547275e-07,13.0,0.7345516387177893,1.0,7.47588386080825,7.7461665813602245,-0.0001249966369253104,7.74629157799715,0.0,nan,nan,nan
12.325,commit,18.79767932984649,0.00012335842732095855,0.024989485478553775,6.467434387179846e-06,3.1160132776819616e-07,13.0,0.7345516387177893,1.0,7.47588386080825,7.7461665813602245,-0.0001255110692826166,7.746292092429507,0.0,nan,nan,nan
12.329166666666666,commit,18.79767935681204,0.0001233988797612663,0.024989486673015694,6.471732419666129e-06,2.8667086020284227e-07,13.0,0.7345516387177893,1.0,7.47588386080825,7.7461665813602245,-0.00012598438179974573,7.746292565742023,0.0,nan,nan,nan
12.333333333333334,commit,18.79767938379407,0.000123439378566471,0.024989487771910936,6.475686921827815e-06,2.637348577166909e-07,13.0,0.7345516387177893,1.0,7.47588386080825,7.7461665813602245,-0.0001264198622979733,7.746293001222522,0.0,nan,nan,nan
12.3375,commit,18.797679410791257,0.00012347992002600478,0.024989488782884768,6.479325371890336e-06,2.4263372017108153e-07,13.0,0.7345516387177893,1.0,7.47588386080825,7.7461665813602245,-0.00012682053561039657,7.7462934018958345,0.0,nan,nan,nan
12.341666666666667,commit,18.797679437802394,0.00012352050072689025,0.02498948971297276,6.482672924706873e-06,2.2322111797173916e-07,13.0,0.7345516387177893,1.0,7.47588386080825,7.7461665813602245,-0.0001271891858197371,7.746293770546044,0.0,nan,nan,nan
12.345833333333333,commit,18.797679464826366,0.00012356111752799784,0.024989490568644867,6.485753006238943e-06,2.0536130579396072e-07,13.0,0.7345516387177893,1.0,7.47588386080825,7.7461665813602245,-0.00012752837279115107,7.746294109733016,0.0,nan,nan,nan
12.35,commit,18.797679491862144,0.00012360176754036103,0.02498949135585556,6.488586876931715e-06,1.889305660945917e-07,13.0,0.7345516387177893,1.0,7.47588386080825,7.7461665813602245,-0.00012784045292380702,7.746294421813147,0.0,nan,nan,nan
12.354166666666666,commit,18.797679518908787,0.00012364244810574344,0.024989492080082103,6.491194268544459e-06,1.7381437025787427e-07,13.0,0.7345516387177893,1.0,7.47588386080825,7.7461665813602245,-0.00012812759375863814,7.746294708953983,0.0,nan,nan,nan
12.358333333333333,commit,18.797679545965426,0.00012368315677832714,0.024989492746362925,6.493593330418987e-06,1.5990739719168312e-07,13.0,0.7345516387177893,1.0,7.47588386080825,7.7461665813602245,-0.0001283917891355067,7.74629497314936,0.0,nan,nan,nan
12.3625,commit,18.797679573031264,0.00012372389130846888,0.024989493359334786,6.495800638033339e-06,1.471132466054903e-07,13.0,0.7345516387177893,1.0,7.47588386080825,7.7461665813602245,-0.00012863487425836986,7.746295216234484,0.0,nan,nan,nan
12.366666666666667,commit,18.797679600105564,0.00012376464962567807,0.024989493923261434,6.497831636649001e-06,1.3534239592244424e-07,13.0,0.7345516387177893,1.0,7.47588386080825,7.7461665813602245,-0.00012885853650032315,7.746295439896724,0.0,nan,nan,nan
12.370833333333334,commit,18.797679627187648,0.00012380542982623152,0.02498949444206824,6.499700264432684e-06,1.2451363385485026e-07,13.0,0.7345516387177893,1.0,7.47588386080825,7.7461665813602245,-0.00012906432984769424,7.746295645690072,0.0,nan,nan,nan
12.375,commit,18.797679654276898,0.00012384623015751226,0.024989494919363905,6.501419667855262e-06,1.1455095986351305e-07,13.0,0.7345516387177893,1.0,7.47588386080825,7.7461665813602245,-0.00012925368245085211,7.746295835042676,0.0,nan,nan,nan
12.379166666666666,commit,18.79767968137274,0.00012388704900780624,0.024989495358469917,6.503001688775491e-06,1.0538544322619137e-07,13.0,0.7345516387177893,1.0,7.47588386080825,7.7461665813602245,-0.00012942790913844532,7.746296009269363,0.0,nan,nan,nan
12.383333333333333,commit,18.797679708474643,0.00012392788489428775,0.024989495762442072,6.504457301727855e-06,9.695331684017594e-08,13.0,0.7345516387177893,1.0,7.47588386080825,7.7461665813602245,-0.00012958821969889274,7.746296169579923,0.0,nan,nan,nan
12.3875,commit,18.79767973558213,0.0001239687364521909,0.024989496134090235,6.505796702950632e-06,8.919555887637598e-08,13.0,0.7345516387177893,1.0,7.47588386080825,7.7461665813602245,-0.00012973572633370248,7.746296317086557,0.0,nan,nan,nan
12.391666666666666,commit,18.79767976269475,0.00012400960242680217,0.02498949647600177,6.5070290560950024e-06,8.205876811384627e-08,13.0,0.7345516387177893,1.0,7.47588386080825,7.7461665813602245,-0.0001298714535508173,7.746296452813775,0.0,nan,nan,nan
12.395833333333334,commit,18.797679789812094,0.00012405048166263944,0.024989496790554174,6.508163080575073e-06,7.549257698136191e-08,13.0,0.7345516387177893,1.0,7.47588386080825,7.7461665813602245,-0.000129996342395241,7.74629657770262,0.0,nan,nan,nan
12.4,commit,18.797679816933787,0.0001240913730978807,0.024989497079937764,6.509206460156141e-06,6.945206169894913e-08,13.0,0.7345516387177893,1.0,7.47588386080825,7.7461665813602245,-0.00013011126038849178,7.7462966926206125,0.0,nan,nan,nan
12.404166666666667,commit,18.79767984405948,0.0001241322757547629,0.024989497346165502,6.510166581273984e-06,6.389465723871668e-08,13.0,0.7345516387177893,1.0,7.47588386080825,7.7461665813602245,-0.0001302170043449667,7.746296798364569,0.0,nan,nan,nan
12.408333333333333,commit,18.797679871188855,0.00012417318873416018,0.024989497591090315,6.511050027312532e-06,5.878195491471061e-08,13.0,0.7345516387177893,1.0,7.47588386080825,7.7461665813602245,-0.0001303143080817071,7.746296895668306,0.0,nan,nan,nan
12.4125,commit,18.79767989832162,0.00012421411120852084,0.02498949781641602,6.511862977387751e-06,5.407816966451762e-08,13.0,0.7345516387177893,1.0,7.47588386080825,7.7461665813602245,-0.0001304038462725774,7.746296985206497,0.0,nan,nan,nan
12.416666666666666,commit,18.797679925457498,0.0001242550424168244,0.024989498023711084,6.51261103058789e-06,4.9750815168947415e-08,13.0,0.7345516387177893,1.0,7.47588386080825,7.7461665813602245,-0.00013048624000956636,7.746297067600234,0.0,nan,nan,nan
12.420833333333333,commit,18.797679952596244,0.00012429598165883106,0.024989498214418062,6.513299384023834e-06,4.576967489733352e-08,13.0,0.7345516387177893,1.0,7.47588386080825,7.7461665813602245,-0.00013056206064193055,7.7462971434208665,0.0,nan,nan,nan
12.425,commit,18.79767997973763,0.0001243369282903084,0.02498949838986418,6.513932816038308e-06,4.210706877616488e-08,13.0,0.7345516387177893,1.0,7.47588386080825,7.7461665813602245,-0.00013063183378852103,7.746297213194013,0.0,nan,nan,nan
12.429166666666667,commit,18.797680006881446,0.0001243778817181937,0.024989498551269564,6.514515762638009e-06,3.8737291783996763e-08,13.0,0.7345516387177893,1.0,7.47588386080825,7.7461665813602245,-0.00013069604261175792,7.746297277402836,0.0,nan,nan,nan
12.433333333333334,commit,18.797680034027497,0.00012441884139743193,0.02498949869975816,6.515052187268105e-06,3.563726290456426e-08,13.0,0.7345516387177893,1.0,7.47588386080825,7.7461665813602245,-0.00013075513234733129,7.746297336492571,0.0,nan,nan,nan
12.4375,commit,18.797680061175605,0.00012445980682633818,0.024989498836363425,6.515545835137424e-06,3.2785263517909335e-08,13.0,0.7345516387177893,1.0,7.47588386080825,7.7461665813602245,-0.00013080951238134928,7.746297390872606,0.0,nan,nan,nan
12.441666666666666,commit,18.797680088325606,0.00012450077754337855,0.024989498962036165,6.5160001349108025e-06,3.016145787293478e-08,13.0,0.7345516387177893,1.0,7.47588386080825,7.7461665813602245,-0.00013085955928812925,7.746297440919513,0.0,nan,nan,nan
12.445833333333333,commit,18.79768011547735,0.00012454175312379747,0.024989499077650752,6.51641823742102e-06,2.7747500942754133e-08,13.0,0.7345516387177893,1.0,7.47588386080825,7.7461665813602245,-0.00013090561948621898,7.746297486979711,0.0,nan,nan,nan
12.45,commit,18.797680142630693,0.00012458273317692502,0.02498949918401196,6.516803029848759e-06,2.5526689956256732e-08,13.0,0.7345516387177893,1.0,7.47588386080825,7.7461665813602245,-0.00013094801176412248,7.746297529371988,0.0,nan,nan,nan
12.454166666666666,commit,18.797680169785515,0.000124623717343492,0.02498949928186038,6.5171571595003205e-06,2.3483620922859494e-08,13.0,0.7345516387177893,1.0,7.47588386080825,7.7461665813602245,-0.00013098702957410838,7.746297568389798,0.0,nan,nan,nan
12.458333333333334,commit,18.797680196941695,0.00012466470529256794,0.02498949937187661,6.517483122406387e-06,2.1603895630772918e-08,13.0,0.7345516387177893,1.0,7.47588386080825,7.7461665813602245,-0.00013102294247746606,7.746297604302701,0.0,nan,nan,nan
12.4625,commit,18.797680224099125,0.00012470569672009147,0.024989499454687474,6.517783126750272e-06,1.9874606849157317e-08,13.0,0.7345516387177893,1.0,7.47588386080825,7.7461665813602245,-0.0001310559989071669,7.746297637359132,0.0,nan,nan,nan
12.466666666666667,commit,18.797680251257706,0.00012474669134627178,0.02498949953086983,6.518059244994075e-06,1.828376518242525e-08,13.0,0.7345516387177893,1.0,7.47588386080825,7.7461665813602245,-0.00013108642745834128,7.746297667787683,0.0,nan,nan,nan
12.470833333333333,commit,18.797680278417346,0.00012478768891326358,0.024989499600953216,6.518313457145098e-06,1.682001300046254e-08,13.0,0.7345516387177893,1.0,7.47588386080825,7.7461665813602245,-0.00013111443777519984,7.746297695798,0.0,nan,nan,nan
12.475,commit,18.79768030557796,0.00012482868918453554,0.02498949966542634,6.51854741001924e-06,1.5473550322997465e-08,13.0,0.7345516387177893,1.0,7.47588386080825,7.7461665813602245,-0.00013114022374795907,7.7462977215839715,0.0,nan,nan,nan
12.479166666666666,commit,18.79768033273947,0.0001248696919419036,0.024989499724737577,6.518762810808388e-06,1.4234697080783842e-08,13.0,0.7345516387177893,1.0,7.47588386080825,7.7461665813602245,-0.00013116396291994772,7.746297745323143,0.0,nan,nan,nan
12.483333333333333,commit,18.797680359901808,0.00012491069698474937,0.0249894997792996,6.518961128086078e-06,1.3094885474573825e-08,13.0,0.7345516387177893,1.0,7.47588386080825,7.7461665813602245,-0.0001311858187853017,7.7462977671790085,0.0,nan,nan,nan
12.4875,commit,18.797680387064908,0.000124951704129059,0.024989499829493507,6.519143640626846e-06,1.204653779507403e-08,13.0,0.7345516387177893,1.0,7.47588386080825,7.7461665813602245,-0.000131205942601029,7.746297787302825,0.0,nan,nan,nan
12.491666666666667,commit,18.797680414228708,0.00012499271320452976,0.024989499875667388,6.5193117608573454e-06,1.1081731310369491e-08,13.0,0.7345516387177893,1.0,7.47588386080825,7.7461665813602245,-0.00013122447209765295,7.746297805832322,0.0,nan,nan,nan
12.495833333333334,commit,18.79768044139315,0.00012503372405548712,0.024989499918144,6.519466495152511e-06,1.0194386806938738e-08,13.0,0.7345516387177893,1.0,7.47588386080825,7.7461665813602245,-0.00013124153538749704,7.746297822895611,0.0,nan,nan,nan
12.5,commit,18.797680468558188,0.00012507473653802784,0.024989499957218716,6.519609013225046e-06,9.377931403653506e-09,13.0,0.7345516387177893,1.0,7.47588386080825,7.7461665813602245,-0.00013125724937665083,7.746297838609601,0.0,nan,nan,nan
12.504166666666666,commit,18.79768049572377,0.00012511575052012955,0.024989499993163893,6.5197402372804464e-06,8.626842448733463e-09,13.0,0.7345516387177893,1.0,7.47588386080825,7.7461665813602245,-0.0001312717221528809,7.7462978530823765,0.0,nan,nan,nan
12.508333333333333,commit,18.79768052288986,0.00012515676587983478,0.024989500026229093,6.519861136695654e-06,7.935647874934837e-09,13.0,0.7345516387177893,1.0,7.47588386080825,7.7461665813602245,-0.00013128505252152841,7.746297866412745,0.0,nan,nan,nan
12.5125,commit,18.797680550056413,0.00012519778250577,0.024989500056645828,6.519972429243231e-06,7.30001619569931e-09,13.0,0.7345516387177893,1.0,7.47588386080825,7.7461665813602245,-0.00013129733242633855,7.746297878692651,0.0,nan,nan,nan
12.516666666666666,commit,18.797680577223392,0.00012523880029465003,0.024989500084625207,6.520074991671841e-06,6.7150509458491214e-09,13.0,0.7345516387177893,1.0,7.47588386080825,7.7461665813602245,-0.00013130864540976853,7.746297890005635,0.0,nan,nan,nan
12.520833333333334,commit,18.797680604390766,0.00012527981915202773,0.02498950011036276,6.520169439178303e-06,6.177011922792186e-09,13.0,0.7345516387177893,1.0,7.47588386080825,7.7461665813602245,-0.00013131906913616925,7.74629790042936,0.0,nan,nan,nan
12.525,commit,18.797680631558503,0.00012532083899056436,0.024989500134037314,6.520256491378357e-06,5.6818930185831285e-09,13.0,0.7345516387177893,1.0,7.47588386080825,7.7461665813602245,-0.00013132867437614737,7.7462979100346,0.0,nan,nan,nan
12.529166666666667,commit,18.797680658726573,0.00012536185973022367,0.02498950015581421,6.520336687871984e-06,5.226455296325483e-09,13.0,0.7345516387177893,1.0,7.47588386080825,7.7461665813602245,-0.00013133752674148672,7.746297918886965,0.0,nan,nan,nan
12.533333333333333,commit,18.79768068589495,0.00012540288129740955,0.024989500175845506,6.520410575575522e-06,4.807510986526431e-09,13.0,0.7345516387177893,1.0,7.47588386080825,7.7461665813602245,-0.00013134568660708832,7.746297927046831,0.0,nan,nan,nan
12.5375,commit,18.79768071306361,0.00012544390362403637,0.02498950019427038,6.520478710623254e-06,4.421969151957583e-09,13.0,0.7345516387177893,1.0,7.47588386080825,7.7461665813602245,-0.0001313532090238473,7.746297934569248,0.0,nan,nan,nan
12.541666666666666,commit,18.797680740232533,0.00012548492664781242,0.02498950021121757,6.520541499373306e-06,4.067325781731412e-09,13.0,0.7345516387177893,1.0,7.47588386080825,7.7461665813602245,-0.00013136014515829924,7.746297941505382,0.0,nan,nan,nan
12.545833333333333,commit,18.797680767401697,0.0001255259503113311,0.024989500226805326,6.520599392611726e-06,3.741061828377301e-09,13.0,0.7345516387177893,1.0,7.47588386080825,7.7461665813602245,-0.00013136654185949507,7.746297947902084,0.0,nan,nan,nan
12.55,commit,18.797680794571082,0.00012556697456189445,0.024989500241142715,6.520652762992903e-06,3.440973256330082e-09,13.0,0.7345516387177893,1.0,7.47588386080825,7.7461665813602245,-0.00013137244241153163,7.746297953802636,0.0,nan,nan,nan
12.554166666666667,commit,18.797680821740673,0.0001256079993506478,0.024989500254329257,6.520702017877138e-06,3.164770369379344e-09,13.0,0.7345516387177893,1.0,7.47588386080825,7.7461665813602245,-0.00013137788619742497,7.746297959246421,0.0,nan,nan,nan
12.558333333333334,commit,18.797680848910453,0.00012564902463302083,0.024989500266457243,6.520747441362056e-06,2.9107167717756788e-09,13.0,0.7345516387177893,1.0,7.47588386080825,7.7461665813602245,-0.0001313829098860514,7.74629796427011,0.0,nan,nan,nan
12.5625,commit,18.79768087608041,0.00012569005036775388,0.024989500277611116,6.520789371700682e-06,2.6769297473139275e-09,13.0,0.7345516387177893,1.0,7.47588386080825,7.7461665813602245,-0.00013138754690493384,7.746297968907129,0.0,nan,nan,nan
12.566666666666666,commit,18.797680903250527,0.00012573107651722479,0.024989500287869358,6.5208280346909326e-06,2.4619783364765446e-09,13.0,0.7345516387177893,1.0,7.47588386080825,7.7461665813602245,-0.00013139182852416493,7.7462979731887485,0.0,nan,nan,nan
12.570833333333333,commit,18.797680930420793,0.00012577210304652402,0.024989500297303336,6.520863746709436e-06,2.2641550995183835e-09,13.0,0.7345516387177893,1.0,7.47588386080825,7.7461665813602245,-0.0001313957829819131,7.746297977143207,0.0,nan,nan,nan
12.575,commit,18.797680957591197,0.00012581312992336589,0.02498950030597847,6.5208967571500965e-06,2.082031651251537e-09,13.0,0.7345516387177893,1.0,7.47588386080825,7.7461665813602245,-0.00013139943613173658,7.7462979807963555,0.0,nan,nan,nan
12.579166666666666,commit,18.797680984761726,0.00012585415711863367,0.024989500313956307,6.520927202580492e-06,1.914680802794777e-09,13.0,0.7345516387177893,1.0,7.47588386080825,7.7461665813602245,-0.00013140281252393905,7.746297984172748,0.0,nan,nan,nan
12.583333333333334,commit,18.797681011932372,0.00012589518460510036,0.024989500321292366,6.520955350735402e-06,1.7606544555626158e-09,13.0,0.7345516387177893,1.0,7.47588386080825,7.7461665813602245,-0.00013140593413959502,7.746297987294364,0.0,nan,nan,nan
12.5875,commit,18.79768103910313,0.00012593621235793687,0.024989500328038292,6.520981352341708e-06,1.6190221455159026e-09,13.0,0.7345516387177893,1.0,7.47588386080825,7.7461665813602245,-0.00013140882152220496,7.746297990181746,0.0,nan,nan,nan
12.591666666666667,commit,18.797681066273984,0.00012597724035396198,0.02498950033424074,6.521005428121446e-06,1.4885876906123308e-09,13.0,0.7345516387177893,1.0,7.47588386080825,7.7461665813602245,-0.0001314114930995534,7.746297992853324,0.0,nan,nan,nan
12.595833333333333,commit,18.797681093444933,0.00012601826857205737,0.024989500339943203,6.521027702219519e-06,1.368590664407865e-09,13.0,0.7345516387177893,1.0,7.47588386080825,7.7461665813602245,-0.00013141396611526213,7.746297995326339,0.0,nan,nan,nan
12.6,commit,18.797681120615966,0.0001260592969929461,0.024989500345185878,6.521048302601837e-06,1.2582422118101455e-09,13.0,0.7345516387177893,1.0,7.47588386080825,7.7461665813602245,-0.00013141625658701176,7.746297997616811,0.0,nan,nan,nan
12.604166666666666,commit,18.79768114778708,0.00012610032559872675,0.024989500350005647,6.5210673775273185e-06,1.1567444710425256e-09,13.0,0.7345516387177893,1.0,7.47588386080825,7.7461665813602245,-0.0001314183791117471,7.746297999739337,0.0,nan,nan,nan
12.608333333333333,commit,18.797681174958267,0.00012614135437296722,0.024989500354436266,6.5210850436600235e-06,1.0633486174915774e-09,13.0,0.7345516387177893,1.0,7.47588386080825,7.7461665813602245,-0.00013142034717131387,7.7462980017073955,0.0,nan,nan,nan
12.6125,commit,18.797681202129525,0.00012618238330030235,0.024989500358508332,6.52110145399034e-06,9.772955084086377e-10,13.0,0.7345516387177893,1.0,7.47588386080825,7.7461665813602245,-0.00013142217278226743,7.746298003533007,0.0,nan,nan,nan
12.616666666666667,commit,18.797681229300842,0.00012622341236729218,0.02498950036225168,6.521116612896037e-06,8.984037333514827e-10,13.0,0.7345516387177893,1.0,7.47588386080825,7.7461665813602245,-0.00013142386792436801,7.746298005228149,0.0,nan,nan,nan
12.620833333333334,commit,18.79768125647222,0.00012626444156079177,0.024989500365691742,6.521130727391547e-06,8.256148958940557e-10,13.0,0.7345516387177893,1.0,7.47588386080825,7.7461665813602245,-0.00013142544258679098,7.746298006802811,0.0,nan,nan,nan
12.625,commit,18.79768128364365,0.00012630547086912015,0.024989500368853085,6.521143817030939e-06,7.587221059757177e-10,13.0,0.7345516387177893,1.0,7.47588386080825,7.7461665813602245,-0.0001314269065802789,7.7462980082668045,0.0,nan,nan,nan
12.629166666666666,commit,18.797681310815136,0.00012634650028132925,0.024989500371757754,6.521156002328452e-06,6.971207777706212e-10,13.0,0.7345516387177893,1.0,7.47588386080825,7.7461665813602245,-0.0001314282685576531,7.746298009628782,0.0,nan,nan,nan
12.633333333333333,commit,18.797681337986667,0.00012638752978744871,0.024989500374426217,6.521167331920145e-06,6.40431249698814e-10,13.0,0.7345516387177893,1.0,7.47588386080825,7.7461665813602245,-0.00013142953670856783,7.746298010896933,0.0,nan,nan,nan
12.6375,commit,18.79768136515824,0.00012642855937854835,0.024989500376877978,6.5211778495801514e-06,5.884227341490522e-10,13.0,0.7345516387177893,1.0,7.47588386080825,7.7461665813602245,-0.000131430718803846,7.746298012079029,0.0,nan,nan,nan
12.641666666666666,commit,18.797681392329856,0.00012646958904607828,0.02498950037913004,6.52118765936302e-06,5.404949543486026e-10,13.0,0.7345516387177893,1.0,7.47588386080825,7.7461665813602245,-0.00013143182161497985,7.74629801318184,0.0,nan,nan,nan
12.645833333333334,commit,18.79768141950151,0.00012651061878213502,0.024989500381198203,6.52119682529528e-06,4.963584265826881e-10,13.0,0.7345516387177893,1.0,7.47588386080825,7.7461665813602245,-0.00013143285130362816,7.746298014211528,0.0,nan,nan,nan
12.65,commit,18.797681446673202,0.0001265516485796998,0.024989500383097364,6.521205359557615e-06,4.5579855167954264e-10,13.0,0.7345516387177893,1.0,7.47588386080825,7.7461665813602245,-0.00013143381391606305,7.7462980151741405,0.0,nan,nan,nan
12.654166666666667,commit,18.797681473844925,0.00012659267843222,0.024989500384841098,6.5212133409579486e-06,4.1849567561369483e-10,13.0,0.7345516387177893,1.0,7.47588386080825,7.7461665813602245,-0.00013143471474192725,7.746298016074966,0.0,nan,nan,nan
12.658333333333333,commit,18.79768150101668,0.00012663370833350247,0.024989500386441578,6.521220816469421e-06,3.841148926708726e-10,13.0,0.7345516387177893,1.0,7.47588386080825,7.7461665813602245,-0.0001314355586215207,7.746298016918845,0.0,nan,nan,nan
12.6625,commit,18.797681528188463,0.0001266747382782359,0.02498950038791077,6.521227783405713e-06,3.526061248537715e-10,13.0,0.7345516387177893,1.0,7.47588386080825,7.7461665813602245,-0.0001314363504236627,7.7462980177106475,0.0,nan,nan,nan
12.666666666666666,commit,18.797681555360274,0.0001267157682610699,0.024989500389258665,6.521234349987255e-06,3.2349468936931913e-10,13.0,0.7345516387177893,1.0,7.47588386080825,7.7461665813602245,-0.000131437093976423,7.7462980184542,0.0,nan,nan,nan
12.670833333333333,commit,18.79768158253211,0.00012675679827729797,0.024989500390494926,6.521240512783638e-06,2.967027248890197e-10,13.0,0.7345516387177893,1.0,7.47588386080825,7.7461665813602245,-0.00013143779314565835,7.746298019153369,0.0,nan,nan,nan
12.675,commit,18.79768160970397,0.00012679782832283022,0.024989500391629036,6.521246273074525e-06,2.7218653025906647e-10,13.0,0.7345516387177893,1.0,7.47588386080825,7.7461665813602245,-0.00013143845178400265,7.746298019812008,0.0,nan,nan,nan
12.679166666666667,commit,18.797681636875854,0.00012683885839331766,0.024989500392668375,6.5212517438699e-06,2.494415923814941e-10,13.0,0.7345516387177893,1.0,7.47588386080825,7.7461665813602245,-0.0001314390726581118,7.746298020432882,0.0,nan,nan,nan
12.683333333333334,commit,18.797681664047758,0.0001268798884854485,0.02498950039362134,6.521256850368127e-06,2.287118758270701e-10,13.0,0.7345516387177893,1.0,7.47588386080825,7.7461665813602245,-0.00013143965925846665,7.746298021019483,0.0,nan,nan,nan
12.6875,commit,18.797681691219683,0.00012692091859573568,0.024989500394494563,6.521261684698264e-06,2.0957319907255467e-10,13.0,0.7345516387177893,1.0,7.47588386080825,7.7461665813602245,-0.00013144021418593993,7.746298021574411,0.0,nan,nan,nan
12.691666666666666,commit,18.797681718391626,0.00012696194872093754,0.024989500395294167,6.521266268756624e-06,1.9190508904198822e-10,13.0,0.7345516387177893,1.0,7.47588386080825,7.7461665813602245,-0.00013144073983568827,7.746298022100059,0.0,nan,nan,nan
12.695833333333333,commit,18.797681745563587,0.00012700297885834478,0.02498950039602632,6.521270598385537e-06,1.7571666344196046e-10,13.0,0.7345516387177893,1.0,7.47588386080825,7.7461665813602245,-0.0001314412386440648,7.746298022598869,0.0,nan,nan,nan
12.7,commit,18.797681772735565,0.0001270440090052046,0.024989500396696087,6.521274714481378e-06,1.6074413328182047e-10,13.0,0.7345516387177893,1.0,7.47588386080825,7.7461665813602245,-0.00013144171265259453,7.746298023072876,0.0,nan,nan,nan
12.704166666666666,commit,18.797681799907558,0.00012708503915933735,0.02498950039730904,6.521278593016305e-06,1.4710896389935613e-10,13.0,0.7345516387177893,1.0,7.47588386080825,7.7461665813602245,-0.00013144216413644576,7.746298023524361,0.0,nan,nan,nan
12.708333333333334,commit,18.79768182707957,0.0001271260693181483,0.024989500397868937,6.52128233089288e-06,1.3437532336846303e-10,13.0,0.7345516387177893,1.0,7.47588386080825,7.7461665813602245,-0.00013144259443792494,7.746298023954662,0.0,nan,nan,nan
12.7125,commit,18.797681854251593,0.00012716709948007869,0.0249895003983811,6.521285827435761e-06,1.2291877238279625e-10,13.0,0.7345516387177893,1.0,7.47588386080825,7.7461665813602245,-0.00013144300587138142,7.746298024366094,0.0,nan,nan,nan
12.716666666666667,commit,18.79768188142363,0.0001272081296427771,0.024989500398848234,6.521289230406634e-06,1.1211209738348771e-10,13.0,0.7345516387177893,1.0,7.47588386080825,7.7461665813602245,-0.00013144339932602526,7.74629802475955,0.0,nan,nan,nan
12.720833333333333,commit,18.797681908595685,0.0001272491598048646,0.024989500399274757,6.521292433925541e-06,1.023655188392425e-10,13.0,0.7345516387177893,1.0,7.47588386080825,7.7461665813602245,-0.00013144377671575318,7.74629802513694,0.0,nan,nan,nan
12.725,commit,18.79768193576775,0.00012729018996439015,0.024989500399663148,6.521295555124372e-06,9.321372840265241e-11,13.0,0.7345516387177893,1.0,7.47588386080825,7.7461665813602245,-0.00013144413882368048,7.746298025499049,0.0,nan,nan,nan
12.729166666666666,commit,18.797681962939826,0.0001273312201202397,0.024989500400017253,6.52129849818271e-06,8.498506065546252e-11,13.0,0.7345516387177893,1.0,7.47588386080825,7.7461665813602245,-0.0001314444873587818,7.746298025847583,0.0,nan,nan,nan
12.733333333333333,commit,18.797681990111915,0.00012737225027083693,0.024989500400339242,6.521301359798697e-06,7.72773997570475e-11,13.0,0.7345516387177893,1.0,7.47588386080825,7.7461665813602245,-0.0001314448230962836,7.746298026183321,0.0,nan,nan,nan
12.7375,commit,18.797682017284014,0.0001274132804150722,0.024989500400631942,6.521304099933397e-06,7.024783532649792e-11,13.0,0.7345516387177893,1.0,7.47588386080825,7.7461665813602245,-0.0001314451472009979,7.746298026507426,0.0,nan,nan,nan
12.741666666666667,commit,18.797682044456124,0.00012745431055176653,0.024989500400897764,6.521306739049396e-06,6.379755057572822e-11,13.0,0.7345516387177893,1.0,7.47588386080825,7.7461665813602245,-0.0001314454606381899,7.746298026820863,0.0,nan,nan,nan
12.745833333333334,commit,18.797682071628245,0.00012749534067978908,0.02498950040113851,6.521309308337661e-06,5.777863604228273e-11,13.0,0.7345516387177893,1.0,7.47588386080825,7.7461665813602245,-0.00013144576407570069,7.7462980271243005,0.0,nan,nan,nan
12.75,commit,18.797682098800376,0.00012753637079827314,0.0249895004013565,6.521311777350651e-06,5.2318233079162724e-11,13.0,0.7345516387177893,1.0,7.47588386080825,7.7461665813602245,-0.00013144605847417186,7.746298027418699,0.0,nan,nan,nan
12.754166666666666,commit,18.797682125972518,0.000127577400906329,0.024989500401553587,6.521314171893897e-06,4.730084379733768e-11,13.0,0.7345516387177893,1.0,7.47588386080825,7.7461665813602245,-0.00013144634454512514,7.7462980277047695,0.0,nan,nan,nan
12.758333333333333,commit,18.79768215314467,0.0001276184310031348,0.024989500401731403,6.52131649201068e-06,4.267576569905174e-11,13.0,0.7345516387177893,1.0,7.47588386080825,7.7461665813602245,-0.0001314466230005285,7.746298027983225,0.0,nan,nan,nan
12.7625,commit,18.797682180316833,0.00012765946108795736,0.02498950040189151,6.521318753680924e-06,3.8425894410831773e-11,13.0,0.7345516387177893,1.0,7.47588386080825,7.7461665813602245,-0.0001314468943996038,7.746298028254624,0.0,nan,nan,nan
12.766666666666666,commit,18.797682207489004,0.0001277004911599767,0.02498950040203507,6.5213209720427785e-06,3.4453981334614525e-11,13.0,0.7345516387177893,1.0,7.47588386080825,7.7461665813602245,-0.0001314471591559788,7.746298028519381,0.0,nan,nan,nan
12.770833333333334,commit,18.797682234661185,0.0001277415212185488,0.024989500402163356,6.5213231320550895e-06,3.078872573558655e-11,13.0,0.7345516387177893,1.0,7.47588386080825,7.7461665813602245,-0.00013144741782878137,7.746298028778054,0.0,nan,nan,nan
12.775,commit,18.797682261833373,0.0001277825512633374,0.024989500402278177,6.521325213791751e-06,2.7557525705823593e-11,13.0,0.7345516387177893,1.0,7.47588386080825,7.7461665813602245,-0.00013144767116799805,7.746298029031393,0.0,nan,nan,nan
12.779166666666667,commit,18.79768228900557,0.0001278235812934342,0.024989500402379735,6.521327293223052e-06,2.4374210982891498e-11,13.0,0.7345516387177893,1.0,7.47588386080825,7.7461665813602245,-0.00013144791919181528,7.746298029279416,0.0,nan,nan,nan
12.783333333333333,commit,18.797682316177777,0.00012786461130870393,0.02498950040246996,6.521329284661403e-06,2.165467111181485e-11,13.0,0.7345516387177893,1.0,7.47588386080825,7.7461665813602245,-0.00013144816274666575,7.746298029522971,0.0,nan,nan,nan
12.7875,commit,18.79768234334999,0.0001279056413084586,0.024989500402549183,6.5213312690560486e-06,1.9012721952371692e-11,13.0,0.7345516387177893,1.0,7.47588386080825,7.7461665813602245,-0.00013144840189576877,7.74629802976212,0.0,nan,nan,nan
12.791666666666666,commit,18.79768237052221,0.0001279466712925188,0.02498950040261885,6.521333185979841e-06,1.671966037841699e-11,13.0,0.7345516387177893,1.0,7.47588386080825,7.7461665813602245,-0.0001314486372875746,7.7462980299975115,0.0,nan,nan,nan
12.795833333333333,commit,18.79768239769444,0.00012798770126024172,0.02498950040267921,6.521335101255414e-06,1.448703657036532e-11,13.0,0.7345516387177893,1.0,7.47588386080825,7.7461665813602245,-0.0001314488689345447,7.74629803022916,0.0,nan,nan,nan
12.8,commit,18.79768242486668,0.00012802873121140512,0.024989500402731245,6.521336969612823e-06,1.2488558798207094e-11,13.0,0.7345516387177893,1.0,7.47588386080825,7.7461665813602245,-0.00013144909728808209,7.746298030457512,0.0,nan,nan,nan
12.804166666666667,commit,18.797682452038924,0.00012806976114556525,0.02498950040277533,6.521338826509539e-06,1.0580009091043507e-11,13.0,0.7345516387177893,1.0,7.47588386080825,7.7461665813602245,-0.0001314493224560923,7.74629803068268,0.0,nan,nan,nan
12.808333333333334,commit,18.797682479211176,0.00012811079106265255,0.024989500402812698,6.521340626522703e-06,8.968825682131865e-12,13.0,0.7345516387177893,1.0,7.47588386080825,7.7461665813602245,-0.00013144954498470903,7.7462980309052085,0.0,nan,nan,nan
12.8125,commit,18.797682506383435,0.0001281518209620489,0.02498950040284299,6.521342450654198e-06,7.269906898699219e-12,13.0,0.7345516387177893,1.0,7.47588386080825,7.7461665813602245,-0.00013144976463949206,7.746298031124864,0.0,nan,nan,nan
12.816666666666666,commit,18.7976825335557,0.00012819285084370784,0.02498950040286737,6.521344218129048e-06,5.851090445485596e-12,13.0,0.7345516387177893,1.0,7.47588386080825,7.7461665813602245,-0.00013144998196618887,7.74629803134219,0.0,nan,nan,nan
12.820833333333333,commit,18.797682560727974,0.0001282338807075383,0.0249895004028866,6.521345954122878e-06,4.61564814147053e-12,13.0,0.7345516387177893,1.0,7.47588386080825,7.7461665813602245,-0.00013145019726465624,7.746298031557489,0.0,nan,nan,nan
12.825,commit,18.797682587900255,0.00012827491055307494,0.02498950040290051,6.52134769932723e-06,3.3379132791111488e-12,13.0,0.7345516387177893,1.0,7.47588386080825,7.7461665813602245,-0.00013145041044433512,7.746298031770668,0.0,nan,nan,nan
12.829166666666666,commit,18.797682615072542,0.00012831594038022992,0.02498950040290986,6.521349413363977e-06,2.2440313496296938e-12,13.0,0.7345516387177893,1.0,7.47588386080825,7.7461665813602245,-0.00013145062180580994,7.74629803198203,0.0,nan,nan,nan
12.833333333333334,commit,18.797682642244837,0.00012835697018873603,0.024989500402914668,6.521351132128255e-06,1.153944995113676e-12,13.0,0.7345516387177893,1.0,7.47588386080825,7.7461665813602245,-0.00013145083130232737,7.746298032191527,0.0,nan,nan,nan
12.8375,commit,18.79768266941714,0.00012839799997850425,0.02498950040291563,6.521352814283215e-06,2.3026025530725747e-13,13.0,0.7345516387177893,1.0,7.47588386080825,7.7461665813602245,-0.00013145103928519826,7.746298032399509,0.0,nan,nan,nan
12.841666666666667,commit,18.797682696589447,0.0001284390297493999,0.024989500402913024,6.521354485815126e-06,-6.254857742860054e-13,13.0,0.7345516387177893,1.0,7.47588386080825,7.7461665813602245,-0.00013145124585511314,7.746298032606079,0.0,nan,nan,nan
12.845833333333333,commit,18.797682723761763,0.000128480059501289,0.024989500402907136,6.521356146781299e-06,-1.4132306436209774e-12,13.0,0.7345516387177893,1.0,7.47588386080825,7.7461665813602245,-0.00013145145111295145,7.746298032811337,0.0,nan,nan,nan
12.85,commit,18.797682750934086,0.00012852108923390676,0.024989500402897914,6.52135780692881e-06,-2.2130977606060753e-12,13.0,0.7345516387177893,1.0,7.47588386080825,7.7461665813602245,-0.00013145165506567462,7.74629803301529,0.0,nan,nan,nan
12.854166666666666,commit,18.797682778106417,0.00012856211894725212,0.02498950040288598,6.5213594466554294e-06,-2.8641186644584593e-12,13.0,0.7345516387177893,1.0,7.47588386080825,7.7461665813602245,-0.00013145185791011614,7.746298033218135,0.0,nan,nan,nan
12.858333333333333,commit,18.797682805278754,0.00012860314864110352,0.02498950040287121,6.52136109088115e-06,-3.544546600675602e-12,13.0,0.7345516387177893,1.0,7.47588386080825,7.7461665813602245,-0.00013145205960155142,7.7462980334198255,0.0,nan,nan,nan
12.862499999999999,commit,18.7976828324511,0.00012864417831559162,0.024989500402854418,6.52136269406635e-06,-4.029700184648988e-12,13.0,0.7345516387177893,1.0,7.47588386080825,7.7461665813602245,-0.00013145226053444723,7.746298033620758,0.0,nan,nan,nan
12.866666666666667,commit,18.79768285962345,0.00012868520797027505,0.02498950040283488,6.521364337475627e-06,-4.688374688477381e-12,13.0,0.7345516387177893,1.0,7.47588386080825,7.7461665813602245,-0.00013145246032021478,7.746298033820545,0.0,nan,nan,nan
12.870833333333334,commit,18.79768288679581,0.0001287262376054178,0.02498950040281368,6.521365924818499e-06,-5.0882145719022276e-12,13.0,0.7345516387177893,1.0,7.47588386080825,7.7461665813602245,-0.00013145265949962326,7.746298034019724,0.0,nan,nan,nan
12.875,commit,18.797682913968174,0.0001287672672208185,0.024989500402790688,6.521367521848665e-06,-5.51779455459922e-12,13.0,0.7345516387177893,1.0,7.47588386080825,7.7461665813602245,-0.00013145285797629532,7.7462980342182,0.0,nan,nan,nan
12.879166666666666,commit,18.797682941140547,0.0001288082968162802,0.024989500402765787,6.521369128767702e-06,-5.9761987025730434e-12,13.0,0.7345516387177893,1.0,7.47588386080825,7.7461665813602245,-0.0001314530556558721,7.746298034415879,0.0,nan,nan,nan
12.883333333333333,commit,18.797682968312923,0.00012884932639186845,0.024989500402739385,6.521370715239633e-06,-6.3369240410615646e-12,13.0,0.7345516387177893,1.0,7.47588386080825,7.7461665813602245,-0.00013145325273541944,7.746298034612959,0.0,nan,nan,nan
12.8875,commit,18.797682995485307,0.00012889035594749248,0.02498950040271162,6.521372291070092e-06,-6.664099827524694e-12,13.0,0.7345516387177893,1.0,7.47588386080825,7.7461665813602245,-0.00013145344931533268,7.74629803480954,0.0,nan,nan,nan
12.891666666666666,commit,18.797683022657697,0.00012893138548288903,0.02498950040268203,6.521373902691522e-06,-7.1009656488207895e-12,13.0,0.7345516387177893,1.0,7.47588386080825,7.7461665813602245,-0.00013145364505221245,7.746298035005276,0.0,nan,nan,nan
12.895833333333334,commit,18.797683049830095,0.00012897241499858482,0.02498950040265216,6.521375422291501e-06,-7.169070892487639e-12,13.0,0.7345516387177893,1.0,7.47588386080825,7.7461665813602245,-0.0001314538408307831,7.746298035201055,0.0,nan,nan,nan
12.9,commit,18.7976830770025,0.00012901344449382972,0.024989500402620345,6.521377038182902e-06,-7.635413135087532e-12,13.0,0.7345516387177893,1.0,7.47588386080825,7.7461665813602245,-0.00013145403572141823,7.746298035395945,0.0,nan,nan,nan
12.904166666666667,commit,18.79768310417491,0.00012905447396904395,0.02498950040258786,6.521378583060653e-06,-7.796367718082564e-12,13.0,0.7345516387177893,1.0,7.47588386080825,7.7461665813602245,-0.0001314542304114084,7.746298035590635,0.0,nan,nan,nan
12.908333333333333,commit,18.79768313134733,0.0001290955034240698,0.02498950040255451,6.521380142846351e-06,-8.004145957141162e-12,13.0,0.7345516387177893,1.0,7.47588386080825,7.7461665813602245,-0.00013145442475347572,7.746298035784978,0.0,nan,nan,nan
12.9125,commit,18.797683158519753,0.00012913653285864508,0.024989500402519765,6.521381733083274e-06,-8.338357782022854e-12,13.0,0.7345516387177893,1.0,7.47588386080825,7.7461665813602245,-0.0001314546184560267,7.74629803597868,0.0,nan,nan,nan
12.916666666666666,commit,18.797683185692183,0.00012917756227307666,0.024989500402484564,6.521383267275406e-06,-8.448429456020534e-12,13.0,0.7345516387177893,1.0,7.47588386080825,7.7461665813602245,-0.00013145481205856254,7.746298036172282,0.0,nan,nan,nan
12.920833333333333,commit,18.79768321286462,0.00012921859166709884,0.024989500402448447,6.52138483691418e-06,-8.668239737108507e-12,13.0,0.7345516387177893,1.0,7.47588386080825,7.7461665813602245,-0.00013145500521778318,7.746298036365442,0.0,nan,nan,nan
12.924999999999999,commit,18.797683240037063,0.0001292596210409099,0.024989500402412015,6.521386365621405e-06,-8.743936130706231e-12,13.0,0.7345516387177893,1.0,7.47588386080825,7.7461665813602245,-0.00013145519832810898,7.746298036558552,0.0,nan,nan,nan
12.929166666666667,commit,18.797683267209514,0.00012930065039413536,0.024989500402374472,6.521387945112224e-06,-9.009945567406419e-12,13.0,0.7345516387177893,1.0,7.47588386080825,7.7461665813602245,-0.0001314553908999282,7.746298036751124,0.0,nan,nan,nan
12.933333333333334,commit,18.79768329438197,0.00012934167972699539,0.024989500402336422,6.5213894892323854e-06,-9.1322713280384e-12,13.0,0.7345516387177893,1.0,7.47588386080825,7.7461665813602245,-0.00013145558327552667,7.746298036943499,0.0,nan,nan,nan
12.9375,commit,18.79768332155443,0.00012938270903957604,0.0249895004022982,6.521391012505077e-06,-9.17386305809842e-12,13.0,0.7345516387177893,1.0,7.47588386080825,7.7461665813602245,-0.00013145577565263668,7.746298037135877,0.0,nan,nan,nan
12.941666666666666,commit,18.7976833487269,0.00012942373833150315,0.02498950040225901,6.521392586727956e-06,-9.405989875865828e-12,13.0,0.7345516387177893,1.0,7.47588386080825,7.7461665813602245,-0.00013145596754101808,7.746298037327764,0.0,nan,nan,nan
12.945833333333333,commit,18.797683375899375,0.00012946476760310747,0.024989500402219714,6.521394104878602e-06,-9.430421721301485e-12,13.0,0.7345516387177893,1.0,7.47588386080825,7.7461665813602245,-0.00013145615948151522,7.746298037519707,0.0,nan,nan,nan
12.95,commit,18.797683403071858,0.0001295057968541451,0.024989500402179787,6.5213956585526645e-06,-9.581946347481107e-12,13.0,0.7345516387177893,1.0,7.47588386080825,7.7461665813602245,-0.0001314563511300523,7.746298037711354,0.0,nan,nan,nan
12.954166666666666,commit,18.797683430244344,0.00012954682608483633,0.024989500402139833,6.521397176594307e-06,-9.589336269488768e-12,13.0,0.7345516387177893,1.0,7.47588386080825,7.7461665813602245,-0.0001314565428303805,7.746298037903054,0.0,nan,nan,nan
12.958333333333334,commit,18.797683457416838,0.00012958785529480722,0.024989500402099057,6.521398745371961e-06,-9.78667841211589e-12,13.0,0.7345516387177893,1.0,7.47588386080825,7.7461665813602245,-0.0001314567340932736,7.746298038094318,0.0,nan,nan,nan
12.9625,commit,18.79768348458934,0.00012962888448438752,0.02498950040205832,6.521400258171571e-06,-9.776977838438228e-12,13.0,0.7345516387177893,1.0,7.47588386080825,7.7461665813602245,-0.00013145692545863535,7.7462980382856825,0.0,nan,nan,nan
12.966666666666667,commit,18.797683511761846,0.0001296699136534652,0.024989500402017358,6.521401791282812e-06,-9.830830594026452e-12,13.0,0.7345516387177893,1.0,7.47588386080825,7.7461665813602245,-0.00013145711672857082,7.7462980384769535,0.0,nan,nan,nan
12.970833333333333,commit,18.79768353893436,0.0001297109428017772,0.02498950040197564,6.5214033549306775e-06,-1.0011706741419601e-11,13.0,0.7345516387177893,1.0,7.47588386080825,7.7461665813602245,-0.00013145730761047962,7.746298038667835,0.0,nan,nan,nan
12.975,commit,18.797683566106883,0.00012975197192967511,0.024989500401934036,6.521404867812366e-06,-9.985165472237156e-12,13.0,0.7345516387177893,1.0,7.47588386080825,7.7461665813602245,-0.00013145749859359154,7.746298038858817,0.0,nan,nan,nan
12.979166666666666,commit,18.79768359327941,0.00012979300103702516,0.024989500401892278,6.521406395568159e-06,-1.0021927732140057e-11,13.0,0.7345516387177893,1.0,7.47588386080825,7.7461665813602245,-0.00013145768953179987,7.746298039049755,0.0,nan,nan,nan
12.983333333333333,commit,18.79768362045194,0.00012983403012369648,0.024989500401850103,6.521407938577894e-06,-1.0121944948870976e-11,13.0,0.7345516387177893,1.0,7.47588386080825,7.7461665813602245,-0.00013145788027941327,7.7462980392405045,0.0,nan,nan,nan
12.987499999999999,commit,18.79768364762448,0.00012987505918968866,0.02498950040180751,6.521409481833905e-06,-1.0222427071493456e-11,13.0,0.7345516387177893,1.0,7.47588386080825,7.7461665813602245,-0.0001314580708349167,7.74629803943106,0.0,nan,nan,nan
12.991666666666667,commit,18.797683674797028,0.00012991608823511138,0.024989500401764835,6.521411009772844e-06,-1.0242064141241514e-11,13.0,0.7345516387177893,1.0,7.47588386080825,7.7461665813602245,-0.00013145826134517926,7.7462980396215695,0.0,nan,nan,nan
12.995833333333334,commit,18.79768370196958,0.00012995711726007328,0.02498950040172234,6.521412517045125e-06,-1.019821033176882e-11,13.0,0.7345516387177893,1.0,7.47588386080825,7.7461665813602245,-0.00013145845200726727,7.746298039812231,0.0,nan,nan,nan
13.0,commit,18.797683729142136,0.0001299981462643319,0.0249895004016795,6.521414060024546e-06,-1.028139379188886e-11,13.0,0.7345516387177893,1.0,7.47588386080825,7.7461665813602245,-0.00013145864247728723,7.746298040002702,0.0,nan,nan,nan
13.004166666666666,commit,18.7976837563147,0.00013003917524799817,0.02498950040163658,6.521415582639725e-06,-1.0301003106061302e-11,13.0,0.7345516387177893,1.0,7.47588386080825,7.7461665813602245,-0.00013145883295237267,7.746298040193175,0.0,nan,nan,nan
13.008333333333333,commit,18.797683783487273,0.0001300802042110709,0.02498950040159365,6.521417110470054e-06,-1.0303577435699651e-11,13.0,0.7345516387177893,1.0,7.47588386080825,7.7461665813602245,-0.000131459023381506,7.746298040383605,0.0,nan,nan,nan
13.0125,commit,18.79768381065985,0.00013012123315341774,0.02498950040155037,6.521418648273086e-06,-1.0386962123742904e-11,13.0,0.7345516387177893,1.0,7.47588386080825,7.7461665813602245,-0.00013145921366844088,7.746298040573893,0.0,nan,nan,nan
13.016666666666666,commit,18.797683837832434,0.00013016226207514955,0.024989500401507082,6.521420170805284e-06,-1.0389217264261674e-11,13.0,0.7345516387177893,1.0,7.47588386080825,7.7461665813602245,-0.00013145940396063591,7.746298040764185,0.0,nan,nan,nan
13.020833333333334,commit,18.797683865005023,0.00013020329097604527,0.024989500401463183,6.521421729171025e-06,-1.0536106709313486e-11,13.0,0.7345516387177893,1.0,7.47588386080825,7.7461665813602245,-0.00013145959391307926,7.746298040954138,0.0,nan,nan,nan
13.025,commit,18.79768389217762,0.00013024431985667707,0.024989500401420138,6.521423200739794e-06,-1.0330750144227352e-11,13.0,0.7345516387177893,1.0,7.47588386080825,7.7461665813602245,-0.0001314597843605592,7.746298041144585,0.0,nan,nan,nan
13.029166666666667,commit,18.797683919350224,0.00013028534871633874,0.02498950040137622,6.521424773976531e-06,-1.0540936179470606e-11,13.0,0.7345516387177893,1.0,7.47588386080825,7.7461665813602245,-0.00013145997432203484,7.746298041334547,0.0,nan,nan,nan
13.033333333333333,commit,18.797683946522834,0.00013032637755560397,0.02498950040133289,6.521426261012881e-06,-1.0399535399496784e-11,13.0,0.7345516387177893,1.0,7.47588386080825,7.7461665813602245,-0.00013146016463060653,7.746298041524855,0.0,nan,nan,nan
13.0375,commit,18.79768397369545,0.00013036740637398743,0.02498950040128902,6.5214278136339685e-06,-1.0528536376064324e-11,13.0,0.7345516387177893,1.0,7.47588386080825,7.7461665813602245,-0.00013146035465145823,7.7462980417148755,0.0,nan,nan,nan
13.041666666666666,commit,18.79768400086807,0.00013040843517175458,0.024989500401245143,6.521429336335261e-06,-1.0530964988930691e-11,13.0,0.7345516387177893,1.0,7.47588386080825,7.7461665813602245,-0.00013146054467587379,7.7462980419048995,0.0,nan,nan,nan
13.045833333333333,commit,18.7976840280407,0.00013044946394877183,0.024989500401200987,6.521430874037928e-06,-1.0596946931062945e-11,13.0,0.7345516387177893,1.0,7.47588386080825,7.7461665813602245,-0.00013146073455743543,7.746298042094781,0.0,nan,nan,nan
13.049999999999999,commit,18.797684055213335,0.0001304904927053905,0.024989500401157425,6.521432360788986e-06,-1.045531022869639e-11,13.0,0.7345516387177893,1.0,7.47588386080825,7.7461665813602245,-0.00013146092478608093,7.7462980422850105,0.0,nan,nan,nan
13.054166666666667,commit,18.797684082385977,0.00013053152144112547,0.02498950040111332,6.521433913537575e-06,-1.058484550009453e-11,13.0,0.7345516387177893,1.0,7.47588386080825,7.7461665813602245,-0.00013146111472497137,7.746298042474948,0.0,nan,nan,nan
13.058333333333334,commit,18.797684109558624,0.0001305725501562208,0.02498950040106928,6.521435436200159e-06,-1.0570197495063383e-11,13.0,0.7345516387177893,1.0,7.47588386080825,7.7461665813602245,-0.0001314613046669523,7.7462980426648915,0.0,nan,nan,nan
13.0625,commit,18.797684136731277,0.00013061357885056464,0.02498950040102496,6.521436973963012e-06,-1.0636401481800561e-11,13.0,0.7345516387177893,1.0,7.47588386080825,7.7461665813602245,-0.00013146149446477805,7.746298042854689,0.0,nan,nan,nan
13.066666666666666,commit,18.797684163903938,0.00013065460752437758,0.02498950040098097,6.521438475871091e-06,-1.0557978102898602e-11,13.0,0.7345516387177893,1.0,7.47588386080825,7.7461665813602245,-0.00013146168446327087,7.746298043044688,0.0,nan,nan,nan
13.070833333333333,commit,18.797684191076605,0.00013069563617754774,0.02498950040093704,6.5214399982277066e-06,-1.0543364792336973e-11,13.0,0.7345516387177893,1.0,7.47588386080825,7.7461665813602245,-0.00013146187446417846,7.746298043234688,0.0,nan,nan,nan
13.075,commit,18.79768421824928,0.00013073666480994345,0.02498950040089283,6.52144153064399e-06,-1.0609534084604633e-11,13.0,0.7345516387177893,1.0,7.47588386080825,7.7461665813602245,-0.00013146206437136075,7.746298043424596,0.0,nan,nan,nan
13.079166666666666,commit,18.79768424542196,0.0001307776934215661,0.02498950040084842,6.521443068361389e-06,-1.0658113280825887e-11,13.0,0.7345516387177893,1.0,7.47588386080825,7.7461665813602245,-0.00013146225413499492,7.746298043614359,0.0,nan,nan,nan
13.083333333333334,commit,18.797684272594644,0.00013081872201265625,0.02498950040080434,6.521444570334919e-06,-1.0579898068741045e-11,13.0,0.7345516387177893,1.0,7.47588386080825,7.7461665813602245,-0.00013146244409794946,7.746298043804322,0.0,nan,nan,nan
13.0875,commit,18.797684299767337,0.00013085975058297028,0.02498950040076005,6.521446107970454e-06,-1.0628997682005092e-11,13.0,0.7345516387177893,1.0,7.47588386080825,7.7461665813602245,-0.00013146263391571842,7.74629804399414,0.0,nan,nan,nan
13.091666666666667,commit,18.797684326940036,0.0001309007791327518,0.02498950040071609,6.521447609871647e-06,-1.0550518791951902e-11,13.0,0.7345516387177893,1.0,7.47588386080825,7.7461665813602245,-0.00013146282393310747,7.746298044184158,0.0,nan,nan,nan
13.095833333333333,commit,18.79768435411274,0.0001309418076616471,0.02498950040067159,6.5214491627303476e-06,-1.0680185902334216e-11,13.0,0.7345516387177893,1.0,7.47588386080825,7.7461665813602245,-0.00013146301365872726,7.746298044373883,0.0,nan,nan,nan
13.1,commit,18.79768438128545,0.00013098283616987778,0.02498950040062715,6.521450680013207e-06,-1.0665426875000605e-11,13.0,0.7345516387177893,1.0,7.47588386080825,7.7461665813602245,-0.00013146320343675132,7.746298044563661,0.0,nan,nan,nan
13.104166666666666,commit,18.797684408458167,0.00013102386465746428,0.024989500400582773,6.5214522024427104e-06,-1.0650681725454803e-11,13.0,0.7345516387177893,1.0,7.47588386080825,7.7461665813602245,-0.00013146339321592535,7.74629804475344,0.0,nan,nan,nan
13.108333333333333,commit,18.79768443563089,0.00013106489312438417,0.024989500400538458,6.521453719520455e-06,-1.063597127037852e-11,13.0,0.7345516387177893,1.0,7.47588386080825,7.7461665813602245,-0.00013146358304705097,7.746298044943271,0.0,nan,nan,nan
13.112499999999999,commit,18.797684462803623,0.00013110592157063714,0.0249895004004942,6.5214552366033195e-06,-1.0621226120832716e-11,13.0,0.7345516387177893,1.0,7.47588386080825,7.7461665813602245,-0.00013146377292994865,7.7462980451331545,0.0,nan,nan,nan
13.116666666666667,commit,18.79768448997636,0.00013114694999611325,0.024989500400449744,6.521456774269285e-06,-1.0669881644886914e-11,13.0,0.7345516387177893,1.0,7.47588386080825,7.7461665813602245,-0.00013146396266701792,7.746298045322891,0.0,nan,nan,nan
13.120833333333334,commit,18.7976845171491,0.00013118797840092313,0.02498950040040535,6.5214582913607434e-06,-1.0654845061797147e-11,13.0,0.7345516387177893,1.0,7.47588386080825,7.7461665813602245,-0.00013146415245636256,7.74629804551268,0.0,nan,nan,nan
13.125,commit,18.79768454432185,0.00013122900678506525,0.024989500400361016,6.521459808428704e-06,-1.0640065217781824e-11,13.0,0.7345516387177893,1.0,7.47588386080825,7.7461665813602245,-0.00013146434229700473,7.746298045702521,0.0,nan,nan,nan
13.129166666666666,commit,18.797684571494607,0.0001312700351484293,0.02498950040031648,6.521461346137248e-06,-1.0689039930955602e-11,13.0,0.7345516387177893,1.0,7.47588386080825,7.7461665813602245,-0.00013146453199081314,7.746298045892215,0.0,nan,nan,nan
13.133333333333333,commit,18.79768459866737,0.0001313110634911258,0.024989500400272004,6.521462863292106e-06,-1.0674211514682952e-11,13.0,0.7345516387177893,1.0,7.47588386080825,7.7461665813602245,-0.00013146472173567738,7.74629804608196,0.0,nan,nan,nan
13.1375,commit,18.797684625840137,0.00013135209181315379,0.02498950040022759,6.521464380346385e-06,-1.065943167066763e-11,13.0,0.7345516387177893,1.0,7.47588386080825,7.7461665813602245,-0.0001314649115313779,7.746298046271755,0.0,nan,nan,nan
13.141666666666666,commit,18.79768465301291,0.0001313931201144033,0.02498950040018297,6.521465917960294e-06,-1.070812882808525e-11,13.0,0.7345516387177893,1.0,7.47588386080825,7.7461665813602245,-0.00013146510118053762,7.746298046461405,0.0,nan,nan,nan
13.145833333333334,commit,18.797684680185693,0.00013143414839511628,0.02498950040013868,6.521467419885055e-06,-1.0629754021440618e-11,13.0,0.7345516387177893,1.0,7.47588386080825,7.7461665813602245,-0.0001314652910264845,7.74629804665125,0.0,nan,nan,nan
13.15,commit,18.79768470735848,0.00013147517665502734,0.024989500400094188,6.521468952049967e-06,-1.0678465056646047e-11,13.0,0.7345516387177893,1.0,7.47588386080825,7.7461665813602245,-0.00013146548077642246,7.746298046841001,0.0,nan,nan,nan
13.154166666666667,commit,18.797684734531273,0.0001315162048941599,0.02498950040004949,6.5214704897729524e-06,-1.0727085886230725e-11,13.0,0.7345516387177893,1.0,7.47588386080825,7.7461665813602245,-0.0001314656703792309,7.746298047030604,0.0,nan,nan,nan
13.158333333333333,commit,18.797684761704073,0.00013155723311286414,0.024989500400005457,6.5214719764938805e-06,-1.0568379504860559e-11,13.0,0.7345516387177893,1.0,7.47588386080825,7.7461665813602245,-0.000131465860324207,7.746298047220548,0.0,nan,nan,nan
13.1625,commit,18.79768478887688,0.00013159826131065584,0.024989500399960885,6.521473523724102e-06,-1.0697394359215906e-11,13.0,0.7345516387177893,1.0,7.47588386080825,7.7461665813602245,-0.000131466050026963,7.746298047410252,0.0,nan,nan,nan
13.166666666666666,commit,18.797684816049692,0.00013163928948777806,0.024989500399916372,6.5214750410258495e-06,-1.0682711659715238e-11,13.0,0.7345516387177893,1.0,7.47588386080825,7.7461665813602245,-0.00013146623977877635,7.7462980476000025,0.0,nan,nan,nan
13.170833333333333,commit,18.797684843222513,0.0001316803176441204,0.024989500399871658,6.521476578551217e-06,-1.0731082689119376e-11,13.0,0.7345516387177893,1.0,7.47588386080825,7.7461665813602245,-0.00013146642938348846,7.746298047789608,0.0,nan,nan,nan
13.174999999999999,commit,18.797684870395337,0.00013172134577990155,0.024989500399827343,6.521478080486344e-06,-1.0635846370288249e-11,13.0,0.7345516387177893,1.0,7.47588386080825,7.7461665813602245,-0.00013146661918339822,7.7462980479794075,0.0,nan,nan,nan
13.179166666666667,commit,18.797684897568168,0.00013176237389501066,0.02498950039978309,6.521479597407351e-06,-1.0620962442864368e-11,13.0,0.7345516387177893,1.0,7.47588386080825,7.7461665813602245,-0.00013146680903245966,7.7462980481692565,0.0,nan,nan,nan
13.183333333333334,commit,18.797684924741006,0.0001318034019892068,0.02498950039973837,6.521481150219101e-06,-1.0733067212775893e-11,13.0,0.7345516387177893,1.0,7.47588386080825,7.7461665813602245,-0.0001314669985869398,7.746298048358811,0.0,nan,nan,nan
13.1875,commit,18.79768495191385,0.0001318444300628644,0.024989500399693974,6.521482652195933e-06,-1.0654560567147087e-11,13.0,0.7345516387177893,1.0,7.47588386080825,7.7461665813602245,-0.00013146718833675596,7.746298048548561,0.0,nan,nan,nan
13.191666666666666,commit,18.797684979086704,0.00013188545811571736,0.024989500399649377,6.521484184317923e-06,-1.070317445783786e-11,13.0,0.7345516387177893,1.0,7.47588386080825,7.7461665813602245,-0.00013146737798896196,7.746298048738213,0.0,nan,nan,nan
13.195833333333333,commit,18.79768500625956,0.00013192648614803043,0.024989500399605107,6.521485686190705e-06,-1.0624681689996862e-11,13.0,0.7345516387177893,1.0,7.47588386080825,7.7461665813602245,-0.00013146756783609942,7.74629804892806,0.0,nan,nan,nan
13.2,commit,18.797685033432423,0.00013196751415942956,0.024989500399560372,6.521487238756273e-06,-1.0736148081669228e-11,13.0,0.7345516387177893,1.0,7.47588386080825,7.7461665813602245,-0.00013146775738916136,7.746298049117613,0.0,nan,nan,nan
13.204166666666666,commit,18.797685060605293,0.00013200854215015726,0.0249895003995157,6.5214887559486025e-06,-1.0721111498579461e-11,13.0,0.7345516387177893,1.0,7.47588386080825,7.7461665813602245,-0.00013146794699055658,7.746298049307215,0.0,nan,nan,nan
13.208333333333334,commit,18.79768508777817,0.0001320495701203213,0.024989500399471426,6.521490257701509e-06,-1.0625562929522658e-11,13.0,0.7345516387177893,1.0,7.47588386080825,7.7461665813602245,-0.00013146813678629424,7.74629804949701,0.0,nan,nan,nan
13.2125,commit,18.79768511495105,0.00013209059806970156,0.02498950039942688,6.521491789821083e-06,-1.0691156293596293e-11,13.0,0.7345516387177893,1.0,7.47588386080825,7.7461665813602245,-0.0001314683264836221,7.746298049686708,0.0,nan,nan,nan
13.216666666666667,commit,18.79768514212394,0.00013213162599851828,0.02498950039938273,6.521493291655848e-06,-1.0595573030069971e-11,13.0,0.7345516387177893,1.0,7.47588386080825,7.7461665813602245,-0.00013146851637506265,7.746298049876598,0.0,nan,nan,nan
13.220833333333333,commit,18.797685169296834,0.0001321726539063094,0.02498950039933778,6.5214948595787414e-06,-1.0788162030372916e-11,13.0,0.7345516387177893,1.0,7.47588386080825,7.7461665813602245,-0.0001314687058240515,7.7462980500660485,0.0,nan,nan,nan
13.225,commit,18.797685196469736,0.00013221368179353748,0.024989500399293225,6.521496361667027e-06,-1.0692759178088096e-11,13.0,0.7345516387177893,1.0,7.47588386080825,7.7461665813602245,-0.00013146889546636134,7.746298050255691,0.0,nan,nan,nan
13.229166666666666,commit,18.797685223642645,0.0001322547096600903,0.024989500399248733,6.521497878541499e-06,-1.0677757289467849e-11,13.0,0.7345516387177893,1.0,7.47588386080825,7.7461665813602245,-0.00013146908515585765,7.746298050445381,0.0,nan,nan,nan
13.233333333333333,commit,18.797685250815558,0.00013229573750596867,0.024989500399204306,6.521499395429391e-06,-1.0662443150621925e-11,13.0,0.7345516387177893,1.0,7.47588386080825,7.7461665813602245,-0.000131469274893157,7.746298050635118,0.0,nan,nan,nan
13.237499999999999,commit,18.797685277988478,0.00013233676533117142,0.024989500399159943,6.521500912450367e-06,-1.0647649428818795e-11,13.0,0.7345516387177893,1.0,7.47588386080825,7.7461665813602245,-0.00013146946467677362,7.7462980508249,0.0,nan,nan,nan
13.241666666666667,commit,18.797685305161405,0.00013237779313558917,0.024989500399115374,6.521502449967656e-06,-1.069610372494978e-11,13.0,0.7345516387177893,1.0,7.47588386080825,7.7461665813602245,-0.00013146965430994306,7.746298051014534,0.0,nan,nan,nan
13.245833333333334,commit,18.79768533233434,0.00013241882091920022,0.024989500399070604,6.521503982239889e-06,-1.074451638771734e-11,13.0,0.7345516387177893,1.0,7.47588386080825,7.7461665813602245,-0.00013146984384348386,7.746298051204068,0.0,nan,nan,nan
13.25,commit,18.797685359507277,0.00013245984868237739,0.024989500399026497,6.521505468827305e-06,-1.0585296528198285e-11,13.0,0.7345516387177893,1.0,7.47588386080825,7.7461665813602245,-0.00013147003371612732,7.746298051393939,0.0,nan,nan,nan
13.254166666666666,commit,18.79768538668022,0.00013250087642463558,0.024989500398981852,6.521507016039698e-06,-1.0714346077023151e-11,13.0,0.7345516387177893,1.0,7.47588386080825,7.7461665813602245,-0.00013147022334228833,7.746298051583566,0.0,nan,nan,nan
13.258333333333333,commit,18.797685413853173,0.0001325419041463282,0.024989500398937606,6.521508517924481e-06,-1.0618617096724847e-11,13.0,0.7345516387177893,1.0,7.47588386080825,7.7461665813602245,-0.00013147041316111493,7.746298051773384,0.0,nan,nan,nan
13.2625,commit,18.797685441026132,0.00013258293184699249,0.02498950039889256,6.5215100858127935e-06,-1.0811115891407042e-11,13.0,0.7345516387177893,1.0,7.47588386080825,7.7461665813602245,-0.00013147060253581818,7.74629805196276,0.0,nan,nan,nan
13.266666666666666,commit,18.7976854681991,0.0001326239595273328,0.02498950039884844,6.521511551991586e-06,-1.058830800815258e-11,13.0,0.7345516387177893,1.0,7.47588386080825,7.7461665813602245,-0.0001314707924464835,7.74629805215267,0.0,nan,nan,nan
13.270833333333334,commit,18.79768549537207,0.0001326649871867522,0.024989500398803856,6.521513104413879e-06,-1.0700267061292124e-11,13.0,0.7345516387177893,1.0,7.47588386080825,7.7461665813602245,-0.00013147098205908145,7.746298052342284,0.0,nan,nan,nan
13.275,commit,18.797685522545045,0.00013270601482549504,0.024989500398759332,6.5215146216052564e-06,-1.0685334561610915e-11,13.0,0.7345516387177893,1.0,7.47588386080825,7.7461665813602245,-0.00013147117171660556,7.746298052531941,0.0,nan,nan,nan
13.279166666666667,commit,18.79768554971803,0.00013274704244356001,0.024989500398714875,6.521516138518766e-06,-1.0670166139536974e-11,13.0,0.7345516387177893,1.0,7.47588386080825,7.7461665813602245,-0.00013147136141945752,7.746298052721643,0.0,nan,nan,nan
13.283333333333333,commit,18.79768557689102,0.00013278807004081598,0.024989500398670216,6.521517670530407e-06,-1.0717968179640991e-11,13.0,0.7345516387177893,1.0,7.47588386080825,7.7461665813602245,-0.00013147155102239525,7.746298052911247,0.0,nan,nan,nan
13.2875,commit,18.797685604064018,0.00013282909761739382,0.02498950039862562,6.521519187619858e-06,-1.0703007924384167e-11,13.0,0.7345516387177893,1.0,7.47588386080825,7.7461665813602245,-0.0001314717406696259,7.746298053100894,0.0,nan,nan,nan
13.291666666666666,commit,18.79768563123702,0.00013287012517340245,0.024989500398581423,6.5215206892636425e-06,-1.0607272005191959e-11,13.0,0.7345516387177893,1.0,7.47588386080825,7.7461665813602245,-0.0001314719305082223,7.746298053290732,0.0,nan,nan,nan
13.295833333333333,commit,18.79768565841003,0.00013291115270851235,0.024989500398536688,6.521522241897497e-06,-1.0736141142775324e-11,13.0,0.7345516387177893,1.0,7.47588386080825,7.7461665813602245,-0.00013147212004764578,7.746298053480272,0.0,nan,nan,nan
13.299999999999999,commit,18.797685685583044,0.00013295218022305397,0.02498950039849235,6.52152374372542e-06,-1.0640321956856269e-11,13.0,0.7345516387177893,1.0,7.47588386080825,7.7461665813602245,-0.00013147230977819823,7.746298053670002,0.0,nan,nan,nan
13.304166666666667,commit,18.797685712756067,0.0001329932077167836,0.024989500398447814,6.521525275753233e-06,-1.0688658291790887e-11,13.0,0.7345516387177893,1.0,7.47588386080825,7.7461665813602245,-0.00013147249940671609,7.746298053859631,0.0,nan,nan,nan
13.308333333333334,commit,18.797685739929097,0.00013303423518983373,0.02498950039840334,6.521526792818671e-06,-1.067362170870112e-11,13.0,0.7345516387177893,1.0,7.47588386080825,7.7461665813602245,-0.0001314726890787707,7.746298054049304,0.0,nan,nan,nan
13.3125,commit,18.79768576710213,0.00013307526264220426,0.02498950039835893,6.521528309631621e-06,-1.0658120219719791e-11,13.0,0.7345516387177893,1.0,7.47588386080825,7.7461665813602245,-0.00013147287879551503,7.746298054239019,0.0,nan,nan,nan
13.316666666666666,commit,18.79768579427517,0.00013311629007378483,0.02498950039831432,6.521529847072848e-06,-1.0706401043503178e-11,13.0,0.7345516387177893,1.0,7.47588386080825,7.7461665813602245,-0.0001314730683589088,7.746298054428583,0.0,nan,nan,nan
13.320833333333333,commit,18.79768582144822,0.00013315731748468558,0.024989500398269773,6.521531364037083e-06,-1.069111466023287e-11,13.0,0.7345516387177893,1.0,7.47588386080825,7.7461665813602245,-0.00013147325796612373,7.74629805461819,0.0,nan,nan,nan
13.325,commit,18.797685848621274,0.00013319834487490542,0.02498950039822529,6.521532880900822e-06,-1.067584215475037e-11,13.0,0.7345516387177893,1.0,7.47588386080825,7.7461665813602245,-0.00013147344761694165,7.74629805480784,0.0,nan,nan,nan
13.329166666666666,commit,18.797685875794333,0.00013323937224431182,0.024989500398180608,6.521534413063967e-06,-1.0724317267563066e-11,13.0,0.7345516387177893,1.0,7.47588386080825,7.7461665813602245,-0.00013147363716416947,7.746298054997389,0.0,nan,nan,nan
13.333333333333334,commit,18.797685902967398,0.0001332803995931471,0.024989500398136324,6.521535914787033e-06,-1.062844257049278e-11,13.0,0.7345516387177893,1.0,7.47588386080825,7.7461665813602245,-0.0001314738269010607,7.7462980551871246,0.0,nan,nan,nan
13.3375,commit,18.79768593014047,0.00013332142692129993,0.024989500398092102,6.521537431553319e-06,-1.0613128431646857e-11,13.0,0.7345516387177893,1.0,7.47588386080825,7.7461665813602245,-0.00013147401668092478,7.746298055376905,0.0,nan,nan,nan
13.341666666666667,commit,18.79768595731355,0.00013336245422852948,0.024989500398047343,6.521538978872472e-06,-1.0741907363609471e-11,13.0,0.7345516387177893,1.0,7.47588386080825,7.7461665813602245,-0.00013147420621105737,7.7462980555664345,0.0,nan,nan,nan
13.345833333333333,commit,18.797685984486638,0.00013340348151518776,0.024989500398002986,6.521540480680353e-06,-1.0645956338706242e-11,13.0,0.7345516387177893,1.0,7.47588386080825,7.7461665813602245,-0.00013147439593037014,7.746298055756155,0.0,nan,nan,nan
13.35,commit,18.797686011659728,0.0001334445087810532,0.024989500397958428,6.521542017996016e-06,-1.0694160834656685e-11,13.0,0.7345516387177893,1.0,7.47588386080825,7.7461665813602245,-0.00013147458549497625,7.746298055945719,0.0,nan,nan,nan
13.354166666666666,commit,18.797686038832826,0.00013348553602623664,0.024989500397913932,6.521543534942957e-06,-1.0678763429083915e-11,13.0,0.7345516387177893,1.0,7.47588386080825,7.7461665813602245,-0.0001314747751019697,7.746298056135326,0.0,nan,nan,nan
13.358333333333333,commit,18.79768606600593,0.00013352656325073695,0.024989500397869503,6.521545051761272e-06,-1.0663414595768472e-11,13.0,0.7345516387177893,1.0,7.47588386080825,7.7461665813602245,-0.00013147496475137712,7.746298056324976,0.0,nan,nan,nan
13.362499999999999,commit,18.797686093179042,0.00013356759045442298,0.024989500397824875,6.521546583700962e-06,-1.0710939080116333e-11,13.0,0.7345516387177893,1.0,7.47588386080825,7.7461665813602245,-0.0001314751542977302,7.746298056514521,0.0,nan,nan,nan
13.366666666666667,commit,18.797686120352157,0.00013360861763742616,0.02498950039778031,6.521548100641529e-06,-1.0695534735649659e-11,13.0,0.7345516387177893,1.0,7.47588386080825,7.7461665813602245,-0.00013147534388597936,7.746298056704109,0.0,nan,nan,nan
13.370833333333334,commit,18.79768614752528,0.0001336496447997454,0.02498950039773581,6.521549617457905e-06,-1.0680123452289081e-11,13.0,0.7345516387177893,1.0,7.47588386080825,7.7461665813602245,-0.00013147553351606925,7.746298056893741,0.0,nan,nan,nan
13.375,commit,18.79768617469841,0.00013369067194149003,0.02498950039769171,6.521551119040494e-06,-1.0584179366279756e-11,13.0,0.7345516387177893,1.0,7.47588386080825,7.7461665813602245,-0.00013147572333408714,7.746298057083558,0.0,nan,nan,nan
13.379166666666666,commit,18.797686201871546,0.00013373169906230817,0.024989500397647073,6.521552666230735e-06,-1.0712861153727715e-11,13.0,0.7345516387177893,1.0,7.47588386080825,7.7461665813602245,-0.00013147591290083943,7.746298057273125,0.0,nan,nan,nan
13.383333333333333,commit,18.79768622904469,0.00013377272616244308,0.0249895003976025,6.52155418323814e-06,-1.0697394359215906e-11,13.0,0.7345516387177893,1.0,7.47588386080825,7.7461665813602245,-0.0001314761025090067,7.746298057462734,0.0,nan,nan,nan
13.3875,commit,18.797686256217837,0.00013381375324189246,0.024989500397558064,6.5215557054369895e-06,-1.0665177074820065e-11,13.0,0.7345516387177893,1.0,7.47588386080825,7.7461665813602245,-0.0001314762921067582,7.746298057652331,0.0,nan,nan,nan
13.391666666666666,commit,18.79768628339099,0.00013385478030065667,0.02498950039751369,6.521557222245958e-06,-1.0649731096989967e-11,13.0,0.7345516387177893,1.0,7.47588386080825,7.7461665813602245,-0.00013147648174546557,7.746298057841971,0.0,nan,nan,nan
13.395833333333334,commit,18.797686310564153,0.0001338958073387353,0.02498950039746938,6.521558739045985e-06,-1.0634264302478158e-11,13.0,0.7345516387177893,1.0,7.47588386080825,7.7461665813602245,-0.00013147667142496196,7.746298058031649,0.0,nan,nan,nan
13.4,commit,18.79768633773732,0.00013393683435599632,0.024989500397424872,6.521560271062484e-06,-1.0682302264974908e-11,13.0,0.7345516387177893,1.0,7.47588386080825,7.7461665813602245,-0.00013147686099884131,7.746298058221223,0.0,nan,nan,nan
13.404166666666667,commit,18.797686364910497,0.000133977861352572,0.02498950039738043,6.521561787956373e-06,-1.0666800775993579e-11,13.0,0.7345516387177893,1.0,7.47588386080825,7.7461665813602245,-0.00013147705061326473,7.746298058410838,0.0,nan,nan,nan
13.408333333333333,commit,18.797686392083676,0.0001340188883284613,0.024989500397336047,6.52156330473925e-06,-1.0651313164800058e-11,13.0,0.7345516387177893,1.0,7.47588386080825,7.7461665813602245,-0.00013147724026803893,7.746298058600493,0.0,nan,nan,nan
13.4125,commit,18.797686419256863,0.00013405991528366352,0.02498950039729173,6.521564821589052e-06,-1.0636103109362693e-11,13.0,0.7345516387177893,1.0,7.47588386080825,7.7461665813602245,-0.00013147742996231596,7.7462980587901855,0.0,nan,nan,nan
13.416666666666666,commit,18.797686446430056,0.00013410094221804751,0.024989500397247212,6.521566353529634e-06,-1.0683835760527671e-11,13.0,0.7345516387177893,1.0,7.47588386080825,7.7461665813602245,-0.00013147761955091138,7.746298058979775,0.0,nan,nan,nan
13.420833333333333,commit,18.797686473603257,0.00013414196913174507,0.02498950039720276,6.521567870403632e-06,-1.0668299577076823e-11,13.0,0.7345516387177893,1.0,7.47588386080825,7.7461665813602245,-0.00013147780917942847,7.746298059169403,0.0,nan,nan,nan
13.424999999999999,commit,18.79768650077646,0.00013418299602464557,0.02498950039715811,6.521569407740815e-06,-1.0716275089528438e-11,13.0,0.7345516387177893,1.0,7.47588386080825,7.7461665813602245,-0.00013147799865034725,7.746298059358874,0.0,nan,nan,nan
13.429166666666667,commit,18.797686527949672,0.00013422402289696867,0.024989500397113788,6.521570904022633e-06,-1.0637227210175126e-11,13.0,0.7345516387177893,1.0,7.47588386080825,7.7461665813602245,-0.0001314781883582272,7.746298059548582,0.0,nan,nan,nan
13.433333333333334,commit,18.79768655512289,0.0001342650497483612,0.024989500397069,6.521572456559008e-06,-1.0748971157603648e-11,13.0,0.7345516387177893,1.0,7.47588386080825,7.7461665813602245,-0.00013147837776108736,7.746298059737985,0.0,nan,nan,nan
13.4375,commit,18.797686582296116,0.00013430607657917654,0.024989500397024543,6.521573952946681e-06,-1.0669846950417394e-11,13.0,0.7345516387177893,1.0,7.47588386080825,7.7461665813602245,-0.0001314785674005488,7.746298059927626,0.0,nan,nan,nan
13.441666666666666,commit,18.79768660946935,0.00013434710338930254,0.02498950039698015,6.521575469597451e-06,-1.065431770586045e-11,13.0,0.7345516387177893,1.0,7.47588386080825,7.7461665813602245,-0.00013147875707902385,7.746298060117303,0.0,nan,nan,nan
13.445833333333333,commit,18.797686636642585,0.000134388130178631,0.024989500396935562,6.521577006797387e-06,-1.0701613206709482e-11,13.0,0.7345516387177893,1.0,7.47588386080825,7.7461665813602245,-0.00013147894660023247,7.746298060306824,0.0,nan,nan,nan
13.45,commit,18.797686663815828,0.00013442915694738067,0.024989500396891372,6.521578508391182e-06,-1.0605460953883039e-11,13.0,0.7345516387177893,1.0,7.47588386080825,7.7461665813602245,-0.00013147913630661798,7.746298060496532,0.0,nan,nan,nan
13.454166666666666,commit,18.797686690989078,0.0001344701836951989,0.024989500396846647,6.521580055500677e-06,-1.0733955391195593e-11,13.0,0.7345516387177893,1.0,7.47588386080825,7.7461665813602245,-0.00013147932575887242,7.746298060685983,0.0,nan,nan,nan
13.458333333333334,commit,18.797686718162335,0.00013451121042243845,0.024989500396802325,6.521581557191657e-06,-1.0637733749430112e-11,13.0,0.7345516387177893,1.0,7.47588386080825,7.7461665813602245,-0.00013147951539600194,7.74629806087562,0.0,nan,nan,nan
13.4625,commit,18.7976867453356,0.00013455223712898742,0.024989500396758065,6.521583073835539e-06,-1.0622128177040224e-11,13.0,0.7345516387177893,1.0,7.47588386080825,7.7461665813602245,-0.0001314797050712364,7.746298061065295,0.0,nan,nan,nan
13.466666666666667,commit,18.797686772508868,0.00013459326381460486,0.02498950039671327,6.52158462102877e-06,-1.0750587919883259e-11,13.0,0.7345516387177893,1.0,7.47588386080825,7.7461665813602245,-0.00013147989449189358,7.746298061254716,0.0,nan,nan,nan
13.470833333333333,commit,18.797686799682143,0.00013463429047964236,0.024989500396668876,6.521586122773163e-06,-1.0654595261616606e-11,13.0,0.7345516387177893,1.0,7.47588386080825,7.7461665813602245,-0.00013148008409629667,7.746298061444321,0.0,nan,nan,nan
13.475,commit,18.797686826855426,0.0001346753171239889,0.024989500396624547,6.521587639329323e-06,-1.0638705194576659e-11,13.0,0.7345516387177893,1.0,7.47588386080825,7.7461665813602245,-0.0001314802737390655,7.746298061633963,0.0,nan,nan,nan
13.479166666666666,commit,18.797686854028715,0.0001347163437476439,0.024989500396580284,6.5215891561118765e-06,-1.062329391121608e-11,13.0,0.7345516387177893,1.0,7.47588386080825,7.7461665813602245,-0.00013148046341876499,7.746298061823643,0.0,nan,nan,nan
13.483333333333333,commit,18.797686881202008,0.0001347573703504763,0.024989500396535823,6.521590687986795e-06,-1.0670866967821269e-11,13.0,0.7345516387177893,1.0,7.47588386080825,7.7461665813602245,-0.0001314806529901809,7.746298062013214,0.0,nan,nan,nan
13.487499999999999,commit,18.797686908375308,0.0001347983969326174,0.024989500396491424,6.521592204856914e-06,-1.0655441806672883e-11,13.0,0.7345516387177893,1.0,7.47588386080825,7.7461665813602245,-0.00013148084259832717,7.746298062202823,0.0,nan,nan,nan
13.491666666666667,commit,18.797686935548615,0.00013483942349406668,0.02498950039644709,6.521593721562864e-06,-1.0639718273086629e-11,13.0,0.7345516387177893,1.0,7.47588386080825,7.7461665813602245,-0.00013148103224353976,7.7462980623924675,0.0,nan,nan,nan
13.495833333333334,commit,18.79768696272193,0.00013488045003469208,0.02498950039640256,6.521595253492189e-06,-1.0687541129872358e-11,13.0,0.7345516387177893,1.0,7.47588386080825,7.7461665813602245,-0.00013148122177933266,7.746298062582003,0.0,nan,nan,nan
13.5,commit,18.79768698989525,0.00013492147655462582,0.024989500396358097,6.521596770283494e-06,-1.0671789840710488e-11,13.0,0.7345516387177893,1.0,7.47588386080825,7.7461665813602245,-0.0001314814113520294,7.746298062771576,0.0,nan,nan,nan
13.504166666666666,commit,18.797687017068576,0.0001349625030538669,0.024989500396313695,6.521598286971986e-06,-1.0656066307124235e-11,13.0,0.7345516387177893,1.0,7.47588386080825,7.7461665813602245,-0.00013148160096134798,7.746298062961186,0.0,nan,nan,nan
13.508333333333333,commit,18.797687044241908,0.00013500352953241506,0.02498950039626936,6.521599803660865e-06,-1.0640335834644077e-11,13.0,0.7345516387177893,1.0,7.47588386080825,7.7461665813602245,-0.00013148179060708945,7.746298063150832,0.0,nan,nan,nan
13.5125,commit,18.797687071415247,0.0001350445559900286,0.02498950039622456,6.5216013561273825e-06,-1.0751621815074941e-11,13.0,0.7345516387177893,1.0,7.47588386080825,7.7461665813602245,-0.00013148197994562402,7.74629806334017,0.0,nan,nan,nan
13.516666666666666,commit,18.797687098588593,0.00013508558242719158,0.024989500396180357,6.5216028372093675e-06,-1.060878468406301e-11,13.0,0.7345516387177893,1.0,7.47588386080825,7.7461665813602245,-0.00013148216966399315,7.746298063529888,0.0,nan,nan,nan
13.520833333333334,commit,18.797687125761943,0.000135126608843527,0.024989500396135955,6.521604368969415e-06,-1.0656843463241472e-11,13.0,0.7345516387177893,1.0,7.47588386080825,7.7461665813602245,-0.00013148235927132795,7.746298063719496,0.0,nan,nan,nan
13.525,commit,18.7976871529353,0.00013516763523916918,0.02498950039609162,6.5216058857573055e-06,-1.0641036662928371e-11,13.0,0.7345516387177893,1.0,7.47588386080825,7.7461665813602245,-0.0001314825489143869,7.746298063909139,0.0,nan,nan,nan
13.529166666666667,commit,18.797687180108664,0.00013520866161387653,0.02498950039604682,6.521607438093976e-06,-1.0751649570650557e-11,13.0,0.7345516387177893,1.0,7.47588386080825,7.7461665813602245,-0.0001314827382506855,7.746298064098474,0.0,nan,nan,nan
13.533333333333333,commit,18.797687207282035,0.0001352496879681317,0.024989500396002617,6.521608919217689e-06,-1.0609034484243551e-11,13.0,0.7345516387177893,1.0,7.47588386080825,7.7461665813602245,-0.00013148292796560316,7.746298064288189,0.0,nan,nan,nan
13.5375,commit,18.797687234455413,0.00013529071430144914,0.02498950039595795,6.521610471469361e-06,-1.0720306586886608e-11,13.0,0.7345516387177893,1.0,7.47588386080825,7.7461665813602245,-0.00013148311737214244,7.746298064477597,0.0,nan,nan,nan
13.541666666666666,commit,18.797687261628795,0.00013533174061418303,0.024989500395913612,6.521611967679728e-06,-1.0640668901551464e-11,13.0,0.7345516387177893,1.0,7.47588386080825,7.7461665813602245,-0.00013148330701195048,7.7462980646672355,0.0,nan,nan,nan
13.545833333333333,commit,18.797687288802184,0.00013537276690622025,0.024989500395869342,6.521613484297354e-06,-1.0625118840312808e-11,13.0,0.7345516387177893,1.0,7.47588386080825,7.7461665813602245,-0.00013148349668604543,7.7462980648569095,0.0,nan,nan,nan
13.549999999999999,commit,18.79768731597558,0.00013541379317732043,0.024989500395824607,6.5216150367376305e-06,-1.0736300737335114e-11,13.0,0.7345516387177893,1.0,7.47588386080825,7.7461665813602245,-0.00013148368605138308,7.746298065046275,0.0,nan,nan,nan
13.554166666666667,commit,18.797687343148983,0.00013545481942783623,0.024989500395780205,6.521616532938855e-06,-1.0656635296424355e-11,13.0,0.7345516387177893,1.0,7.47588386080825,7.7461665813602245,-0.00013148387564947622,7.746298065235874,0.0,nan,nan,nan
13.558333333333334,commit,18.797687370322393,0.00013549584565765457,0.02498950039573587,6.521618049540927e-06,-1.0641064418503987e-11,13.0,0.7345516387177893,1.0,7.47588386080825,7.7461665813602245,-0.00013148406528141565,7.746298065425505,0.0,nan,nan,nan
13.5625,commit,18.797687397495807,0.00013553687186664467,0.02498950039569133,6.521619581412218e-06,-1.0688706864048214e-11,13.0,0.7345516387177893,1.0,7.47588386080825,7.7461665813602245,-0.00013148425480127878,7.746298065615025,0.0,nan,nan,nan
13.566666666666666,commit,18.797687424669228,0.00013557789805493877,0.02498950039564686,6.521621098144259e-06,-1.0672782102538747e-11,13.0,0.7345516387177893,1.0,7.47588386080825,7.7461665813602245,-0.0001314844443553682,7.74629806580458,0.0,nan,nan,nan
13.570833333333333,commit,18.797687451842656,0.00013561892422253583,0.02498950039560246,6.521622614764961e-06,-1.0656885096604896e-11,13.0,0.7345516387177893,1.0,7.47588386080825,7.7461665813602245,-0.00013148463394351646,7.746298065994168,0.0,nan,nan,nan
13.575,commit,18.79768747901609,0.0001356599503694355,0.024989500395558122,6.521624131371123e-06,-1.064098115177714e-11,13.0,0.7345516387177893,1.0,7.47588386080825,7.7461665813602245,-0.0001314848235656516,7.7462980661837895,0.0,nan,nan,nan
13.579166666666666,commit,18.79768750618953,0.0001357009764955058,0.024989500395513585,6.5216256632086835e-06,-1.0688602780639656e-11,13.0,0.7345516387177893,1.0,7.47588386080825,7.7461665813602245,-0.00013148501307523033,7.746298066373299,0.0,nan,nan,nan
13.583333333333334,commit,18.797687533362975,0.00013574200260098806,0.02498950039546945,6.521627164754009e-06,-1.0592325627722943e-11,13.0,0.7345516387177893,1.0,7.47588386080825,7.7461665813602245,-0.00013148520276408374,7.7462980665629875,0.0,nan,nan,nan
13.5875,commit,18.797687560536428,0.00013578302868555238,0.02498950039542478,6.521628717079543e-06,-1.0720500875915917e-11,13.0,0.7345516387177893,1.0,7.47588386080825,7.7461665813602245,-0.00013148539214260404,7.7462980667523675,0.0,nan,nan,nan
13.591666666666667,commit,18.797687587709888,0.00013582405474963887,0.024989500395380778,6.5216301980467046e-06,-1.0560448349128393e-11,13.0,0.7345516387177893,1.0,7.47588386080825,7.7461665813602245,-0.00013148558189823463,7.746298066942122,0.0,nan,nan,nan
13.595833333333333,commit,18.797687614883355,0.00013586508079267432,0.024989500395335977,6.521631765499042e-06,-1.0752128354329926e-11,13.0,0.7345516387177893,1.0,7.47588386080825,7.7461665813602245,-0.00013148577119679176,7.746298067131421,0.0,nan,nan,nan
13.6,commit,18.797687642056825,0.00013590610681523218,0.024989500395291842,6.521633246578616e-06,-1.0592013377497267e-11,13.0,0.7345516387177893,1.0,7.47588386080825,7.7461665813602245,-0.0001314859608720427,7.746298067321097,0.0,nan,nan,nan
13.604166666666666,commit,18.797687669230303,0.00013594713281684796,0.024989500395247177,6.521634793447254e-06,-1.0720140053432914e-11,13.0,0.7345516387177893,1.0,7.47588386080825,7.7461665813602245,-0.00013148615028723716,7.746298067510511,0.0,nan,nan,nan
13.608333333333333,commit,18.797687696403788,0.00013598815879789752,0.02498950039520284,6.5216362950055536e-06,-1.064060645150633e-11,13.0,0.7345516387177893,1.0,7.47588386080825,7.7461665813602245,-0.00013148633988141313,7.746298067700106,0.0,nan,nan,nan
13.612499999999999,commit,18.79768772357728,0.0001360291847581156,0.02498950039515831,6.52163782658363e-06,-1.0687520313190646e-11,13.0,0.7345516387177893,1.0,7.47588386080825,7.7461665813602245,-0.00013148652936284275,7.746298067889588,0.0,nan,nan,nan
13.616666666666667,commit,18.797687750750775,0.0001360702106977439,0.024989500395114182,6.521639328024629e-06,-1.0590923971154353e-11,13.0,0.7345516387177893,1.0,7.47588386080825,7.7461665813602245,-0.0001314867190229346,7.7462980680792475,0.0,nan,nan,nan
13.620833333333334,commit,18.797687777924278,0.00013611123661642986,0.02498950039506952,6.521640874964937e-06,-1.0719022891514385e-11,13.0,0.7345516387177893,1.0,7.47588386080825,7.7461665813602245,-0.00013148690842245366,7.746298068268646,0.0,nan,nan,nan
13.625,commit,18.797687805097787,0.00013615226251452618,0.02498950039502526,6.521642376494284e-06,-1.0622357160539053e-11,13.0,0.7345516387177893,1.0,7.47588386080825,7.7461665813602245,-0.00013148709800034648,7.746298068458224,0.0,nan,nan,nan
13.629166666666666,commit,18.797687832271304,0.00013619328839181138,0.02498950039498073,6.521643908202e-06,-1.0686909690527102e-11,13.0,0.7345516387177893,1.0,7.47588386080825,7.7461665813602245,-0.00013148728746362556,7.746298068647689,0.0,nan,nan,nan
13.633333333333333,commit,18.797687859444828,0.00013623431424839613,0.02498950039493627,6.521645424851506e-06,-1.0670839212245653e-11,13.0,0.7345516387177893,1.0,7.47588386080825,7.7461665813602245,-0.0001314874769586084,7.7462980688371825,0.0,nan,nan,nan
13.6375,commit,18.797687886618355,0.00013627534008438854,0.024989500394892207,6.521646926232579e-06,-1.0574464914814286e-11,13.0,0.7345516387177893,1.0,7.47588386080825,7.7461665813602245,-0.00013148766663078344,7.746298069026855,0.0,nan,nan,nan
13.641666666666666,commit,18.79768791379189,0.0001363163658994372,0.024989500394847614,6.521648473151102e-06,-1.070251526291699e-11,13.0,0.7345516387177893,1.0,7.47588386080825,7.7461665813602245,-0.0001314878560415821,7.746298069216265,0.0,nan,nan,nan
13.645833333333334,commit,18.79768794096543,0.00013635739169378538,0.024989500394803087,6.521649989894026e-06,-1.0686396212378213e-11,13.0,0.7345516387177893,1.0,7.47588386080825,7.7461665813602245,-0.00013148804548364417,7.746298069405708,0.0,nan,nan,nan
13.65,commit,18.79768796813898,0.00013639841746743132,0.024989500394758626,6.5216515064397454e-06,-1.067028410073334e-11,13.0,0.7345516387177893,1.0,7.47588386080825,7.7461665813602245,-0.00013148823495665282,7.746298069595181,0.0,nan,nan,nan
13.654166666666667,commit,18.797687995312536,0.00013643944322059382,0.024989500394714835,6.521652987163701e-06,-1.051011361274945e-11,13.0,0.7345516387177893,1.0,7.47588386080825,7.7461665813602245,-0.0001314884248041604,7.746298069785028,0.0,nan,nan,nan
13.658333333333333,commit,18.797688022486096,0.0001364804689525694,0.02498950039466998,6.521654569778951e-06,-1.076515265818756e-11,13.0,0.7345516387177893,1.0,7.47588386080825,7.7461665813602245,-0.00013148861404586399,7.746298069974269,0.0,nan,nan,nan
13.6625,commit,18.797688049659662,0.00013652149466408624,0.024989500394625722,6.521656050913281e-06,-1.0621885315753588e-11,13.0,0.7345516387177893,1.0,7.47588386080825,7.7461665813602245,-0.00013148880366185882,7.746298070163886,0.0,nan,nan,nan
13.666666666666666,commit,18.797688076833236,0.000136562520354766,0.024989500394581265,6.521657582536805e-06,-1.0669583272449046e-11,13.0,0.7345516387177893,1.0,7.47588386080825,7.7461665813602245,-0.0001314889931610621,7.746298070353385,0.0,nan,nan,nan
13.670833333333333,commit,18.797688104006816,0.00013660354602474336,0.024989500394536877,6.5216590990976906e-06,-1.0653158910578497e-11,13.0,0.7345516387177893,1.0,7.47588386080825,7.7461665813602245,-0.00013148918269112456,7.746298070542916,0.0,nan,nan,nan
13.674999999999999,commit,18.7976881311804,0.00013664457167401677,0.024989500394492555,6.521660615602213e-06,-1.0636991287782394e-11,13.0,0.7345516387177893,1.0,7.47588386080825,7.7461665813602245,-0.00013148937225131656,7.746298070732475,0.0,nan,nan,nan
13.679166666666667,commit,18.797688158353992,0.00013668559730245427,0.024989500394448038,6.521662147346902e-06,-1.0684363116464368e-11,13.0,0.7345516387177893,1.0,7.47588386080825,7.7461665813602245,-0.000131489561694995,7.7462980709219185,0.0,nan,nan,nan
13.683333333333334,commit,18.79768818552759,0.00013672662291018808,0.024989500394403587,6.521663663957204e-06,-1.0668167738092649e-11,13.0,0.7345516387177893,1.0,7.47588386080825,7.7461665813602245,-0.00013148975116843655,7.746298071111393,0.0,nan,nan,nan
13.6875,commit,18.797688212701196,0.00013676764849721671,0.024989500394359203,6.521665180529518e-06,-1.0652229098795374e-11,13.0,0.7345516387177893,1.0,7.47588386080825,7.7461665813602245,-0.00013148994067075043,7.746298071300894,0.0,nan,nan,nan
13.691666666666666,commit,18.79768823987481,0.00013680867406354083,0.024989500394314888,6.521666696957558e-06,-1.0635783920243114e-11,13.0,0.7345516387177893,1.0,7.47588386080825,7.7461665813602245,-0.00013149013020312742,7.746298071490427,0.0,nan,nan,nan
13.695833333333333,commit,18.797688267048425,0.00013684969960915967,0.02498950039427064,6.521668213458613e-06,-1.0619553847401875e-11,13.0,0.7345516387177893,1.0,7.47588386080825,7.7461665813602245,-0.00013149031976466188,7.7462980716799885,0.0,nan,nan,nan
13.7,commit,18.79768829422205,0.0001368907251339412,0.024989500394226195,6.521669745178023e-06,-1.066685628714481e-11,13.0,0.7345516387177893,1.0,7.47588386080825,7.7461665813602245,-0.0001314905092089241,7.746298071869433,0.0,nan,nan,nan
13.704166666666666,commit,18.79768832139568,0.00013693175063801767,0.024989500394181817,6.521671261772029e-06,-1.0650584580940148e-11,13.0,0.7345516387177893,1.0,7.47588386080825,7.7461665813602245,-0.00013149069868209683,7.746298072058907,0.0,nan,nan,nan
13.708333333333334,commit,18.797688348569316,0.00013697277612149768,0.024989500394137772,6.521672757695072e-06,-1.0570828934408638e-11,13.0,0.7345516387177893,1.0,7.47588386080825,7.7461665813602245,-0.00013149088838119923,7.746298072248606,0.0,nan,nan,nan
13.7125,commit,18.79768837574296,0.00013701380158402917,0.024989500394093266,6.5216743098630915e-06,-1.068165000894794e-11,13.0,0.7345516387177893,1.0,7.47588386080825,7.7461665813602245,-0.00013149107776530398,7.746298072437989,0.0,nan,nan,nan
13.716666666666667,commit,18.79768840291661,0.00013705482702596516,0.024989500394049093,6.521675805980179e-06,-1.0601818034583488e-11,13.0,0.7345516387177893,1.0,7.47588386080825,7.7461665813602245,-0.00013149126737511114,7.746298072627599,0.0,nan,nan,nan
13.720833333333333,commit,18.797688430090265,0.00013709585244695214,0.024989500394004386,6.521677352813675e-06,-1.072965327697517e-11,13.0,0.7345516387177893,1.0,7.47588386080825,7.7461665813602245,-0.00013149145672049502,7.746298072816944,0.0,nan,nan,nan
13.725,commit,18.797688457263927,0.0001371368778473429,0.02498950039396008,6.521678854238493e-06,-1.0632751623607106e-11,13.0,0.7345516387177893,1.0,7.47588386080825,7.7461665813602245,-0.00013149164624040753,7.7462980730064634,0.0,nan,nan,nan
13.729166666666666,commit,18.797688484437597,0.00013717790322702512,0.024989500393915846,6.5216803706831705e-06,-1.0616750534264696e-11,13.0,0.7345516387177893,1.0,7.47588386080825,7.7461665813602245,-0.0001314918357874617,7.746298073196012,0.0,nan,nan,nan
13.733333333333333,commit,18.79768851161127,0.0001372189285857587,0.02498950039387108,6.521681917533531e-06,-1.0744252709748991e-11,13.0,0.7345516387177893,1.0,7.47588386080825,7.7461665813602245,-0.00013149202507031386,7.746298073385295,0.0,nan,nan,nan
13.737499999999999,commit,18.79768853878495,0.00013725995392402664,0.02498950039382698,6.521683403791088e-06,-1.0584082221765101e-11,13.0,0.7345516387177893,1.0,7.47588386080825,7.7461665813602245,-0.00013149221467284876,7.746298073574898,0.0,nan,nan,nan
13.741666666666667,commit,18.797688565958637,0.00013730097924134353,0.024989500393782345,6.521684950504528e-06,-1.0711896647475072e-11,13.0,0.7345516387177893,1.0,7.47588386080825,7.7461665813602245,-0.00013149240401009004,7.746298073764234,0.0,nan,nan,nan
13.745833333333334,commit,18.79768859313233,0.00013734200453817245,0.02498950039373838,6.5216864313413485e-06,-1.0551434725947217e-11,13.0,0.7345516387177893,1.0,7.47588386080825,7.7461665813602245,-0.00013149259371833123,7.746298073953943,0.0,nan,nan,nan
13.75,commit,18.797688620306033,0.00013738302981394063,0.02498950039369362,6.521687998561568e-06,-1.0742483291803495e-11,13.0,0.7345516387177893,1.0,7.47588386080825,7.7461665813602245,-0.00013149278296424623,7.746298074143188,0.0,nan,nan,nan
13.754166666666666,commit,18.797688647479738,0.00013742405506935238,0.02498950039364979,6.521689464324509e-06,-1.0518697024508583e-11,13.0,0.7345516387177893,1.0,7.47588386080825,7.7461665813602245,-0.00013149297272659413,7.746298074332951,0.0,nan,nan,nan
13.758333333333333,commit,18.79768867465345,0.00013746508030367942,0.024989500393605167,6.521691026153448e-06,-1.0710037023908825e-11,13.0,0.7345516387177893,1.0,7.47588386080825,7.7461665813602245,-0.00013149316207660205,7.746298074522301,0.0,nan,nan,nan
13.7625,commit,18.79768870182717,0.00013750610551743083,0.024989500393560876,6.521692527658744e-06,-1.0630066271666294e-11,13.0,0.7345516387177893,1.0,7.47588386080825,7.7461665813602245,-0.00013149335159971573,7.746298074711823,0.0,nan,nan,nan
13.766666666666666,commit,18.797688729000896,0.00013754713071033935,0.024989500393516387,6.521694059280166e-06,-1.0677479733711692e-11,13.0,0.7345516387177893,1.0,7.47588386080825,7.7461665813602245,-0.00013149354100220616,7.746298074901227,0.0,nan,nan,nan
13.770833333333334,commit,18.797688756174626,0.00013758815588253844,0.024989500393471965,6.5216955758037524e-06,-1.0661062310735048e-11,13.0,0.7345516387177893,1.0,7.47588386080825,7.7461665813602245,-0.00013149373043107332,7.746298075090656,0.0,nan,nan,nan
13.775,commit,18.797688783348363,0.00013762918103402838,0.024989500393427615,6.521697092028076e-06,-1.0643777526020415e-11,13.0,0.7345516387177893,1.0,7.47588386080825,7.7461665813602245,-0.0001314939198879122,7.746298075280112,0.0,nan,nan,nan
13.779166666666667,commit,18.797688810522107,0.00013767020616478539,0.024989500393383334,6.521698603096376e-06,-1.0627367041937674e-11,13.0,0.7345516387177893,1.0,7.47588386080825,7.7461665813602245,-0.00013149410942171237,7.746298075469646,0.0,nan,nan,nan
13.783333333333333,commit,18.79768883769586,0.00013771123127483134,0.024989500393339123,6.521700119516118e-06,-1.0610928802279318e-11,13.0,0.7345516387177893,1.0,7.47588386080825,7.7461665813602245,-0.00013149429898128476,7.7462980756592055,0.0,nan,nan,nan
13.7875,commit,18.797688864869617,0.00013775225636403424,0.024989500393294714,6.521701651149831e-06,-1.065799531962952e-11,13.0,0.7345516387177893,1.0,7.47588386080825,7.7461665813602245,-0.0001314944884201773,7.746298075848644,0.0,nan,nan,nan
13.791666666666666,commit,18.79768889204338,0.00013779328143252636,0.024989500393250375,6.521703167650619e-06,-1.0641543202183357e-11,13.0,0.7345516387177893,1.0,7.47588386080825,7.7461665813602245,-0.0001314946778846475,7.746298076038108,0.0,nan,nan,nan
13.795833333333333,commit,18.797688919217148,0.00013783430648030618,0.0249895003932061,6.52170468411502e-06,-1.0625327007129926e-11,13.0,0.7345516387177893,1.0,7.47588386080825,7.7461665813602245,-0.0001314948673737885,7.746298076227598,0.0,nan,nan,nan
13.799999999999999,commit,18.797688946390924,0.00013787533150737388,0.024989500393161897,6.521706200506102e-06,-1.060885407300205e-11,13.0,0.7345516387177893,1.0,7.47588386080825,7.7461665813602245,-0.00013149505688811542,7.746298076417113,0.0,nan,nan,nan
13.804166666666667,commit,18.797688973564707,0.00013791635651348835,0.02498950039311716,6.521707747286273e-06,-1.0736217470608267e-11,13.0,0.7345516387177893,1.0,7.47588386080825,7.7461665813602245,-0.00013149524613547347,7.746298076606361,0.0,nan,nan,nan
13.808333333333334,commit,18.797689000738494,0.00013795738149911032,0.024989500393073096,6.521709228129709e-06,-1.0575873510276779e-11,13.0,0.7345516387177893,1.0,7.47588386080825,7.7461665813602245,-0.00013149543575074877,7.746298076795975,0.0,nan,nan,nan
13.8125,commit,18.797689027912288,0.00013799840646390828,0.024989500393028764,6.5217107595492665e-06,-1.0639981951054978e-11,13.0,0.7345516387177893,1.0,7.47588386080825,7.7461665813602245,-0.00013149562524432712,7.746298076985468,0.0,nan,nan,nan
13.816666666666666,commit,18.79768905508609,0.000138039431407862,0.024989500392984233,6.5217122912453265e-06,-1.0686965201678333e-11,13.0,0.7345516387177893,1.0,7.47588386080825,7.7461665813602245,-0.0001314958146161599,7.74629807717484,0.0,nan,nan,nan
13.820833333333333,commit,18.797689082259897,0.00013808045633110304,0.024989500392939772,6.521713807732794e-06,-1.067040900082361e-11,13.0,0.7345516387177893,1.0,7.47588386080825,7.7461665813602245,-0.00013149600401229057,7.746298077364237,0.0,nan,nan,nan
13.825,commit,18.797689109433712,0.0001381214812336303,0.02498950039289538,6.521715324089945e-06,-1.0653887494438408e-11,13.0,0.7345516387177893,1.0,7.47588386080825,7.7461665813602245,-0.00013149619343271252,7.746298077553657,0.0,nan,nan,nan
13.829166666666666,commit,18.79768913660753,0.00013816250611544358,0.02498950039285106,6.521716840452615e-06,-1.0637345171371493e-11,13.0,0.7345516387177893,1.0,7.47588386080825,7.7461665813602245,-0.00013149638287717735,7.746298077743102,0.0,nan,nan,nan
13.833333333333334,commit,18.797689163781357,0.00013820353097651988,0.024989500392806806,6.521718351537438e-06,-1.0621052648485119e-11,13.0,0.7345516387177893,1.0,7.47588386080825,7.7461665813602245,-0.00013149657239583683,7.74629807793262,0.0,nan,nan,nan
13.8375,commit,18.79768919095519,0.00013824455581688206,0.024989500392762622,6.52171986783572e-06,-1.0604225830768144e-11,13.0,0.7345516387177893,1.0,7.47588386080825,7.7461665813602245,-0.00013149676193881932,7.746298078122163,0.0,nan,nan,nan
13.841666666666667,commit,18.79768921812903,0.0001382855806365289,0.024989500392718505,6.521721384247592e-06,-1.0587912491200058e-11,13.0,0.7345516387177893,1.0,7.47588386080825,7.7461665813602245,-0.00013149695150475765,7.746298078311729,0.0,nan,nan,nan
13.845833333333333,commit,18.797689245302877,0.00013832660543532934,0.024989500392674193,6.521722915748594e-06,-1.0634597369385546e-11,13.0,0.7345516387177893,1.0,7.47588386080825,7.7461665813602245,-0.00013149714094846045,7.746298078501173,0.0,nan,nan,nan
13.85,commit,18.797689272476727,0.00013836763021330512,0.024989500392629614,6.521724447505956e-06,-1.0698782137996687e-11,13.0,0.7345516387177893,1.0,7.47588386080825,7.7461665813602245,-0.0001314973302684,7.746298078690492,0.0,nan,nan,nan
13.854166666666666,commit,18.797689299650585,0.00013840865497054375,0.024989500392585177,6.521725963920314e-06,-1.0665135441456641e-11,13.0,0.7345516387177893,1.0,7.47588386080825,7.7461665813602245,-0.00013149751961154368,7.7462980788798355,0.0,nan,nan,nan
13.858333333333333,commit,18.79768932682445,0.00013844967970717692,0.024989500392541077,6.521727459573275e-06,-1.0584387533096873e-11,13.0,0.7345516387177893,1.0,7.47588386080825,7.7461665813602245,-0.00013149770917606182,7.746298079069401,0.0,nan,nan,nan
13.862499999999999,commit,18.797689353998322,0.00013849070442298404,0.02498950039249671,6.521728990983619e-06,-1.0648079640240837e-11,13.0,0.7345516387177893,1.0,7.47588386080825,7.7461665813602245,-0.00013149789861749382,7.746298079258842,0.0,nan,nan,nan
13.866666666666667,commit,18.797689381172198,0.0001385317291180749,0.024989500392452412,6.521730507462461e-06,-1.0631696911733712e-11,13.0,0.7345516387177893,1.0,7.47588386080825,7.7461665813602245,-0.0001314980880809812,7.746298079448305,0.0,nan,nan,nan
13.870833333333334,commit,18.79768940834608,0.00013857275379231722,0.024989500392407916,6.521732039007435e-06,-1.0678562201160702e-11,13.0,0.7345516387177893,1.0,7.47588386080825,7.7461665813602245,-0.00013149827742059848,7.746298079637645,0.0,nan,nan,nan
13.875,commit,18.79768943551997,0.00013861377844584326,0.024989500392363494,6.521733555431297e-06,-1.0661874161321805e-11,13.0,0.7345516387177893,1.0,7.47588386080825,7.7461665813602245,-0.00013149846678250644,7.746298079827006,0.0,nan,nan,nan
13.879166666666666,commit,18.797689462693867,0.00013865480307876106,0.0249895003923194,6.5217350512260044e-06,-1.0581972798018313e-11,13.0,0.7345516387177893,1.0,7.47588386080825,7.7461665813602245,-0.00013149865636331162,7.7462980800165875,0.0,nan,nan,nan
13.883333333333333,commit,18.79768948986777,0.00013869582769082922,0.024989500392275116,6.521736582604479e-06,-1.0628546653901338e-11,13.0,0.7345516387177893,1.0,7.47588386080825,7.7461665813602245,-0.00013149884582026958,7.746298080206044,0.0,nan,nan,nan
13.8875,commit,18.79768951704168,0.00013873685228218028,0.024989500392230902,6.521738099016858e-06,-1.0611844736274634e-11,13.0,0.7345516387177893,1.0,7.47588386080825,7.7461665813602245,-0.00013149903529901627,7.7462980803955235,0.0,nan,nan,nan
13.891666666666666,commit,18.797689544215594,0.000138777876852681,0.02498950039218649,6.521739630608469e-06,-1.0658925131412644e-11,13.0,0.7345516387177893,1.0,7.47588386080825,7.7461665813602245,-0.00013149922465244176,7.746298080584877,0.0,nan,nan,nan
13.895833333333334,commit,18.797689571389515,0.00013881890140246403,0.024989500392142146,6.521741147008727e-06,-1.064218851931642e-11,13.0,0.7345516387177893,1.0,7.47588386080825,7.7461665813602245,-0.0001314994140273804,7.746298080774252,0.0,nan,nan,nan
13.9,commit,18.797689598563444,0.00013885992593152893,0.024989500392097803,6.521742657898228e-06,-1.0642271786043267e-11,13.0,0.7345516387177893,1.0,7.47588386080825,7.7461665813602245,-0.0001314996034752358,7.746298080963699,0.0,nan,nan,nan
13.904166666666667,commit,18.797689625737377,0.00013890095043987433,0.02498950039205353,6.521744174252452e-06,-1.0625791913021487e-11,13.0,0.7345516387177893,1.0,7.47588386080825,7.7461665813602245,-0.00013149979294355048,7.746298081153168,0.0,nan,nan,nan
13.908333333333333,commit,18.797689652911316,0.00013894197492736874,0.024989500392009062,6.521745705755653e-06,-1.0672580874615534e-11,13.0,0.7345516387177893,1.0,7.47588386080825,7.7461665813602245,-0.00013149998228657696,7.74629808134251,0.0,nan,nan,nan
13.9125,commit,18.797689680085263,0.0001389829993941444,0.024989500391964663,6.5217472221362725e-06,-1.065580956804979e-11,13.0,0.7345516387177893,1.0,7.47588386080825,7.7461665813602245,-0.00013150017165049926,7.746298081531876,0.0,nan,nan,nan
13.916666666666666,commit,18.797689707259217,0.00013902402384030987,0.024989500391920598,6.521748717841272e-06,-1.0575526565581583e-11,13.0,0.7345516387177893,1.0,7.47588386080825,7.7461665813602245,-0.00013150036123236452,7.7462980817214575,0.0,nan,nan,nan
13.920833333333333,commit,18.797689734433177,0.0001390650482655132,0.024989500391876075,6.521750269819828e-06,-1.0685820284184189e-11,13.0,0.7345516387177893,1.0,7.47588386080825,7.7461665813602245,-0.00013150055049097734,7.746298081910714,0.0,nan,nan,nan
13.924999999999999,commit,18.797689761607142,0.00013910607267010732,0.024989500391831884,6.521751765712128e-06,-1.0605474831670847e-11,13.0,0.7345516387177893,1.0,7.47588386080825,7.7461665813602245,-0.00013150073996737977,7.746298082100191,0.0,nan,nan,nan
13.929166666666667,commit,18.797689788781113,0.00013914709705398006,0.024989500391787763,6.521753281882545e-06,-1.05886965862112e-11,13.0,0.7345516387177893,1.0,7.47588386080825,7.7461665813602245,-0.0001315009294638425,7.746298082289689,0.0,nan,nan,nan
13.933333333333334,commit,18.797689815955092,0.00013918812141689062,0.024989500391743115,6.521754828598828e-06,-1.0715997533772281e-11,13.0,0.7345516387177893,1.0,7.47588386080825,7.7461665813602245,-0.00013150111868770058,7.746298082478913,0.0,nan,nan,nan
13.9375,commit,18.797689843129078,0.00013922914575930062,0.024989500391699136,6.521756309249711e-06,-1.0555029072989441e-11,13.0,0.7345516387177893,1.0,7.47588386080825,7.7461665813602245,-0.00013150130827509126,7.746298082668499,0.0,nan,nan,nan
13.941666666666666,commit,18.79768987030307,0.00013927017008074678,0.024989500391654627,6.521757855716541e-06,-1.0681983075855328e-11,13.0,0.7345516387177893,1.0,7.47588386080825,7.7461665813602245,-0.00013150149758992913,7.746298082857813,0.0,nan,nan,nan
13.945833333333333,commit,18.797689897477067,0.00013931119438147276,0.02498950039161019,6.521759372158681e-06,-1.0665100746987122e-11,13.0,0.7345516387177893,1.0,7.47588386080825,7.7461665813602245,-0.00013150168692441808,7.746298083047149,0.0,nan,nan,nan
13.95,commit,18.79768992465107,0.00013935221866147627,0.024989500391565823,6.52176088846673e-06,-1.064850985166288e-11,13.0,0.7345516387177893,1.0,7.47588386080825,7.7461665813602245,-0.00013150187627762223,7.746298083236502,0.0,nan,nan,nan
13.954166666666666,commit,18.79768995182508,0.00013939324292086715,0.02498950039152179,6.521762384124073e-06,-1.0568164399149538e-11,13.0,0.7345516387177893,1.0,7.47588386080825,7.7461665813602245,-0.00013150206584742262,7.746298083426073,0.0,nan,nan,nan
13.958333333333334,commit,18.7976899789991,0.00013943426715940296,0.02498950039147756,6.521763915489472e-06,-1.0614842338441122e-11,13.0,0.7345516387177893,1.0,7.47588386080825,7.7461665813602245,-0.0001315022552898508,7.746298083615514,0.0,nan,nan,nan
13.9625,commit,18.79769000617312,0.00013947529137721675,0.0249895003914334,6.521765431819509e-06,-1.0597939192891204e-11,13.0,0.7345516387177893,1.0,7.47588386080825,7.7461665813602245,-0.00013150244475124427,7.746298083804975,0.0,nan,nan,nan
13.966666666666667,commit,18.79769003334715,0.00013951631557406616,0.024989500391388714,6.521766978512408e-06,-1.072512217925592e-11,13.0,0.7345516387177893,1.0,7.47588386080825,7.7461665813602245,-0.00013150263393864277,7.746298083994162,0.0,nan,nan,nan
13.970833333333333,commit,18.797690060521184,0.00013955733975041235,0.024989500391344698,6.521768459192455e-06,-1.0564341068608485e-11,13.0,0.7345516387177893,1.0,7.47588386080825,7.7461665813602245,-0.00013150282348768205,7.746298084183712,0.0,nan,nan,nan
13.975,commit,18.797690087695226,0.00013959836390592438,0.024989500391300414,6.5217699903832195e-06,-1.0627811131147524e-11,13.0,0.7345516387177893,1.0,7.47588386080825,7.7461665813602245,-0.00013150301290935988,7.746298084373134,0.0,nan,nan,nan
13.979166666666666,commit,18.797690114869276,0.00013963938804058152,0.02498950039125594,6.5217715219250535e-06,-1.0674371109242742e-11,13.0,0.7345516387177893,1.0,7.47588386080825,7.7461665813602245,-0.00013150320220291098,7.746298084562428,0.0,nan,nan,nan
13.983333333333333,commit,18.79769014204333,0.00013968041215451477,0.024989500391211533,6.521773038303349e-06,-1.0657683069403845e-11,13.0,0.7345516387177893,1.0,7.47588386080825,7.7461665813602245,-0.0001315033915139474,7.746298084751738,0.0,nan,nan,nan
13.987499999999999,commit,18.79769016921739,0.00013972143624783366,0.02498950039116746,6.521774533864388e-06,-1.0576983733301404e-11,13.0,0.7345516387177893,1.0,7.47588386080825,7.7461665813602245,-0.00013150358104088646,7.746298084941265,0.0,nan,nan,nan
13.991666666666667,commit,18.797690196391457,0.0001397624603202953,0.024989500391123198,6.521776065200047e-06,-1.0623564528078333e-11,13.0,0.7345516387177893,1.0,7.47588386080825,7.7461665813602245,-0.00013150377043913867,7.746298085130664,0.0,nan,nan,nan
13.995833333333334,commit,18.79769022356553,0.0001398034843720322,0.024989500391079004,6.521777581560707e-06,-1.060684873266382e-11,13.0,0.7345516387177893,1.0,7.47588386080825,7.7461665813602245,-0.00013150395985443938,7.7462980853200785,0.0,nan,nan,nan
14.0,commit,18.79769025073961,0.00013984450840280258,0.02498950039103428,6.52177912821538e-06,-1.0733955391195593e-11,13.0,0.7345516387177893,1.0,7.47588386080825,7.7461665813602245,-0.00013150414899450383,7.746298085509218,0.0,nan,nan,nan
14.004166666666666,commit,18.797690277913695,0.00013988553241319978,0.02498950039099049,6.521780593558368e-06,-1.0509343395526116e-11,13.0,0.7345516387177893,1.0,7.47588386080825,7.7461665813602245,-0.0001315043386419728,7.746298085698866,0.0,nan,nan,nan
14.008333333333333,commit,18.797690305087787,0.00013992655640262763,0.024989500390946173,6.521782139911128e-06,-1.0636512504103024e-11,13.0,0.7345516387177893,1.0,7.47588386080825,7.7461665813602245,-0.00013150452801371753,7.746298085888238,0.0,nan,nan,nan
14.0125,commit,18.797690332261887,0.0001399675803711991,0.02498950039090166,6.52178367151023e-06,-1.068298227657749e-11,13.0,0.7345516387177893,1.0,7.47588386080825,7.7461665813602245,-0.00013150471725623193,7.74629808607748,0.0,nan,nan,nan
14.016666666666666,commit,18.797690359435993,0.00014000860431915462,0.024989500390857483,6.521785167238775e-06,-1.0602400901671416e-11,13.0,0.7345516387177893,1.0,7.47588386080825,7.7461665813602245,-0.00013150490671269,7.746298086266937,0.0,nan,nan,nan
14.020833333333334,commit,18.797690386610103,0.00014004962824638273,0.024989500390813376,6.5217866833055485e-06,-1.0585421428288555e-11,13.0,0.7345516387177893,1.0,7.47588386080825,7.7461665813602245,-0.00013150509618576562,7.7462980864564095,0.0,nan,nan,nan
14.025,commit,18.79769041378422,0.000140090652152753,0.024989500390769078,6.521788214564597e-06,-1.0631280578099478e-11,13.0,0.7345516387177893,1.0,7.47588386080825,7.7461665813602245,-0.0001315052855302523,7.746298086645754,0.0,nan,nan,nan
14.029166666666667,commit,18.797690440958345,0.0001401316760382873,0.024989500390724517,6.521789746071208e-06,-1.0694764518426325e-11,13.0,0.7345516387177893,1.0,7.47588386080825,7.7461665813602245,-0.00013150547474471405,7.746298086834969,0.0,nan,nan,nan
14.033333333333333,commit,18.797690468132476,0.00014017269990331351,0.024989500390680625,6.521791226575977e-06,-1.0533879324370332e-11,13.0,0.7345516387177893,1.0,7.47588386080825,7.7461665813602245,-0.00013150566431841234,7.746298087024543,0.0,nan,nan,nan
14.0375,commit,18.79769049530661,0.00014021372374736974,0.024989500390636205,6.521792772946342e-06,-1.0660687610464237e-11,13.0,0.7345516387177893,1.0,7.47588386080825,7.7461665813602245,-0.00013150585361586354,7.746298087213839,0.0,nan,nan,nan
14.041666666666666,commit,18.797690522480753,0.00014025474757069898,0.024989500390591855,6.521794289362997e-06,-1.0643819159383838e-11,13.0,0.7345516387177893,1.0,7.47588386080825,7.7461665813602245,-0.00013150604292857352,7.746298087403153,0.0,nan,nan,nan
14.045833333333333,commit,18.797690549654902,0.00014029577137341,0.024989500390547842,6.521795784862901e-06,-1.0562981045403319e-11,13.0,0.7345516387177893,1.0,7.47588386080825,7.7461665813602245,-0.00013150623245494918,7.746298087592678,0.0,nan,nan,nan
14.049999999999999,commit,18.79769057682906,0.00014033679515514991,0.024989500390503298,6.521797331443334e-06,-1.0690233420707074e-11,13.0,0.7345516387177893,1.0,7.47588386080825,7.7461665813602245,-0.00013150642170339194,7.746298087781928,0.0,nan,nan,nan
14.054166666666667,commit,18.797690604003222,0.00014037781891627202,0.024989500390459163,6.5217988325335e-06,-1.0592526855646156e-11,13.0,0.7345516387177893,1.0,7.47588386080825,7.7461665813602245,-0.00013150661111367825,7.746298087971338,0.0,nan,nan,nan
14.058333333333334,commit,18.79769063117739,0.0001404188426565553,0.024989500390414764,6.521800363743833e-06,-1.0655726301322943e-11,13.0,0.7345516387177893,1.0,7.47588386080825,7.7461665813602245,-0.0001315068003933689,7.746298088160618,0.0,nan,nan,nan
14.0625,commit,18.797690658351563,0.00014045986637608725,0.024989500390370435,6.521801874690144e-06,-1.0638830094666929e-11,13.0,0.7345516387177893,1.0,7.47588386080825,7.7461665813602245,-0.0001315069897384441,7.746298088349962,0.0,nan,nan,nan
14.066666666666666,commit,18.797690685525744,0.00014050089007488955,0.02498950039032618,6.521803390817036e-06,-1.0621718782299894e-11,13.0,0.7345516387177893,1.0,7.47588386080825,7.7461665813602245,-0.0001315071790984103,7.746298088539323,0.0,nan,nan,nan
14.070833333333333,commit,18.797690712699932,0.00014054191375296196,0.024989500390281992,6.521804906939376e-06,-1.0604558897675531e-11,13.0,0.7345516387177893,1.0,7.47588386080825,7.7461665813602245,-0.0001315073684730325,7.746298088728698,0.0,nan,nan,nan
14.075,commit,18.797690739874124,0.00014058293741028198,0.024989500390237878,6.52180641770503e-06,-1.058741982973288e-11,13.0,0.7345516387177893,1.0,7.47588386080825,7.7461665813602245,-0.00013150755791322915,7.746298088918138,0.0,nan,nan,nan
14.079166666666666,commit,18.797690767048323,0.00014062396104676158,0.024989500390193497,6.521807949138013e-06,-1.0651077242407325e-11,13.0,0.7345516387177893,1.0,7.47588386080825,7.7461665813602245,-0.00013150774722070165,7.746298089107444,0.0,nan,nan,nan
14.083333333333334,commit,18.79769079422253,0.00014066498466237982,0.024989500390148925,6.521809480494615e-06,-1.0697109864565846e-11,13.0,0.7345516387177893,1.0,7.47588386080825,7.7461665813602245,-0.00013150793639678327,7.746298089296621,0.0,nan,nan,nan
14.0875,commit,18.797690821396742,0.00014070600825748694,0.024989500390105026,6.521810960892432e-06,-1.0535815275769522e-11,13.0,0.7345516387177893,1.0,7.47588386080825,7.7461665813602245,-0.00013150812593061724,7.746298089486155,0.0,nan,nan,nan
14.091666666666667,commit,18.797690848570962,0.00014074703183175133,0.02498950039006086,6.521812492110857e-06,-1.059951432180739e-11,13.0,0.7345516387177893,1.0,7.47588386080825,7.7461665813602245,-0.00013150831533117457,7.746298089675555,0.0,nan,nan,nan
14.095833333333333,commit,18.797690875745186,0.0001407880553851531,0.024989500390016503,6.521814023524131e-06,-1.0645782866358644e-11,13.0,0.7345516387177893,1.0,7.47588386080825,7.7461665813602245,-0.00013150850459920513,7.7462980898648235,0.0,nan,nan,nan
14.1,commit,18.797690902919417,0.00014082907891793385,0.024989500389972483,6.521815519077303e-06,-1.0564778218924431e-11,13.0,0.7345516387177893,1.0,7.47588386080825,7.7461665813602245,-0.00013150869407882148,7.746298090054304,0.0,nan,nan,nan
14.104166666666666,commit,18.797690930093655,0.00014087010242974041,0.024989500389927935,6.521817065544548e-06,-1.0691607321700047e-11,13.0,0.7345516387177893,1.0,7.47588386080825,7.7461665813602245,-0.00013150888327896677,7.746298090243504,0.0,nan,nan,nan
14.108333333333333,commit,18.7976909572679,0.00014091112592081608,0.02498950038988346,6.52181858182717e-06,-1.0674301720303703e-11,13.0,0.7345516387177893,1.0,7.47588386080825,7.7461665813602245,-0.00013150907249242645,7.746298090432717,0.0,nan,nan,nan
14.112499999999999,commit,18.79769098444215,0.00014095214939126869,0.024989500389839322,6.521820077329361e-06,-1.0593532995262223e-11,13.0,0.7345516387177893,1.0,7.47588386080825,7.7461665813602245,-0.00013150926191631432,7.746298090622141,0.0,nan,nan,nan
14.116666666666667,commit,18.797691011616404,0.00014099317284098765,0.024989500389795253,6.521821593310807e-06,-1.0576331477274437e-11,13.0,0.7345516387177893,1.0,7.47588386080825,7.7461665813602245,-0.00013150945135301543,7.746298090811578,0.0,nan,nan,nan
14.120833333333334,commit,18.797691038790667,0.00014103419626984164,0.024989500389750993,6.52182312460486e-06,-1.0622572266250074e-11,13.0,0.7345516387177893,1.0,7.47588386080825,7.7461665813602245,-0.00013150964065616685,7.74629809100088,0.0,nan,nan,nan
14.125,commit,18.797691065964937,0.00014107521967807198,0.024989500389707067,6.521824620264522e-06,-1.0541990891344e-11,13.0,0.7345516387177893,1.0,7.47588386080825,7.7461665813602245,-0.00013150983016868128,7.746298091190393,0.0,nan,nan,nan
14.129166666666666,commit,18.797691093139214,0.00014111624306532703,0.024989500389662613,6.521826166635828e-06,-1.0668556316151268e-11,13.0,0.7345516387177893,1.0,7.47588386080825,7.7461665813602245,-0.0001315100194014418,7.746298091379625,0.0,nan,nan,nan
14.133333333333333,commit,18.797691120313495,0.00014115726643184907,0.02498950038961823,6.521827682955658e-06,-1.0651451942678136e-11,13.0,0.7345516387177893,1.0,7.47588386080825,7.7461665813602245,-0.00013151020864594226,7.746298091568869,0.0,nan,nan,nan
14.1375,commit,18.797691147487782,0.00014119828977774687,0.024989500389574187,6.521829178369899e-06,-1.057037096741098e-11,13.0,0.7345516387177893,1.0,7.47588386080825,7.7461665813602245,-0.00013151039810051004,7.746298091758324,0.0,nan,nan,nan
14.141666666666666,commit,18.797691174662077,0.00014123931310277754,0.02498950038952995,6.521830709543706e-06,-1.0616590939704906e-11,13.0,0.7345516387177893,1.0,7.47588386080825,7.7461665813602245,-0.0001315105874206781,7.746298091947645,0.0,nan,nan,nan
14.145833333333334,commit,18.79769120183638,0.00014128033640707416,0.02498950038948579,6.5218322256959895e-06,-1.0599215949369523e-11,13.0,0.7345516387177893,1.0,7.47588386080825,7.7461665813602245,-0.00013151077675265538,7.7462980921369775,0.0,nan,nan,nan
14.15,commit,18.797691229010688,0.00014132135969050345,0.024989500389441362,6.521833751693007e-06,-1.0662713767484178e-11,13.0,0.7345516387177893,1.0,7.47588386080825,7.7461665813602245,-0.0001315109660002738,7.746298092326225,0.0,nan,nan,nan
14.154166666666667,commit,18.797691256185,0.00014136238295319806,0.024989500389397006,6.52183526783527e-06,-1.0645324899360986e-11,13.0,0.7345516387177893,1.0,7.47588386080825,7.7461665813602245,-0.000131511155259351,7.746298092515484,0.0,nan,nan,nan
14.158333333333333,commit,18.79769128335932,0.00014140340619526662,0.02498950038935299,6.521836763298494e-06,-1.056443821312314e-11,13.0,0.7345516387177893,1.0,7.47588386080825,7.7461665813602245,-0.00013151134472702357,7.746298092704951,0.0,nan,nan,nan
14.1625,commit,18.797691310533647,0.00014144442941646667,0.024989500389308777,6.521838294447436e-06,-1.0610616552053642e-11,13.0,0.7345516387177893,1.0,7.47588386080825,7.7461665813602245,-0.00013151153405951697,7.746298092894283,0.0,nan,nan,nan
14.166666666666666,commit,18.79769133770798,0.00014148545261693133,0.02498950038926464,6.521839810586843e-06,-1.0593199928354835e-11,13.0,0.7345516387177893,1.0,7.47588386080825,7.7461665813602245,-0.00013151172340293183,7.746298093083628,0.0,nan,nan,nan
14.170833333333333,commit,18.79769136488232,0.00014152647579652775,0.024989500389220237,6.5218413364898e-06,-1.065637855734991e-11,13.0,0.7345516387177893,1.0,7.47588386080825,7.7461665813602245,-0.00013151191266189577,7.746298093272887,0.0,nan,nan,nan
14.174999999999999,commit,18.797691392056663,0.0001415674989553881,0.024989500389175908,6.521842852610128e-06,-1.0638927239181584e-11,13.0,0.7345516387177893,1.0,7.47588386080825,7.7461665813602245,-0.0001315121019315112,7.746298093462155,0.0,nan,nan,nan
14.179166666666667,commit,18.797691419231015,0.00014160852209351143,0.024989500389131652,6.521844368612436e-06,-1.0621524493270584e-11,13.0,0.7345516387177893,1.0,7.47588386080825,7.7461665813602245,-0.000131512291211703,7.746298093651436,0.0,nan,nan,nan
14.183333333333334,commit,18.797691446405373,0.00014164954521087532,0.02498950038908747,6.5218458792770035e-06,-1.0604121747359585e-11,13.0,0.7345516387177893,1.0,7.47588386080825,7.7461665813602245,-0.00013151248055318605,7.746298093840778,0.0,nan,nan,nan
14.1875,commit,18.79769147357974,0.00014169056830750244,0.02498950038904336,6.5218473951669375e-06,-1.0586018173164291e-11,13.0,0.7345516387177893,1.0,7.47588386080825,7.7461665813602245,-0.00013151266990599032,7.746298094030131,0.0,nan,nan,nan
14.191666666666666,commit,18.79769150075411,0.00014173159138326002,0.02498950038899899,6.521848921070661e-06,-1.0649134352114231e-11,13.0,0.7345516387177893,1.0,7.47588386080825,7.7461665813602245,-0.00013151285917331596,7.746298094219398,0.0,nan,nan,nan
14.195833333333333,commit,18.797691527928485,0.00014177261443828017,0.024989500388954693,6.5218504371619416e-06,-1.0631669156158097e-11,13.0,0.7345516387177893,1.0,7.47588386080825,7.7461665813602245,-0.00013151304845058123,7.746298094408676,0.0,nan,nan,nan
14.2,commit,18.79769155510287,0.0001418136374726715,0.02498950038891073,6.521851932582661e-06,-1.0550678386511692e-11,13.0,0.7345516387177893,1.0,7.47588386080825,7.7461665813602245,-0.00013151323793481222,7.746298094598159,0.0,nan,nan,nan
14.204166666666666,commit,18.79769158227726,0.00014185466048619163,0.02498950038886658,6.521853463689914e-06,-1.0596752642033636e-11,13.0,0.7345516387177893,1.0,7.47588386080825,7.7461665813602245,-0.00013151342728225714,7.746298094787506,0.0,nan,nan,nan
14.208333333333334,commit,18.797691609451654,0.00014189568347886358,0.024989500388822163,6.5218549950862064e-06,-1.0660049232225077e-11,13.0,0.7345516387177893,1.0,7.47588386080825,7.7461665813602245,-0.0001315136164920857,7.746298094976717,0.0,nan,nan,nan
14.2125,commit,18.797691636626055,0.0001419367064507753,0.02498950038877782,6.521856505744461e-06,-1.0642264847149363e-11,13.0,0.7345516387177893,1.0,7.47588386080825,7.7461665813602245,-0.00013151380576280675,7.7462980951659866,0.0,nan,nan,nan
14.216666666666667,commit,18.797691663800464,0.00014197772940194707,0.02498950038873355,6.521858021799915e-06,-1.062501475690425e-11,13.0,0.7345516387177893,1.0,7.47588386080825,7.7461665813602245,-0.00013151399504184012,7.746298095355266,0.0,nan,nan,nan
14.220833333333333,commit,18.79769169097488,0.00014201875233237952,0.024989500388689353,6.521859537687659e-06,-1.0607230371828535e-11,13.0,0.7345516387177893,1.0,7.47588386080825,7.7461665813602245,-0.00013151418433052234,7.746298095544555,0.0,nan,nan,nan
14.225,commit,18.797691718149302,0.00014205977524218104,0.024989500388645492,6.521861033155662e-06,-1.0526420013423632e-11,13.0,0.7345516387177893,1.0,7.47588386080825,7.7461665813602245,-0.00013151437382452638,7.7462980957340495,0.0,nan,nan,nan
14.229166666666666,commit,18.79769174532373,0.00014210079813100016,0.024989500388601104,6.521862579473159e-06,-1.0653006254912611e-11,13.0,0.7345516387177893,1.0,7.47588386080825,7.7461665813602245,-0.00013151456303445028,7.746298095923259,0.0,nan,nan,nan
14.233333333333333,commit,18.797691772498162,0.00014214182099894844,0.024989500388556525,6.521864110867566e-06,-1.0698907038086958e-11,13.0,0.7345516387177893,1.0,7.47588386080825,7.7461665813602245,-0.00013151475210642843,7.74629809611233,0.0,nan,nan,nan
14.237499999999999,commit,18.797691799672602,0.00014218284384639752,0.024989500388512546,6.521865591192778e-06,-1.0554557228203976e-11,13.0,0.7345516387177893,1.0,7.47588386080825,7.7461665813602245,-0.0001315149415296919,7.7462980963017545,0.0,nan,nan,nan
14.241666666666667,commit,18.79769182684705,0.00014222386667297218,0.024989500388468377,6.521867122165058e-06,-1.0600548216999073e-11,13.0,0.7345516387177893,1.0,7.47588386080825,7.7461665813602245,-0.0001315151308146021,7.746298096491039,0.0,nan,nan,nan
14.245833333333334,commit,18.7976918540215,0.00014226488947878443,0.024989500388424284,6.521868632797507e-06,-1.0582687504090416e-11,13.0,0.7345516387177893,1.0,7.47588386080825,7.7461665813602245,-0.00013151532015914243,7.746298096680383,0.0,nan,nan,nan
14.25,commit,18.79769188119596,0.00014230591226374546,0.024989500388379927,6.521870163989957e-06,-1.0645630210692758e-11,13.0,0.7345516387177893,1.0,7.47588386080825,7.7461665813602245,-0.00013151550936500245,7.74629809686959,0.0,nan,nan,nan
14.254166666666666,commit,18.797691908370425,0.00014234693502807483,0.024989500388335906,6.521871659446301e-06,-1.0564493724274371e-11,13.0,0.7345516387177893,1.0,7.47588386080825,7.7461665813602245,-0.00013151569877584146,7.746298097059,0.0,nan,nan,nan
14.258333333333333,commit,18.797691935544897,0.00014238795777152944,0.024989500388291695,6.521873190501605e-06,-1.061043614081214e-11,13.0,0.7345516387177893,1.0,7.47588386080825,7.7461665813602245,-0.00013151588804776826,7.746298097248272,0.0,nan,nan,nan
14.2625,commit,18.797691962719377,0.00014242898049421961,0.024989500388247557,6.5218747012613535e-06,-1.0593026456007237e-11,13.0,0.7345516387177893,1.0,7.47588386080825,7.7461665813602245,-0.00013151607737730035,7.746298097437602,0.0,nan,nan,nan
14.266666666666666,commit,18.79769198989386,0.0001424700031960575,0.02498950038820316,6.52187623243166e-06,-1.065596916260958e-11,13.0,0.7345516387177893,1.0,7.47588386080825,7.7461665813602245,-0.0001315162665675659,7.746298097626791,0.0,nan,nan,nan
14.270833333333334,commit,18.79769201706835,0.00014251102587715389,0.024989500388158836,6.521877748320026e-06,-1.0637657421597169e-11,13.0,0.7345516387177893,1.0,7.47588386080825,7.7461665813602245,-0.00013151645576601684,7.746298097815989,0.0,nan,nan,nan
14.275,commit,18.797692044242847,0.00014255204853761658,0.02498950038811485,6.521879243662737e-06,-1.0556513996284878e-11,13.0,0.7345516387177893,1.0,7.47588386080825,7.7461665813602245,-0.00013151664516856704,7.7462980980053935,0.0,nan,nan,nan
14.279166666666667,commit,18.79769207141735,0.00014259307117720312,0.024989500388070674,6.5218807747070854e-06,-1.06023731460958e-11,13.0,0.7345516387177893,1.0,7.47588386080825,7.7461665813602245,-0.00013151683443130032,7.746298098194655,0.0,nan,nan,nan
14.283333333333333,commit,18.79769209859186,0.00014263409379615613,0.024989500388026838,6.521882270142977e-06,-1.0521167270738374e-11,13.0,0.7345516387177893,1.0,7.47588386080825,7.7461665813602245,-0.00013151702389789361,7.7462980983841225,0.0,nan,nan,nan
14.2875,commit,18.797692125766375,0.00014267511639412292,0.024989500387982474,6.521883816415797e-06,-1.0647573100985852e-11,13.0,0.7345516387177893,1.0,7.47588386080825,7.7461665813602245,-0.00013151721307802394,7.746298098573302,0.0,nan,nan,nan
14.291666666666666,commit,18.797692152940897,0.00014271613897134673,0.024989500387938183,6.5218853325028885e-06,-1.0629816471485753e-11,13.0,0.7345516387177893,1.0,7.47588386080825,7.7461665813602245,-0.0001315174022644749,7.746298098762489,0.0,nan,nan,nan
14.295833333333333,commit,18.797692180115426,0.0001427571615278032,0.024989500387893965,6.521886843115134e-06,-1.0612399847786946e-11,13.0,0.7345516387177893,1.0,7.47588386080825,7.7461665813602245,-0.00013151759150726132,7.7462980989517325,0.0,nan,nan,nan
14.299999999999999,commit,18.797692207289963,0.00014279818406351478,0.02498950038784975,6.521888353687937e-06,-1.061171289729046e-11,13.0,0.7345516387177893,1.0,7.47588386080825,7.7461665813602245,-0.000131517780806744,7.746298099141031,0.0,nan,nan,nan
14.304166666666667,commit,18.797692234464503,0.0001428392065784815,0.02498950038780561,6.5218898695071014e-06,-1.0593713406503724e-11,13.0,0.7345516387177893,1.0,7.47588386080825,7.7461665813602245,-0.00013151797011248583,7.746298099330337,0.0,nan,nan,nan
